###############################################################
#  Generated by:      Cadence Innovus 23.13-s082_1
#  OS:                Linux x86_64(Host ID mun)
#  Generated on:      Tue Jun 24 07:50:44 2025
#  Design:            axis_sa
#  Command:           report_timing -max_paths 100 -group $cg  > "${reports_path}/$this_run(stage)/${cg}.setup.timing.rpt"
###############################################################
Path 1: VIOLATED (-0.000 ns) Setup Check with Pin ro_reg[3][4][14]/CK->D
               View: wc_analysis_view
              Group: in2reg
         Startpoint: (F) m_ready
              Clock: (R) CLK
           Endpoint: (F) ro_reg[3][4][14]/D
              Clock: (R) CLK

                       Capture       Launch
         Clock Edge:+    2.000        0.000
         Drv Adjust:+    0.000        0.083
        Src Latency:+   -0.154        0.000
        Net Latency:+    0.153 (P)    0.000 (I)
            Arrival:=    1.999        0.083

              Setup:-    0.061
        Uncertainty:-    0.125
      Required Time:=    1.813
       Launch Clock:=    0.083
        Input Delay:+    0.500
          Data Path:+    1.231
              Slack:=   -0.000

#---------------------------------------------------------------------------------------------------------------------
# Timing Point                      Flags  Arc      Edge  Cell                          Fanout  Trans   Delay  Arrival  
#                                                                                                (ns)    (ns)     (ns)  
#---------------------------------------------------------------------------------------------------------------------
  m_ready                           -      m_ready  F     (arrival)                          2  0.171   0.005    0.588  
  g39627__3680/Y                    -      A->Y     R     NAND2_X1A_A9PP140ZTUL_C35         11  0.171   0.124    0.712  
  g44719/Y                          -      A->Y     F     NAND2_X0P5A_A9PP140ZTUL_C35       49  0.151   0.385    1.098  
  g44701/Y                          -      A->Y     R     INV_X1M_A9PP140ZTUL_C35           36  0.700   0.271    1.369  
  cts_opt_inst_FE_OFC304_n_258/Y    -      A->Y     R     BUF_X1M_A9PP140ZTUL_C35           45  0.337   0.164    1.532  
  g41588/Y                          -      A0->Y    F     OAI22_X0P5M_A9PP140ZTUL_C35        1  0.272   0.093    1.626  
  cts_opt_inst_FE_PHC1649_n_2134/Y  -      A->Y     F     DLY4_X4M_A9PP140ZTUL_C35           1  0.278   0.188    1.813  
  ro_reg[3][4][14]/D                -      D        F     DFFRPQNA_X1M_A9PP140ZTUL_C35       1  0.026   0.000    1.813  
#---------------------------------------------------------------------------------------------------------------------
Path 2: MET (0.005 ns) Setup Check with Pin ro_reg[3][4][9]/CK->D
               View: wc_analysis_view
              Group: in2reg
         Startpoint: (F) m_ready
              Clock: (R) CLK
           Endpoint: (F) ro_reg[3][4][9]/D
              Clock: (R) CLK

                       Capture       Launch
         Clock Edge:+    2.000        0.000
         Drv Adjust:+    0.000        0.083
        Src Latency:+   -0.154        0.000
        Net Latency:+    0.154 (P)    0.000 (I)
            Arrival:=    2.001        0.083

              Setup:-    0.061
        Uncertainty:-    0.125
      Required Time:=    1.815
       Launch Clock:=    0.083
        Input Delay:+    0.500
          Data Path:+    1.227
              Slack:=    0.005

#---------------------------------------------------------------------------------------------------------------------
# Timing Point                      Flags  Arc      Edge  Cell                          Fanout  Trans   Delay  Arrival  
#                                                                                                (ns)    (ns)     (ns)  
#---------------------------------------------------------------------------------------------------------------------
  m_ready                           -      m_ready  F     (arrival)                          2  0.171   0.005    0.588  
  g39627__3680/Y                    -      A->Y     R     NAND2_X1A_A9PP140ZTUL_C35         11  0.171   0.124    0.712  
  g44719/Y                          -      A->Y     F     NAND2_X0P5A_A9PP140ZTUL_C35       49  0.151   0.385    1.098  
  g44701/Y                          -      A->Y     R     INV_X1M_A9PP140ZTUL_C35           36  0.700   0.271    1.369  
  cts_opt_inst_FE_OFC304_n_258/Y    -      A->Y     R     BUF_X1M_A9PP140ZTUL_C35           45  0.337   0.163    1.532  
  g41583/Y                          -      A0->Y    F     OAI22_X0P5M_A9PP140ZTUL_C35        1  0.272   0.091    1.623  
  cts_opt_inst_FE_PHC1594_n_2139/Y  -      A->Y     F     DLY4_X4M_A9PP140ZTUL_C35           1  0.274   0.187    1.810  
  ro_reg[3][4][9]/D                 -      D        F     DFFRPQNA_X1M_A9PP140ZTUL_C35       1  0.026   0.000    1.810  
#---------------------------------------------------------------------------------------------------------------------
Path 3: MET (0.006 ns) Setup Check with Pin ro_reg[1][6][6]/CK->D
               View: wc_analysis_view
              Group: in2reg
         Startpoint: (F) m_ready
              Clock: (R) CLK
           Endpoint: (F) ro_reg[1][6][6]/D
              Clock: (R) CLK

                       Capture       Launch
         Clock Edge:+    2.000        0.000
         Drv Adjust:+    0.000        0.083
        Src Latency:+   -0.154        0.000
        Net Latency:+    0.155 (P)    0.000 (I)
            Arrival:=    2.001        0.083

              Setup:-    0.061
        Uncertainty:-    0.125
      Required Time:=    1.815
       Launch Clock:=    0.083
        Input Delay:+    0.500
          Data Path:+    1.226
              Slack:=    0.006

#---------------------------------------------------------------------------------------------------------------------
# Timing Point                      Flags  Arc      Edge  Cell                          Fanout  Trans   Delay  Arrival  
#                                                                                                (ns)    (ns)     (ns)  
#---------------------------------------------------------------------------------------------------------------------
  m_ready                           -      m_ready  F     (arrival)                          2  0.171   0.005    0.588  
  g39627__3680/Y                    -      A->Y     R     NAND2_X1A_A9PP140ZTUL_C35         11  0.171   0.124    0.712  
  g44719/Y                          -      A->Y     F     NAND2_X0P5A_A9PP140ZTUL_C35       49  0.151   0.385    1.098  
  g44701/Y                          -      A->Y     R     INV_X1M_A9PP140ZTUL_C35           36  0.700   0.271    1.369  
  cts_opt_inst_FE_OFC304_n_258/Y    -      A->Y     R     BUF_X1M_A9PP140ZTUL_C35           45  0.337   0.145    1.514  
  g41548/Y                          -      A0->Y    F     OAI22_X0P5M_A9PP140ZTUL_C35        1  0.269   0.103    1.617  
  cts_opt_inst_FE_PHC1670_n_2174/Y  -      A->Y     F     DLY4_X4M_A9PP140ZTUL_C35           1  0.296   0.192    1.809  
  ro_reg[1][6][6]/D                 -      D        F     DFFRPQNA_X1M_A9PP140ZTUL_C35       1  0.027   0.000    1.809  
#---------------------------------------------------------------------------------------------------------------------
Path 4: MET (0.006 ns) Setup Check with Pin ro_reg[1][6][0]/CK->D
               View: wc_analysis_view
              Group: in2reg
         Startpoint: (F) m_ready
              Clock: (R) CLK
           Endpoint: (F) ro_reg[1][6][0]/D
              Clock: (R) CLK

                       Capture       Launch
         Clock Edge:+    2.000        0.000
         Drv Adjust:+    0.000        0.083
        Src Latency:+   -0.154        0.000
        Net Latency:+    0.153 (P)    0.000 (I)
            Arrival:=    1.999        0.083

              Setup:-    0.067
        Uncertainty:-    0.125
      Required Time:=    1.806
       Launch Clock:=    0.083
        Input Delay:+    0.500
          Data Path:+    1.218
              Slack:=    0.006

#---------------------------------------------------------------------------------------------------------------------
# Timing Point                      Flags  Arc      Edge  Cell                          Fanout  Trans   Delay  Arrival  
#                                                                                                (ns)    (ns)     (ns)  
#---------------------------------------------------------------------------------------------------------------------
  m_ready                           -      m_ready  F     (arrival)                          2  0.171   0.005    0.588  
  g39627__3680/Y                    -      A->Y     R     NAND2_X1A_A9PP140ZTUL_C35         11  0.171   0.124    0.712  
  g44719/Y                          -      A->Y     F     NAND2_X0P5A_A9PP140ZTUL_C35       49  0.151   0.385    1.098  
  g44701/Y                          -      A->Y     R     INV_X1M_A9PP140ZTUL_C35           36  0.700   0.271    1.369  
  cts_opt_inst_FE_OFC304_n_258/Y    -      A->Y     R     BUF_X1M_A9PP140ZTUL_C35           45  0.337   0.149    1.518  
  g41542/Y                          -      A0->Y    F     OAI22_X0P5M_A9PP140ZTUL_C35        1  0.270   0.088    1.606  
  cts_opt_inst_FE_PHC1066_n_2180/Y  -      A->Y     F     DLY4_X0P5M_A9PP140ZTUL_C35         1  0.268   0.195    1.800  
  ro_reg[1][6][0]/D                 -      D        F     DFFRPQNA_X1M_A9PP140ZTUL_C35       1  0.049   0.000    1.800  
#---------------------------------------------------------------------------------------------------------------------
Path 5: MET (0.006 ns) Setup Check with Pin ro_reg[3][4][7]/CK->D
               View: wc_analysis_view
              Group: in2reg
         Startpoint: (F) m_ready
              Clock: (R) CLK
           Endpoint: (F) ro_reg[3][4][7]/D
              Clock: (R) CLK

                       Capture       Launch
         Clock Edge:+    2.000        0.000
         Drv Adjust:+    0.000        0.083
        Src Latency:+   -0.154        0.000
        Net Latency:+    0.154 (P)    0.000 (I)
            Arrival:=    2.001        0.083

              Setup:-    0.061
        Uncertainty:-    0.125
      Required Time:=    1.815
       Launch Clock:=    0.083
        Input Delay:+    0.500
          Data Path:+    1.226
              Slack:=    0.006

#---------------------------------------------------------------------------------------------------------------------
# Timing Point                      Flags  Arc      Edge  Cell                          Fanout  Trans   Delay  Arrival  
#                                                                                                (ns)    (ns)     (ns)  
#---------------------------------------------------------------------------------------------------------------------
  m_ready                           -      m_ready  F     (arrival)                          2  0.171   0.005    0.588  
  g39627__3680/Y                    -      A->Y     R     NAND2_X1A_A9PP140ZTUL_C35         11  0.171   0.124    0.712  
  g44719/Y                          -      A->Y     F     NAND2_X0P5A_A9PP140ZTUL_C35       49  0.151   0.385    1.098  
  g44701/Y                          -      A->Y     R     INV_X1M_A9PP140ZTUL_C35           36  0.700   0.271    1.369  
  cts_opt_inst_FE_OFC304_n_258/Y    -      A->Y     R     BUF_X1M_A9PP140ZTUL_C35           45  0.337   0.164    1.533  
  g41581/Y                          -      A0->Y    F     OAI22_X0P5M_A9PP140ZTUL_C35        1  0.272   0.090    1.623  
  cts_opt_inst_FE_PHC1639_n_2141/Y  -      A->Y     F     DLY4_X4M_A9PP140ZTUL_C35           1  0.272   0.186    1.809  
  ro_reg[3][4][7]/D                 -      D        F     DFFRPQNA_X1M_A9PP140ZTUL_C35       1  0.025   0.000    1.809  
#---------------------------------------------------------------------------------------------------------------------
Path 6: MET (0.006 ns) Setup Check with Pin ro_reg[2][5][2]/CK->D
               View: wc_analysis_view
              Group: in2reg
         Startpoint: (F) m_ready
              Clock: (R) CLK
           Endpoint: (F) ro_reg[2][5][2]/D
              Clock: (R) CLK

                       Capture       Launch
         Clock Edge:+    2.000        0.000
         Drv Adjust:+    0.000        0.083
        Src Latency:+   -0.154        0.000
        Net Latency:+    0.153 (P)    0.000 (I)
            Arrival:=    2.000        0.083

              Setup:-    0.061
        Uncertainty:-    0.125
      Required Time:=    1.813
       Launch Clock:=    0.083
        Input Delay:+    0.500
          Data Path:+    1.224
              Slack:=    0.006

#---------------------------------------------------------------------------------------------------------------------
# Timing Point                      Flags  Arc      Edge  Cell                          Fanout  Trans   Delay  Arrival  
#                                                                                                (ns)    (ns)     (ns)  
#---------------------------------------------------------------------------------------------------------------------
  m_ready                           -      m_ready  F     (arrival)                          2  0.171   0.005    0.588  
  g39627__3680/Y                    -      A->Y     R     NAND2_X1A_A9PP140ZTUL_C35         11  0.171   0.124    0.712  
  g44719/Y                          -      A->Y     F     NAND2_X0P5A_A9PP140ZTUL_C35       49  0.151   0.385    1.098  
  g44701/Y                          -      A->Y     R     INV_X1M_A9PP140ZTUL_C35           36  0.700   0.271    1.369  
  cts_opt_inst_FE_OFC304_n_258/Y    -      A->Y     R     BUF_X1M_A9PP140ZTUL_C35           45  0.337   0.161    1.529  
  g41560/Y                          -      A0->Y    F     OAI22_X0P5M_A9PP140ZTUL_C35        1  0.272   0.091    1.620  
  cts_opt_inst_FE_PHC1363_n_2162/Y  -      A->Y     F     DLY4_X4M_A9PP140ZTUL_C35           1  0.274   0.187    1.807  
  ro_reg[2][5][2]/D                 -      D        F     DFFRPQNA_X1M_A9PP140ZTUL_C35       1  0.026   0.000    1.807  
#---------------------------------------------------------------------------------------------------------------------
Path 7: MET (0.008 ns) Setup Check with Pin ro_reg[1][6][3]/CK->D
               View: wc_analysis_view
              Group: in2reg
         Startpoint: (F) m_ready
              Clock: (R) CLK
           Endpoint: (F) ro_reg[1][6][3]/D
              Clock: (R) CLK

                       Capture       Launch
         Clock Edge:+    2.000        0.000
         Drv Adjust:+    0.000        0.083
        Src Latency:+   -0.154        0.000
        Net Latency:+    0.154 (P)    0.000 (I)
            Arrival:=    2.000        0.083

              Setup:-    0.061
        Uncertainty:-    0.125
      Required Time:=    1.814
       Launch Clock:=    0.083
        Input Delay:+    0.500
          Data Path:+    1.223
              Slack:=    0.008

#---------------------------------------------------------------------------------------------------------------------
# Timing Point                      Flags  Arc      Edge  Cell                          Fanout  Trans   Delay  Arrival  
#                                                                                                (ns)    (ns)     (ns)  
#---------------------------------------------------------------------------------------------------------------------
  m_ready                           -      m_ready  F     (arrival)                          2  0.171   0.005    0.588  
  g39627__3680/Y                    -      A->Y     R     NAND2_X1A_A9PP140ZTUL_C35         11  0.171   0.124    0.712  
  g44719/Y                          -      A->Y     F     NAND2_X0P5A_A9PP140ZTUL_C35       49  0.151   0.385    1.098  
  g44701/Y                          -      A->Y     R     INV_X1M_A9PP140ZTUL_C35           36  0.700   0.271    1.369  
  cts_opt_inst_FE_OFC304_n_258/Y    -      A->Y     R     BUF_X1M_A9PP140ZTUL_C35           45  0.337   0.146    1.515  
  g41544/Y                          -      A0->Y    F     OAI22_X0P5M_A9PP140ZTUL_C35        1  0.270   0.100    1.615  
  cts_opt_inst_FE_PHC1368_n_2178/Y  -      A->Y     F     DLY4_X4M_A9PP140ZTUL_C35           1  0.290   0.191    1.806  
  ro_reg[1][6][3]/D                 -      D        F     DFFRPQNA_X1M_A9PP140ZTUL_C35       1  0.027   0.000    1.806  
#---------------------------------------------------------------------------------------------------------------------
Path 8: MET (0.010 ns) Setup Check with Pin ro_reg[3][4][8]/CK->D
               View: wc_analysis_view
              Group: in2reg
         Startpoint: (F) m_ready
              Clock: (R) CLK
           Endpoint: (F) ro_reg[3][4][8]/D
              Clock: (R) CLK

                       Capture       Launch
         Clock Edge:+    2.000        0.000
         Drv Adjust:+    0.000        0.083
        Src Latency:+   -0.154        0.000
        Net Latency:+    0.152 (P)    0.000 (I)
            Arrival:=    1.998        0.083

              Setup:-    0.065
        Uncertainty:-    0.125
      Required Time:=    1.808
       Launch Clock:=    0.083
        Input Delay:+    0.500
          Data Path:+    1.215
              Slack:=    0.010

#---------------------------------------------------------------------------------------------------------------------
# Timing Point                      Flags  Arc      Edge  Cell                          Fanout  Trans   Delay  Arrival  
#                                                                                                (ns)    (ns)     (ns)  
#---------------------------------------------------------------------------------------------------------------------
  m_ready                           -      m_ready  F     (arrival)                          2  0.171   0.005    0.588  
  g39627__3680/Y                    -      A->Y     R     NAND2_X1A_A9PP140ZTUL_C35         11  0.171   0.124    0.712  
  g44719/Y                          -      A->Y     F     NAND2_X0P5A_A9PP140ZTUL_C35       49  0.151   0.385    1.098  
  g44701/Y                          -      A->Y     R     INV_X1M_A9PP140ZTUL_C35           36  0.700   0.271    1.369  
  cts_opt_inst_FE_OFC304_n_258/Y    -      A->Y     R     BUF_X1M_A9PP140ZTUL_C35           45  0.337   0.163    1.532  
  g41582/Y                          -      A0->Y    F     OAI22_X0P5M_A9PP140ZTUL_C35        1  0.272   0.080    1.612  
  cts_opt_inst_FE_PHC1579_n_2140/Y  -      A->Y     F     DLY4_X0P5M_A9PP140ZTUL_C35         1  0.255   0.186    1.798  
  ro_reg[3][4][8]/D                 -      D        F     DFFRPQNA_X1M_A9PP140ZTUL_C35       1  0.041   0.000    1.798  
#---------------------------------------------------------------------------------------------------------------------
Path 9: MET (0.011 ns) Setup Check with Pin ro_reg[1][2][12]/CK->D
               View: wc_analysis_view
              Group: in2reg
         Startpoint: (R) m_ready
              Clock: (R) CLK
           Endpoint: (F) ro_reg[1][2][12]/D
              Clock: (R) CLK

                       Capture       Launch
         Clock Edge:+    2.000        0.000
         Drv Adjust:+    0.000        0.087
        Src Latency:+   -0.154        0.000
        Net Latency:+    0.153 (P)    0.000 (I)
            Arrival:=    1.999        0.086

              Setup:-    0.062
        Uncertainty:-    0.125
      Required Time:=    1.812
       Launch Clock:=    0.086
        Input Delay:+    0.500
          Data Path:+    1.215
              Slack:=    0.011

#---------------------------------------------------------------------------------------------------------------------
# Timing Point                      Flags  Arc      Edge  Cell                          Fanout  Trans   Delay  Arrival  
#                                                                                                (ns)    (ns)     (ns)  
#---------------------------------------------------------------------------------------------------------------------
  m_ready                           -      m_ready  R     (arrival)                          2  0.176   0.005    0.592  
  g39627__3680/Y                    -      A->Y     F     NAND2_X1A_A9PP140ZTUL_C35         11  0.176   0.118    0.710  
  place_opt_inst_FE_OFC77_n_3027/Y  -      A->Y     R     INV_X1M_A9PP140ZTUL_C35           21  0.175   0.201    0.910  
  g44717/Y                          -      A->Y     F     NOR2_X0P7B_A9PP140ZTUL_C35        49  0.262   0.337    1.247  
  g44699/Y                          -      A->Y     R     INV_X0P7M_A9PP140ZTUL_C35         48  0.511   0.406    1.653  
  g41489/Y                          -      B0->Y    F     OAI22_X0P5M_A9PP140ZTUL_C35        1  0.503   0.027    1.680  
  cts_opt_inst_FE_PHC1883_n_2233/Y  -      A->Y     F     BUF_X0P5M_A9PP140ZTUL_C35          1  0.144   0.081    1.761  
  cts_opt_inst_FE_PHC3104_n_2233/Y  -      A->Y     F     BUFH_X1M_A9PP140ZTUL_C35           1  0.053   0.041    1.802  
  ro_reg[1][2][12]/D                -      D        F     DFFRPQNA_X1M_A9PP140ZTUL_C35       1  0.030   0.000    1.802  
#---------------------------------------------------------------------------------------------------------------------
Path 10: MET (0.011 ns) Setup Check with Pin ro_reg[3][5][6]/CK->D
               View: wc_analysis_view
              Group: in2reg
         Startpoint: (R) m_ready
              Clock: (R) CLK
           Endpoint: (R) ro_reg[3][5][6]/D
              Clock: (R) CLK

                       Capture       Launch
         Clock Edge:+    2.000        0.000
         Drv Adjust:+    0.000        0.087
        Src Latency:+   -0.154        0.000
        Net Latency:+    0.154 (P)    0.000 (I)
            Arrival:=    2.001        0.086

              Setup:-    0.018
        Uncertainty:-    0.125
      Required Time:=    1.857
       Launch Clock:=    0.086
        Input Delay:+    0.500
          Data Path:+    1.260
              Slack:=    0.011

#---------------------------------------------------------------------------------------------------------------------
# Timing Point                      Flags  Arc      Edge  Cell                          Fanout  Trans   Delay  Arrival  
#                                                                                                (ns)    (ns)     (ns)  
#---------------------------------------------------------------------------------------------------------------------
  m_ready                           -      m_ready  R     (arrival)                          2  0.176   0.005    0.592  
  g39627__3680/Y                    -      A->Y     F     NAND2_X1A_A9PP140ZTUL_C35         11  0.176   0.117    0.709  
  g44716/Y                          -      A->Y     R     NAND2_X0P5A_A9PP140ZTUL_C35       33  0.175   0.372    1.081  
  g44698/Y                          -      A->Y     F     INV_X0P5B_A9PP140ZTUL_C35         64  0.610   0.510    1.591  
  g41627/Y                          -      A0->Y    R     OAI22_X0P5M_A9PP140ZTUL_C35        1  0.724   0.166    1.757  
  cts_opt_inst_FE_PHC1894_n_2095/Y  -      A->Y     R     BUFH_X1M_A9PP140ZTUL_C35           1  0.194   0.029    1.786  
  cts_opt_inst_FE_PHC3357_n_2095/Y  -      A->Y     R     BUFH_X1M_A9PP140ZTUL_C35           1  0.027   0.022    1.808  
  cts_opt_inst_FE_PHC3049_n_2095/Y  -      A->Y     R     BUFH_X1M_A9PP140ZTUL_C35           1  0.017   0.021    1.829  
  cts_opt_inst_FE_PHC2375_n_2095/Y  -      A->Y     R     BUFH_X1M_A9PP140ZTUL_C35           1  0.017   0.018    1.847  
  ro_reg[3][5][6]/D                 -      D        R     DFFRPQNA_X1M_A9PP140ZTUL_C35       1  0.012   0.000    1.847  
#---------------------------------------------------------------------------------------------------------------------
Path 11: MET (0.011 ns) Setup Check with Pin ro_reg[1][6][5]/CK->D
               View: wc_analysis_view
              Group: in2reg
         Startpoint: (F) m_ready
              Clock: (R) CLK
           Endpoint: (F) ro_reg[1][6][5]/D
              Clock: (R) CLK

                       Capture       Launch
         Clock Edge:+    2.000        0.000
         Drv Adjust:+    0.000        0.083
        Src Latency:+   -0.154        0.000
        Net Latency:+    0.155 (P)    0.000 (I)
            Arrival:=    2.001        0.083

              Setup:-    0.061
        Uncertainty:-    0.125
      Required Time:=    1.815
       Launch Clock:=    0.083
        Input Delay:+    0.500
          Data Path:+    1.221
              Slack:=    0.011

#---------------------------------------------------------------------------------------------------------------------
# Timing Point                      Flags  Arc      Edge  Cell                          Fanout  Trans   Delay  Arrival  
#                                                                                                (ns)    (ns)     (ns)  
#---------------------------------------------------------------------------------------------------------------------
  m_ready                           -      m_ready  F     (arrival)                          2  0.171   0.005    0.588  
  g39627__3680/Y                    -      A->Y     R     NAND2_X1A_A9PP140ZTUL_C35         11  0.171   0.124    0.712  
  g44719/Y                          -      A->Y     F     NAND2_X0P5A_A9PP140ZTUL_C35       49  0.151   0.385    1.098  
  g44701/Y                          -      A->Y     R     INV_X1M_A9PP140ZTUL_C35           36  0.700   0.271    1.369  
  cts_opt_inst_FE_OFC304_n_258/Y    -      A->Y     R     BUF_X1M_A9PP140ZTUL_C35           45  0.337   0.145    1.514  
  g41547/Y                          -      A0->Y    F     OAI22_X0P5M_A9PP140ZTUL_C35        1  0.269   0.099    1.613  
  cts_opt_inst_FE_PHC1637_n_2175/Y  -      A->Y     F     DLY4_X4M_A9PP140ZTUL_C35           1  0.289   0.191    1.804  
  ro_reg[1][6][5]/D                 -      D        F     DFFRPQNA_X1M_A9PP140ZTUL_C35       1  0.027   0.000    1.804  
#---------------------------------------------------------------------------------------------------------------------
Path 12: MET (0.013 ns) Setup Check with Pin ro_reg[3][2][14]/CK->D
               View: wc_analysis_view
              Group: in2reg
         Startpoint: (F) m_ready
              Clock: (R) CLK
           Endpoint: (F) ro_reg[3][2][14]/D
              Clock: (R) CLK

                       Capture       Launch
         Clock Edge:+    2.000        0.000
         Drv Adjust:+    0.000        0.083
        Src Latency:+   -0.154        0.000
        Net Latency:+    0.148 (P)    0.000 (I)
            Arrival:=    1.995        0.083

              Setup:-    0.060
        Uncertainty:-    0.125
      Required Time:=    1.810
       Launch Clock:=    0.083
        Input Delay:+    0.500
          Data Path:+    1.214
              Slack:=    0.013

#---------------------------------------------------------------------------------------------------------------------
# Timing Point                      Flags  Arc      Edge  Cell                          Fanout  Trans   Delay  Arrival  
#                                                                                                (ns)    (ns)     (ns)  
#---------------------------------------------------------------------------------------------------------------------
  m_ready                           -      m_ready  F     (arrival)                          2  0.171   0.005    0.588  
  g39627__3680/Y                    -      A->Y     R     NAND2_X1A_A9PP140ZTUL_C35         11  0.171   0.123    0.711  
  place_opt_inst_FE_OFC77_n_3027/Y  -      A->Y     F     INV_X1M_A9PP140ZTUL_C35           21  0.151   0.147    0.858  
  g44154/Y                          -      A->Y     F     OR2_X0P5M_A9PP140ZTUL_C35         65  0.200   0.281    1.140  
  g43621/Y                          -      A->Y     R     INV_X0P6M_A9PP140ZTUL_C35         64  0.455   0.502    1.642  
  g41144/Y                          -      A0->Y    F     OAI22_X0P5M_A9PP140ZTUL_C35        1  0.655   0.001    1.643  
  cts_opt_inst_FE_PHC1720_n_2315/Y  -      A->Y     F     DLY2_X0P5M_A9PP140ZTUL_C35         1  0.130   0.082    1.725  
  cts_opt_inst_FE_PHC2288_n_2315/Y  -      A->Y     F     BUF_X1B_A9PP140ZTUL_C35            1  0.027   0.026    1.751  
  cts_opt_inst_FE_PHC3043_n_2315/Y  -      A->Y     F     BUFH_X1M_A9PP140ZTUL_C35           1  0.016   0.021    1.772  
  cts_opt_inst_FE_PHC3358_n_2315/Y  -      A->Y     F     BUF_X1B_A9PP140ZTUL_C35            1  0.013   0.025    1.797  
  ro_reg[3][2][14]/D                -      D        F     DFFRPQNA_X1M_A9PP140ZTUL_C35       1  0.022   0.000    1.797  
#---------------------------------------------------------------------------------------------------------------------
Path 13: MET (0.014 ns) Setup Check with Pin ro_reg[3][4][0]/CK->D
               View: wc_analysis_view
              Group: in2reg
         Startpoint: (F) m_ready
              Clock: (R) CLK
           Endpoint: (F) ro_reg[3][4][0]/D
              Clock: (R) CLK

                       Capture       Launch
         Clock Edge:+    2.000        0.000
         Drv Adjust:+    0.000        0.083
        Src Latency:+   -0.154        0.000
        Net Latency:+    0.154 (P)    0.000 (I)
            Arrival:=    2.000        0.083

              Setup:-    0.065
        Uncertainty:-    0.125
      Required Time:=    1.810
       Launch Clock:=    0.083
        Input Delay:+    0.500
          Data Path:+    1.213
              Slack:=    0.014

#---------------------------------------------------------------------------------------------------------------------
# Timing Point                      Flags  Arc      Edge  Cell                          Fanout  Trans   Delay  Arrival  
#                                                                                                (ns)    (ns)     (ns)  
#---------------------------------------------------------------------------------------------------------------------
  m_ready                           -      m_ready  F     (arrival)                          2  0.171   0.005    0.588  
  g39627__3680/Y                    -      A->Y     R     NAND2_X1A_A9PP140ZTUL_C35         11  0.171   0.124    0.712  
  g44719/Y                          -      A->Y     F     NAND2_X0P5A_A9PP140ZTUL_C35       49  0.151   0.385    1.098  
  g44701/Y                          -      A->Y     R     INV_X1M_A9PP140ZTUL_C35           36  0.700   0.271    1.369  
  cts_opt_inst_FE_OFC304_n_258/Y    -      A->Y     R     BUF_X1M_A9PP140ZTUL_C35           45  0.337   0.164    1.533  
  g41574/Y                          -      A0->Y    F     OAI22_X0P5M_A9PP140ZTUL_C35        1  0.272   0.076    1.609  
  cts_opt_inst_FE_PHC1656_n_2148/Y  -      A->Y     F     DLY4_X0P5M_A9PP140ZTUL_C35         1  0.249   0.187    1.796  
  ro_reg[3][4][0]/D                 -      D        F     DFFRPQNA_X1M_A9PP140ZTUL_C35       1  0.044   0.000    1.796  
#---------------------------------------------------------------------------------------------------------------------
Path 14: MET (0.014 ns) Setup Check with Pin ro_reg[3][4][15]/CK->D
               View: wc_analysis_view
              Group: in2reg
         Startpoint: (F) m_ready
              Clock: (R) CLK
           Endpoint: (F) ro_reg[3][4][15]/D
              Clock: (R) CLK

                       Capture       Launch
         Clock Edge:+    2.000        0.000
         Drv Adjust:+    0.000        0.083
        Src Latency:+   -0.154        0.000
        Net Latency:+    0.154 (P)    0.000 (I)
            Arrival:=    2.000        0.083

              Setup:-    0.060
        Uncertainty:-    0.125
      Required Time:=    1.815
       Launch Clock:=    0.083
        Input Delay:+    0.500
          Data Path:+    1.218
              Slack:=    0.014

#---------------------------------------------------------------------------------------------------------------------
# Timing Point                      Flags  Arc      Edge  Cell                          Fanout  Trans   Delay  Arrival  
#                                                                                                (ns)    (ns)     (ns)  
#---------------------------------------------------------------------------------------------------------------------
  m_ready                           -      m_ready  F     (arrival)                          2  0.171   0.005    0.588  
  g39627__3680/Y                    -      A->Y     R     NAND2_X1A_A9PP140ZTUL_C35         11  0.171   0.124    0.712  
  g44719/Y                          -      A->Y     F     NAND2_X0P5A_A9PP140ZTUL_C35       49  0.151   0.385    1.098  
  g44701/Y                          -      A->Y     R     INV_X1M_A9PP140ZTUL_C35           36  0.700   0.271    1.369  
  cts_opt_inst_FE_OFC304_n_258/Y    -      A->Y     R     BUF_X1M_A9PP140ZTUL_C35           45  0.337   0.163    1.532  
  g41589/Y                          -      A0->Y    F     OAI22_X0P5M_A9PP140ZTUL_C35        1  0.272   0.086    1.618  
  cts_opt_inst_FE_PHC1596_n_2133/Y  -      A->Y     F     DLY4_X4M_A9PP140ZTUL_C35           1  0.265   0.183    1.801  
  ro_reg[3][4][15]/D                -      D        F     DFFRPQNA_X1M_A9PP140ZTUL_C35       1  0.025   0.000    1.801  
#---------------------------------------------------------------------------------------------------------------------
Path 15: MET (0.014 ns) Setup Check with Pin ro_reg[3][5][0]/CK->D
               View: wc_analysis_view
              Group: in2reg
         Startpoint: (R) m_ready
              Clock: (R) CLK
           Endpoint: (R) ro_reg[3][5][0]/D
              Clock: (R) CLK

                       Capture       Launch
         Clock Edge:+    2.000        0.000
         Drv Adjust:+    0.000        0.087
        Src Latency:+   -0.154        0.000
        Net Latency:+    0.155 (P)    0.000 (I)
            Arrival:=    2.001        0.086

              Setup:-    0.018
        Uncertainty:-    0.125
      Required Time:=    1.858
       Launch Clock:=    0.086
        Input Delay:+    0.500
          Data Path:+    1.257
              Slack:=    0.014

#---------------------------------------------------------------------------------------------------------------------
# Timing Point                      Flags  Arc      Edge  Cell                          Fanout  Trans   Delay  Arrival  
#                                                                                                (ns)    (ns)     (ns)  
#---------------------------------------------------------------------------------------------------------------------
  m_ready                           -      m_ready  R     (arrival)                          2  0.176   0.005    0.592  
  g39627__3680/Y                    -      A->Y     F     NAND2_X1A_A9PP140ZTUL_C35         11  0.176   0.117    0.709  
  g44716/Y                          -      A->Y     R     NAND2_X0P5A_A9PP140ZTUL_C35       33  0.175   0.372    1.081  
  g44698/Y                          -      A->Y     F     INV_X0P5B_A9PP140ZTUL_C35         64  0.610   0.510    1.591  
  g41622/Y                          -      A0->Y    R     OAI22_X0P5M_A9PP140ZTUL_C35        1  0.724   0.157    1.748  
  cts_opt_inst_FE_PHC1841_n_2100/Y  -      A->Y     R     BUF_X0P5M_A9PP140ZTUL_C35          1  0.184   0.033    1.781  
  cts_opt_inst_FE_PHC2628_n_2100/Y  -      A->Y     R     BUFH_X1M_A9PP140ZTUL_C35           1  0.032   0.022    1.803  
  cts_opt_inst_FE_PHC3360_n_2100/Y  -      A->Y     R     BUFH_X1M_A9PP140ZTUL_C35           1  0.015   0.021    1.824  
  cts_opt_inst_FE_PHC3052_n_2100/Y  -      A->Y     R     BUFH_X1M_A9PP140ZTUL_C35           1  0.016   0.020    1.844  
  ro_reg[3][5][0]/D                 -      D        R     DFFRPQNA_X1M_A9PP140ZTUL_C35       1  0.015   0.000    1.844  
#---------------------------------------------------------------------------------------------------------------------
Path 16: MET (0.014 ns) Setup Check with Pin ro_reg[3][5][3]/CK->D
               View: wc_analysis_view
              Group: in2reg
         Startpoint: (R) m_ready
              Clock: (R) CLK
           Endpoint: (R) ro_reg[3][5][3]/D
              Clock: (R) CLK

                       Capture       Launch
         Clock Edge:+    2.000        0.000
         Drv Adjust:+    0.000        0.087
        Src Latency:+   -0.154        0.000
        Net Latency:+    0.155 (P)    0.000 (I)
            Arrival:=    2.001        0.086

              Setup:-    0.018
        Uncertainty:-    0.125
      Required Time:=    1.858
       Launch Clock:=    0.086
        Input Delay:+    0.500
          Data Path:+    1.257
              Slack:=    0.014

#---------------------------------------------------------------------------------------------------------------------
# Timing Point                      Flags  Arc      Edge  Cell                          Fanout  Trans   Delay  Arrival  
#                                                                                                (ns)    (ns)     (ns)  
#---------------------------------------------------------------------------------------------------------------------
  m_ready                           -      m_ready  R     (arrival)                          2  0.176   0.005    0.592  
  g39627__3680/Y                    -      A->Y     F     NAND2_X1A_A9PP140ZTUL_C35         11  0.176   0.117    0.709  
  g44716/Y                          -      A->Y     R     NAND2_X0P5A_A9PP140ZTUL_C35       33  0.175   0.372    1.081  
  g44698/Y                          -      A->Y     F     INV_X0P5B_A9PP140ZTUL_C35         64  0.610   0.510    1.591  
  g41625/Y                          -      A0->Y    R     OAI22_X0P5M_A9PP140ZTUL_C35        1  0.724   0.162    1.753  
  cts_opt_inst_FE_PHC1882_n_2097/Y  -      A->Y     R     BUF_X0P5M_A9PP140ZTUL_C35          1  0.190   0.036    1.788  
  cts_opt_inst_FE_PHC3335_n_2097/Y  -      A->Y     R     BUFH_X1M_A9PP140ZTUL_C35           1  0.036   0.021    1.809  
  cts_opt_inst_FE_PHC3136_n_2097/Y  -      A->Y     R     BUFH_X1M_A9PP140ZTUL_C35           1  0.013   0.017    1.825  
  cts_opt_inst_FE_PHC2645_n_2097/Y  -      A->Y     R     BUFH_X1M_A9PP140ZTUL_C35           1  0.011   0.018    1.843  
  ro_reg[3][5][3]/D                 -      D        R     DFFRPQNA_X1M_A9PP140ZTUL_C35       1  0.014   0.000    1.843  
#---------------------------------------------------------------------------------------------------------------------
Path 17: MET (0.015 ns) Setup Check with Pin ro_reg[2][5][1]/CK->D
               View: wc_analysis_view
              Group: in2reg
         Startpoint: (F) m_ready
              Clock: (R) CLK
           Endpoint: (F) ro_reg[2][5][1]/D
              Clock: (R) CLK

                       Capture       Launch
         Clock Edge:+    2.000        0.000
         Drv Adjust:+    0.000        0.083
        Src Latency:+   -0.154        0.000
        Net Latency:+    0.153 (P)    0.000 (I)
            Arrival:=    1.999        0.083

              Setup:-    0.061
        Uncertainty:-    0.125
      Required Time:=    1.813
       Launch Clock:=    0.083
        Input Delay:+    0.500
          Data Path:+    1.215
              Slack:=    0.015

#---------------------------------------------------------------------------------------------------------------------
# Timing Point                      Flags  Arc      Edge  Cell                          Fanout  Trans   Delay  Arrival  
#                                                                                                (ns)    (ns)     (ns)  
#---------------------------------------------------------------------------------------------------------------------
  m_ready                           -      m_ready  F     (arrival)                          2  0.171   0.005    0.588  
  g39627__3680/Y                    -      A->Y     R     NAND2_X1A_A9PP140ZTUL_C35         11  0.171   0.124    0.712  
  g44719/Y                          -      A->Y     F     NAND2_X0P5A_A9PP140ZTUL_C35       49  0.151   0.385    1.098  
  g44701/Y                          -      A->Y     R     INV_X1M_A9PP140ZTUL_C35           36  0.700   0.271    1.369  
  cts_opt_inst_FE_OFC304_n_258/Y    -      A->Y     R     BUF_X1M_A9PP140ZTUL_C35           45  0.337   0.161    1.529  
  g41559/Y                          -      A0->Y    F     OAI22_X0P5M_A9PP140ZTUL_C35        1  0.272   0.085    1.615  
  cts_opt_inst_FE_PHC1250_n_2163/Y  -      A->Y     F     DLY4_X4M_A9PP140ZTUL_C35           1  0.264   0.184    1.798  
  ro_reg[2][5][1]/D                 -      D        F     DFFRPQNA_X1M_A9PP140ZTUL_C35       1  0.025   0.000    1.798  
#---------------------------------------------------------------------------------------------------------------------
Path 18: MET (0.016 ns) Setup Check with Pin ro_reg[0][3][2]/CK->D
               View: wc_analysis_view
              Group: in2reg
         Startpoint: (R) m_ready
              Clock: (R) CLK
           Endpoint: (F) ro_reg[0][3][2]/D
              Clock: (R) CLK

                       Capture       Launch
         Clock Edge:+    2.000        0.000
         Drv Adjust:+    0.000        0.087
        Src Latency:+   -0.154        0.000
        Net Latency:+    0.152 (P)    0.000 (I)
            Arrival:=    1.999        0.086

              Setup:-    0.059
        Uncertainty:-    0.125
      Required Time:=    1.814
       Launch Clock:=    0.086
        Input Delay:+    0.500
          Data Path:+    1.212
              Slack:=    0.016

#---------------------------------------------------------------------------------------------------------------------
# Timing Point                      Flags  Arc      Edge  Cell                          Fanout  Trans   Delay  Arrival  
#                                                                                                (ns)    (ns)     (ns)  
#---------------------------------------------------------------------------------------------------------------------
  m_ready                           -      m_ready  R     (arrival)                          2  0.176   0.005    0.592  
  g39627__3680/Y                    -      A->Y     F     NAND2_X1A_A9PP140ZTUL_C35         11  0.176   0.118    0.710  
  place_opt_inst_FE_OFC77_n_3027/Y  -      A->Y     R     INV_X1M_A9PP140ZTUL_C35           21  0.175   0.201    0.910  
  g44717/Y                          -      A->Y     F     NOR2_X0P7B_A9PP140ZTUL_C35        49  0.262   0.337    1.247  
  g44699/Y                          -      A->Y     R     INV_X0P7M_A9PP140ZTUL_C35         48  0.511   0.410    1.657  
  g41651/Y                          -      B0->Y    F     OAI22_X0P5M_A9PP140ZTUL_C35        1  0.503   0.035    1.692  
  cts_opt_inst_FE_PHC1897_n_2071/Y  -      A->Y     F     BUFH_X1M_A9PP140ZTUL_C35           1  0.153   0.047    1.739  
  cts_opt_inst_FE_PHC2366_n_2071/Y  -      A->Y     F     BUFH_X1M_A9PP140ZTUL_C35           1  0.020   0.030    1.769  
  cts_opt_inst_FE_PHC3135_n_2071/Y  -      A->Y     F     BUFH_X1M_A9PP140ZTUL_C35           1  0.025   0.029    1.798  
  ro_reg[0][3][2]/D                 -      D        F     DFFRPQNA_X1M_A9PP140ZTUL_C35       1  0.021   0.000    1.798  
#---------------------------------------------------------------------------------------------------------------------
Path 19: MET (0.016 ns) Setup Check with Pin ro_reg[3][5][8]/CK->D
               View: wc_analysis_view
              Group: in2reg
         Startpoint: (R) m_ready
              Clock: (R) CLK
           Endpoint: (R) ro_reg[3][5][8]/D
              Clock: (R) CLK

                       Capture       Launch
         Clock Edge:+    2.000        0.000
         Drv Adjust:+    0.000        0.087
        Src Latency:+   -0.154        0.000
        Net Latency:+    0.154 (P)    0.000 (I)
            Arrival:=    2.001        0.086

              Setup:-    0.018
        Uncertainty:-    0.125
      Required Time:=    1.857
       Launch Clock:=    0.086
        Input Delay:+    0.500
          Data Path:+    1.255
              Slack:=    0.016

#---------------------------------------------------------------------------------------------------------------------
# Timing Point                      Flags  Arc      Edge  Cell                          Fanout  Trans   Delay  Arrival  
#                                                                                                (ns)    (ns)     (ns)  
#---------------------------------------------------------------------------------------------------------------------
  m_ready                           -      m_ready  R     (arrival)                          2  0.176   0.005    0.592  
  g39627__3680/Y                    -      A->Y     F     NAND2_X1A_A9PP140ZTUL_C35         11  0.176   0.117    0.709  
  g44716/Y                          -      A->Y     R     NAND2_X0P5A_A9PP140ZTUL_C35       33  0.175   0.372    1.081  
  g44698/Y                          -      A->Y     F     INV_X0P5B_A9PP140ZTUL_C35         64  0.610   0.510    1.591  
  g41630/Y                          -      A0->Y    R     OAI22_X0P5M_A9PP140ZTUL_C35        1  0.724   0.161    1.752  
  cts_opt_inst_FE_PHC1858_n_2092/Y  -      A->Y     R     BUF_X0P5M_A9PP140ZTUL_C35          1  0.189   0.034    1.786  
  cts_opt_inst_FE_PHC3356_n_2092/Y  -      A->Y     R     BUFH_X1M_A9PP140ZTUL_C35           1  0.033   0.024    1.809  
  cts_opt_inst_FE_PHC3045_n_2092/Y  -      A->Y     R     BUFH_X1M_A9PP140ZTUL_C35           1  0.018   0.017    1.827  
  cts_opt_inst_FE_PHC2376_n_2092/Y  -      A->Y     R     BUFH_X1M_A9PP140ZTUL_C35           1  0.011   0.015    1.842  
  ro_reg[3][5][8]/D                 -      D        R     DFFRPQNA_X1M_A9PP140ZTUL_C35       1  0.009   0.000    1.842  
#---------------------------------------------------------------------------------------------------------------------
Path 20: MET (0.017 ns) Setup Check with Pin ro_reg[2][1][7]/CK->D
               View: wc_analysis_view
              Group: in2reg
         Startpoint: (R) m_ready
              Clock: (R) CLK
           Endpoint: (F) ro_reg[2][1][7]/D
              Clock: (R) CLK

                       Capture       Launch
         Clock Edge:+    2.000        0.000
         Drv Adjust:+    0.000        0.087
        Src Latency:+   -0.154        0.000
        Net Latency:+    0.152 (P)    0.000 (I)
            Arrival:=    1.999        0.086

              Setup:-    0.064
        Uncertainty:-    0.125
      Required Time:=    1.810
       Launch Clock:=    0.086
        Input Delay:+    0.500
          Data Path:+    1.207
              Slack:=    0.017

#---------------------------------------------------------------------------------------------------------------------
# Timing Point                      Flags  Arc      Edge  Cell                          Fanout  Trans   Delay  Arrival  
#                                                                                                (ns)    (ns)     (ns)  
#---------------------------------------------------------------------------------------------------------------------
  m_ready                           -      m_ready  R     (arrival)                          2  0.176   0.005    0.592  
  g39627__3680/Y                    -      A->Y     F     NAND2_X1A_A9PP140ZTUL_C35         11  0.176   0.118    0.710  
  place_opt_inst_FE_OFC77_n_3027/Y  -      A->Y     R     INV_X1M_A9PP140ZTUL_C35           21  0.175   0.201    0.910  
  g44717/Y                          -      A->Y     F     NOR2_X0P7B_A9PP140ZTUL_C35        49  0.262   0.337    1.247  
  g44699/Y                          -      A->Y     R     INV_X0P7M_A9PP140ZTUL_C35         48  0.511   0.401    1.649  
  g41516/Y                          -      B0->Y    F     OAI22_X0P5M_A9PP140ZTUL_C35        1  0.503   0.080    1.728  
  cts_opt_inst_FE_PHC2995_n_2206/Y  -      A->Y     F     BUFH_X1M_A9PP140ZTUL_C35           1  0.200   0.065    1.793  
  ro_reg[2][1][7]/D                 -      D        F     DFFRPQNA_X1M_A9PP140ZTUL_C35       1  0.035   0.000    1.793  
#---------------------------------------------------------------------------------------------------------------------
Path 21: MET (0.018 ns) Setup Check with Pin ro_reg[0][6][2]/CK->D
               View: wc_analysis_view
              Group: in2reg
         Startpoint: (F) m_ready
              Clock: (R) CLK
           Endpoint: (F) ro_reg[0][6][2]/D
              Clock: (R) CLK

                       Capture       Launch
         Clock Edge:+    2.000        0.000
         Drv Adjust:+    0.000        0.083
        Src Latency:+   -0.154        0.000
        Net Latency:+    0.155 (P)    0.000 (I)
            Arrival:=    2.002        0.083

              Setup:-    0.057
        Uncertainty:-    0.125
      Required Time:=    1.820
       Launch Clock:=    0.083
        Input Delay:+    0.500
          Data Path:+    1.219
              Slack:=    0.018

#---------------------------------------------------------------------------------------------------------------------
# Timing Point                      Flags  Arc      Edge  Cell                          Fanout  Trans   Delay  Arrival  
#                                                                                                (ns)    (ns)     (ns)  
#---------------------------------------------------------------------------------------------------------------------
  m_ready                           -      m_ready  F     (arrival)                          2  0.171   0.005    0.588  
  g39627__3680/Y                    -      A->Y     R     NAND2_X1A_A9PP140ZTUL_C35         11  0.171   0.123    0.711  
  place_opt_inst_FE_OFC77_n_3027/Y  -      A->Y     F     INV_X1M_A9PP140ZTUL_C35           21  0.151   0.143    0.854  
  g44156/Y                          -      A->Y     F     OR2_X0P5M_A9PP140ZTUL_C35         65  0.200   0.279    1.133  
  g43623/Y                          -      A->Y     R     INV_X0P6M_A9PP140ZTUL_C35         64  0.463   0.507    1.640  
  g41196/Y                          -      A0->Y    F     OAI22_X0P5M_A9PP140ZTUL_C35        1  0.686   0.006    1.647  
  cts_opt_inst_FE_PHC1691_n_2263/Y  -      A->Y     F     DLY2_X0P5M_A9PP140ZTUL_C35         1  0.140   0.088    1.734  
  cts_opt_inst_FE_PHC3039_n_2263/Y  -      A->Y     F     BUFH_X1M_A9PP140ZTUL_C35           1  0.031   0.026    1.760  
  cts_opt_inst_FE_PHC3359_n_2263/Y  -      A->Y     F     BUFH_X1M_A9PP140ZTUL_C35           1  0.014   0.022    1.782  
  cts_opt_inst_FE_PHC2276_n_2263/Y  -      A->Y     F     BUF_X1B_A9PP140ZTUL_C35            1  0.015   0.020    1.802  
  ro_reg[0][6][2]/D                 -      D        F     DFFRPQNA_X1M_A9PP140ZTUL_C35       1  0.012   0.000    1.802  
#---------------------------------------------------------------------------------------------------------------------
Path 22: MET (0.021 ns) Setup Check with Pin ro_reg[3][4][6]/CK->D
               View: wc_analysis_view
              Group: in2reg
         Startpoint: (F) m_ready
              Clock: (R) CLK
           Endpoint: (F) ro_reg[3][4][6]/D
              Clock: (R) CLK

                       Capture       Launch
         Clock Edge:+    2.000        0.000
         Drv Adjust:+    0.000        0.083
        Src Latency:+   -0.154        0.000
        Net Latency:+    0.153 (P)    0.000 (I)
            Arrival:=    1.999        0.083

              Setup:-    0.060
        Uncertainty:-    0.125
      Required Time:=    1.814
       Launch Clock:=    0.083
        Input Delay:+    0.500
          Data Path:+    1.210
              Slack:=    0.021

#---------------------------------------------------------------------------------------------------------------------
# Timing Point                      Flags  Arc      Edge  Cell                          Fanout  Trans   Delay  Arrival  
#                                                                                                (ns)    (ns)     (ns)  
#---------------------------------------------------------------------------------------------------------------------
  m_ready                           -      m_ready  F     (arrival)                          2  0.171   0.005    0.588  
  g39627__3680/Y                    -      A->Y     R     NAND2_X1A_A9PP140ZTUL_C35         11  0.171   0.124    0.712  
  g44719/Y                          -      A->Y     F     NAND2_X0P5A_A9PP140ZTUL_C35       49  0.151   0.385    1.098  
  g44701/Y                          -      A->Y     R     INV_X1M_A9PP140ZTUL_C35           36  0.700   0.271    1.369  
  cts_opt_inst_FE_OFC304_n_258/Y    -      A->Y     R     BUF_X1M_A9PP140ZTUL_C35           45  0.337   0.164    1.533  
  g41579/Y                          -      A0->Y    F     OAI22_X0P5M_A9PP140ZTUL_C35        1  0.272   0.080    1.613  
  cts_opt_inst_FE_PHC1626_n_2143/Y  -      A->Y     F     DLY4_X4M_A9PP140ZTUL_C35           1  0.254   0.180    1.793  
  ro_reg[3][4][6]/D                 -      D        F     DFFRPQNA_X1M_A9PP140ZTUL_C35       1  0.025   0.000    1.793  
#---------------------------------------------------------------------------------------------------------------------
Path 23: MET (0.022 ns) Setup Check with Pin ro_reg[3][2][12]/CK->D
               View: wc_analysis_view
              Group: in2reg
         Startpoint: (F) m_ready
              Clock: (R) CLK
           Endpoint: (F) ro_reg[3][2][12]/D
              Clock: (R) CLK

                       Capture       Launch
         Clock Edge:+    2.000        0.000
         Drv Adjust:+    0.000        0.083
        Src Latency:+   -0.154        0.000
        Net Latency:+    0.148 (P)    0.000 (I)
            Arrival:=    1.995        0.083

              Setup:-    0.057
        Uncertainty:-    0.125
      Required Time:=    1.812
       Launch Clock:=    0.083
        Input Delay:+    0.500
          Data Path:+    1.208
              Slack:=    0.022

#---------------------------------------------------------------------------------------------------------------------
# Timing Point                      Flags  Arc      Edge  Cell                          Fanout  Trans   Delay  Arrival  
#                                                                                                (ns)    (ns)     (ns)  
#---------------------------------------------------------------------------------------------------------------------
  m_ready                           -      m_ready  F     (arrival)                          2  0.171   0.005    0.588  
  g39627__3680/Y                    -      A->Y     R     NAND2_X1A_A9PP140ZTUL_C35         11  0.171   0.123    0.711  
  place_opt_inst_FE_OFC77_n_3027/Y  -      A->Y     F     INV_X1M_A9PP140ZTUL_C35           21  0.151   0.147    0.858  
  g44154/Y                          -      A->Y     F     OR2_X0P5M_A9PP140ZTUL_C35         65  0.200   0.281    1.140  
  g43621/Y                          -      A->Y     R     INV_X0P6M_A9PP140ZTUL_C35         64  0.455   0.502    1.642  
  g41142/Y                          -      A0->Y    F     OAI22_X0P5M_A9PP140ZTUL_C35        1  0.655   0.016    1.657  
  cts_opt_inst_FE_PHC1704_n_2317/Y  -      A->Y     F     DLY2_X0P5M_A9PP140ZTUL_C35         1  0.145   0.087    1.745  
  cts_opt_inst_FE_PHC2435_n_2317/Y  -      A->Y     F     BUFH_X1M_A9PP140ZTUL_C35           1  0.029   0.025    1.770  
  cts_opt_inst_FE_PHC3138_n_2317/Y  -      A->Y     F     BUFH_X1M_A9PP140ZTUL_C35           1  0.014   0.021    1.790  
  ro_reg[3][2][12]/D                -      D        F     DFFRPQNA_X1M_A9PP140ZTUL_C35       1  0.013   0.000    1.790  
#---------------------------------------------------------------------------------------------------------------------
Path 24: MET (0.023 ns) Setup Check with Pin ro_reg[0][3][4]/CK->D
               View: wc_analysis_view
              Group: in2reg
         Startpoint: (R) m_ready
              Clock: (R) CLK
           Endpoint: (F) ro_reg[0][3][4]/D
              Clock: (R) CLK

                       Capture       Launch
         Clock Edge:+    2.000        0.000
         Drv Adjust:+    0.000        0.087
        Src Latency:+   -0.154        0.000
        Net Latency:+    0.153 (P)    0.000 (I)
            Arrival:=    2.000        0.086

              Setup:-    0.058
        Uncertainty:-    0.125
      Required Time:=    1.816
       Launch Clock:=    0.086
        Input Delay:+    0.500
          Data Path:+    1.206
              Slack:=    0.023

#---------------------------------------------------------------------------------------------------------------------
# Timing Point                      Flags  Arc      Edge  Cell                          Fanout  Trans   Delay  Arrival  
#                                                                                                (ns)    (ns)     (ns)  
#---------------------------------------------------------------------------------------------------------------------
  m_ready                           -      m_ready  R     (arrival)                          2  0.176   0.005    0.592  
  g39627__3680/Y                    -      A->Y     F     NAND2_X1A_A9PP140ZTUL_C35         11  0.176   0.118    0.710  
  place_opt_inst_FE_OFC77_n_3027/Y  -      A->Y     R     INV_X1M_A9PP140ZTUL_C35           21  0.175   0.201    0.910  
  g44717/Y                          -      A->Y     F     NOR2_X0P7B_A9PP140ZTUL_C35        49  0.262   0.337    1.247  
  g44699/Y                          -      A->Y     R     INV_X0P7M_A9PP140ZTUL_C35         48  0.511   0.410    1.657  
  g41653/Y                          -      B0->Y    F     OAI22_X0P5M_A9PP140ZTUL_C35        1  0.503   0.020    1.677  
  cts_opt_inst_FE_PHC1828_n_2069/Y  -      A->Y     F     BUF_X0P5M_A9PP140ZTUL_C35          1  0.139   0.060    1.737  
  cts_opt_inst_FE_PHC2323_n_2069/Y  -      A->Y     F     BUFH_X1M_A9PP140ZTUL_C35           1  0.026   0.030    1.766  
  cts_opt_inst_FE_PHC3128_n_2069/Y  -      A->Y     F     BUFH_X1M_A9PP140ZTUL_C35           1  0.022   0.026    1.793  
  ro_reg[0][3][4]/D                 -      D        F     DFFRPQNA_X1M_A9PP140ZTUL_C35       1  0.018   0.000    1.793  
#---------------------------------------------------------------------------------------------------------------------
Path 25: MET (0.024 ns) Setup Check with Pin ro_reg[2][4][3]/CK->D
               View: wc_analysis_view
              Group: in2reg
         Startpoint: (F) m_ready
              Clock: (R) CLK
           Endpoint: (F) ro_reg[2][4][3]/D
              Clock: (R) CLK

                       Capture       Launch
         Clock Edge:+    2.000        0.000
         Drv Adjust:+    0.000        0.083
        Src Latency:+   -0.154        0.000
        Net Latency:+    0.153 (P)    0.000 (I)
            Arrival:=    1.999        0.083

              Setup:-    0.054
        Uncertainty:-    0.125
      Required Time:=    1.820
       Launch Clock:=    0.083
        Input Delay:+    0.500
          Data Path:+    1.213
              Slack:=    0.024

#---------------------------------------------------------------------------------------------------------------------
# Timing Point                      Flags  Arc      Edge  Cell                          Fanout  Trans   Delay  Arrival  
#                                                                                                (ns)    (ns)     (ns)  
#---------------------------------------------------------------------------------------------------------------------
  m_ready                           -      m_ready  F     (arrival)                          2  0.171   0.005    0.588  
  g39627__3680/Y                    -      A->Y     R     NAND2_X1A_A9PP140ZTUL_C35         11  0.171   0.123    0.711  
  place_opt_inst_FE_OFC77_n_3027/Y  -      A->Y     F     INV_X1M_A9PP140ZTUL_C35           21  0.151   0.143    0.854  
  g44156/Y                          -      A->Y     F     OR2_X0P5M_A9PP140ZTUL_C35         65  0.200   0.279    1.133  
  g43623/Y                          -      A->Y     R     INV_X0P6M_A9PP140ZTUL_C35         64  0.463   0.532    1.665  
  g41103/Y                          -      A0->Y    F     OAI22_X0P5M_A9PP140ZTUL_C35        1  0.688   0.007    1.671  
  cts_opt_inst_FE_PHC1798_n_2356/Y  -      A->Y     F     BUF_X0P5M_A9PP140ZTUL_C35          1  0.141   0.058    1.730  
  cts_opt_inst_FE_PHC2278_n_2356/Y  -      A->Y     F     BUF_X1B_A9PP140ZTUL_C35            1  0.024   0.025    1.755  
  cts_opt_inst_FE_PHC3034_n_2356/Y  -      A->Y     F     BUFH_X1M_A9PP140ZTUL_C35           1  0.016   0.021    1.776  
  cts_opt_inst_FE_PHC3355_n_2356/Y  -      A->Y     F     BUFH_X1M_A9PP140ZTUL_C35           1  0.012   0.020    1.796  
  ro_reg[2][4][3]/D                 -      D        F     DFFRPQNA_X1M_A9PP140ZTUL_C35       1  0.013   0.000    1.796  
#---------------------------------------------------------------------------------------------------------------------
Path 26: MET (0.025 ns) Setup Check with Pin ro_reg[2][4][15]/CK->D
               View: wc_analysis_view
              Group: in2reg
         Startpoint: (F) m_ready
              Clock: (R) CLK
           Endpoint: (F) ro_reg[2][4][15]/D
              Clock: (R) CLK

                       Capture       Launch
         Clock Edge:+    2.000        0.000
         Drv Adjust:+    0.000        0.083
        Src Latency:+   -0.154        0.000
        Net Latency:+    0.152 (P)    0.000 (I)
            Arrival:=    1.999        0.083

              Setup:-    0.057
        Uncertainty:-    0.125
      Required Time:=    1.816
       Launch Clock:=    0.083
        Input Delay:+    0.500
          Data Path:+    1.208
              Slack:=    0.025

#---------------------------------------------------------------------------------------------------------------------
# Timing Point                      Flags  Arc      Edge  Cell                          Fanout  Trans   Delay  Arrival  
#                                                                                                (ns)    (ns)     (ns)  
#---------------------------------------------------------------------------------------------------------------------
  m_ready                           -      m_ready  F     (arrival)                          2  0.171   0.005    0.588  
  g39627__3680/Y                    -      A->Y     R     NAND2_X1A_A9PP140ZTUL_C35         11  0.171   0.123    0.711  
  place_opt_inst_FE_OFC77_n_3027/Y  -      A->Y     F     INV_X1M_A9PP140ZTUL_C35           21  0.151   0.143    0.854  
  g44156/Y                          -      A->Y     F     OR2_X0P5M_A9PP140ZTUL_C35         65  0.200   0.279    1.133  
  g43623/Y                          -      A->Y     R     INV_X0P6M_A9PP140ZTUL_C35         64  0.463   0.524    1.657  
  g41113/Y                          -      A0->Y    F     OAI22_X0P5M_A9PP140ZTUL_C35        1  0.688   0.002    1.659  
  cts_opt_inst_FE_PHC1765_n_2346/Y  -      A->Y     F     DLY2_X0P5M_A9PP140ZTUL_C35         1  0.137   0.081    1.740  
  cts_opt_inst_FE_PHC2402_n_2346/Y  -      A->Y     F     BUF_X1B_A9PP140ZTUL_C35            1  0.025   0.029    1.769  
  cts_opt_inst_FE_PHC3133_n_2346/Y  -      A->Y     F     BUFH_X1M_A9PP140ZTUL_C35           1  0.021   0.023    1.791  
  ro_reg[2][4][15]/D                -      D        F     DFFRPQNA_X1M_A9PP140ZTUL_C35       1  0.013   0.000    1.791  
#---------------------------------------------------------------------------------------------------------------------
Path 27: MET (0.025 ns) Setup Check with Pin ro_reg[3][5][5]/CK->D
               View: wc_analysis_view
              Group: in2reg
         Startpoint: (R) m_ready
              Clock: (R) CLK
           Endpoint: (R) ro_reg[3][5][5]/D
              Clock: (R) CLK

                       Capture       Launch
         Clock Edge:+    2.000        0.000
         Drv Adjust:+    0.000        0.087
        Src Latency:+   -0.154        0.000
        Net Latency:+    0.155 (P)    0.000 (I)
            Arrival:=    2.001        0.086

              Setup:-    0.018
        Uncertainty:-    0.125
      Required Time:=    1.858
       Launch Clock:=    0.086
        Input Delay:+    0.500
          Data Path:+    1.246
              Slack:=    0.025

#---------------------------------------------------------------------------------------------------------------------
# Timing Point                      Flags  Arc      Edge  Cell                          Fanout  Trans   Delay  Arrival  
#                                                                                                (ns)    (ns)     (ns)  
#---------------------------------------------------------------------------------------------------------------------
  m_ready                           -      m_ready  R     (arrival)                          2  0.176   0.005    0.592  
  g39627__3680/Y                    -      A->Y     F     NAND2_X1A_A9PP140ZTUL_C35         11  0.176   0.117    0.709  
  g44716/Y                          -      A->Y     R     NAND2_X0P5A_A9PP140ZTUL_C35       33  0.175   0.372    1.081  
  g44698/Y                          -      A->Y     F     INV_X0P5B_A9PP140ZTUL_C35         64  0.610   0.510    1.591  
  g41626/Y                          -      A0->Y    R     OAI22_X0P5M_A9PP140ZTUL_C35        1  0.724   0.169    1.760  
  cts_opt_inst_FE_PHC1803_n_2096/Y  -      A->Y     R     BUF_X0P5M_A9PP140ZTUL_C35          1  0.199   0.031    1.792  
  cts_opt_inst_FE_PHC2433_n_2096/Y  -      A->Y     R     BUFH_X1M_A9PP140ZTUL_C35           1  0.031   0.021    1.813  
  cts_opt_inst_FE_PHC3139_n_2096/Y  -      A->Y     R     BUFH_X1M_A9PP140ZTUL_C35           1  0.014   0.020    1.833  
  ro_reg[3][5][5]/D                 -      D        R     DFFRPQNA_X1M_A9PP140ZTUL_C35       1  0.015   0.000    1.833  
#---------------------------------------------------------------------------------------------------------------------
Path 28: MET (0.026 ns) Setup Check with Pin ro_reg[3][3][2]/CK->D
               View: wc_analysis_view
              Group: in2reg
         Startpoint: (F) m_ready
              Clock: (R) CLK
           Endpoint: (F) ro_reg[3][3][2]/D
              Clock: (R) CLK

                       Capture       Launch
         Clock Edge:+    2.000        0.000
         Drv Adjust:+    0.000        0.083
        Src Latency:+   -0.154        0.000
        Net Latency:+    0.154 (P)    0.000 (I)
            Arrival:=    2.001        0.083

              Setup:-    0.056
        Uncertainty:-    0.125
      Required Time:=    1.820
       Launch Clock:=    0.083
        Input Delay:+    0.500
          Data Path:+    1.210
              Slack:=    0.026

#---------------------------------------------------------------------------------------------------------------------
# Timing Point                      Flags  Arc      Edge  Cell                          Fanout  Trans   Delay  Arrival  
#                                                                                                (ns)    (ns)     (ns)  
#---------------------------------------------------------------------------------------------------------------------
  m_ready                           -      m_ready  F     (arrival)                          2  0.171   0.005    0.588  
  g39627__3680/Y                    -      A->Y     R     NAND2_X1A_A9PP140ZTUL_C35         11  0.171   0.123    0.711  
  place_opt_inst_FE_OFC77_n_3027/Y  -      A->Y     F     INV_X1M_A9PP140ZTUL_C35           21  0.151   0.143    0.854  
  g44156/Y                          -      A->Y     F     OR2_X0P5M_A9PP140ZTUL_C35         65  0.200   0.279    1.133  
  g43623/Y                          -      A->Y     R     INV_X0P6M_A9PP140ZTUL_C35         64  0.463   0.535    1.668  
  g41148/Y                          -      A0->Y    F     OAI22_X0P5M_A9PP140ZTUL_C35        1  0.688   0.014    1.682  
  cts_opt_inst_FE_PHC1814_n_2311/Y  -      A->Y     F     DLY2_X0P5M_A9PP140ZTUL_C35         1  0.148   0.089    1.771  
  cts_opt_inst_FE_PHC2683_n_2311/Y  -      A->Y     F     BUFH_X1M_A9PP140ZTUL_C35           1  0.031   0.023    1.793  
  ro_reg[3][3][2]/D                 -      D        F     DFFRPQNA_X1M_A9PP140ZTUL_C35       1  0.010   0.000    1.793  
#---------------------------------------------------------------------------------------------------------------------
Path 29: MET (0.026 ns) Setup Check with Pin ro_reg[3][5][4]/CK->D
               View: wc_analysis_view
              Group: in2reg
         Startpoint: (R) m_ready
              Clock: (R) CLK
           Endpoint: (R) ro_reg[3][5][4]/D
              Clock: (R) CLK

                       Capture       Launch
         Clock Edge:+    2.000        0.000
         Drv Adjust:+    0.000        0.087
        Src Latency:+   -0.154        0.000
        Net Latency:+    0.155 (P)    0.000 (I)
            Arrival:=    2.001        0.086

              Setup:-    0.018
        Uncertainty:-    0.125
      Required Time:=    1.858
       Launch Clock:=    0.086
        Input Delay:+    0.500
          Data Path:+    1.245
              Slack:=    0.026

#---------------------------------------------------------------------------------------------------------------------
# Timing Point                      Flags  Arc      Edge  Cell                          Fanout  Trans   Delay  Arrival  
#                                                                                                (ns)    (ns)     (ns)  
#---------------------------------------------------------------------------------------------------------------------
  m_ready                           -      m_ready  R     (arrival)                          2  0.176   0.005    0.592  
  g39627__3680/Y                    -      A->Y     F     NAND2_X1A_A9PP140ZTUL_C35         11  0.176   0.117    0.709  
  g44716/Y                          -      A->Y     R     NAND2_X0P5A_A9PP140ZTUL_C35       33  0.175   0.372    1.081  
  g44698/Y                          -      A->Y     F     INV_X0P5B_A9PP140ZTUL_C35         64  0.610   0.510    1.590  
  g41628/Y                          -      A0->Y    R     OAI22_X0P5M_A9PP140ZTUL_C35        1  0.724   0.196    1.786  
  cts_opt_inst_FE_PHC2682_n_2094/Y  -      A->Y     R     BUFH_X3M_A9PP140ZTUL_C35           1  0.228   0.021    1.807  
  cts_opt_inst_FE_PHC1880_n_2094/Y  -      A->Y     R     BUF_X0P5M_A9PP140ZTUL_C35          1  0.018   0.024    1.831  
  ro_reg[3][5][4]/D                 -      D        R     DFFRPQNA_X1M_A9PP140ZTUL_C35       1  0.018   0.000    1.831  
#---------------------------------------------------------------------------------------------------------------------
Path 30: MET (0.028 ns) Setup Check with Pin ro_reg[1][2][5]/CK->D
               View: wc_analysis_view
              Group: in2reg
         Startpoint: (R) m_ready
              Clock: (R) CLK
           Endpoint: (F) ro_reg[1][2][5]/D
              Clock: (R) CLK

                       Capture       Launch
         Clock Edge:+    2.000        0.000
         Drv Adjust:+    0.000        0.087
        Src Latency:+   -0.154        0.000
        Net Latency:+    0.157 (P)    0.000 (I)
            Arrival:=    2.003        0.086

              Setup:-    0.057
        Uncertainty:-    0.125
      Required Time:=    1.821
       Launch Clock:=    0.086
        Input Delay:+    0.500
          Data Path:+    1.206
              Slack:=    0.028

#---------------------------------------------------------------------------------------------------------------------
# Timing Point                      Flags  Arc      Edge  Cell                          Fanout  Trans   Delay  Arrival  
#                                                                                                (ns)    (ns)     (ns)  
#---------------------------------------------------------------------------------------------------------------------
  m_ready                           -      m_ready  R     (arrival)                          2  0.176   0.005    0.592  
  g39627__3680/Y                    -      A->Y     F     NAND2_X1A_A9PP140ZTUL_C35         11  0.176   0.118    0.710  
  place_opt_inst_FE_OFC77_n_3027/Y  -      A->Y     R     INV_X1M_A9PP140ZTUL_C35           21  0.175   0.201    0.910  
  g44717/Y                          -      A->Y     F     NOR2_X0P7B_A9PP140ZTUL_C35        49  0.262   0.337    1.247  
  g44699/Y                          -      A->Y     R     INV_X0P7M_A9PP140ZTUL_C35         48  0.511   0.408    1.656  
  g41523/Y                          -      B0->Y    F     OAI22_X0P5M_A9PP140ZTUL_C35        1  0.503   0.056    1.712  
  cts_opt_inst_FE_PHC2615_n_2199/Y  -      A->Y     F     BUFH_X1M_A9PP140ZTUL_C35           1  0.175   0.053    1.765  
  cts_opt_inst_FE_PHC1881_n_2199/Y  -      A->Y     F     BUF_X0P5M_A9PP140ZTUL_C35          1  0.024   0.028    1.793  
  ro_reg[1][2][5]/D                 -      D        F     DFFRPQNA_X1M_A9PP140ZTUL_C35       1  0.014   0.000    1.793  
#---------------------------------------------------------------------------------------------------------------------
Path 31: MET (0.029 ns) Setup Check with Pin ro_reg[2][4][1]/CK->D
               View: wc_analysis_view
              Group: in2reg
         Startpoint: (F) m_ready
              Clock: (R) CLK
           Endpoint: (F) ro_reg[2][4][1]/D
              Clock: (R) CLK

                       Capture       Launch
         Clock Edge:+    2.000        0.000
         Drv Adjust:+    0.000        0.083
        Src Latency:+   -0.154        0.000
        Net Latency:+    0.153 (P)    0.000 (I)
            Arrival:=    2.000        0.083

              Setup:-    0.054
        Uncertainty:-    0.125
      Required Time:=    1.821
       Launch Clock:=    0.083
        Input Delay:+    0.500
          Data Path:+    1.209
              Slack:=    0.029

#---------------------------------------------------------------------------------------------------------------------
# Timing Point                      Flags  Arc      Edge  Cell                          Fanout  Trans   Delay  Arrival  
#                                                                                                (ns)    (ns)     (ns)  
#---------------------------------------------------------------------------------------------------------------------
  m_ready                           -      m_ready  F     (arrival)                          2  0.171   0.005    0.588  
  g39627__3680/Y                    -      A->Y     R     NAND2_X1A_A9PP140ZTUL_C35         11  0.171   0.123    0.711  
  place_opt_inst_FE_OFC77_n_3027/Y  -      A->Y     F     INV_X1M_A9PP140ZTUL_C35           21  0.151   0.143    0.854  
  g44156/Y                          -      A->Y     F     OR2_X0P5M_A9PP140ZTUL_C35         65  0.200   0.279    1.133  
  g43623/Y                          -      A->Y     R     INV_X0P6M_A9PP140ZTUL_C35         64  0.463   0.532    1.665  
  g41099/Y                          -      A0->Y    F     OAI22_X0P5M_A9PP140ZTUL_C35        1  0.688   0.013    1.678  
  cts_opt_inst_FE_PHC1789_n_2360/Y  -      A->Y     F     DLY2_X0P5M_A9PP140ZTUL_C35         1  0.147   0.091    1.769  
  cts_opt_inst_FE_PHC2467_n_2360/Y  -      A->Y     F     BUFH_X1M_A9PP140ZTUL_C35           1  0.033   0.023    1.792  
  ro_reg[2][4][1]/D                 -      D        F     DFFRPQNA_X1M_A9PP140ZTUL_C35       1  0.010   0.000    1.792  
#---------------------------------------------------------------------------------------------------------------------
Path 32: MET (0.029 ns) Setup Check with Pin ro_reg[1][2][8]/CK->D
               View: wc_analysis_view
              Group: in2reg
         Startpoint: (R) m_ready
              Clock: (R) CLK
           Endpoint: (F) ro_reg[1][2][8]/D
              Clock: (R) CLK

                       Capture       Launch
         Clock Edge:+    2.000        0.000
         Drv Adjust:+    0.000        0.087
        Src Latency:+   -0.154        0.000
        Net Latency:+    0.150 (P)    0.000 (I)
            Arrival:=    1.996        0.086

              Setup:-    0.063
        Uncertainty:-    0.125
      Required Time:=    1.808
       Launch Clock:=    0.086
        Input Delay:+    0.500
          Data Path:+    1.193
              Slack:=    0.029

#---------------------------------------------------------------------------------------------------------------------
# Timing Point                      Flags  Arc      Edge  Cell                          Fanout  Trans   Delay  Arrival  
#                                                                                                (ns)    (ns)     (ns)  
#---------------------------------------------------------------------------------------------------------------------
  m_ready                           -      m_ready  R     (arrival)                          2  0.176   0.005    0.592  
  g39627__3680/Y                    -      A->Y     F     NAND2_X1A_A9PP140ZTUL_C35         11  0.176   0.118    0.710  
  place_opt_inst_FE_OFC77_n_3027/Y  -      A->Y     R     INV_X1M_A9PP140ZTUL_C35           21  0.175   0.201    0.910  
  g44717/Y                          -      A->Y     F     NOR2_X0P7B_A9PP140ZTUL_C35        49  0.262   0.337    1.247  
  g44699/Y                          -      A->Y     R     INV_X0P7M_A9PP140ZTUL_C35         48  0.511   0.408    1.656  
  g41509/Y                          -      B0->Y    F     OAI22_X0P5M_A9PP140ZTUL_C35        1  0.503   0.052    1.708  
  cts_opt_inst_FE_PHC2585_n_2213/Y  -      A->Y     F     BUF_X0P5M_A9PP140ZTUL_C35          1  0.171   0.071    1.779  
  ro_reg[1][2][8]/D                 -      D        F     DFFRPQNA_X1M_A9PP140ZTUL_C35       1  0.033   0.000    1.779  
#---------------------------------------------------------------------------------------------------------------------
Path 33: MET (0.029 ns) Setup Check with Pin ro_reg[0][4][6]/CK->D
               View: wc_analysis_view
              Group: in2reg
         Startpoint: (F) m_ready
              Clock: (R) CLK
           Endpoint: (F) ro_reg[0][4][6]/D
              Clock: (R) CLK

                       Capture       Launch
         Clock Edge:+    2.000        0.000
         Drv Adjust:+    0.000        0.083
        Src Latency:+   -0.154        0.000
        Net Latency:+    0.153 (P)    0.000 (I)
            Arrival:=    1.999        0.083

              Setup:-    0.078
        Uncertainty:-    0.125
      Required Time:=    1.796
       Launch Clock:=    0.083
        Input Delay:+    0.500
          Data Path:+    1.184
              Slack:=    0.029

#---------------------------------------------------------------------------------------------------------------------
# Timing Point                      Flags  Arc      Edge  Cell                          Fanout  Trans   Delay  Arrival  
#                                                                                                (ns)    (ns)     (ns)  
#---------------------------------------------------------------------------------------------------------------------
  m_ready                           -      m_ready  F     (arrival)                          2  0.171   0.005    0.588  
  g39627__3680/Y                    -      A->Y     R     NAND2_X1A_A9PP140ZTUL_C35         11  0.171   0.123    0.711  
  place_opt_inst_FE_OFC77_n_3027/Y  -      A->Y     F     INV_X1M_A9PP140ZTUL_C35           21  0.151   0.150    0.861  
  g44155/Y                          -      A->Y     F     OR2_X1M_A9PP140ZTUL_C35           65  0.200   0.214    1.075  
  cts_opt_inst_FE_OFC245_n_1332/Y   -      A->Y     R     INV_X1M_A9PP140ZTUL_C35           64  0.304   0.328    1.403  
  g41168/Y                          -      A0->Y    F     OAI22_X0P5M_A9PP140ZTUL_C35        1  0.433   0.151    1.555  
  cts_opt_inst_FE_PHC1084_n_2291/Y  -      A->Y     F     DLY4_X0P5M_A9PP140ZTUL_C35         1  0.256   0.212    1.767  
  ro_reg[0][4][6]/D                 -      D        F     DFFRPQNA_X1M_A9PP140ZTUL_C35       1  0.086   0.000    1.767  
#---------------------------------------------------------------------------------------------------------------------
Path 34: MET (0.029 ns) Setup Check with Pin ro_reg[2][6][15]/CK->D
               View: wc_analysis_view
              Group: in2reg
         Startpoint: (R) m_ready
              Clock: (R) CLK
           Endpoint: (R) ro_reg[2][6][15]/D
              Clock: (R) CLK

                       Capture       Launch
         Clock Edge:+    2.000        0.000
         Drv Adjust:+    0.000        0.087
        Src Latency:+   -0.154        0.000
        Net Latency:+    0.154 (P)    0.000 (I)
            Arrival:=    2.000        0.086

              Setup:-    0.018
        Uncertainty:-    0.125
      Required Time:=    1.857
       Launch Clock:=    0.086
        Input Delay:+    0.500
          Data Path:+    1.241
              Slack:=    0.029

#---------------------------------------------------------------------------------------------------------------------
# Timing Point                      Flags  Arc      Edge  Cell                          Fanout  Trans   Delay  Arrival  
#                                                                                                (ns)    (ns)     (ns)  
#---------------------------------------------------------------------------------------------------------------------
  m_ready                           -      m_ready  R     (arrival)                          2  0.176   0.005    0.592  
  g39627__3680/Y                    -      A->Y     F     NAND2_X1A_A9PP140ZTUL_C35         11  0.176   0.117    0.709  
  g44716/Y                          -      A->Y     R     NAND2_X0P5A_A9PP140ZTUL_C35       33  0.175   0.372    1.081  
  g44698/Y                          -      A->Y     F     INV_X0P5B_A9PP140ZTUL_C35         64  0.610   0.503    1.583  
  g41621/Y                          -      A0->Y    R     OAI22_X0P5M_A9PP140ZTUL_C35        1  0.724   0.171    1.754  
  cts_opt_inst_FE_PHC1851_n_2101/Y  -      A->Y     R     DLY2_X0P5M_A9PP140ZTUL_C35         1  0.200   0.054    1.809  
  cts_opt_inst_FE_PHC2681_n_2101/Y  -      A->Y     R     BUFH_X1M_A9PP140ZTUL_C35           1  0.030   0.019    1.827  
  ro_reg[2][6][15]/D                -      D        R     DFFRPQNA_X1M_A9PP140ZTUL_C35       1  0.011   0.000    1.827  
#---------------------------------------------------------------------------------------------------------------------
Path 35: MET (0.029 ns) Setup Check with Pin ro_reg[3][1][8]/CK->D
               View: wc_analysis_view
              Group: in2reg
         Startpoint: (F) m_ready
              Clock: (R) CLK
           Endpoint: (F) ro_reg[3][1][8]/D
              Clock: (R) CLK

                       Capture       Launch
         Clock Edge:+    2.000        0.000
         Drv Adjust:+    0.000        0.083
        Src Latency:+   -0.154        0.000
        Net Latency:+    0.150 (P)    0.000 (I)
            Arrival:=    1.996        0.083

              Setup:-    0.079
        Uncertainty:-    0.125
      Required Time:=    1.793
       Launch Clock:=    0.083
        Input Delay:+    0.500
          Data Path:+    1.180
              Slack:=    0.029

#---------------------------------------------------------------------------------------------------------------------
# Timing Point                      Flags  Arc      Edge  Cell                          Fanout  Trans   Delay  Arrival  
#                                                                                                (ns)    (ns)     (ns)  
#---------------------------------------------------------------------------------------------------------------------
  m_ready                           -      m_ready  F     (arrival)                          2  0.171   0.005    0.588  
  g39627__3680/Y                    -      A->Y     R     NAND2_X1A_A9PP140ZTUL_C35         11  0.171   0.123    0.711  
  place_opt_inst_FE_OFC77_n_3027/Y  -      A->Y     F     INV_X1M_A9PP140ZTUL_C35           21  0.151   0.150    0.861  
  g44155/Y                          -      A->Y     F     OR2_X1M_A9PP140ZTUL_C35           65  0.200   0.214    1.075  
  cts_opt_inst_FE_OFC245_n_1332/Y   -      A->Y     R     INV_X1M_A9PP140ZTUL_C35           64  0.304   0.319    1.393  
  g41122/Y                          -      A0->Y    F     OAI22_X0P5M_A9PP140ZTUL_C35        1  0.433   0.156    1.549  
  cts_opt_inst_FE_PHC1157_n_2337/Y  -      A->Y     F     DLY4_X0P5M_A9PP140ZTUL_C35         1  0.262   0.214    1.763  
  ro_reg[3][1][8]/D                 -      D        F     DFFRPQNA_X1M_A9PP140ZTUL_C35       1  0.087   0.000    1.763  
#---------------------------------------------------------------------------------------------------------------------
Path 36: MET (0.030 ns) Setup Check with Pin ro_reg[0][3][0]/CK->D
               View: wc_analysis_view
              Group: in2reg
         Startpoint: (R) m_ready
              Clock: (R) CLK
           Endpoint: (F) ro_reg[0][3][0]/D
              Clock: (R) CLK

                       Capture       Launch
         Clock Edge:+    2.000        0.000
         Drv Adjust:+    0.000        0.087
        Src Latency:+   -0.154        0.000
        Net Latency:+    0.153 (P)    0.000 (I)
            Arrival:=    1.999        0.086

              Setup:-    0.059
        Uncertainty:-    0.125
      Required Time:=    1.815
       Launch Clock:=    0.086
        Input Delay:+    0.500
          Data Path:+    1.199
              Slack:=    0.030

#---------------------------------------------------------------------------------------------------------------------
# Timing Point                      Flags  Arc      Edge  Cell                          Fanout  Trans   Delay  Arrival  
#                                                                                                (ns)    (ns)     (ns)  
#---------------------------------------------------------------------------------------------------------------------
  m_ready                           -      m_ready  R     (arrival)                          2  0.176   0.005    0.592  
  g39627__3680/Y                    -      A->Y     F     NAND2_X1A_A9PP140ZTUL_C35         11  0.176   0.118    0.710  
  place_opt_inst_FE_OFC77_n_3027/Y  -      A->Y     R     INV_X1M_A9PP140ZTUL_C35           21  0.175   0.201    0.910  
  g44717/Y                          -      A->Y     F     NOR2_X0P7B_A9PP140ZTUL_C35        49  0.262   0.337    1.247  
  g44699/Y                          -      A->Y     R     INV_X0P7M_A9PP140ZTUL_C35         48  0.511   0.409    1.656  
  g41649/Y                          -      B0->Y    F     OAI22_X0P5M_A9PP140ZTUL_C35        1  0.503   0.012    1.668  
  cts_opt_inst_FE_PHC1825_n_2073/Y  -      A->Y     F     BUF_X0P5M_A9PP140ZTUL_C35          1  0.132   0.054    1.722  
  cts_opt_inst_FE_PHC2283_n_2073/Y  -      A->Y     F     BUF_X1B_A9PP140ZTUL_C35            1  0.021   0.034    1.756  
  cts_opt_inst_FE_PHC3123_n_2073/Y  -      A->Y     F     BUFH_X1M_A9PP140ZTUL_C35           1  0.032   0.030    1.785  
  ro_reg[0][3][0]/D                 -      D        F     DFFRPQNA_X1M_A9PP140ZTUL_C35       1  0.019   0.000    1.785  
#---------------------------------------------------------------------------------------------------------------------
Path 37: MET (0.030 ns) Setup Check with Pin ro_reg[3][5][11]/CK->D
               View: wc_analysis_view
              Group: in2reg
         Startpoint: (R) m_ready
              Clock: (R) CLK
           Endpoint: (R) ro_reg[3][5][11]/D
              Clock: (R) CLK

                       Capture       Launch
         Clock Edge:+    2.000        0.000
         Drv Adjust:+    0.000        0.087
        Src Latency:+   -0.154        0.000
        Net Latency:+    0.154 (P)    0.000 (I)
            Arrival:=    2.001        0.086

              Setup:-    0.019
        Uncertainty:-    0.125
      Required Time:=    1.857
       Launch Clock:=    0.086
        Input Delay:+    0.500
          Data Path:+    1.240
              Slack:=    0.030

#---------------------------------------------------------------------------------------------------------------------
# Timing Point                      Flags  Arc      Edge  Cell                          Fanout  Trans   Delay  Arrival  
#                                                                                                (ns)    (ns)     (ns)  
#---------------------------------------------------------------------------------------------------------------------
  m_ready                           -      m_ready  R     (arrival)                          2  0.176   0.005    0.592  
  g39627__3680/Y                    -      A->Y     F     NAND2_X1A_A9PP140ZTUL_C35         11  0.176   0.117    0.709  
  g44716/Y                          -      A->Y     R     NAND2_X0P5A_A9PP140ZTUL_C35       33  0.175   0.372    1.081  
  g44698/Y                          -      A->Y     F     INV_X0P5B_A9PP140ZTUL_C35         64  0.610   0.508    1.589  
  g41633/Y                          -      A0->Y    R     OAI22_X0P5M_A9PP140ZTUL_C35        1  0.724   0.168    1.757  
  cts_opt_inst_FE_PHC1806_n_2089/Y  -      A->Y     R     BUF_X0P5M_A9PP140ZTUL_C35          1  0.197   0.031    1.788  
  cts_opt_inst_FE_PHC2658_n_2089/Y  -      A->Y     R     BUFH_X1M_A9PP140ZTUL_C35           1  0.030   0.021    1.809  
  cts_opt_inst_FE_PHC3137_n_2089/Y  -      A->Y     R     BUFH_X1M_A9PP140ZTUL_C35           1  0.014   0.018    1.827  
  ro_reg[3][5][11]/D                -      D        R     DFFRPQNA_X1M_A9PP140ZTUL_C35       1  0.013   0.000    1.827  
#---------------------------------------------------------------------------------------------------------------------
Path 38: MET (0.031 ns) Setup Check with Pin ro_reg[3][2][11]/CK->D
               View: wc_analysis_view
              Group: in2reg
         Startpoint: (F) m_ready
              Clock: (R) CLK
           Endpoint: (F) ro_reg[3][2][11]/D
              Clock: (R) CLK

                       Capture       Launch
         Clock Edge:+    2.000        0.000
         Drv Adjust:+    0.000        0.083
        Src Latency:+   -0.154        0.000
        Net Latency:+    0.148 (P)    0.000 (I)
            Arrival:=    1.994        0.083

              Setup:-    0.057
        Uncertainty:-    0.125
      Required Time:=    1.812
       Launch Clock:=    0.083
        Input Delay:+    0.500
          Data Path:+    1.199
              Slack:=    0.031

#---------------------------------------------------------------------------------------------------------------------
# Timing Point                      Flags  Arc      Edge  Cell                          Fanout  Trans   Delay  Arrival  
#                                                                                                (ns)    (ns)     (ns)  
#---------------------------------------------------------------------------------------------------------------------
  m_ready                           -      m_ready  F     (arrival)                          2  0.171   0.005    0.588  
  g39627__3680/Y                    -      A->Y     R     NAND2_X1A_A9PP140ZTUL_C35         11  0.171   0.123    0.711  
  place_opt_inst_FE_OFC77_n_3027/Y  -      A->Y     F     INV_X1M_A9PP140ZTUL_C35           21  0.151   0.147    0.858  
  g44154/Y                          -      A->Y     F     OR2_X0P5M_A9PP140ZTUL_C35         65  0.200   0.281    1.140  
  g43621/Y                          -      A->Y     R     INV_X0P6M_A9PP140ZTUL_C35         64  0.455   0.502    1.642  
  g41141/Y                          -      A0->Y    F     OAI22_X0P5M_A9PP140ZTUL_C35        1  0.655   0.013    1.655  
  cts_opt_inst_FE_PHC1721_n_2318/Y  -      A->Y     F     DLY2_X0P5M_A9PP140ZTUL_C35         1  0.142   0.084    1.739  
  cts_opt_inst_FE_PHC2410_n_2318/Y  -      A->Y     F     BUFH_X1M_A9PP140ZTUL_C35           1  0.027   0.024    1.763  
  cts_opt_inst_FE_PHC3134_n_2318/Y  -      A->Y     F     BUFH_X1M_A9PP140ZTUL_C35           1  0.013   0.019    1.782  
  ro_reg[3][2][11]/D                -      D        F     DFFRPQNA_X1M_A9PP140ZTUL_C35       1  0.010   0.000    1.782  
#---------------------------------------------------------------------------------------------------------------------
Path 39: MET (0.031 ns) Setup Check with Pin ro_reg[1][2][6]/CK->D
               View: wc_analysis_view
              Group: in2reg
         Startpoint: (R) m_ready
              Clock: (R) CLK
           Endpoint: (F) ro_reg[1][2][6]/D
              Clock: (R) CLK

                       Capture       Launch
         Clock Edge:+    2.000        0.000
         Drv Adjust:+    0.000        0.087
        Src Latency:+   -0.154        0.000
        Net Latency:+    0.153 (P)    0.000 (I)
            Arrival:=    1.999        0.086

              Setup:-    0.062
        Uncertainty:-    0.125
      Required Time:=    1.812
       Launch Clock:=    0.086
        Input Delay:+    0.500
          Data Path:+    1.194
              Slack:=    0.031

#---------------------------------------------------------------------------------------------------------------------
# Timing Point                      Flags  Arc      Edge  Cell                          Fanout  Trans   Delay  Arrival  
#                                                                                                (ns)    (ns)     (ns)  
#---------------------------------------------------------------------------------------------------------------------
  m_ready                           -      m_ready  R     (arrival)                          2  0.176   0.005    0.592  
  g39627__3680/Y                    -      A->Y     F     NAND2_X1A_A9PP140ZTUL_C35         11  0.176   0.118    0.710  
  place_opt_inst_FE_OFC77_n_3027/Y  -      A->Y     R     INV_X1M_A9PP140ZTUL_C35           21  0.175   0.201    0.910  
  g44717/Y                          -      A->Y     F     NOR2_X0P7B_A9PP140ZTUL_C35        49  0.262   0.337    1.247  
  g44699/Y                          -      A->Y     R     INV_X0P7M_A9PP140ZTUL_C35         48  0.511   0.409    1.656  
  g41519/Y                          -      B0->Y    F     OAI22_X0P5M_A9PP140ZTUL_C35        1  0.503   0.037    1.693  
  cts_opt_inst_FE_PHC1819_n_2203/Y  -      A->Y     F     BUFH_X1M_A9PP140ZTUL_C35           1  0.155   0.053    1.746  
  cts_opt_inst_FE_PHC2639_n_2203/Y  -      A->Y     F     BUF_X1B_A9PP140ZTUL_C35            1  0.026   0.034    1.781  
  ro_reg[1][2][6]/D                 -      D        F     DFFRPQNA_X1M_A9PP140ZTUL_C35       1  0.030   0.000    1.781  
#---------------------------------------------------------------------------------------------------------------------
Path 40: MET (0.031 ns) Setup Check with Pin ro_reg[3][5][14]/CK->D
               View: wc_analysis_view
              Group: in2reg
         Startpoint: (R) m_ready
              Clock: (R) CLK
           Endpoint: (R) ro_reg[3][5][14]/D
              Clock: (R) CLK

                       Capture       Launch
         Clock Edge:+    2.000        0.000
         Drv Adjust:+    0.000        0.087
        Src Latency:+   -0.154        0.000
        Net Latency:+    0.155 (P)    0.000 (I)
            Arrival:=    2.001        0.086

              Setup:-    0.019
        Uncertainty:-    0.125
      Required Time:=    1.857
       Launch Clock:=    0.086
        Input Delay:+    0.500
          Data Path:+    1.239
              Slack:=    0.031

#---------------------------------------------------------------------------------------------------------------------
# Timing Point                      Flags  Arc      Edge  Cell                          Fanout  Trans   Delay  Arrival  
#                                                                                                (ns)    (ns)     (ns)  
#---------------------------------------------------------------------------------------------------------------------
  m_ready                           -      m_ready  R     (arrival)                          2  0.176   0.005    0.592  
  g39627__3680/Y                    -      A->Y     F     NAND2_X1A_A9PP140ZTUL_C35         11  0.176   0.117    0.709  
  g44716/Y                          -      A->Y     R     NAND2_X0P5A_A9PP140ZTUL_C35       33  0.175   0.372    1.081  
  g44698/Y                          -      A->Y     F     INV_X0P5B_A9PP140ZTUL_C35         64  0.610   0.509    1.590  
  g41636/Y                          -      A0->Y    R     OAI22_X0P5M_A9PP140ZTUL_C35        1  0.724   0.153    1.742  
  cts_opt_inst_FE_PHC1885_n_2086/Y  -      A->Y     R     BUF_X0P5M_A9PP140ZTUL_C35          1  0.179   0.027    1.769  
  cts_opt_inst_FE_PHC3028_n_2086/Y  -      A->Y     R     BUFH_X1M_A9PP140ZTUL_C35           1  0.023   0.019    1.788  
  cts_opt_inst_FE_PHC3354_n_2086/Y  -      A->Y     R     BUFH_X1M_A9PP140ZTUL_C35           1  0.012   0.017    1.805  
  cts_opt_inst_FE_PHC2611_n_2086/Y  -      A->Y     R     BUF_X0P5M_A9PP140ZTUL_C35          1  0.011   0.021    1.826  
  ro_reg[3][5][14]/D                -      D        R     DFFRPQNA_X1M_A9PP140ZTUL_C35       1  0.015   0.000    1.826  
#---------------------------------------------------------------------------------------------------------------------
Path 41: MET (0.031 ns) Setup Check with Pin ro_reg[3][4][11]/CK->D
               View: wc_analysis_view
              Group: in2reg
         Startpoint: (F) m_ready
              Clock: (R) CLK
           Endpoint: (F) ro_reg[3][4][11]/D
              Clock: (R) CLK

                       Capture       Launch
         Clock Edge:+    2.000        0.000
         Drv Adjust:+    0.000        0.083
        Src Latency:+   -0.154        0.000
        Net Latency:+    0.154 (P)    0.000 (I)
            Arrival:=    2.000        0.083

              Setup:-    0.063
        Uncertainty:-    0.125
      Required Time:=    1.812
       Launch Clock:=    0.083
        Input Delay:+    0.500
          Data Path:+    1.197
              Slack:=    0.031

#---------------------------------------------------------------------------------------------------------------------
# Timing Point                      Flags  Arc      Edge  Cell                          Fanout  Trans   Delay  Arrival  
#                                                                                                (ns)    (ns)     (ns)  
#---------------------------------------------------------------------------------------------------------------------
  m_ready                           -      m_ready  F     (arrival)                          2  0.171   0.005    0.588  
  g39627__3680/Y                    -      A->Y     R     NAND2_X1A_A9PP140ZTUL_C35         11  0.171   0.124    0.712  
  g44719/Y                          -      A->Y     F     NAND2_X0P5A_A9PP140ZTUL_C35       49  0.151   0.385    1.098  
  g44701/Y                          -      A->Y     R     INV_X1M_A9PP140ZTUL_C35           36  0.700   0.271    1.369  
  cts_opt_inst_FE_OFC304_n_258/Y    -      A->Y     R     BUF_X1M_A9PP140ZTUL_C35           45  0.337   0.163    1.532  
  g41585/Y                          -      A0->Y    F     OAI22_X0P5M_A9PP140ZTUL_C35        1  0.272   0.070    1.602  
  cts_opt_inst_FE_PHC1422_n_2137/Y  -      A->Y     F     DLY4_X0P5M_A9PP140ZTUL_C35         1  0.238   0.178    1.780  
  ro_reg[3][4][11]/D                -      D        F     DFFRPQNA_X1M_A9PP140ZTUL_C35       1  0.035   0.000    1.780  
#---------------------------------------------------------------------------------------------------------------------
Path 42: MET (0.032 ns) Setup Check with Pin ro_reg[1][2][3]/CK->D
               View: wc_analysis_view
              Group: in2reg
         Startpoint: (R) m_ready
              Clock: (R) CLK
           Endpoint: (F) ro_reg[1][2][3]/D
              Clock: (R) CLK

                       Capture       Launch
         Clock Edge:+    2.000        0.000
         Drv Adjust:+    0.000        0.087
        Src Latency:+   -0.154        0.000
        Net Latency:+    0.156 (P)    0.000 (I)
            Arrival:=    2.003        0.086

              Setup:-    0.062
        Uncertainty:-    0.125
      Required Time:=    1.816
       Launch Clock:=    0.086
        Input Delay:+    0.500
          Data Path:+    1.197
              Slack:=    0.032

#---------------------------------------------------------------------------------------------------------------------
# Timing Point                      Flags  Arc      Edge  Cell                          Fanout  Trans   Delay  Arrival  
#                                                                                                (ns)    (ns)     (ns)  
#---------------------------------------------------------------------------------------------------------------------
  m_ready                           -      m_ready  R     (arrival)                          2  0.176   0.005    0.592  
  g39627__3680/Y                    -      A->Y     F     NAND2_X1A_A9PP140ZTUL_C35         11  0.176   0.118    0.710  
  place_opt_inst_FE_OFC77_n_3027/Y  -      A->Y     R     INV_X1M_A9PP140ZTUL_C35           21  0.175   0.201    0.910  
  g44717/Y                          -      A->Y     F     NOR2_X0P7B_A9PP140ZTUL_C35        49  0.262   0.337    1.247  
  g44699/Y                          -      A->Y     R     INV_X0P7M_A9PP140ZTUL_C35         48  0.511   0.408    1.656  
  g41640/Y                          -      B0->Y    F     OAI22_X0P5M_A9PP140ZTUL_C35        1  0.503   0.039    1.695  
  cts_opt_inst_FE_PHC1832_n_2082/Y  -      A->Y     F     DLY2_X0P5M_A9PP140ZTUL_C35         1  0.157   0.089    1.784  
  ro_reg[1][2][3]/D                 -      D        F     DFFRPQNA_X1M_A9PP140ZTUL_C35       1  0.029   0.000    1.784  
#---------------------------------------------------------------------------------------------------------------------
Path 43: MET (0.032 ns) Setup Check with Pin ro_reg[1][7][8]/CK->D
               View: wc_analysis_view
              Group: in2reg
         Startpoint: (R) m_ready
              Clock: (R) CLK
           Endpoint: (F) ro_reg[1][7][8]/D
              Clock: (R) CLK

                       Capture       Launch
         Clock Edge:+    2.000        0.000
         Drv Adjust:+    0.000        0.087
        Src Latency:+   -0.154        0.000
        Net Latency:+    0.156 (P)    0.000 (I)
            Arrival:=    2.002        0.086

              Setup:-    0.088
        Uncertainty:-    0.125
      Required Time:=    1.789
       Launch Clock:=    0.086
        Input Delay:+    0.500
          Data Path:+    1.170
              Slack:=    0.032

#-------------------------------------------------------------------------------------------------------
# Timing Point       Flags  Arc      Edge  Cell                           Fanout  Trans   Delay  Arrival  
#                                                                                  (ns)    (ns)     (ns)  
#-------------------------------------------------------------------------------------------------------
  m_ready            -      m_ready  R     (arrival)                           2  0.176   0.005    0.592  
  g39627__3680/Y     -      A->Y     F     NAND2_X1A_A9PP140ZTUL_C35          11  0.176   0.117    0.709  
  g44716/Y           -      A->Y     R     NAND2_X0P5A_A9PP140ZTUL_C35        33  0.175   0.372    1.081  
  g44698/Y           -      A->Y     F     INV_X0P5B_A9PP140ZTUL_C35          64  0.610   0.510    1.591  
  g41598/Y           -      B0N->Y   F     OAI22BB_X0P5M_A9PP140ZTUL_C35       1  0.724   0.166    1.757  
  ro_reg[1][7][8]/D  -      D        F     DFFRPQA_X1M_A9PP140ZTUL_C35         1  0.145   0.000    1.757  
#-------------------------------------------------------------------------------------------------------
Path 44: MET (0.033 ns) Setup Check with Pin ro_reg[1][2][1]/CK->D
               View: wc_analysis_view
              Group: in2reg
         Startpoint: (R) m_ready
              Clock: (R) CLK
           Endpoint: (F) ro_reg[1][2][1]/D
              Clock: (R) CLK

                       Capture       Launch
         Clock Edge:+    2.000        0.000
         Drv Adjust:+    0.000        0.087
        Src Latency:+   -0.154        0.000
        Net Latency:+    0.157 (P)    0.000 (I)
            Arrival:=    2.003        0.086

              Setup:-    0.059
        Uncertainty:-    0.125
      Required Time:=    1.820
       Launch Clock:=    0.086
        Input Delay:+    0.500
          Data Path:+    1.200
              Slack:=    0.033

#---------------------------------------------------------------------------------------------------------------------
# Timing Point                      Flags  Arc      Edge  Cell                          Fanout  Trans   Delay  Arrival  
#                                                                                                (ns)    (ns)     (ns)  
#---------------------------------------------------------------------------------------------------------------------
  m_ready                           -      m_ready  R     (arrival)                          2  0.176   0.005    0.592  
  g39627__3680/Y                    -      A->Y     F     NAND2_X1A_A9PP140ZTUL_C35         11  0.176   0.118    0.710  
  place_opt_inst_FE_OFC77_n_3027/Y  -      A->Y     R     INV_X1M_A9PP140ZTUL_C35           21  0.175   0.201    0.910  
  g44717/Y                          -      A->Y     F     NOR2_X0P7B_A9PP140ZTUL_C35        49  0.262   0.337    1.247  
  g44699/Y                          -      A->Y     R     INV_X0P7M_A9PP140ZTUL_C35         48  0.511   0.408    1.656  
  g41639/Y                          -      B0->Y    F     OAI22_X0P5M_A9PP140ZTUL_C35        1  0.503   0.037    1.693  
  cts_opt_inst_FE_PHC1827_n_2083/Y  -      A->Y     F     BUF_X1P2M_A9PP140ZTUL_C35          1  0.155   0.065    1.758  
  cts_opt_inst_FE_PHC2666_n_2083/Y  -      A->Y     F     BUFH_X1M_A9PP140ZTUL_C35           1  0.028   0.028    1.786  
  ro_reg[1][2][1]/D                 -      D        F     DFFRPQNA_X1M_A9PP140ZTUL_C35       1  0.018   0.000    1.786  
#---------------------------------------------------------------------------------------------------------------------
Path 45: MET (0.033 ns) Setup Check with Pin ro_reg[1][7][12]/CK->D
               View: wc_analysis_view
              Group: in2reg
         Startpoint: (R) m_ready
              Clock: (R) CLK
           Endpoint: (F) ro_reg[1][7][12]/D
              Clock: (R) CLK

                       Capture       Launch
         Clock Edge:+    2.000        0.000
         Drv Adjust:+    0.000        0.087
        Src Latency:+   -0.154        0.000
        Net Latency:+    0.156 (P)    0.000 (I)
            Arrival:=    2.002        0.086

              Setup:-    0.087
        Uncertainty:-    0.125
      Required Time:=    1.790
       Launch Clock:=    0.086
        Input Delay:+    0.500
          Data Path:+    1.170
              Slack:=    0.033

#--------------------------------------------------------------------------------------------------------
# Timing Point        Flags  Arc      Edge  Cell                           Fanout  Trans   Delay  Arrival  
#                                                                                   (ns)    (ns)     (ns)  
#--------------------------------------------------------------------------------------------------------
  m_ready             -      m_ready  R     (arrival)                           2  0.176   0.005    0.592  
  g39627__3680/Y      -      A->Y     F     NAND2_X1A_A9PP140ZTUL_C35          11  0.176   0.117    0.709  
  g44716/Y            -      A->Y     R     NAND2_X0P5A_A9PP140ZTUL_C35        33  0.175   0.372    1.081  
  g44698/Y            -      A->Y     F     INV_X0P5B_A9PP140ZTUL_C35          64  0.610   0.511    1.592  
  g41602/Y            -      B0N->Y   F     OAI22BB_X0P5M_A9PP140ZTUL_C35       1  0.724   0.164    1.756  
  ro_reg[1][7][12]/D  -      D        F     DFFRPQA_X1M_A9PP140ZTUL_C35         1  0.142   0.000    1.756  
#--------------------------------------------------------------------------------------------------------
Path 46: MET (0.034 ns) Setup Check with Pin ro_reg[1][7][15]/CK->D
               View: wc_analysis_view
              Group: in2reg
         Startpoint: (R) m_ready
              Clock: (R) CLK
           Endpoint: (F) ro_reg[1][7][15]/D
              Clock: (R) CLK

                       Capture       Launch
         Clock Edge:+    2.000        0.000
         Drv Adjust:+    0.000        0.087
        Src Latency:+   -0.154        0.000
        Net Latency:+    0.155 (P)    0.000 (I)
            Arrival:=    2.002        0.086

              Setup:-    0.087
        Uncertainty:-    0.125
      Required Time:=    1.790
       Launch Clock:=    0.086
        Input Delay:+    0.500
          Data Path:+    1.169
              Slack:=    0.034

#--------------------------------------------------------------------------------------------------------
# Timing Point        Flags  Arc      Edge  Cell                           Fanout  Trans   Delay  Arrival  
#                                                                                   (ns)    (ns)     (ns)  
#--------------------------------------------------------------------------------------------------------
  m_ready             -      m_ready  R     (arrival)                           2  0.176   0.005    0.592  
  g39627__3680/Y      -      A->Y     F     NAND2_X1A_A9PP140ZTUL_C35          11  0.176   0.117    0.709  
  g44716/Y            -      A->Y     R     NAND2_X0P5A_A9PP140ZTUL_C35        33  0.175   0.372    1.081  
  g44698/Y            -      A->Y     F     INV_X0P5B_A9PP140ZTUL_C35          64  0.610   0.511    1.592  
  g41605/Y            -      B0N->Y   F     OAI22BB_X0P5M_A9PP140ZTUL_C35       1  0.724   0.164    1.756  
  ro_reg[1][7][15]/D  -      D        F     DFFRPQA_X1M_A9PP140ZTUL_C35         1  0.141   0.000    1.756  
#--------------------------------------------------------------------------------------------------------
Path 47: MET (0.034 ns) Setup Check with Pin ro_reg[1][7][9]/CK->D
               View: wc_analysis_view
              Group: in2reg
         Startpoint: (R) m_ready
              Clock: (R) CLK
           Endpoint: (F) ro_reg[1][7][9]/D
              Clock: (R) CLK

                       Capture       Launch
         Clock Edge:+    2.000        0.000
         Drv Adjust:+    0.000        0.087
        Src Latency:+   -0.154        0.000
        Net Latency:+    0.156 (P)    0.000 (I)
            Arrival:=    2.002        0.086

              Setup:-    0.087
        Uncertainty:-    0.125
      Required Time:=    1.790
       Launch Clock:=    0.086
        Input Delay:+    0.500
          Data Path:+    1.169
              Slack:=    0.034

#-------------------------------------------------------------------------------------------------------
# Timing Point       Flags  Arc      Edge  Cell                           Fanout  Trans   Delay  Arrival  
#                                                                                  (ns)    (ns)     (ns)  
#-------------------------------------------------------------------------------------------------------
  m_ready            -      m_ready  R     (arrival)                           2  0.176   0.005    0.592  
  g39627__3680/Y     -      A->Y     F     NAND2_X1A_A9PP140ZTUL_C35          11  0.176   0.117    0.709  
  g44716/Y           -      A->Y     R     NAND2_X0P5A_A9PP140ZTUL_C35        33  0.175   0.372    1.081  
  g44698/Y           -      A->Y     F     INV_X0P5B_A9PP140ZTUL_C35          64  0.610   0.510    1.591  
  g41599/Y           -      B0N->Y   F     OAI22BB_X0P5M_A9PP140ZTUL_C35       1  0.724   0.165    1.755  
  ro_reg[1][7][9]/D  -      D        F     DFFRPQA_X1M_A9PP140ZTUL_C35         1  0.142   0.000    1.755  
#-------------------------------------------------------------------------------------------------------
Path 48: MET (0.034 ns) Setup Check with Pin ro_reg[1][7][10]/CK->D
               View: wc_analysis_view
              Group: in2reg
         Startpoint: (R) m_ready
              Clock: (R) CLK
           Endpoint: (F) ro_reg[1][7][10]/D
              Clock: (R) CLK

                       Capture       Launch
         Clock Edge:+    2.000        0.000
         Drv Adjust:+    0.000        0.087
        Src Latency:+   -0.154        0.000
        Net Latency:+    0.156 (P)    0.000 (I)
            Arrival:=    2.002        0.086

              Setup:-    0.087
        Uncertainty:-    0.125
      Required Time:=    1.790
       Launch Clock:=    0.086
        Input Delay:+    0.500
          Data Path:+    1.169
              Slack:=    0.034

#--------------------------------------------------------------------------------------------------------
# Timing Point        Flags  Arc      Edge  Cell                           Fanout  Trans   Delay  Arrival  
#                                                                                   (ns)    (ns)     (ns)  
#--------------------------------------------------------------------------------------------------------
  m_ready             -      m_ready  R     (arrival)                           2  0.176   0.005    0.592  
  g39627__3680/Y      -      A->Y     F     NAND2_X1A_A9PP140ZTUL_C35          11  0.176   0.117    0.709  
  g44716/Y            -      A->Y     R     NAND2_X0P5A_A9PP140ZTUL_C35        33  0.175   0.372    1.081  
  g44698/Y            -      A->Y     F     INV_X0P5B_A9PP140ZTUL_C35          64  0.610   0.510    1.591  
  g41600/Y            -      B0N->Y   F     OAI22BB_X0P5M_A9PP140ZTUL_C35       1  0.724   0.164    1.755  
  ro_reg[1][7][10]/D  -      D        F     DFFRPQA_X1M_A9PP140ZTUL_C35         1  0.142   0.000    1.755  
#--------------------------------------------------------------------------------------------------------
Path 49: MET (0.035 ns) Setup Check with Pin ro_reg[2][4][4]/CK->D
               View: wc_analysis_view
              Group: in2reg
         Startpoint: (F) m_ready
              Clock: (R) CLK
           Endpoint: (F) ro_reg[2][4][4]/D
              Clock: (R) CLK

                       Capture       Launch
         Clock Edge:+    2.000        0.000
         Drv Adjust:+    0.000        0.083
        Src Latency:+   -0.154        0.000
        Net Latency:+    0.153 (P)    0.000 (I)
            Arrival:=    2.000        0.083

              Setup:-    0.054
        Uncertainty:-    0.125
      Required Time:=    1.821
       Launch Clock:=    0.083
        Input Delay:+    0.500
          Data Path:+    1.203
              Slack:=    0.035

#---------------------------------------------------------------------------------------------------------------------
# Timing Point                      Flags  Arc      Edge  Cell                          Fanout  Trans   Delay  Arrival  
#                                                                                                (ns)    (ns)     (ns)  
#---------------------------------------------------------------------------------------------------------------------
  m_ready                           -      m_ready  F     (arrival)                          2  0.171   0.005    0.588  
  g39627__3680/Y                    -      A->Y     R     NAND2_X1A_A9PP140ZTUL_C35         11  0.171   0.123    0.711  
  place_opt_inst_FE_OFC77_n_3027/Y  -      A->Y     F     INV_X1M_A9PP140ZTUL_C35           21  0.151   0.143    0.854  
  g44156/Y                          -      A->Y     F     OR2_X0P5M_A9PP140ZTUL_C35         65  0.200   0.279    1.133  
  g43623/Y                          -      A->Y     R     INV_X0P6M_A9PP140ZTUL_C35         64  0.463   0.531    1.664  
  g41101/Y                          -      A0->Y    F     OAI22_X0P5M_A9PP140ZTUL_C35        1  0.688  -0.001    1.663  
  cts_opt_inst_FE_PHC1784_n_2358/Y  -      A->Y     F     DLY2_X0P5M_A9PP140ZTUL_C35         1  0.135   0.080    1.743  
  cts_opt_inst_FE_PHC2386_n_2358/Y  -      A->Y     F     BUF_X1B_A9PP140ZTUL_C35            1  0.025   0.025    1.768  
  cts_opt_inst_FE_PHC3055_n_2358/Y  -      A->Y     F     BUFH_X1M_A9PP140ZTUL_C35           1  0.015   0.019    1.786  
  ro_reg[2][4][4]/D                 -      D        F     DFFRPQNA_X1M_A9PP140ZTUL_C35       1  0.010   0.000    1.786  
#---------------------------------------------------------------------------------------------------------------------
Path 50: MET (0.035 ns) Setup Check with Pin ro_reg[3][5][15]/CK->D
               View: wc_analysis_view
              Group: in2reg
         Startpoint: (R) m_ready
              Clock: (R) CLK
           Endpoint: (R) ro_reg[3][5][15]/D
              Clock: (R) CLK

                       Capture       Launch
         Clock Edge:+    2.000        0.000
         Drv Adjust:+    0.000        0.087
        Src Latency:+   -0.154        0.000
        Net Latency:+    0.155 (P)    0.000 (I)
            Arrival:=    2.001        0.086

              Setup:-    0.019
        Uncertainty:-    0.125
      Required Time:=    1.857
       Launch Clock:=    0.086
        Input Delay:+    0.500
          Data Path:+    1.236
              Slack:=    0.035

#---------------------------------------------------------------------------------------------------------------------
# Timing Point                      Flags  Arc      Edge  Cell                          Fanout  Trans   Delay  Arrival  
#                                                                                                (ns)    (ns)     (ns)  
#---------------------------------------------------------------------------------------------------------------------
  m_ready                           -      m_ready  R     (arrival)                          2  0.176   0.005    0.592  
  g39627__3680/Y                    -      A->Y     F     NAND2_X1A_A9PP140ZTUL_C35         11  0.176   0.117    0.709  
  g44716/Y                          -      A->Y     R     NAND2_X0P5A_A9PP140ZTUL_C35       33  0.175   0.372    1.081  
  g44698/Y                          -      A->Y     F     INV_X0P5B_A9PP140ZTUL_C35         64  0.610   0.508    1.589  
  g41637/Y                          -      A0->Y    R     OAI22_X0P5M_A9PP140ZTUL_C35        1  0.724   0.164    1.753  
  cts_opt_inst_FE_PHC1872_n_2085/Y  -      A->Y     R     BUF_X0P5M_A9PP140ZTUL_C35          1  0.193   0.028    1.781  
  cts_opt_inst_FE_PHC2648_n_2085/Y  -      A->Y     R     BUFH_X1M_A9PP140ZTUL_C35           1  0.025   0.023    1.804  
  cts_opt_inst_FE_PHC3050_n_2085/Y  -      A->Y     R     BUFH_X1M_A9PP140ZTUL_C35           1  0.018   0.019    1.822  
  ro_reg[3][5][15]/D                -      D        R     DFFRPQNA_X1M_A9PP140ZTUL_C35       1  0.013   0.000    1.822  
#---------------------------------------------------------------------------------------------------------------------
Path 51: MET (0.035 ns) Setup Check with Pin ro_reg[1][7][11]/CK->D
               View: wc_analysis_view
              Group: in2reg
         Startpoint: (R) m_ready
              Clock: (R) CLK
           Endpoint: (F) ro_reg[1][7][11]/D
              Clock: (R) CLK

                       Capture       Launch
         Clock Edge:+    2.000        0.000
         Drv Adjust:+    0.000        0.087
        Src Latency:+   -0.154        0.000
        Net Latency:+    0.156 (P)    0.000 (I)
            Arrival:=    2.002        0.086

              Setup:-    0.087
        Uncertainty:-    0.125
      Required Time:=    1.790
       Launch Clock:=    0.086
        Input Delay:+    0.500
          Data Path:+    1.169
              Slack:=    0.035

#--------------------------------------------------------------------------------------------------------
# Timing Point        Flags  Arc      Edge  Cell                           Fanout  Trans   Delay  Arrival  
#                                                                                   (ns)    (ns)     (ns)  
#--------------------------------------------------------------------------------------------------------
  m_ready             -      m_ready  R     (arrival)                           2  0.176   0.005    0.592  
  g39627__3680/Y      -      A->Y     F     NAND2_X1A_A9PP140ZTUL_C35          11  0.176   0.117    0.709  
  g44716/Y            -      A->Y     R     NAND2_X0P5A_A9PP140ZTUL_C35        33  0.175   0.372    1.081  
  g44698/Y            -      A->Y     F     INV_X0P5B_A9PP140ZTUL_C35          64  0.610   0.511    1.592  
  g41601/Y            -      B0N->Y   F     OAI22BB_X0P5M_A9PP140ZTUL_C35       1  0.724   0.163    1.755  
  ro_reg[1][7][11]/D  -      D        F     DFFRPQA_X1M_A9PP140ZTUL_C35         1  0.141   0.000    1.755  
#--------------------------------------------------------------------------------------------------------
Path 52: MET (0.035 ns) Setup Check with Pin ro_reg[1][7][13]/CK->D
               View: wc_analysis_view
              Group: in2reg
         Startpoint: (R) m_ready
              Clock: (R) CLK
           Endpoint: (F) ro_reg[1][7][13]/D
              Clock: (R) CLK

                       Capture       Launch
         Clock Edge:+    2.000        0.000
         Drv Adjust:+    0.000        0.087
        Src Latency:+   -0.154        0.000
        Net Latency:+    0.155 (P)    0.000 (I)
            Arrival:=    2.002        0.086

              Setup:-    0.087
        Uncertainty:-    0.125
      Required Time:=    1.790
       Launch Clock:=    0.086
        Input Delay:+    0.500
          Data Path:+    1.169
              Slack:=    0.035

#--------------------------------------------------------------------------------------------------------
# Timing Point        Flags  Arc      Edge  Cell                           Fanout  Trans   Delay  Arrival  
#                                                                                   (ns)    (ns)     (ns)  
#--------------------------------------------------------------------------------------------------------
  m_ready             -      m_ready  R     (arrival)                           2  0.176   0.005    0.592  
  g39627__3680/Y      -      A->Y     F     NAND2_X1A_A9PP140ZTUL_C35          11  0.176   0.117    0.709  
  g44716/Y            -      A->Y     R     NAND2_X0P5A_A9PP140ZTUL_C35        33  0.175   0.372    1.081  
  g44698/Y            -      A->Y     F     INV_X0P5B_A9PP140ZTUL_C35          64  0.610   0.511    1.592  
  g41603/Y            -      B0N->Y   F     OAI22BB_X0P5M_A9PP140ZTUL_C35       1  0.724   0.163    1.755  
  ro_reg[1][7][13]/D  -      D        F     DFFRPQA_X1M_A9PP140ZTUL_C35         1  0.140   0.000    1.755  
#--------------------------------------------------------------------------------------------------------
Path 53: MET (0.035 ns) Setup Check with Pin ro_reg[1][7][14]/CK->D
               View: wc_analysis_view
              Group: in2reg
         Startpoint: (R) m_ready
              Clock: (R) CLK
           Endpoint: (F) ro_reg[1][7][14]/D
              Clock: (R) CLK

                       Capture       Launch
         Clock Edge:+    2.000        0.000
         Drv Adjust:+    0.000        0.087
        Src Latency:+   -0.154        0.000
        Net Latency:+    0.155 (P)    0.000 (I)
            Arrival:=    2.002        0.086

              Setup:-    0.087
        Uncertainty:-    0.125
      Required Time:=    1.790
       Launch Clock:=    0.086
        Input Delay:+    0.500
          Data Path:+    1.168
              Slack:=    0.035

#--------------------------------------------------------------------------------------------------------
# Timing Point        Flags  Arc      Edge  Cell                           Fanout  Trans   Delay  Arrival  
#                                                                                   (ns)    (ns)     (ns)  
#--------------------------------------------------------------------------------------------------------
  m_ready             -      m_ready  R     (arrival)                           2  0.176   0.005    0.592  
  g39627__3680/Y      -      A->Y     F     NAND2_X1A_A9PP140ZTUL_C35          11  0.176   0.117    0.709  
  g44716/Y            -      A->Y     R     NAND2_X0P5A_A9PP140ZTUL_C35        33  0.175   0.372    1.081  
  g44698/Y            -      A->Y     F     INV_X0P5B_A9PP140ZTUL_C35          64  0.610   0.511    1.592  
  g41604/Y            -      B0N->Y   F     OAI22BB_X0P5M_A9PP140ZTUL_C35       1  0.724   0.163    1.755  
  ro_reg[1][7][14]/D  -      D        F     DFFRPQA_X1M_A9PP140ZTUL_C35         1  0.140   0.000    1.755  
#--------------------------------------------------------------------------------------------------------
Path 54: MET (0.035 ns) Setup Check with Pin ro_reg[2][3][4]/CK->D
               View: wc_analysis_view
              Group: in2reg
         Startpoint: (F) m_ready
              Clock: (R) CLK
           Endpoint: (F) ro_reg[2][3][4]/D
              Clock: (R) CLK

                       Capture       Launch
         Clock Edge:+    2.000        0.000
         Drv Adjust:+    0.000        0.083
        Src Latency:+   -0.154        0.000
        Net Latency:+    0.156 (P)    0.000 (I)
            Arrival:=    2.003        0.083

              Setup:-    0.055
        Uncertainty:-    0.125
      Required Time:=    1.823
       Launch Clock:=    0.083
        Input Delay:+    0.500
          Data Path:+    1.205
              Slack:=    0.035

#---------------------------------------------------------------------------------------------------------------------
# Timing Point                      Flags  Arc      Edge  Cell                          Fanout  Trans   Delay  Arrival  
#                                                                                                (ns)    (ns)     (ns)  
#---------------------------------------------------------------------------------------------------------------------
  m_ready                           -      m_ready  F     (arrival)                          2  0.171   0.005    0.588  
  g39627__3680/Y                    -      A->Y     R     NAND2_X1A_A9PP140ZTUL_C35         11  0.171   0.123    0.711  
  place_opt_inst_FE_OFC77_n_3027/Y  -      A->Y     F     INV_X1M_A9PP140ZTUL_C35           21  0.151   0.147    0.858  
  g44154/Y                          -      A->Y     F     OR2_X0P5M_A9PP140ZTUL_C35         65  0.200   0.281    1.140  
  g43621/Y                          -      A->Y     R     INV_X0P6M_A9PP140ZTUL_C35         64  0.455   0.505    1.644  
  g41087/Y                          -      A0->Y    F     OAI22_X0P5M_A9PP140ZTUL_C35        1  0.655   0.010    1.655  
  cts_opt_inst_FE_PHC1724_n_2372/Y  -      A->Y     F     DLY2_X0P5M_A9PP140ZTUL_C35         1  0.139   0.083    1.738  
  cts_opt_inst_FE_PHC2317_n_2372/Y  -      A->Y     F     BUF_X1B_A9PP140ZTUL_C35            1  0.027   0.028    1.766  
  cts_opt_inst_FE_PHC3058_n_2372/Y  -      A->Y     F     BUFH_X1M_A9PP140ZTUL_C35           1  0.020   0.022    1.788  
  ro_reg[2][3][4]/D                 -      D        F     DFFRPQNA_X1M_A9PP140ZTUL_C35       1  0.012   0.000    1.788  
#---------------------------------------------------------------------------------------------------------------------
Path 55: MET (0.036 ns) Setup Check with Pin ro_reg[1][5][5]/CK->D
               View: wc_analysis_view
              Group: in2reg
         Startpoint: (F) m_ready
              Clock: (R) CLK
           Endpoint: (F) ro_reg[1][5][5]/D
              Clock: (R) CLK

                       Capture       Launch
         Clock Edge:+    2.000        0.000
         Drv Adjust:+    0.000        0.083
        Src Latency:+   -0.154        0.000
        Net Latency:+    0.153 (P)    0.000 (I)
            Arrival:=    1.999        0.083

              Setup:-    0.056
        Uncertainty:-    0.125
      Required Time:=    1.818
       Launch Clock:=    0.083
        Input Delay:+    0.500
          Data Path:+    1.199
              Slack:=    0.036

#---------------------------------------------------------------------------------------------------------------------
# Timing Point                      Flags  Arc      Edge  Cell                          Fanout  Trans   Delay  Arrival  
#                                                                                                (ns)    (ns)     (ns)  
#---------------------------------------------------------------------------------------------------------------------
  m_ready                           -      m_ready  F     (arrival)                          2  0.171   0.005    0.588  
  g39627__3680/Y                    -      A->Y     R     NAND2_X1A_A9PP140ZTUL_C35         11  0.171   0.123    0.711  
  place_opt_inst_FE_OFC77_n_3027/Y  -      A->Y     F     INV_X1M_A9PP140ZTUL_C35           21  0.151   0.143    0.854  
  g44156/Y                          -      A->Y     F     OR2_X0P5M_A9PP140ZTUL_C35         65  0.200   0.279    1.133  
  g43623/Y                          -      A->Y     R     INV_X0P6M_A9PP140ZTUL_C35         64  0.463   0.520    1.653  
  g41055/Y                          -      A0->Y    F     OAI22_X0P5M_A9PP140ZTUL_C35        1  0.688   0.007    1.659  
  cts_opt_inst_FE_PHC1739_n_2404/Y  -      A->Y     F     DLY2_X0P5M_A9PP140ZTUL_C35         1  0.141   0.081    1.740  
  cts_opt_inst_FE_PHC2652_n_2404/Y  -      A->Y     F     BUF_X1B_A9PP140ZTUL_C35            1  0.025   0.024    1.765  
  cts_opt_inst_FE_PHC3131_n_2404/Y  -      A->Y     F     BUFH_X1M_A9PP140ZTUL_C35           1  0.014   0.017    1.782  
  ro_reg[1][5][5]/D                 -      D        F     DFFRPQNA_X1M_A9PP140ZTUL_C35       1  0.008   0.000    1.782  
#---------------------------------------------------------------------------------------------------------------------
Path 56: MET (0.036 ns) Setup Check with Pin ro_reg[3][2][4]/CK->D
               View: wc_analysis_view
              Group: in2reg
         Startpoint: (F) m_ready
              Clock: (R) CLK
           Endpoint: (F) ro_reg[3][2][4]/D
              Clock: (R) CLK

                       Capture       Launch
         Clock Edge:+    2.000        0.000
         Drv Adjust:+    0.000        0.083
        Src Latency:+   -0.154        0.000
        Net Latency:+    0.157 (P)    0.000 (I)
            Arrival:=    2.003        0.083

              Setup:-    0.055
        Uncertainty:-    0.125
      Required Time:=    1.823
       Launch Clock:=    0.083
        Input Delay:+    0.500
          Data Path:+    1.205
              Slack:=    0.036

#---------------------------------------------------------------------------------------------------------------------
# Timing Point                      Flags  Arc      Edge  Cell                          Fanout  Trans   Delay  Arrival  
#                                                                                                (ns)    (ns)     (ns)  
#---------------------------------------------------------------------------------------------------------------------
  m_ready                           -      m_ready  F     (arrival)                          2  0.171   0.005    0.588  
  g39627__3680/Y                    -      A->Y     R     NAND2_X1A_A9PP140ZTUL_C35         11  0.171   0.123    0.711  
  place_opt_inst_FE_OFC77_n_3027/Y  -      A->Y     F     INV_X1M_A9PP140ZTUL_C35           21  0.151   0.147    0.858  
  g44154/Y                          -      A->Y     F     OR2_X0P5M_A9PP140ZTUL_C35         65  0.200   0.281    1.140  
  g43621/Y                          -      A->Y     R     INV_X0P6M_A9PP140ZTUL_C35         64  0.455   0.506    1.646  
  g41140/Y                          -      A0->Y    F     OAI22_X0P5M_A9PP140ZTUL_C35        1  0.655   0.010    1.655  
  cts_opt_inst_FE_PHC1678_n_2319/Y  -      A->Y     F     DLY2_X0P5M_A9PP140ZTUL_C35         1  0.139   0.081    1.737  
  cts_opt_inst_FE_PHC2625_n_2319/Y  -      A->Y     F     BUF_X1B_A9PP140ZTUL_C35            1  0.025   0.028    1.765  
  cts_opt_inst_FE_PHC3059_n_2319/Y  -      A->Y     F     BUFH_X1M_A9PP140ZTUL_C35           1  0.021   0.022    1.787  
  ro_reg[3][2][4]/D                 -      D        F     DFFRPQNA_X1M_A9PP140ZTUL_C35       1  0.013   0.000    1.787  
#---------------------------------------------------------------------------------------------------------------------
Path 57: MET (0.036 ns) Setup Check with Pin ro_reg[1][7][5]/CK->D
               View: wc_analysis_view
              Group: in2reg
         Startpoint: (R) m_ready
              Clock: (R) CLK
           Endpoint: (F) ro_reg[1][7][5]/D
              Clock: (R) CLK

                       Capture       Launch
         Clock Edge:+    2.000        0.000
         Drv Adjust:+    0.000        0.087
        Src Latency:+   -0.154        0.000
        Net Latency:+    0.155 (P)    0.000 (I)
            Arrival:=    2.002        0.086

              Setup:-    0.087
        Uncertainty:-    0.125
      Required Time:=    1.789
       Launch Clock:=    0.086
        Input Delay:+    0.500
          Data Path:+    1.167
              Slack:=    0.036

#-------------------------------------------------------------------------------------------------------
# Timing Point       Flags  Arc      Edge  Cell                           Fanout  Trans   Delay  Arrival  
#                                                                                  (ns)    (ns)     (ns)  
#-------------------------------------------------------------------------------------------------------
  m_ready            -      m_ready  R     (arrival)                           2  0.176   0.005    0.592  
  g39627__3680/Y     -      A->Y     F     NAND2_X1A_A9PP140ZTUL_C35          11  0.176   0.117    0.709  
  g44716/Y           -      A->Y     R     NAND2_X0P5A_A9PP140ZTUL_C35        33  0.175   0.372    1.081  
  g44698/Y           -      A->Y     F     INV_X0P5B_A9PP140ZTUL_C35          64  0.610   0.508    1.589  
  g41596/Y           -      B0N->Y   F     OAI22BB_X0P5M_A9PP140ZTUL_C35       1  0.724   0.165    1.754  
  ro_reg[1][7][5]/D  -      D        F     DFFRPQA_X1M_A9PP140ZTUL_C35         1  0.142   0.000    1.754  
#-------------------------------------------------------------------------------------------------------
Path 58: MET (0.036 ns) Setup Check with Pin ro_reg[2][1][9]/CK->D
               View: wc_analysis_view
              Group: in2reg
         Startpoint: (R) m_ready
              Clock: (R) CLK
           Endpoint: (F) ro_reg[2][1][9]/D
              Clock: (R) CLK

                       Capture       Launch
         Clock Edge:+    2.000        0.000
         Drv Adjust:+    0.000        0.087
        Src Latency:+   -0.154        0.000
        Net Latency:+    0.153 (P)    0.000 (I)
            Arrival:=    2.000        0.086

              Setup:-    0.062
        Uncertainty:-    0.125
      Required Time:=    1.813
       Launch Clock:=    0.086
        Input Delay:+    0.500
          Data Path:+    1.191
              Slack:=    0.036

#---------------------------------------------------------------------------------------------------------------------
# Timing Point                      Flags  Arc      Edge  Cell                          Fanout  Trans   Delay  Arrival  
#                                                                                                (ns)    (ns)     (ns)  
#---------------------------------------------------------------------------------------------------------------------
  m_ready                           -      m_ready  R     (arrival)                          2  0.176   0.005    0.592  
  g39627__3680/Y                    -      A->Y     F     NAND2_X1A_A9PP140ZTUL_C35         11  0.176   0.118    0.710  
  place_opt_inst_FE_OFC77_n_3027/Y  -      A->Y     R     INV_X1M_A9PP140ZTUL_C35           21  0.175   0.201    0.910  
  g44717/Y                          -      A->Y     F     NOR2_X0P7B_A9PP140ZTUL_C35        49  0.262   0.337    1.247  
  g44699/Y                          -      A->Y     R     INV_X0P7M_A9PP140ZTUL_C35         48  0.511   0.410    1.658  
  g41506/Y                          -      B0->Y    F     OAI22_X0P5M_A9PP140ZTUL_C35        1  0.503   0.062    1.719  
  cts_opt_inst_FE_PHC2662_n_2216/Y  -      A->Y     F     BUFH_X1M_A9PP140ZTUL_C35           1  0.181   0.058    1.777  
  ro_reg[2][1][9]/D                 -      D        F     DFFRPQNA_X1M_A9PP140ZTUL_C35       1  0.028   0.000    1.777  
#---------------------------------------------------------------------------------------------------------------------
Path 59: MET (0.036 ns) Setup Check with Pin ro_reg[1][7][7]/CK->D
               View: wc_analysis_view
              Group: in2reg
         Startpoint: (R) m_ready
              Clock: (R) CLK
           Endpoint: (F) ro_reg[1][7][7]/D
              Clock: (R) CLK

                       Capture       Launch
         Clock Edge:+    2.000        0.000
         Drv Adjust:+    0.000        0.087
        Src Latency:+   -0.154        0.000
        Net Latency:+    0.156 (P)    0.000 (I)
            Arrival:=    2.002        0.086

              Setup:-    0.087
        Uncertainty:-    0.125
      Required Time:=    1.790
       Launch Clock:=    0.086
        Input Delay:+    0.500
          Data Path:+    1.167
              Slack:=    0.036

#-------------------------------------------------------------------------------------------------------
# Timing Point       Flags  Arc      Edge  Cell                           Fanout  Trans   Delay  Arrival  
#                                                                                  (ns)    (ns)     (ns)  
#-------------------------------------------------------------------------------------------------------
  m_ready            -      m_ready  R     (arrival)                           2  0.176   0.005    0.592  
  g39627__3680/Y     -      A->Y     F     NAND2_X1A_A9PP140ZTUL_C35          11  0.176   0.117    0.709  
  g44716/Y           -      A->Y     R     NAND2_X0P5A_A9PP140ZTUL_C35        33  0.175   0.372    1.081  
  g44698/Y           -      A->Y     F     INV_X0P5B_A9PP140ZTUL_C35          64  0.610   0.509    1.590  
  g41597/Y           -      B0N->Y   F     OAI22BB_X0P5M_A9PP140ZTUL_C35       1  0.724   0.164    1.754  
  ro_reg[1][7][7]/D  -      D        F     DFFRPQA_X1M_A9PP140ZTUL_C35         1  0.141   0.000    1.754  
#-------------------------------------------------------------------------------------------------------
Path 60: MET (0.036 ns) Setup Check with Pin ro_reg[2][4][5]/CK->D
               View: wc_analysis_view
              Group: in2reg
         Startpoint: (F) m_ready
              Clock: (R) CLK
           Endpoint: (F) ro_reg[2][4][5]/D
              Clock: (R) CLK

                       Capture       Launch
         Clock Edge:+    2.000        0.000
         Drv Adjust:+    0.000        0.083
        Src Latency:+   -0.154        0.000
        Net Latency:+    0.153 (P)    0.000 (I)
            Arrival:=    2.000        0.083

              Setup:-    0.054
        Uncertainty:-    0.125
      Required Time:=    1.821
       Launch Clock:=    0.083
        Input Delay:+    0.500
          Data Path:+    1.202
              Slack:=    0.036

#---------------------------------------------------------------------------------------------------------------------
# Timing Point                      Flags  Arc      Edge  Cell                          Fanout  Trans   Delay  Arrival  
#                                                                                                (ns)    (ns)     (ns)  
#---------------------------------------------------------------------------------------------------------------------
  m_ready                           -      m_ready  F     (arrival)                          2  0.171   0.005    0.588  
  g39627__3680/Y                    -      A->Y     R     NAND2_X1A_A9PP140ZTUL_C35         11  0.171   0.123    0.711  
  place_opt_inst_FE_OFC77_n_3027/Y  -      A->Y     F     INV_X1M_A9PP140ZTUL_C35           21  0.151   0.143    0.854  
  g44156/Y                          -      A->Y     F     OR2_X0P5M_A9PP140ZTUL_C35         65  0.200   0.279    1.133  
  g43623/Y                          -      A->Y     R     INV_X0P6M_A9PP140ZTUL_C35         64  0.463   0.531    1.664  
  g41102/Y                          -      A0->Y    F     OAI22_X0P5M_A9PP140ZTUL_C35        1  0.688   0.012    1.677  
  cts_opt_inst_FE_PHC1794_n_2357/Y  -      A->Y     F     DLY2_X0P5M_A9PP140ZTUL_C35         1  0.146   0.086    1.762  
  cts_opt_inst_FE_PHC2465_n_2357/Y  -      A->Y     F     BUFH_X1M_A9PP140ZTUL_C35           1  0.028   0.022    1.785  
  ro_reg[2][4][5]/D                 -      D        F     DFFRPQNA_X1M_A9PP140ZTUL_C35       1  0.010   0.000    1.785  
#---------------------------------------------------------------------------------------------------------------------
Path 61: MET (0.036 ns) Setup Check with Pin ro_reg[1][7][6]/CK->D
               View: wc_analysis_view
              Group: in2reg
         Startpoint: (R) m_ready
              Clock: (R) CLK
           Endpoint: (F) ro_reg[1][7][6]/D
              Clock: (R) CLK

                       Capture       Launch
         Clock Edge:+    2.000        0.000
         Drv Adjust:+    0.000        0.087
        Src Latency:+   -0.154        0.000
        Net Latency:+    0.156 (P)    0.000 (I)
            Arrival:=    2.002        0.086

              Setup:-    0.087
        Uncertainty:-    0.125
      Required Time:=    1.790
       Launch Clock:=    0.086
        Input Delay:+    0.500
          Data Path:+    1.167
              Slack:=    0.036

#-------------------------------------------------------------------------------------------------------
# Timing Point       Flags  Arc      Edge  Cell                           Fanout  Trans   Delay  Arrival  
#                                                                                  (ns)    (ns)     (ns)  
#-------------------------------------------------------------------------------------------------------
  m_ready            -      m_ready  R     (arrival)                           2  0.176   0.005    0.592  
  g39627__3680/Y     -      A->Y     F     NAND2_X1A_A9PP140ZTUL_C35          11  0.176   0.117    0.709  
  g44716/Y           -      A->Y     R     NAND2_X0P5A_A9PP140ZTUL_C35        33  0.175   0.372    1.081  
  g44698/Y           -      A->Y     F     INV_X0P5B_A9PP140ZTUL_C35          64  0.610   0.509    1.589  
  g41595/Y           -      B0N->Y   F     OAI22BB_X0P5M_A9PP140ZTUL_C35       1  0.724   0.164    1.754  
  ro_reg[1][7][6]/D  -      D        F     DFFRPQA_X1M_A9PP140ZTUL_C35         1  0.142   0.000    1.754  
#-------------------------------------------------------------------------------------------------------
Path 62: MET (0.036 ns) Setup Check with Pin ro_reg[1][5][3]/CK->D
               View: wc_analysis_view
              Group: in2reg
         Startpoint: (F) m_ready
              Clock: (R) CLK
           Endpoint: (F) ro_reg[1][5][3]/D
              Clock: (R) CLK

                       Capture       Launch
         Clock Edge:+    2.000        0.000
         Drv Adjust:+    0.000        0.083
        Src Latency:+   -0.154        0.000
        Net Latency:+    0.152 (P)    0.000 (I)
            Arrival:=    1.998        0.083

              Setup:-    0.057
        Uncertainty:-    0.125
      Required Time:=    1.816
       Launch Clock:=    0.083
        Input Delay:+    0.500
          Data Path:+    1.197
              Slack:=    0.036

#---------------------------------------------------------------------------------------------------------------------
# Timing Point                      Flags  Arc      Edge  Cell                          Fanout  Trans   Delay  Arrival  
#                                                                                                (ns)    (ns)     (ns)  
#---------------------------------------------------------------------------------------------------------------------
  m_ready                           -      m_ready  F     (arrival)                          2  0.171   0.005    0.588  
  g39627__3680/Y                    -      A->Y     R     NAND2_X1A_A9PP140ZTUL_C35         11  0.171   0.123    0.711  
  place_opt_inst_FE_OFC77_n_3027/Y  -      A->Y     F     INV_X1M_A9PP140ZTUL_C35           21  0.151   0.143    0.854  
  g44156/Y                          -      A->Y     F     OR2_X0P5M_A9PP140ZTUL_C35         65  0.200   0.279    1.133  
  g43623/Y                          -      A->Y     R     INV_X0P6M_A9PP140ZTUL_C35         64  0.463   0.523    1.656  
  g41052/Y                          -      A0->Y    F     OAI22_X0P5M_A9PP140ZTUL_C35        1  0.688   0.020    1.675  
  cts_opt_inst_FE_PHC1759_n_2407/Y  -      A->Y     F     BUF_X1P2M_A9PP140ZTUL_C35          1  0.154   0.057    1.733  
  cts_opt_inst_FE_PHC2629_n_2407/Y  -      A->Y     F     BUF_X1B_A9PP140ZTUL_C35            1  0.022   0.026    1.759  
  cts_opt_inst_FE_PHC3127_n_2407/Y  -      A->Y     F     BUFH_X1M_A9PP140ZTUL_C35           1  0.018   0.021    1.780  
  ro_reg[1][5][3]/D                 -      D        F     DFFRPQNA_X1M_A9PP140ZTUL_C35       1  0.012   0.000    1.780  
#---------------------------------------------------------------------------------------------------------------------
Path 63: MET (0.037 ns) Setup Check with Pin ro_reg[1][3][5]/CK->D
               View: wc_analysis_view
              Group: in2reg
         Startpoint: (F) m_ready
              Clock: (R) CLK
           Endpoint: (F) ro_reg[1][3][5]/D
              Clock: (R) CLK

                       Capture       Launch
         Clock Edge:+    2.000        0.000
         Drv Adjust:+    0.000        0.083
        Src Latency:+   -0.154        0.000
        Net Latency:+    0.150 (P)    0.000 (I)
            Arrival:=    1.996        0.083

              Setup:-    0.079
        Uncertainty:-    0.125
      Required Time:=    1.793
       Launch Clock:=    0.083
        Input Delay:+    0.500
          Data Path:+    1.173
              Slack:=    0.037

#---------------------------------------------------------------------------------------------------------------------
# Timing Point                      Flags  Arc      Edge  Cell                          Fanout  Trans   Delay  Arrival  
#                                                                                                (ns)    (ns)     (ns)  
#---------------------------------------------------------------------------------------------------------------------
  m_ready                           -      m_ready  F     (arrival)                          2  0.171   0.005    0.588  
  g39627__3680/Y                    -      A->Y     R     NAND2_X1A_A9PP140ZTUL_C35         11  0.171   0.123    0.711  
  place_opt_inst_FE_OFC77_n_3027/Y  -      A->Y     F     INV_X1M_A9PP140ZTUL_C35           21  0.151   0.150    0.861  
  g44155/Y                          -      A->Y     F     OR2_X1M_A9PP140ZTUL_C35           65  0.200   0.214    1.075  
  cts_opt_inst_FE_OFC245_n_1332/Y   -      A->Y     R     INV_X1M_A9PP140ZTUL_C35           64  0.304   0.331    1.405  
  g41023/Y                          -      A0->Y    F     OAI22_X0P5M_A9PP140ZTUL_C35        1  0.433   0.141    1.546  
  cts_opt_inst_FE_PHC1063_n_2436/Y  -      A->Y     F     DLY4_X0P5M_A9PP140ZTUL_C35         1  0.243   0.210    1.756  
  ro_reg[1][3][5]/D                 -      D        F     DFFRPQNA_X1M_A9PP140ZTUL_C35       1  0.087   0.000    1.756  
#---------------------------------------------------------------------------------------------------------------------
Path 64: MET (0.037 ns) Setup Check with Pin ro_reg[1][7][3]/CK->D
               View: wc_analysis_view
              Group: in2reg
         Startpoint: (R) m_ready
              Clock: (R) CLK
           Endpoint: (F) ro_reg[1][7][3]/D
              Clock: (R) CLK

                       Capture       Launch
         Clock Edge:+    2.000        0.000
         Drv Adjust:+    0.000        0.087
        Src Latency:+   -0.154        0.000
        Net Latency:+    0.155 (P)    0.000 (I)
            Arrival:=    2.002        0.086

              Setup:-    0.087
        Uncertainty:-    0.125
      Required Time:=    1.789
       Launch Clock:=    0.086
        Input Delay:+    0.500
          Data Path:+    1.166
              Slack:=    0.037

#-------------------------------------------------------------------------------------------------------
# Timing Point       Flags  Arc      Edge  Cell                           Fanout  Trans   Delay  Arrival  
#                                                                                  (ns)    (ns)     (ns)  
#-------------------------------------------------------------------------------------------------------
  m_ready            -      m_ready  R     (arrival)                           2  0.176   0.005    0.592  
  g39627__3680/Y     -      A->Y     F     NAND2_X1A_A9PP140ZTUL_C35          11  0.176   0.117    0.709  
  g44716/Y           -      A->Y     R     NAND2_X0P5A_A9PP140ZTUL_C35        33  0.175   0.372    1.081  
  g44698/Y           -      A->Y     F     INV_X0P5B_A9PP140ZTUL_C35          64  0.610   0.507    1.588  
  g41592/Y           -      B0N->Y   F     OAI22BB_X0P5M_A9PP140ZTUL_C35       1  0.724   0.165    1.753  
  ro_reg[1][7][3]/D  -      D        F     DFFRPQA_X1M_A9PP140ZTUL_C35         1  0.143   0.000    1.753  
#-------------------------------------------------------------------------------------------------------
Path 65: MET (0.037 ns) Setup Check with Pin ro_reg[1][5][4]/CK->D
               View: wc_analysis_view
              Group: in2reg
         Startpoint: (F) m_ready
              Clock: (R) CLK
           Endpoint: (F) ro_reg[1][5][4]/D
              Clock: (R) CLK

                       Capture       Launch
         Clock Edge:+    2.000        0.000
         Drv Adjust:+    0.000        0.083
        Src Latency:+   -0.154        0.000
        Net Latency:+    0.153 (P)    0.000 (I)
            Arrival:=    1.999        0.083

              Setup:-    0.057
        Uncertainty:-    0.125
      Required Time:=    1.817
       Launch Clock:=    0.083
        Input Delay:+    0.500
          Data Path:+    1.197
              Slack:=    0.037

#---------------------------------------------------------------------------------------------------------------------
# Timing Point                      Flags  Arc      Edge  Cell                          Fanout  Trans   Delay  Arrival  
#                                                                                                (ns)    (ns)     (ns)  
#---------------------------------------------------------------------------------------------------------------------
  m_ready                           -      m_ready  F     (arrival)                          2  0.171   0.005    0.588  
  g39627__3680/Y                    -      A->Y     R     NAND2_X1A_A9PP140ZTUL_C35         11  0.171   0.123    0.711  
  place_opt_inst_FE_OFC77_n_3027/Y  -      A->Y     F     INV_X1M_A9PP140ZTUL_C35           21  0.151   0.143    0.854  
  g44156/Y                          -      A->Y     F     OR2_X0P5M_A9PP140ZTUL_C35         65  0.200   0.279    1.133  
  g43623/Y                          -      A->Y     R     INV_X0P6M_A9PP140ZTUL_C35         64  0.463   0.521    1.654  
  g41054/Y                          -      A0->Y    F     OAI22_X0P5M_A9PP140ZTUL_C35        1  0.688   0.020    1.673  
  cts_opt_inst_FE_PHC1787_n_2405/Y  -      A->Y     F     DLY2_X0P5M_A9PP140ZTUL_C35         1  0.154   0.085    1.758  
  cts_opt_inst_FE_PHC3132_n_2405/Y  -      A->Y     F     BUFH_X1M_A9PP140ZTUL_C35           1  0.025   0.022    1.780  
  ro_reg[1][5][4]/D                 -      D        F     DFFRPQNA_X1M_A9PP140ZTUL_C35       1  0.011   0.000    1.780  
#---------------------------------------------------------------------------------------------------------------------
Path 66: MET (0.037 ns) Setup Check with Pin ro_reg[1][7][2]/CK->D
               View: wc_analysis_view
              Group: in2reg
         Startpoint: (R) m_ready
              Clock: (R) CLK
           Endpoint: (F) ro_reg[1][7][2]/D
              Clock: (R) CLK

                       Capture       Launch
         Clock Edge:+    2.000        0.000
         Drv Adjust:+    0.000        0.087
        Src Latency:+   -0.154        0.000
        Net Latency:+    0.155 (P)    0.000 (I)
            Arrival:=    2.002        0.086

              Setup:-    0.088
        Uncertainty:-    0.125
      Required Time:=    1.789
       Launch Clock:=    0.086
        Input Delay:+    0.500
          Data Path:+    1.166
              Slack:=    0.037

#-------------------------------------------------------------------------------------------------------
# Timing Point       Flags  Arc      Edge  Cell                           Fanout  Trans   Delay  Arrival  
#                                                                                  (ns)    (ns)     (ns)  
#-------------------------------------------------------------------------------------------------------
  m_ready            -      m_ready  R     (arrival)                           2  0.176   0.005    0.592  
  g39627__3680/Y     -      A->Y     F     NAND2_X1A_A9PP140ZTUL_C35          11  0.176   0.117    0.709  
  g44716/Y           -      A->Y     R     NAND2_X0P5A_A9PP140ZTUL_C35        33  0.175   0.372    1.081  
  g44698/Y           -      A->Y     F     INV_X0P5B_A9PP140ZTUL_C35          64  0.610   0.506    1.587  
  g41591/Y           -      B0N->Y   F     OAI22BB_X0P5M_A9PP140ZTUL_C35       1  0.724   0.165    1.752  
  ro_reg[1][7][2]/D  -      D        F     DFFRPQA_X1M_A9PP140ZTUL_C35         1  0.144   0.000    1.752  
#-------------------------------------------------------------------------------------------------------
Path 67: MET (0.037 ns) Setup Check with Pin ro_reg[3][1][14]/CK->D
               View: wc_analysis_view
              Group: in2reg
         Startpoint: (F) m_ready
              Clock: (R) CLK
           Endpoint: (F) ro_reg[3][1][14]/D
              Clock: (R) CLK

                       Capture       Launch
         Clock Edge:+    2.000        0.000
         Drv Adjust:+    0.000        0.083
        Src Latency:+   -0.154        0.000
        Net Latency:+    0.148 (P)    0.000 (I)
            Arrival:=    1.994        0.083

              Setup:-    0.079
        Uncertainty:-    0.125
      Required Time:=    1.790
       Launch Clock:=    0.083
        Input Delay:+    0.500
          Data Path:+    1.171
              Slack:=    0.037

#---------------------------------------------------------------------------------------------------------------------
# Timing Point                      Flags  Arc      Edge  Cell                          Fanout  Trans   Delay  Arrival  
#                                                                                                (ns)    (ns)     (ns)  
#---------------------------------------------------------------------------------------------------------------------
  m_ready                           -      m_ready  F     (arrival)                          2  0.171   0.005    0.588  
  g39627__3680/Y                    -      A->Y     R     NAND2_X1A_A9PP140ZTUL_C35         11  0.171   0.123    0.711  
  place_opt_inst_FE_OFC77_n_3027/Y  -      A->Y     F     INV_X1M_A9PP140ZTUL_C35           21  0.151   0.150    0.861  
  g44155/Y                          -      A->Y     F     OR2_X1M_A9PP140ZTUL_C35           65  0.200   0.214    1.075  
  cts_opt_inst_FE_OFC245_n_1332/Y   -      A->Y     R     INV_X1M_A9PP140ZTUL_C35           64  0.304   0.310    1.385  
  g41128/Y                          -      A0->Y    F     OAI22_X0P5M_A9PP140ZTUL_C35        1  0.431   0.153    1.538  
  cts_opt_inst_FE_PHC1483_n_2331/Y  -      A->Y     F     DLY4_X0P5M_A9PP140ZTUL_C35         1  0.259   0.215    1.753  
  ro_reg[3][1][14]/D                -      D        F     DFFRPQNA_X1M_A9PP140ZTUL_C35       1  0.090   0.000    1.753  
#---------------------------------------------------------------------------------------------------------------------
Path 68: MET (0.037 ns) Setup Check with Pin ro_reg[3][5][1]/CK->D
               View: wc_analysis_view
              Group: in2reg
         Startpoint: (R) m_ready
              Clock: (R) CLK
           Endpoint: (R) ro_reg[3][5][1]/D
              Clock: (R) CLK

                       Capture       Launch
         Clock Edge:+    2.000        0.000
         Drv Adjust:+    0.000        0.087
        Src Latency:+   -0.154        0.000
        Net Latency:+    0.155 (P)    0.000 (I)
            Arrival:=    2.001        0.086

              Setup:-    0.018
        Uncertainty:-    0.125
      Required Time:=    1.858
       Launch Clock:=    0.086
        Input Delay:+    0.500
          Data Path:+    1.234
              Slack:=    0.037

#---------------------------------------------------------------------------------------------------------------------
# Timing Point                      Flags  Arc      Edge  Cell                          Fanout  Trans   Delay  Arrival  
#                                                                                                (ns)    (ns)     (ns)  
#---------------------------------------------------------------------------------------------------------------------
  m_ready                           -      m_ready  R     (arrival)                          2  0.176   0.005    0.592  
  g39627__3680/Y                    -      A->Y     F     NAND2_X1A_A9PP140ZTUL_C35         11  0.176   0.117    0.709  
  g44716/Y                          -      A->Y     R     NAND2_X0P5A_A9PP140ZTUL_C35       33  0.175   0.372    1.081  
  g44698/Y                          -      A->Y     F     INV_X0P5B_A9PP140ZTUL_C35         64  0.610   0.510    1.591  
  g41623/Y                          -      A0->Y    R     OAI22_X0P5M_A9PP140ZTUL_C35        1  0.724   0.161    1.752  
  cts_opt_inst_FE_PHC1843_n_2099/Y  -      A->Y     R     BUF_X0P5M_A9PP140ZTUL_C35          1  0.189   0.032    1.784  
  cts_opt_inst_FE_PHC2634_n_2099/Y  -      A->Y     R     BUFH_X1M_A9PP140ZTUL_C35           1  0.031   0.019    1.803  
  cts_opt_inst_FE_PHC3130_n_2099/Y  -      A->Y     R     BUFH_X1M_A9PP140ZTUL_C35           1  0.011   0.018    1.821  
  ro_reg[3][5][1]/D                 -      D        R     DFFRPQNA_X1M_A9PP140ZTUL_C35       1  0.014   0.000    1.821  
#---------------------------------------------------------------------------------------------------------------------
Path 69: MET (0.037 ns) Setup Check with Pin ro_reg[1][6][9]/CK->D
               View: wc_analysis_view
              Group: in2reg
         Startpoint: (F) m_ready
              Clock: (R) CLK
           Endpoint: (F) ro_reg[1][6][9]/D
              Clock: (R) CLK

                       Capture       Launch
         Clock Edge:+    2.000        0.000
         Drv Adjust:+    0.000        0.083
        Src Latency:+   -0.154        0.000
        Net Latency:+    0.155 (P)    0.000 (I)
            Arrival:=    2.002        0.083

              Setup:-    0.061
        Uncertainty:-    0.125
      Required Time:=    1.816
       Launch Clock:=    0.083
        Input Delay:+    0.500
          Data Path:+    1.196
              Slack:=    0.037

#---------------------------------------------------------------------------------------------------------------------
# Timing Point                      Flags  Arc      Edge  Cell                          Fanout  Trans   Delay  Arrival  
#                                                                                                (ns)    (ns)     (ns)  
#---------------------------------------------------------------------------------------------------------------------
  m_ready                           -      m_ready  F     (arrival)                          2  0.171   0.005    0.588  
  g39627__3680/Y                    -      A->Y     R     NAND2_X1A_A9PP140ZTUL_C35         11  0.171   0.124    0.712  
  g44719/Y                          -      A->Y     F     NAND2_X0P5A_A9PP140ZTUL_C35       49  0.151   0.385    1.098  
  g44701/Y                          -      A->Y     R     INV_X1M_A9PP140ZTUL_C35           36  0.700   0.271    1.369  
  cts_opt_inst_FE_OFC304_n_258/Y    -      A->Y     R     BUF_X1M_A9PP140ZTUL_C35           45  0.337   0.142    1.510  
  g41551/Y                          -      A0->Y    F     OAI22_X0P5M_A9PP140ZTUL_C35        1  0.269   0.085    1.595  
  cts_opt_inst_FE_PHC1621_n_2171/Y  -      A->Y     F     DLY4_X4M_A9PP140ZTUL_C35           1  0.263   0.184    1.779  
  ro_reg[1][6][9]/D                 -      D        F     DFFRPQNA_X1M_A9PP140ZTUL_C35       1  0.025   0.000    1.779  
#---------------------------------------------------------------------------------------------------------------------
Path 70: MET (0.037 ns) Setup Check with Pin ro_reg[1][7][4]/CK->D
               View: wc_analysis_view
              Group: in2reg
         Startpoint: (R) m_ready
              Clock: (R) CLK
           Endpoint: (F) ro_reg[1][7][4]/D
              Clock: (R) CLK

                       Capture       Launch
         Clock Edge:+    2.000        0.000
         Drv Adjust:+    0.000        0.087
        Src Latency:+   -0.154        0.000
        Net Latency:+    0.155 (P)    0.000 (I)
            Arrival:=    2.002        0.086

              Setup:-    0.087
        Uncertainty:-    0.125
      Required Time:=    1.790
       Launch Clock:=    0.086
        Input Delay:+    0.500
          Data Path:+    1.166
              Slack:=    0.037

#-------------------------------------------------------------------------------------------------------
# Timing Point       Flags  Arc      Edge  Cell                           Fanout  Trans   Delay  Arrival  
#                                                                                  (ns)    (ns)     (ns)  
#-------------------------------------------------------------------------------------------------------
  m_ready            -      m_ready  R     (arrival)                           2  0.176   0.005    0.592  
  g39627__3680/Y     -      A->Y     F     NAND2_X1A_A9PP140ZTUL_C35          11  0.176   0.117    0.709  
  g44716/Y           -      A->Y     R     NAND2_X0P5A_A9PP140ZTUL_C35        33  0.175   0.372    1.081  
  g44698/Y           -      A->Y     F     INV_X0P5B_A9PP140ZTUL_C35          64  0.610   0.508    1.588  
  g41594/Y           -      B0N->Y   F     OAI22BB_X0P5M_A9PP140ZTUL_C35       1  0.724   0.164    1.752  
  ro_reg[1][7][4]/D  -      D        F     DFFRPQA_X1M_A9PP140ZTUL_C35         1  0.142   0.000    1.752  
#-------------------------------------------------------------------------------------------------------
Path 71: MET (0.038 ns) Setup Check with Pin ro_reg[3][4][4]/CK->D
               View: wc_analysis_view
              Group: in2reg
         Startpoint: (F) m_ready
              Clock: (R) CLK
           Endpoint: (F) ro_reg[3][4][4]/D
              Clock: (R) CLK

                       Capture       Launch
         Clock Edge:+    2.000        0.000
         Drv Adjust:+    0.000        0.083
        Src Latency:+   -0.154        0.000
        Net Latency:+    0.154 (P)    0.000 (I)
            Arrival:=    2.000        0.083

              Setup:-    0.060
        Uncertainty:-    0.125
      Required Time:=    1.815
       Launch Clock:=    0.083
        Input Delay:+    0.500
          Data Path:+    1.194
              Slack:=    0.038

#---------------------------------------------------------------------------------------------------------------------
# Timing Point                      Flags  Arc      Edge  Cell                          Fanout  Trans   Delay  Arrival  
#                                                                                                (ns)    (ns)     (ns)  
#---------------------------------------------------------------------------------------------------------------------
  m_ready                           -      m_ready  F     (arrival)                          2  0.171   0.005    0.588  
  g39627__3680/Y                    -      A->Y     R     NAND2_X1A_A9PP140ZTUL_C35         11  0.171   0.124    0.712  
  g44719/Y                          -      A->Y     F     NAND2_X0P5A_A9PP140ZTUL_C35       49  0.151   0.385    1.098  
  g44701/Y                          -      A->Y     R     INV_X1M_A9PP140ZTUL_C35           36  0.700   0.271    1.369  
  cts_opt_inst_FE_OFC304_n_258/Y    -      A->Y     R     BUF_X1M_A9PP140ZTUL_C35           45  0.337   0.164    1.533  
  g41578/Y                          -      A0->Y    F     OAI22_X0P5M_A9PP140ZTUL_C35        1  0.272   0.069    1.602  
  cts_opt_inst_FE_PHC1622_n_2144/Y  -      A->Y     F     DLY4_X4M_A9PP140ZTUL_C35           1  0.236   0.175    1.777  
  ro_reg[3][4][4]/D                 -      D        F     DFFRPQNA_X1M_A9PP140ZTUL_C35       1  0.024   0.000    1.777  
#---------------------------------------------------------------------------------------------------------------------
Path 72: MET (0.038 ns) Setup Check with Pin ro_reg[2][4][9]/CK->D
               View: wc_analysis_view
              Group: in2reg
         Startpoint: (F) m_ready
              Clock: (R) CLK
           Endpoint: (F) ro_reg[2][4][9]/D
              Clock: (R) CLK

                       Capture       Launch
         Clock Edge:+    2.000        0.000
         Drv Adjust:+    0.000        0.083
        Src Latency:+   -0.154        0.000
        Net Latency:+    0.149 (P)    0.000 (I)
            Arrival:=    1.995        0.083

              Setup:-    0.057
        Uncertainty:-    0.125
      Required Time:=    1.813
       Launch Clock:=    0.083
        Input Delay:+    0.500
          Data Path:+    1.192
              Slack:=    0.038

#---------------------------------------------------------------------------------------------------------------------
# Timing Point                      Flags  Arc      Edge  Cell                          Fanout  Trans   Delay  Arrival  
#                                                                                                (ns)    (ns)     (ns)  
#---------------------------------------------------------------------------------------------------------------------
  m_ready                           -      m_ready  F     (arrival)                          2  0.171   0.005    0.588  
  g39627__3680/Y                    -      A->Y     R     NAND2_X1A_A9PP140ZTUL_C35         11  0.171   0.123    0.711  
  place_opt_inst_FE_OFC77_n_3027/Y  -      A->Y     F     INV_X1M_A9PP140ZTUL_C35           21  0.151   0.143    0.854  
  g44156/Y                          -      A->Y     F     OR2_X0P5M_A9PP140ZTUL_C35         65  0.200   0.279    1.133  
  g43623/Y                          -      A->Y     R     INV_X0P6M_A9PP140ZTUL_C35         64  0.463   0.528    1.661  
  g41107/Y                          -      A0->Y    F     OAI22_X0P5M_A9PP140ZTUL_C35        1  0.688   0.008    1.670  
  cts_opt_inst_FE_PHC1808_n_2352/Y  -      A->Y     F     DLY2_X0P5M_A9PP140ZTUL_C35         1  0.142   0.084    1.753  
  cts_opt_inst_FE_PHC2680_n_2352/Y  -      A->Y     F     BUFH_X1M_A9PP140ZTUL_C35           1  0.027   0.022    1.775  
  ro_reg[2][4][9]/D                 -      D        F     DFFRPQNA_X1M_A9PP140ZTUL_C35       1  0.010   0.000    1.775  
#---------------------------------------------------------------------------------------------------------------------
Path 73: MET (0.038 ns) Setup Check with Pin ro_reg[2][4][13]/CK->D
               View: wc_analysis_view
              Group: in2reg
         Startpoint: (F) m_ready
              Clock: (R) CLK
           Endpoint: (F) ro_reg[2][4][13]/D
              Clock: (R) CLK

                       Capture       Launch
         Clock Edge:+    2.000        0.000
         Drv Adjust:+    0.000        0.083
        Src Latency:+   -0.154        0.000
        Net Latency:+    0.153 (P)    0.000 (I)
            Arrival:=    1.999        0.083

              Setup:-    0.056
        Uncertainty:-    0.125
      Required Time:=    1.818
       Launch Clock:=    0.083
        Input Delay:+    0.500
          Data Path:+    1.197
              Slack:=    0.038

#---------------------------------------------------------------------------------------------------------------------
# Timing Point                      Flags  Arc      Edge  Cell                          Fanout  Trans   Delay  Arrival  
#                                                                                                (ns)    (ns)     (ns)  
#---------------------------------------------------------------------------------------------------------------------
  m_ready                           -      m_ready  F     (arrival)                          2  0.171   0.005    0.588  
  g39627__3680/Y                    -      A->Y     R     NAND2_X1A_A9PP140ZTUL_C35         11  0.171   0.123    0.711  
  place_opt_inst_FE_OFC77_n_3027/Y  -      A->Y     F     INV_X1M_A9PP140ZTUL_C35           21  0.151   0.143    0.854  
  g44156/Y                          -      A->Y     F     OR2_X0P5M_A9PP140ZTUL_C35         65  0.200   0.279    1.133  
  g43623/Y                          -      A->Y     R     INV_X0P6M_A9PP140ZTUL_C35         64  0.463   0.525    1.658  
  g41111/Y                          -      A0->Y    F     OAI22_X0P5M_A9PP140ZTUL_C35        1  0.688   0.001    1.659  
  cts_opt_inst_FE_PHC1750_n_2348/Y  -      A->Y     F     DLY2_X0P5M_A9PP140ZTUL_C35         1  0.136   0.082    1.741  
  cts_opt_inst_FE_PHC2387_n_2348/Y  -      A->Y     F     BUFH_X1M_A9PP140ZTUL_C35           1  0.026   0.022    1.763  
  cts_opt_inst_FE_PHC3129_n_2348/Y  -      A->Y     F     BUFH_X1M_A9PP140ZTUL_C35           1  0.011   0.017    1.779  
  ro_reg[2][4][13]/D                -      D        F     DFFRPQNA_X1M_A9PP140ZTUL_C35       1  0.009   0.000    1.779  
#---------------------------------------------------------------------------------------------------------------------
Path 74: MET (0.038 ns) Setup Check with Pin ro_reg[1][7][1]/CK->D
               View: wc_analysis_view
              Group: in2reg
         Startpoint: (R) m_ready
              Clock: (R) CLK
           Endpoint: (F) ro_reg[1][7][1]/D
              Clock: (R) CLK

                       Capture       Launch
         Clock Edge:+    2.000        0.000
         Drv Adjust:+    0.000        0.087
        Src Latency:+   -0.154        0.000
        Net Latency:+    0.155 (P)    0.000 (I)
            Arrival:=    2.002        0.086

              Setup:-    0.087
        Uncertainty:-    0.125
      Required Time:=    1.789
       Launch Clock:=    0.086
        Input Delay:+    0.500
          Data Path:+    1.165
              Slack:=    0.038

#-------------------------------------------------------------------------------------------------------
# Timing Point       Flags  Arc      Edge  Cell                           Fanout  Trans   Delay  Arrival  
#                                                                                  (ns)    (ns)     (ns)  
#-------------------------------------------------------------------------------------------------------
  m_ready            -      m_ready  R     (arrival)                           2  0.176   0.005    0.592  
  g39627__3680/Y     -      A->Y     F     NAND2_X1A_A9PP140ZTUL_C35          11  0.176   0.117    0.709  
  g44716/Y           -      A->Y     R     NAND2_X0P5A_A9PP140ZTUL_C35        33  0.175   0.372    1.081  
  g44698/Y           -      A->Y     F     INV_X0P5B_A9PP140ZTUL_C35          64  0.610   0.505    1.586  
  g41593/Y           -      B0N->Y   F     OAI22BB_X0P5M_A9PP140ZTUL_C35       1  0.724   0.165    1.751  
  ro_reg[1][7][1]/D  -      D        F     DFFRPQA_X1M_A9PP140ZTUL_C35         1  0.143   0.000    1.751  
#-------------------------------------------------------------------------------------------------------
Path 75: MET (0.038 ns) Setup Check with Pin ro_reg[1][5][1]/CK->D
               View: wc_analysis_view
              Group: in2reg
         Startpoint: (F) m_ready
              Clock: (R) CLK
           Endpoint: (F) ro_reg[1][5][1]/D
              Clock: (R) CLK

                       Capture       Launch
         Clock Edge:+    2.000        0.000
         Drv Adjust:+    0.000        0.083
        Src Latency:+   -0.154        0.000
        Net Latency:+    0.152 (P)    0.000 (I)
            Arrival:=    1.999        0.083

              Setup:-    0.057
        Uncertainty:-    0.125
      Required Time:=    1.817
       Launch Clock:=    0.083
        Input Delay:+    0.500
          Data Path:+    1.196
              Slack:=    0.038

#---------------------------------------------------------------------------------------------------------------------
# Timing Point                      Flags  Arc      Edge  Cell                          Fanout  Trans   Delay  Arrival  
#                                                                                                (ns)    (ns)     (ns)  
#---------------------------------------------------------------------------------------------------------------------
  m_ready                           -      m_ready  F     (arrival)                          2  0.171   0.005    0.588  
  g39627__3680/Y                    -      A->Y     R     NAND2_X1A_A9PP140ZTUL_C35         11  0.171   0.123    0.711  
  place_opt_inst_FE_OFC77_n_3027/Y  -      A->Y     F     INV_X1M_A9PP140ZTUL_C35           21  0.151   0.143    0.854  
  g44156/Y                          -      A->Y     F     OR2_X0P5M_A9PP140ZTUL_C35         65  0.200   0.279    1.133  
  g43623/Y                          -      A->Y     R     INV_X0P6M_A9PP140ZTUL_C35         64  0.463   0.522    1.655  
  g41053/Y                          -      A0->Y    F     OAI22_X0P5M_A9PP140ZTUL_C35        1  0.688   0.002    1.656  
  cts_opt_inst_FE_PHC1729_n_2406/Y  -      A->Y     F     DLY2_X0P5M_A9PP140ZTUL_C35         1  0.137   0.080    1.736  
  cts_opt_inst_FE_PHC2642_n_2406/Y  -      A->Y     F     BUFH_X1M_A9PP140ZTUL_C35           1  0.025   0.024    1.760  
  cts_opt_inst_FE_PHC3125_n_2406/Y  -      A->Y     F     BUFH_X1M_A9PP140ZTUL_C35           1  0.014   0.018    1.779  
  ro_reg[1][5][1]/D                 -      D        F     DFFRPQNA_X1M_A9PP140ZTUL_C35       1  0.010   0.000    1.779  
#---------------------------------------------------------------------------------------------------------------------
Path 76: MET (0.039 ns) Setup Check with Pin ro_reg[2][6][1]/CK->D
               View: wc_analysis_view
              Group: in2reg
         Startpoint: (R) m_ready
              Clock: (R) CLK
           Endpoint: (R) ro_reg[2][6][1]/D
              Clock: (R) CLK

                       Capture       Launch
         Clock Edge:+    2.000        0.000
         Drv Adjust:+    0.000        0.087
        Src Latency:+   -0.154        0.000
        Net Latency:+    0.154 (P)    0.000 (I)
            Arrival:=    2.001        0.086

              Setup:-    0.018
        Uncertainty:-    0.125
      Required Time:=    1.857
       Launch Clock:=    0.086
        Input Delay:+    0.500
          Data Path:+    1.232
              Slack:=    0.039

#---------------------------------------------------------------------------------------------------------------------
# Timing Point                      Flags  Arc      Edge  Cell                          Fanout  Trans   Delay  Arrival  
#                                                                                                (ns)    (ns)     (ns)  
#---------------------------------------------------------------------------------------------------------------------
  m_ready                           -      m_ready  R     (arrival)                          2  0.176   0.005    0.592  
  g39627__3680/Y                    -      A->Y     F     NAND2_X1A_A9PP140ZTUL_C35         11  0.176   0.117    0.709  
  g44716/Y                          -      A->Y     R     NAND2_X0P5A_A9PP140ZTUL_C35       33  0.175   0.372    1.081  
  g44698/Y                          -      A->Y     F     INV_X0P5B_A9PP140ZTUL_C35         64  0.610   0.505    1.586  
  g41607/Y                          -      A0->Y    R     OAI22_X0P5M_A9PP140ZTUL_C35        1  0.724   0.163    1.748  
  cts_opt_inst_FE_PHC1870_n_2115/Y  -      A->Y     R     BUF_X0P5M_A9PP140ZTUL_C35          1  0.191   0.033    1.781  
  cts_opt_inst_FE_PHC2635_n_2115/Y  -      A->Y     R     BUFH_X1M_A9PP140ZTUL_C35           1  0.032   0.020    1.801  
  cts_opt_inst_FE_PHC3126_n_2115/Y  -      A->Y     R     BUFH_X1M_A9PP140ZTUL_C35           1  0.012   0.018    1.819  
  ro_reg[2][6][1]/D                 -      D        R     DFFRPQNA_X1M_A9PP140ZTUL_C35       1  0.014   0.000    1.819  
#---------------------------------------------------------------------------------------------------------------------
Path 77: MET (0.039 ns) Setup Check with Pin ro_reg[3][1][9]/CK->D
               View: wc_analysis_view
              Group: in2reg
         Startpoint: (F) m_ready
              Clock: (R) CLK
           Endpoint: (F) ro_reg[3][1][9]/D
              Clock: (R) CLK

                       Capture       Launch
         Clock Edge:+    2.000        0.000
         Drv Adjust:+    0.000        0.083
        Src Latency:+   -0.154        0.000
        Net Latency:+    0.148 (P)    0.000 (I)
            Arrival:=    1.994        0.083

              Setup:-    0.078
        Uncertainty:-    0.125
      Required Time:=    1.791
       Launch Clock:=    0.083
        Input Delay:+    0.500
          Data Path:+    1.169
              Slack:=    0.039

#---------------------------------------------------------------------------------------------------------------------
# Timing Point                      Flags  Arc      Edge  Cell                          Fanout  Trans   Delay  Arrival  
#                                                                                                (ns)    (ns)     (ns)  
#---------------------------------------------------------------------------------------------------------------------
  m_ready                           -      m_ready  F     (arrival)                          2  0.171   0.005    0.588  
  g39627__3680/Y                    -      A->Y     R     NAND2_X1A_A9PP140ZTUL_C35         11  0.171   0.123    0.711  
  place_opt_inst_FE_OFC77_n_3027/Y  -      A->Y     F     INV_X1M_A9PP140ZTUL_C35           21  0.151   0.150    0.861  
  g44155/Y                          -      A->Y     F     OR2_X1M_A9PP140ZTUL_C35           65  0.200   0.214    1.075  
  cts_opt_inst_FE_OFC245_n_1332/Y   -      A->Y     R     INV_X1M_A9PP140ZTUL_C35           64  0.304   0.313    1.388  
  g41123/Y                          -      A0->Y    F     OAI22_X0P5M_A9PP140ZTUL_C35        1  0.431   0.151    1.538  
  cts_opt_inst_FE_PHC1068_n_2336/Y  -      A->Y     F     DLY4_X0P5M_A9PP140ZTUL_C35         1  0.255   0.213    1.752  
  ro_reg[3][1][9]/D                 -      D        F     DFFRPQNA_X1M_A9PP140ZTUL_C35       1  0.088   0.000    1.752  
#---------------------------------------------------------------------------------------------------------------------
Path 78: MET (0.039 ns) Setup Check with Pin ro_reg[3][3][12]/CK->D
               View: wc_analysis_view
              Group: in2reg
         Startpoint: (F) m_ready
              Clock: (R) CLK
           Endpoint: (F) ro_reg[3][3][12]/D
              Clock: (R) CLK

                       Capture       Launch
         Clock Edge:+    2.000        0.000
         Drv Adjust:+    0.000        0.083
        Src Latency:+   -0.154        0.000
        Net Latency:+    0.154 (P)    0.000 (I)
            Arrival:=    2.000        0.083

              Setup:-    0.054
        Uncertainty:-    0.125
      Required Time:=    1.822
       Launch Clock:=    0.083
        Input Delay:+    0.500
          Data Path:+    1.200
              Slack:=    0.039

#---------------------------------------------------------------------------------------------------------------------
# Timing Point                      Flags  Arc      Edge  Cell                          Fanout  Trans   Delay  Arrival  
#                                                                                                (ns)    (ns)     (ns)  
#---------------------------------------------------------------------------------------------------------------------
  m_ready                           -      m_ready  F     (arrival)                          2  0.171   0.005    0.588  
  g39627__3680/Y                    -      A->Y     R     NAND2_X1A_A9PP140ZTUL_C35         11  0.171   0.123    0.711  
  place_opt_inst_FE_OFC77_n_3027/Y  -      A->Y     F     INV_X1M_A9PP140ZTUL_C35           21  0.151   0.143    0.854  
  g44156/Y                          -      A->Y     F     OR2_X0P5M_A9PP140ZTUL_C35         65  0.200   0.279    1.133  
  g43623/Y                          -      A->Y     R     INV_X0P6M_A9PP140ZTUL_C35         64  0.463   0.534    1.667  
  g41158/Y                          -      A0->Y    F     OAI22_X0P5M_A9PP140ZTUL_C35        1  0.688   0.009    1.675  
  cts_opt_inst_FE_PHC1799_n_2301/Y  -      A->Y     F     DLY2_X0P5M_A9PP140ZTUL_C35         1  0.143   0.085    1.760  
  cts_opt_inst_FE_PHC2679_n_2301/Y  -      A->Y     F     BUFH_X1M_A9PP140ZTUL_C35           1  0.028   0.022    1.783  
  ro_reg[3][3][12]/D                -      D        F     DFFRPQNA_X1M_A9PP140ZTUL_C35       1  0.010   0.000    1.783  
#---------------------------------------------------------------------------------------------------------------------
Path 79: MET (0.039 ns) Setup Check with Pin ro_reg[3][5][2]/CK->D
               View: wc_analysis_view
              Group: in2reg
         Startpoint: (R) m_ready
              Clock: (R) CLK
           Endpoint: (R) ro_reg[3][5][2]/D
              Clock: (R) CLK

                       Capture       Launch
         Clock Edge:+    2.000        0.000
         Drv Adjust:+    0.000        0.087
        Src Latency:+   -0.154        0.000
        Net Latency:+    0.154 (P)    0.000 (I)
            Arrival:=    2.001        0.086

              Setup:-    0.018
        Uncertainty:-    0.125
      Required Time:=    1.857
       Launch Clock:=    0.086
        Input Delay:+    0.500
          Data Path:+    1.232
              Slack:=    0.039

#---------------------------------------------------------------------------------------------------------------------
# Timing Point                      Flags  Arc      Edge  Cell                          Fanout  Trans   Delay  Arrival  
#                                                                                                (ns)    (ns)     (ns)  
#---------------------------------------------------------------------------------------------------------------------
  m_ready                           -      m_ready  R     (arrival)                          2  0.176   0.005    0.592  
  g39627__3680/Y                    -      A->Y     F     NAND2_X1A_A9PP140ZTUL_C35         11  0.176   0.117    0.709  
  g44716/Y                          -      A->Y     R     NAND2_X0P5A_A9PP140ZTUL_C35       33  0.175   0.372    1.081  
  g44698/Y                          -      A->Y     F     INV_X0P5B_A9PP140ZTUL_C35         64  0.610   0.510    1.591  
  g41624/Y                          -      A0->Y    R     OAI22_X0P5M_A9PP140ZTUL_C35        1  0.724   0.155    1.745  
  cts_opt_inst_FE_PHC1884_n_2098/Y  -      A->Y     R     BUF_X0P5M_A9PP140ZTUL_C35          1  0.181   0.031    1.777  
  cts_opt_inst_FE_PHC2616_n_2098/Y  -      A->Y     R     BUFH_X1M_A9PP140ZTUL_C35           1  0.029   0.022    1.799  
  cts_opt_inst_FE_PHC3048_n_2098/Y  -      A->Y     R     BUFH_X1M_A9PP140ZTUL_C35           1  0.017   0.019    1.818  
  ro_reg[3][5][2]/D                 -      D        R     DFFRPQNA_X1M_A9PP140ZTUL_C35       1  0.014   0.000    1.818  
#---------------------------------------------------------------------------------------------------------------------
Path 80: MET (0.039 ns) Setup Check with Pin ro_reg[3][5][12]/CK->D
               View: wc_analysis_view
              Group: in2reg
         Startpoint: (R) m_ready
              Clock: (R) CLK
           Endpoint: (R) ro_reg[3][5][12]/D
              Clock: (R) CLK

                       Capture       Launch
         Clock Edge:+    2.000        0.000
         Drv Adjust:+    0.000        0.087
        Src Latency:+   -0.154        0.000
        Net Latency:+    0.155 (P)    0.000 (I)
            Arrival:=    2.001        0.086

              Setup:-    0.019
        Uncertainty:-    0.125
      Required Time:=    1.857
       Launch Clock:=    0.086
        Input Delay:+    0.500
          Data Path:+    1.231
              Slack:=    0.039

#---------------------------------------------------------------------------------------------------------------------
# Timing Point                      Flags  Arc      Edge  Cell                          Fanout  Trans   Delay  Arrival  
#                                                                                                (ns)    (ns)     (ns)  
#---------------------------------------------------------------------------------------------------------------------
  m_ready                           -      m_ready  R     (arrival)                          2  0.176   0.005    0.592  
  g39627__3680/Y                    -      A->Y     F     NAND2_X1A_A9PP140ZTUL_C35         11  0.176   0.117    0.709  
  g44716/Y                          -      A->Y     R     NAND2_X0P5A_A9PP140ZTUL_C35       33  0.175   0.372    1.081  
  g44698/Y                          -      A->Y     F     INV_X0P5B_A9PP140ZTUL_C35         64  0.610   0.509    1.590  
  g41634/Y                          -      A0->Y    R     OAI22_X0P5M_A9PP140ZTUL_C35        1  0.724   0.158    1.748  
  cts_opt_inst_FE_PHC1853_n_2088/Y  -      A->Y     R     BUF_X0P5M_A9PP140ZTUL_C35          1  0.186   0.030    1.778  
  cts_opt_inst_FE_PHC2630_n_2088/Y  -      A->Y     R     BUFH_X1M_A9PP140ZTUL_C35           1  0.028   0.021    1.800  
  cts_opt_inst_FE_PHC3047_n_2088/Y  -      A->Y     R     BUFH_X1M_A9PP140ZTUL_C35           1  0.015   0.018    1.818  
  ro_reg[3][5][12]/D                -      D        R     DFFRPQNA_X1M_A9PP140ZTUL_C35       1  0.013   0.000    1.818  
#---------------------------------------------------------------------------------------------------------------------
Path 81: MET (0.040 ns) Setup Check with Pin ro_reg[0][3][3]/CK->D
               View: wc_analysis_view
              Group: in2reg
         Startpoint: (R) m_ready
              Clock: (R) CLK
           Endpoint: (F) ro_reg[0][3][3]/D
              Clock: (R) CLK

                       Capture       Launch
         Clock Edge:+    2.000        0.000
         Drv Adjust:+    0.000        0.087
        Src Latency:+   -0.154        0.000
        Net Latency:+    0.154 (P)    0.000 (I)
            Arrival:=    2.000        0.086

              Setup:-    0.057
        Uncertainty:-    0.125
      Required Time:=    1.817
       Launch Clock:=    0.086
        Input Delay:+    0.500
          Data Path:+    1.191
              Slack:=    0.040

#---------------------------------------------------------------------------------------------------------------------
# Timing Point                      Flags  Arc      Edge  Cell                          Fanout  Trans   Delay  Arrival  
#                                                                                                (ns)    (ns)     (ns)  
#---------------------------------------------------------------------------------------------------------------------
  m_ready                           -      m_ready  R     (arrival)                          2  0.176   0.005    0.592  
  g39627__3680/Y                    -      A->Y     F     NAND2_X1A_A9PP140ZTUL_C35         11  0.176   0.118    0.710  
  place_opt_inst_FE_OFC77_n_3027/Y  -      A->Y     R     INV_X1M_A9PP140ZTUL_C35           21  0.175   0.201    0.910  
  g44717/Y                          -      A->Y     F     NOR2_X0P7B_A9PP140ZTUL_C35        49  0.262   0.337    1.247  
  g44699/Y                          -      A->Y     R     INV_X0P7M_A9PP140ZTUL_C35         48  0.511   0.410    1.657  
  g41652/Y                          -      B0->Y    F     OAI22_X0P5M_A9PP140ZTUL_C35        1  0.503   0.013    1.670  
  cts_opt_inst_FE_PHC1812_n_2070/Y  -      A->Y     F     BUF_X0P5M_A9PP140ZTUL_C35          1  0.134   0.055    1.725  
  cts_opt_inst_FE_PHC2268_n_2070/Y  -      A->Y     F     BUF_X1B_A9PP140ZTUL_C35            1  0.022   0.028    1.754  
  cts_opt_inst_FE_PHC3114_n_2070/Y  -      A->Y     F     BUFH_X1M_A9PP140ZTUL_C35           1  0.022   0.024    1.778  
  ro_reg[0][3][3]/D                 -      D        F     DFFRPQNA_X1M_A9PP140ZTUL_C35       1  0.014   0.000    1.778  
#---------------------------------------------------------------------------------------------------------------------
Path 82: MET (0.041 ns) Setup Check with Pin ro_reg[0][6][0]/CK->D
               View: wc_analysis_view
              Group: in2reg
         Startpoint: (F) m_ready
              Clock: (R) CLK
           Endpoint: (F) ro_reg[0][6][0]/D
              Clock: (R) CLK

                       Capture       Launch
         Clock Edge:+    2.000        0.000
         Drv Adjust:+    0.000        0.083
        Src Latency:+   -0.154        0.000
        Net Latency:+    0.155 (P)    0.000 (I)
            Arrival:=    2.001        0.083

              Setup:-    0.057
        Uncertainty:-    0.125
      Required Time:=    1.819
       Launch Clock:=    0.083
        Input Delay:+    0.500
          Data Path:+    1.195
              Slack:=    0.041

#---------------------------------------------------------------------------------------------------------------------
# Timing Point                      Flags  Arc      Edge  Cell                          Fanout  Trans   Delay  Arrival  
#                                                                                                (ns)    (ns)     (ns)  
#---------------------------------------------------------------------------------------------------------------------
  m_ready                           -      m_ready  F     (arrival)                          2  0.171   0.005    0.588  
  g39627__3680/Y                    -      A->Y     R     NAND2_X1A_A9PP140ZTUL_C35         11  0.171   0.123    0.711  
  place_opt_inst_FE_OFC77_n_3027/Y  -      A->Y     F     INV_X1M_A9PP140ZTUL_C35           21  0.151   0.143    0.854  
  g44156/Y                          -      A->Y     F     OR2_X0P5M_A9PP140ZTUL_C35         65  0.200   0.279    1.133  
  g43623/Y                          -      A->Y     R     INV_X0P6M_A9PP140ZTUL_C35         64  0.463   0.510    1.643  
  g41193/Y                          -      A0->Y    F     OAI22_X0P5M_A9PP140ZTUL_C35        1  0.687   0.009    1.652  
  cts_opt_inst_FE_PHC1687_n_2266/Y  -      A->Y     F     DLY2_X0P5M_A9PP140ZTUL_C35         1  0.143   0.081    1.733  
  cts_opt_inst_FE_PHC2348_n_2266/Y  -      A->Y     F     BUF_X1B_A9PP140ZTUL_C35            1  0.024   0.025    1.758  
  cts_opt_inst_FE_PHC3122_n_2266/Y  -      A->Y     F     BUFH_X1M_A9PP140ZTUL_C35           1  0.015   0.020    1.778  
  ro_reg[0][6][0]/D                 -      D        F     DFFRPQNA_X1M_A9PP140ZTUL_C35       1  0.012   0.000    1.778  
#---------------------------------------------------------------------------------------------------------------------
Path 83: MET (0.041 ns) Setup Check with Pin ro_reg[2][4][0]/CK->D
               View: wc_analysis_view
              Group: in2reg
         Startpoint: (F) m_ready
              Clock: (R) CLK
           Endpoint: (F) ro_reg[2][4][0]/D
              Clock: (R) CLK

                       Capture       Launch
         Clock Edge:+    2.000        0.000
         Drv Adjust:+    0.000        0.083
        Src Latency:+   -0.154        0.000
        Net Latency:+    0.153 (P)    0.000 (I)
            Arrival:=    1.999        0.083

              Setup:-    0.056
        Uncertainty:-    0.125
      Required Time:=    1.818
       Launch Clock:=    0.083
        Input Delay:+    0.500
          Data Path:+    1.194
              Slack:=    0.041

#---------------------------------------------------------------------------------------------------------------------
# Timing Point                      Flags  Arc      Edge  Cell                          Fanout  Trans   Delay  Arrival  
#                                                                                                (ns)    (ns)     (ns)  
#---------------------------------------------------------------------------------------------------------------------
  m_ready                           -      m_ready  F     (arrival)                          2  0.171   0.005    0.588  
  g39627__3680/Y                    -      A->Y     R     NAND2_X1A_A9PP140ZTUL_C35         11  0.171   0.123    0.711  
  place_opt_inst_FE_OFC77_n_3027/Y  -      A->Y     F     INV_X1M_A9PP140ZTUL_C35           21  0.151   0.143    0.854  
  g44156/Y                          -      A->Y     F     OR2_X0P5M_A9PP140ZTUL_C35         65  0.200   0.279    1.133  
  g43623/Y                          -      A->Y     R     INV_X0P6M_A9PP140ZTUL_C35         64  0.463   0.532    1.665  
  g41098/Y                          -      A0->Y    F     OAI22_X0P5M_A9PP140ZTUL_C35        1  0.688   0.008    1.673  
  cts_opt_inst_FE_PHC1772_n_2361/Y  -      A->Y     F     DLY2_X0P5M_A9PP140ZTUL_C35         1  0.142   0.084    1.757  
  cts_opt_inst_FE_PHC2461_n_2361/Y  -      A->Y     F     BUFH_X1M_A9PP140ZTUL_C35           1  0.027   0.021    1.777  
  ro_reg[2][4][0]/D                 -      D        F     DFFRPQNA_X1M_A9PP140ZTUL_C35       1  0.009   0.000    1.777  
#---------------------------------------------------------------------------------------------------------------------
Path 84: MET (0.041 ns) Setup Check with Pin ro_reg[3][5][7]/CK->D
               View: wc_analysis_view
              Group: in2reg
         Startpoint: (R) m_ready
              Clock: (R) CLK
           Endpoint: (R) ro_reg[3][5][7]/D
              Clock: (R) CLK

                       Capture       Launch
         Clock Edge:+    2.000        0.000
         Drv Adjust:+    0.000        0.087
        Src Latency:+   -0.154        0.000
        Net Latency:+    0.154 (P)    0.000 (I)
            Arrival:=    2.001        0.086

              Setup:-    0.018
        Uncertainty:-    0.125
      Required Time:=    1.857
       Launch Clock:=    0.086
        Input Delay:+    0.500
          Data Path:+    1.230
              Slack:=    0.041

#---------------------------------------------------------------------------------------------------------------------
# Timing Point                      Flags  Arc      Edge  Cell                          Fanout  Trans   Delay  Arrival  
#                                                                                                (ns)    (ns)     (ns)  
#---------------------------------------------------------------------------------------------------------------------
  m_ready                           -      m_ready  R     (arrival)                          2  0.176   0.005    0.592  
  g39627__3680/Y                    -      A->Y     F     NAND2_X1A_A9PP140ZTUL_C35         11  0.176   0.117    0.709  
  g44716/Y                          -      A->Y     R     NAND2_X0P5A_A9PP140ZTUL_C35       33  0.175   0.372    1.081  
  g44698/Y                          -      A->Y     F     INV_X0P5B_A9PP140ZTUL_C35         64  0.610   0.510    1.591  
  g41629/Y                          -      A0->Y    R     OAI22_X0P5M_A9PP140ZTUL_C35        1  0.724   0.153    1.744  
  cts_opt_inst_FE_PHC1886_n_2093/Y  -      A->Y     R     BUF_X0P5M_A9PP140ZTUL_C35          1  0.179   0.031    1.775  
  cts_opt_inst_FE_PHC3041_n_2093/Y  -      A->Y     R     BUFH_X1M_A9PP140ZTUL_C35           1  0.029   0.019    1.794  
  cts_opt_inst_FE_PHC2612_n_2093/Y  -      A->Y     R     BUF_X0P5M_A9PP140ZTUL_C35          1  0.012   0.022    1.816  
  ro_reg[3][5][7]/D                 -      D        R     DFFRPQNA_X1M_A9PP140ZTUL_C35       1  0.017   0.000    1.816  
#---------------------------------------------------------------------------------------------------------------------
Path 85: MET (0.041 ns) Setup Check with Pin ro_reg[3][2][15]/CK->D
               View: wc_analysis_view
              Group: in2reg
         Startpoint: (F) m_ready
              Clock: (R) CLK
           Endpoint: (F) ro_reg[3][2][15]/D
              Clock: (R) CLK

                       Capture       Launch
         Clock Edge:+    2.000        0.000
         Drv Adjust:+    0.000        0.083
        Src Latency:+   -0.154        0.000
        Net Latency:+    0.149 (P)    0.000 (I)
            Arrival:=    1.995        0.083

              Setup:-    0.057
        Uncertainty:-    0.125
      Required Time:=    1.813
       Launch Clock:=    0.083
        Input Delay:+    0.500
          Data Path:+    1.189
              Slack:=    0.041

#---------------------------------------------------------------------------------------------------------------------
# Timing Point                      Flags  Arc      Edge  Cell                          Fanout  Trans   Delay  Arrival  
#                                                                                                (ns)    (ns)     (ns)  
#---------------------------------------------------------------------------------------------------------------------
  m_ready                           -      m_ready  F     (arrival)                          2  0.171   0.005    0.588  
  g39627__3680/Y                    -      A->Y     R     NAND2_X1A_A9PP140ZTUL_C35         11  0.171   0.123    0.711  
  place_opt_inst_FE_OFC77_n_3027/Y  -      A->Y     F     INV_X1M_A9PP140ZTUL_C35           21  0.151   0.147    0.858  
  g44154/Y                          -      A->Y     F     OR2_X0P5M_A9PP140ZTUL_C35         65  0.200   0.281    1.140  
  g43621/Y                          -      A->Y     R     INV_X0P6M_A9PP140ZTUL_C35         64  0.455   0.502    1.642  
  g41145/Y                          -      A0->Y    F     OAI22_X0P5M_A9PP140ZTUL_C35        1  0.655   0.015    1.657  
  cts_opt_inst_FE_PHC1733_n_2314/Y  -      A->Y     F     DLY2_X0P5M_A9PP140ZTUL_C35         1  0.144   0.091    1.748  
  cts_opt_inst_FE_PHC2667_n_2314/Y  -      A->Y     F     BUFH_X1M_A9PP140ZTUL_C35           1  0.034   0.025    1.772  
  ro_reg[3][2][15]/D                -      D        F     DFFRPQNA_X1M_A9PP140ZTUL_C35       1  0.012   0.000    1.772  
#---------------------------------------------------------------------------------------------------------------------
Path 86: MET (0.041 ns) Setup Check with Pin ro_reg[1][7][0]/CK->D
               View: wc_analysis_view
              Group: in2reg
         Startpoint: (R) m_ready
              Clock: (R) CLK
           Endpoint: (F) ro_reg[1][7][0]/D
              Clock: (R) CLK

                       Capture       Launch
         Clock Edge:+    2.000        0.000
         Drv Adjust:+    0.000        0.087
        Src Latency:+   -0.154        0.000
        Net Latency:+    0.155 (P)    0.000 (I)
            Arrival:=    2.001        0.086

              Setup:-    0.087
        Uncertainty:-    0.125
      Required Time:=    1.790
       Launch Clock:=    0.086
        Input Delay:+    0.500
          Data Path:+    1.162
              Slack:=    0.041

#-------------------------------------------------------------------------------------------------------
# Timing Point       Flags  Arc      Edge  Cell                           Fanout  Trans   Delay  Arrival  
#                                                                                  (ns)    (ns)     (ns)  
#-------------------------------------------------------------------------------------------------------
  m_ready            -      m_ready  R     (arrival)                           2  0.176   0.005    0.592  
  g39627__3680/Y     -      A->Y     F     NAND2_X1A_A9PP140ZTUL_C35          11  0.176   0.117    0.709  
  g44716/Y           -      A->Y     R     NAND2_X0P5A_A9PP140ZTUL_C35        33  0.175   0.372    1.081  
  g44698/Y           -      A->Y     F     INV_X0P5B_A9PP140ZTUL_C35          64  0.610   0.505    1.585  
  g41590/Y           -      B0N->Y   F     OAI22BB_X0P5M_A9PP140ZTUL_C35       1  0.724   0.163    1.748  
  ro_reg[1][7][0]/D  -      D        F     DFFRPQA_X1M_A9PP140ZTUL_C35         1  0.140   0.000    1.748  
#-------------------------------------------------------------------------------------------------------
Path 87: MET (0.042 ns) Setup Check with Pin ro_reg[1][6][7]/CK->D
               View: wc_analysis_view
              Group: in2reg
         Startpoint: (F) m_ready
              Clock: (R) CLK
           Endpoint: (F) ro_reg[1][6][7]/D
              Clock: (R) CLK

                       Capture       Launch
         Clock Edge:+    2.000        0.000
         Drv Adjust:+    0.000        0.083
        Src Latency:+   -0.154        0.000
        Net Latency:+    0.155 (P)    0.000 (I)
            Arrival:=    2.001        0.083

              Setup:-    0.061
        Uncertainty:-    0.125
      Required Time:=    1.816
       Launch Clock:=    0.083
        Input Delay:+    0.500
          Data Path:+    1.191
              Slack:=    0.042

#---------------------------------------------------------------------------------------------------------------------
# Timing Point                      Flags  Arc      Edge  Cell                          Fanout  Trans   Delay  Arrival  
#                                                                                                (ns)    (ns)     (ns)  
#---------------------------------------------------------------------------------------------------------------------
  m_ready                           -      m_ready  F     (arrival)                          2  0.171   0.005    0.588  
  g39627__3680/Y                    -      A->Y     R     NAND2_X1A_A9PP140ZTUL_C35         11  0.171   0.124    0.712  
  g44719/Y                          -      A->Y     F     NAND2_X0P5A_A9PP140ZTUL_C35       49  0.151   0.385    1.098  
  g44701/Y                          -      A->Y     R     INV_X1M_A9PP140ZTUL_C35           36  0.700   0.271    1.369  
  cts_opt_inst_FE_OFC304_n_258/Y    -      A->Y     R     BUF_X1M_A9PP140ZTUL_C35           45  0.337   0.143    1.512  
  g41549/Y                          -      A0->Y    F     OAI22_X0P5M_A9PP140ZTUL_C35        1  0.269   0.081    1.593  
  cts_opt_inst_FE_PHC1326_n_2173/Y  -      A->Y     F     DLY4_X4M_A9PP140ZTUL_C35           1  0.256   0.181    1.774  
  ro_reg[1][6][7]/D                 -      D        F     DFFRPQNA_X1M_A9PP140ZTUL_C35       1  0.025   0.000    1.774  
#---------------------------------------------------------------------------------------------------------------------
Path 88: MET (0.042 ns) Setup Check with Pin ro_reg[1][5][8]/CK->D
               View: wc_analysis_view
              Group: in2reg
         Startpoint: (F) m_ready
              Clock: (R) CLK
           Endpoint: (F) ro_reg[1][5][8]/D
              Clock: (R) CLK

                       Capture       Launch
         Clock Edge:+    2.000        0.000
         Drv Adjust:+    0.000        0.083
        Src Latency:+   -0.154        0.000
        Net Latency:+    0.148 (P)    0.000 (I)
            Arrival:=    1.995        0.083

              Setup:-    0.057
        Uncertainty:-    0.125
      Required Time:=    1.812
       Launch Clock:=    0.083
        Input Delay:+    0.500
          Data Path:+    1.187
              Slack:=    0.042

#---------------------------------------------------------------------------------------------------------------------
# Timing Point                      Flags  Arc      Edge  Cell                          Fanout  Trans   Delay  Arrival  
#                                                                                                (ns)    (ns)     (ns)  
#---------------------------------------------------------------------------------------------------------------------
  m_ready                           -      m_ready  F     (arrival)                          2  0.171   0.005    0.588  
  g39627__3680/Y                    -      A->Y     R     NAND2_X1A_A9PP140ZTUL_C35         11  0.171   0.123    0.711  
  place_opt_inst_FE_OFC77_n_3027/Y  -      A->Y     F     INV_X1M_A9PP140ZTUL_C35           21  0.151   0.143    0.854  
  g44156/Y                          -      A->Y     F     OR2_X0P5M_A9PP140ZTUL_C35         65  0.200   0.279    1.133  
  g43623/Y                          -      A->Y     R     INV_X0P6M_A9PP140ZTUL_C35         64  0.463   0.517    1.650  
  g41058/Y                          -      A0->Y    F     OAI22_X0P5M_A9PP140ZTUL_C35        1  0.687   0.029    1.679  
  cts_opt_inst_FE_PHC1893_n_2401/Y  -      A->Y     F     BUFH_X1M_A9PP140ZTUL_C35           1  0.165   0.049    1.729  
  cts_opt_inst_FE_PHC3121_n_2401/Y  -      A->Y     F     BUFH_X1M_A9PP140ZTUL_C35           1  0.021   0.021    1.750  
  cts_opt_inst_FE_PHC2307_n_2401/Y  -      A->Y     F     BUF_X1B_A9PP140ZTUL_C35            1  0.011   0.020    1.770  
  ro_reg[1][5][8]/D                 -      D        F     DFFRPQNA_X1M_A9PP140ZTUL_C35       1  0.014   0.000    1.770  
#---------------------------------------------------------------------------------------------------------------------
Path 89: MET (0.042 ns) Setup Check with Pin ro_reg[2][6][0]/CK->D
               View: wc_analysis_view
              Group: in2reg
         Startpoint: (R) m_ready
              Clock: (R) CLK
           Endpoint: (R) ro_reg[2][6][0]/D
              Clock: (R) CLK

                       Capture       Launch
         Clock Edge:+    2.000        0.000
         Drv Adjust:+    0.000        0.087
        Src Latency:+   -0.154        0.000
        Net Latency:+    0.155 (P)    0.000 (I)
            Arrival:=    2.002        0.086

              Setup:-    0.019
        Uncertainty:-    0.125
      Required Time:=    1.858
       Launch Clock:=    0.086
        Input Delay:+    0.500
          Data Path:+    1.229
              Slack:=    0.042

#---------------------------------------------------------------------------------------------------------------------
# Timing Point                      Flags  Arc      Edge  Cell                          Fanout  Trans   Delay  Arrival  
#                                                                                                (ns)    (ns)     (ns)  
#---------------------------------------------------------------------------------------------------------------------
  m_ready                           -      m_ready  R     (arrival)                          2  0.176   0.005    0.592  
  g39627__3680/Y                    -      A->Y     F     NAND2_X1A_A9PP140ZTUL_C35         11  0.176   0.117    0.709  
  g44716/Y                          -      A->Y     R     NAND2_X0P5A_A9PP140ZTUL_C35       33  0.175   0.372    1.081  
  g44698/Y                          -      A->Y     F     INV_X0P5B_A9PP140ZTUL_C35         64  0.610   0.507    1.587  
  g41606/Y                          -      A0->Y    R     OAI22_X0P5M_A9PP140ZTUL_C35        1  0.724   0.163    1.751  
  cts_opt_inst_FE_PHC1888_n_2116/Y  -      A->Y     R     BUF_X0P5M_A9PP140ZTUL_C35          1  0.191   0.028    1.778  
  cts_opt_inst_FE_PHC2338_n_2116/Y  -      A->Y     R     BUFH_X1M_A9PP140ZTUL_C35           1  0.025   0.021    1.799  
  cts_opt_inst_FE_PHC3042_n_2116/Y  -      A->Y     R     BUFH_X1M_A9PP140ZTUL_C35           1  0.014   0.017    1.816  
  ro_reg[2][6][0]/D                 -      D        R     DFFRPQNA_X1M_A9PP140ZTUL_C35       1  0.011   0.000    1.816  
#---------------------------------------------------------------------------------------------------------------------
Path 90: MET (0.043 ns) Setup Check with Pin ro_reg[2][6][13]/CK->D
               View: wc_analysis_view
              Group: in2reg
         Startpoint: (R) m_ready
              Clock: (R) CLK
           Endpoint: (R) ro_reg[2][6][13]/D
              Clock: (R) CLK

                       Capture       Launch
         Clock Edge:+    2.000        0.000
         Drv Adjust:+    0.000        0.087
        Src Latency:+   -0.154        0.000
        Net Latency:+    0.154 (P)    0.000 (I)
            Arrival:=    2.000        0.086

              Setup:-    0.018
        Uncertainty:-    0.125
      Required Time:=    1.857
       Launch Clock:=    0.086
        Input Delay:+    0.500
          Data Path:+    1.228
              Slack:=    0.043

#---------------------------------------------------------------------------------------------------------------------
# Timing Point                      Flags  Arc      Edge  Cell                          Fanout  Trans   Delay  Arrival  
#                                                                                                (ns)    (ns)     (ns)  
#---------------------------------------------------------------------------------------------------------------------
  m_ready                           -      m_ready  R     (arrival)                          2  0.176   0.005    0.592  
  g39627__3680/Y                    -      A->Y     F     NAND2_X1A_A9PP140ZTUL_C35         11  0.176   0.117    0.709  
  g44716/Y                          -      A->Y     R     NAND2_X0P5A_A9PP140ZTUL_C35       33  0.175   0.372    1.081  
  g44698/Y                          -      A->Y     F     INV_X0P5B_A9PP140ZTUL_C35         64  0.610   0.502    1.583  
  g41619/Y                          -      A0->Y    R     OAI22_X0P5M_A9PP140ZTUL_C35        1  0.724   0.163    1.746  
  cts_opt_inst_FE_PHC1849_n_2103/Y  -      A->Y     R     DLY2_X0P5M_A9PP140ZTUL_C35         1  0.191   0.051    1.797  
  cts_opt_inst_FE_PHC2458_n_2103/Y  -      A->Y     R     BUFH_X1M_A9PP140ZTUL_C35           1  0.026   0.017    1.814  
  ro_reg[2][6][13]/D                -      D        R     DFFRPQNA_X1M_A9PP140ZTUL_C35       1  0.009   0.000    1.814  
#---------------------------------------------------------------------------------------------------------------------
Path 91: MET (0.043 ns) Setup Check with Pin ro_reg[2][4][11]/CK->D
               View: wc_analysis_view
              Group: in2reg
         Startpoint: (F) m_ready
              Clock: (R) CLK
           Endpoint: (F) ro_reg[2][4][11]/D
              Clock: (R) CLK

                       Capture       Launch
         Clock Edge:+    2.000        0.000
         Drv Adjust:+    0.000        0.083
        Src Latency:+   -0.154        0.000
        Net Latency:+    0.153 (P)    0.000 (I)
            Arrival:=    1.999        0.083

              Setup:-    0.057
        Uncertainty:-    0.125
      Required Time:=    1.817
       Launch Clock:=    0.083
        Input Delay:+    0.500
          Data Path:+    1.192
              Slack:=    0.043

#---------------------------------------------------------------------------------------------------------------------
# Timing Point                      Flags  Arc      Edge  Cell                          Fanout  Trans   Delay  Arrival  
#                                                                                                (ns)    (ns)     (ns)  
#---------------------------------------------------------------------------------------------------------------------
  m_ready                           -      m_ready  F     (arrival)                          2  0.171   0.005    0.588  
  g39627__3680/Y                    -      A->Y     R     NAND2_X1A_A9PP140ZTUL_C35         11  0.171   0.123    0.711  
  place_opt_inst_FE_OFC77_n_3027/Y  -      A->Y     F     INV_X1M_A9PP140ZTUL_C35           21  0.151   0.143    0.854  
  g44156/Y                          -      A->Y     F     OR2_X0P5M_A9PP140ZTUL_C35         65  0.200   0.279    1.133  
  g43623/Y                          -      A->Y     R     INV_X0P6M_A9PP140ZTUL_C35         64  0.463   0.526    1.659  
  g41109/Y                          -      A0->Y    F     OAI22_X0P5M_A9PP140ZTUL_C35        1  0.688   0.008    1.666  
  cts_opt_inst_FE_PHC1746_n_2350/Y  -      A->Y     F     DLY2_X0P5M_A9PP140ZTUL_C35         1  0.142   0.086    1.752  
  cts_opt_inst_FE_PHC2674_n_2350/Y  -      A->Y     F     BUFH_X1M_A9PP140ZTUL_C35           1  0.029   0.022    1.775  
  ro_reg[2][4][11]/D                -      D        F     DFFRPQNA_X1M_A9PP140ZTUL_C35       1  0.010   0.000    1.775  
#---------------------------------------------------------------------------------------------------------------------
Path 92: MET (0.043 ns) Setup Check with Pin ro_reg[3][5][13]/CK->D
               View: wc_analysis_view
              Group: in2reg
         Startpoint: (R) m_ready
              Clock: (R) CLK
           Endpoint: (R) ro_reg[3][5][13]/D
              Clock: (R) CLK

                       Capture       Launch
         Clock Edge:+    2.000        0.000
         Drv Adjust:+    0.000        0.087
        Src Latency:+   -0.154        0.000
        Net Latency:+    0.155 (P)    0.000 (I)
            Arrival:=    2.001        0.086

              Setup:-    0.019
        Uncertainty:-    0.125
      Required Time:=    1.857
       Launch Clock:=    0.086
        Input Delay:+    0.500
          Data Path:+    1.228
              Slack:=    0.043

#---------------------------------------------------------------------------------------------------------------------
# Timing Point                      Flags  Arc      Edge  Cell                          Fanout  Trans   Delay  Arrival  
#                                                                                                (ns)    (ns)     (ns)  
#---------------------------------------------------------------------------------------------------------------------
  m_ready                           -      m_ready  R     (arrival)                          2  0.176   0.005    0.592  
  g39627__3680/Y                    -      A->Y     F     NAND2_X1A_A9PP140ZTUL_C35         11  0.176   0.117    0.709  
  g44716/Y                          -      A->Y     R     NAND2_X0P5A_A9PP140ZTUL_C35       33  0.175   0.372    1.081  
  g44698/Y                          -      A->Y     F     INV_X0P5B_A9PP140ZTUL_C35         64  0.610   0.509    1.590  
  g41635/Y                          -      A0->Y    R     OAI22_X0P5M_A9PP140ZTUL_C35        1  0.724   0.161    1.750  
  cts_opt_inst_FE_PHC1892_n_2087/Y  -      A->Y     R     BUFH_X1M_A9PP140ZTUL_C35           1  0.189   0.023    1.773  
  cts_opt_inst_FE_PHC2324_n_2087/Y  -      A->Y     R     BUF_X1B_A9PP140ZTUL_C35            1  0.019   0.023    1.796  
  cts_opt_inst_FE_PHC3038_n_2087/Y  -      A->Y     R     BUFH_X1M_A9PP140ZTUL_C35           1  0.015   0.018    1.814  
  ro_reg[3][5][13]/D                -      D        R     DFFRPQNA_X1M_A9PP140ZTUL_C35       1  0.012   0.000    1.814  
#---------------------------------------------------------------------------------------------------------------------
Path 93: MET (0.043 ns) Setup Check with Pin ro_reg[3][3][11]/CK->D
               View: wc_analysis_view
              Group: in2reg
         Startpoint: (F) m_ready
              Clock: (R) CLK
           Endpoint: (F) ro_reg[3][3][11]/D
              Clock: (R) CLK

                       Capture       Launch
         Clock Edge:+    2.000        0.000
         Drv Adjust:+    0.000        0.083
        Src Latency:+   -0.154        0.000
        Net Latency:+    0.156 (P)    0.000 (I)
            Arrival:=    2.002        0.083

              Setup:-    0.056
        Uncertainty:-    0.125
      Required Time:=    1.821
       Launch Clock:=    0.083
        Input Delay:+    0.500
          Data Path:+    1.195
              Slack:=    0.043

#---------------------------------------------------------------------------------------------------------------------
# Timing Point                      Flags  Arc      Edge  Cell                          Fanout  Trans   Delay  Arrival  
#                                                                                                (ns)    (ns)     (ns)  
#---------------------------------------------------------------------------------------------------------------------
  m_ready                           -      m_ready  F     (arrival)                          2  0.171   0.005    0.588  
  g39627__3680/Y                    -      A->Y     R     NAND2_X1A_A9PP140ZTUL_C35         11  0.171   0.123    0.711  
  place_opt_inst_FE_OFC77_n_3027/Y  -      A->Y     F     INV_X1M_A9PP140ZTUL_C35           21  0.151   0.143    0.854  
  g44156/Y                          -      A->Y     F     OR2_X0P5M_A9PP140ZTUL_C35         65  0.200   0.279    1.133  
  g43623/Y                          -      A->Y     R     INV_X0P6M_A9PP140ZTUL_C35         64  0.463   0.534    1.667  
  g41157/Y                          -      A0->Y    F     OAI22_X0P5M_A9PP140ZTUL_C35        1  0.688   0.007    1.674  
  cts_opt_inst_FE_PHC1754_n_2302/Y  -      A->Y     F     DLY2_X0P5M_A9PP140ZTUL_C35         1  0.141   0.083    1.757  
  cts_opt_inst_FE_PHC2452_n_2302/Y  -      A->Y     F     BUFH_X1M_A9PP140ZTUL_C35           1  0.026   0.021    1.778  
  ro_reg[3][3][11]/D                -      D        F     DFFRPQNA_X1M_A9PP140ZTUL_C35       1  0.009   0.000    1.778  
#---------------------------------------------------------------------------------------------------------------------
Path 94: MET (0.043 ns) Setup Check with Pin ro_reg[3][3][8]/CK->D
               View: wc_analysis_view
              Group: in2reg
         Startpoint: (F) m_ready
              Clock: (R) CLK
           Endpoint: (F) ro_reg[3][3][8]/D
              Clock: (R) CLK

                       Capture       Launch
         Clock Edge:+    2.000        0.000
         Drv Adjust:+    0.000        0.083
        Src Latency:+   -0.154        0.000
        Net Latency:+    0.156 (P)    0.000 (I)
            Arrival:=    2.002        0.083

              Setup:-    0.057
        Uncertainty:-    0.125
      Required Time:=    1.820
       Launch Clock:=    0.083
        Input Delay:+    0.500
          Data Path:+    1.194
              Slack:=    0.043

#---------------------------------------------------------------------------------------------------------------------
# Timing Point                      Flags  Arc      Edge  Cell                          Fanout  Trans   Delay  Arrival  
#                                                                                                (ns)    (ns)     (ns)  
#---------------------------------------------------------------------------------------------------------------------
  m_ready                           -      m_ready  F     (arrival)                          2  0.171   0.005    0.588  
  g39627__3680/Y                    -      A->Y     R     NAND2_X1A_A9PP140ZTUL_C35         11  0.171   0.123    0.711  
  place_opt_inst_FE_OFC77_n_3027/Y  -      A->Y     F     INV_X1M_A9PP140ZTUL_C35           21  0.151   0.143    0.854  
  g44156/Y                          -      A->Y     F     OR2_X0P5M_A9PP140ZTUL_C35         65  0.200   0.279    1.133  
  g43623/Y                          -      A->Y     R     INV_X0P6M_A9PP140ZTUL_C35         64  0.463   0.534    1.667  
  g41154/Y                          -      A0->Y    F     OAI22_X0P5M_A9PP140ZTUL_C35        1  0.688   0.006    1.673  
  cts_opt_inst_FE_PHC1771_n_2305/Y  -      A->Y     F     DLY2_X0P5M_A9PP140ZTUL_C35         1  0.140   0.082    1.755  
  cts_opt_inst_FE_PHC2678_n_2305/Y  -      A->Y     F     BUFH_X1M_A9PP140ZTUL_C35           1  0.025   0.022    1.777  
  ro_reg[3][3][8]/D                 -      D        F     DFFRPQNA_X1M_A9PP140ZTUL_C35       1  0.010   0.000    1.777  
#---------------------------------------------------------------------------------------------------------------------
Path 95: MET (0.043 ns) Setup Check with Pin ro_reg[1][2][0]/CK->D
               View: wc_analysis_view
              Group: in2reg
         Startpoint: (R) m_ready
              Clock: (R) CLK
           Endpoint: (F) ro_reg[1][2][0]/D
              Clock: (R) CLK

                       Capture       Launch
         Clock Edge:+    2.000        0.000
         Drv Adjust:+    0.000        0.087
        Src Latency:+   -0.154        0.000
        Net Latency:+    0.157 (P)    0.000 (I)
            Arrival:=    2.003        0.086

              Setup:-    0.058
        Uncertainty:-    0.125
      Required Time:=    1.821
       Launch Clock:=    0.086
        Input Delay:+    0.500
          Data Path:+    1.191
              Slack:=    0.043

#---------------------------------------------------------------------------------------------------------------------
# Timing Point                      Flags  Arc      Edge  Cell                          Fanout  Trans   Delay  Arrival  
#                                                                                                (ns)    (ns)     (ns)  
#---------------------------------------------------------------------------------------------------------------------
  m_ready                           -      m_ready  R     (arrival)                          2  0.176   0.005    0.592  
  g39627__3680/Y                    -      A->Y     F     NAND2_X1A_A9PP140ZTUL_C35         11  0.176   0.118    0.710  
  place_opt_inst_FE_OFC77_n_3027/Y  -      A->Y     R     INV_X1M_A9PP140ZTUL_C35           21  0.175   0.201    0.910  
  g44717/Y                          -      A->Y     F     NOR2_X0P7B_A9PP140ZTUL_C35        49  0.262   0.337    1.247  
  g44699/Y                          -      A->Y     R     INV_X0P7M_A9PP140ZTUL_C35         48  0.511   0.409    1.656  
  g41638/Y                          -      B0->Y    F     OAI22_X0P5M_A9PP140ZTUL_C35        1  0.503   0.031    1.687  
  cts_opt_inst_FE_PHC1854_n_2084/Y  -      A->Y     F     BUF_X0P5M_A9PP140ZTUL_C35          1  0.149   0.065    1.751  
  cts_opt_inst_FE_PHC2657_n_2084/Y  -      A->Y     F     BUFH_X1M_A9PP140ZTUL_C35           1  0.029   0.026    1.777  
  ro_reg[1][2][0]/D                 -      D        F     DFFRPQNA_X1M_A9PP140ZTUL_C35       1  0.015   0.000    1.777  
#---------------------------------------------------------------------------------------------------------------------
Path 96: MET (0.043 ns) Setup Check with Pin ro_reg[3][5][9]/CK->D
               View: wc_analysis_view
              Group: in2reg
         Startpoint: (R) m_ready
              Clock: (R) CLK
           Endpoint: (R) ro_reg[3][5][9]/D
              Clock: (R) CLK

                       Capture       Launch
         Clock Edge:+    2.000        0.000
         Drv Adjust:+    0.000        0.087
        Src Latency:+   -0.154        0.000
        Net Latency:+    0.154 (P)    0.000 (I)
            Arrival:=    2.001        0.086

              Setup:-    0.018
        Uncertainty:-    0.125
      Required Time:=    1.858
       Launch Clock:=    0.086
        Input Delay:+    0.500
          Data Path:+    1.228
              Slack:=    0.043

#---------------------------------------------------------------------------------------------------------------------
# Timing Point                      Flags  Arc      Edge  Cell                          Fanout  Trans   Delay  Arrival  
#                                                                                                (ns)    (ns)     (ns)  
#---------------------------------------------------------------------------------------------------------------------
  m_ready                           -      m_ready  R     (arrival)                          2  0.176   0.005    0.592  
  g39627__3680/Y                    -      A->Y     F     NAND2_X1A_A9PP140ZTUL_C35         11  0.176   0.117    0.709  
  g44716/Y                          -      A->Y     R     NAND2_X0P5A_A9PP140ZTUL_C35       33  0.175   0.372    1.081  
  g44698/Y                          -      A->Y     F     INV_X0P5B_A9PP140ZTUL_C35         64  0.610   0.510    1.591  
  g41631/Y                          -      A0->Y    R     OAI22_X0P5M_A9PP140ZTUL_C35        1  0.724   0.157    1.748  
  cts_opt_inst_FE_PHC1887_n_2091/Y  -      A->Y     R     BUF_X0P5M_A9PP140ZTUL_C35          1  0.184   0.029    1.777  
  cts_opt_inst_FE_PHC2327_n_2091/Y  -      A->Y     R     BUFH_X1M_A9PP140ZTUL_C35           1  0.026   0.021    1.797  
  cts_opt_inst_FE_PHC3040_n_2091/Y  -      A->Y     R     BUFH_X1M_A9PP140ZTUL_C35           1  0.014   0.017    1.814  
  ro_reg[3][5][9]/D                 -      D        R     DFFRPQNA_X1M_A9PP140ZTUL_C35       1  0.011   0.000    1.814  
#---------------------------------------------------------------------------------------------------------------------
Path 97: MET (0.044 ns) Setup Check with Pin ro_reg[2][4][6]/CK->D
               View: wc_analysis_view
              Group: in2reg
         Startpoint: (F) m_ready
              Clock: (R) CLK
           Endpoint: (F) ro_reg[2][4][6]/D
              Clock: (R) CLK

                       Capture       Launch
         Clock Edge:+    2.000        0.000
         Drv Adjust:+    0.000        0.083
        Src Latency:+   -0.154        0.000
        Net Latency:+    0.149 (P)    0.000 (I)
            Arrival:=    1.995        0.083

              Setup:-    0.057
        Uncertainty:-    0.125
      Required Time:=    1.813
       Launch Clock:=    0.083
        Input Delay:+    0.500
          Data Path:+    1.187
              Slack:=    0.044

#---------------------------------------------------------------------------------------------------------------------
# Timing Point                      Flags  Arc      Edge  Cell                          Fanout  Trans   Delay  Arrival  
#                                                                                                (ns)    (ns)     (ns)  
#---------------------------------------------------------------------------------------------------------------------
  m_ready                           -      m_ready  F     (arrival)                          2  0.171   0.005    0.588  
  g39627__3680/Y                    -      A->Y     R     NAND2_X1A_A9PP140ZTUL_C35         11  0.171   0.123    0.711  
  place_opt_inst_FE_OFC77_n_3027/Y  -      A->Y     F     INV_X1M_A9PP140ZTUL_C35           21  0.151   0.143    0.854  
  g44156/Y                          -      A->Y     F     OR2_X0P5M_A9PP140ZTUL_C35         65  0.200   0.279    1.133  
  g43623/Y                          -      A->Y     R     INV_X0P6M_A9PP140ZTUL_C35         64  0.463   0.530    1.663  
  g41104/Y                          -      A0->Y    F     OAI22_X0P5M_A9PP140ZTUL_C35        1  0.688   0.003    1.666  
  cts_opt_inst_FE_PHC1867_n_2355/Y  -      A->Y     F     BUF_X0P5M_A9PP140ZTUL_C35          1  0.137   0.058    1.724  
  cts_opt_inst_FE_PHC2282_n_2355/Y  -      A->Y     F     BUF_X1B_A9PP140ZTUL_C35            1  0.024   0.026    1.749  
  cts_opt_inst_FE_PHC3036_n_2355/Y  -      A->Y     F     BUFH_X1M_A9PP140ZTUL_C35           1  0.016   0.020    1.770  
  ro_reg[2][4][6]/D                 -      D        F     DFFRPQNA_X1M_A9PP140ZTUL_C35       1  0.011   0.000    1.770  
#---------------------------------------------------------------------------------------------------------------------
Path 98: MET (0.044 ns) Setup Check with Pin ro_reg[3][3][7]/CK->D
               View: wc_analysis_view
              Group: in2reg
         Startpoint: (F) m_ready
              Clock: (R) CLK
           Endpoint: (F) ro_reg[3][3][7]/D
              Clock: (R) CLK

                       Capture       Launch
         Clock Edge:+    2.000        0.000
         Drv Adjust:+    0.000        0.083
        Src Latency:+   -0.154        0.000
        Net Latency:+    0.156 (P)    0.000 (I)
            Arrival:=    2.002        0.083

              Setup:-    0.056
        Uncertainty:-    0.125
      Required Time:=    1.821
       Launch Clock:=    0.083
        Input Delay:+    0.500
          Data Path:+    1.194
              Slack:=    0.044

#---------------------------------------------------------------------------------------------------------------------
# Timing Point                      Flags  Arc      Edge  Cell                          Fanout  Trans   Delay  Arrival  
#                                                                                                (ns)    (ns)     (ns)  
#---------------------------------------------------------------------------------------------------------------------
  m_ready                           -      m_ready  F     (arrival)                          2  0.171   0.005    0.588  
  g39627__3680/Y                    -      A->Y     R     NAND2_X1A_A9PP140ZTUL_C35         11  0.171   0.123    0.711  
  place_opt_inst_FE_OFC77_n_3027/Y  -      A->Y     F     INV_X1M_A9PP140ZTUL_C35           21  0.151   0.143    0.854  
  g44156/Y                          -      A->Y     F     OR2_X0P5M_A9PP140ZTUL_C35         65  0.200   0.279    1.133  
  g43623/Y                          -      A->Y     R     INV_X0P6M_A9PP140ZTUL_C35         64  0.463   0.535    1.667  
  g41153/Y                          -      A0->Y    F     OAI22_X0P5M_A9PP140ZTUL_C35        1  0.688   0.005    1.672  
  cts_opt_inst_FE_PHC1758_n_2306/Y  -      A->Y     F     DLY2_X0P5M_A9PP140ZTUL_C35         1  0.139   0.083    1.755  
  cts_opt_inst_FE_PHC2672_n_2306/Y  -      A->Y     F     BUFH_X1M_A9PP140ZTUL_C35           1  0.026   0.022    1.777  
  ro_reg[3][3][7]/D                 -      D        F     DFFRPQNA_X1M_A9PP140ZTUL_C35       1  0.010   0.000    1.777  
#---------------------------------------------------------------------------------------------------------------------
Path 99: MET (0.045 ns) Setup Check with Pin ro_reg[0][5][14]/CK->D
               View: wc_analysis_view
              Group: in2reg
         Startpoint: (F) m_ready
              Clock: (R) CLK
           Endpoint: (F) ro_reg[0][5][14]/D
              Clock: (R) CLK

                       Capture       Launch
         Clock Edge:+    2.000        0.000
         Drv Adjust:+    0.000        0.083
        Src Latency:+   -0.154        0.000
        Net Latency:+    0.143 (P)    0.000 (I)
            Arrival:=    1.989        0.083

              Setup:-    0.053
        Uncertainty:-    0.125
      Required Time:=    1.811
       Launch Clock:=    0.083
        Input Delay:+    0.500
          Data Path:+    1.184
              Slack:=    0.045

#---------------------------------------------------------------------------------------------------------------------
# Timing Point                      Flags  Arc      Edge  Cell                          Fanout  Trans   Delay  Arrival  
#                                                                                                (ns)    (ns)     (ns)  
#---------------------------------------------------------------------------------------------------------------------
  m_ready                           -      m_ready  F     (arrival)                          2  0.171   0.005    0.588  
  g39627__3680/Y                    -      A->Y     R     NAND2_X1A_A9PP140ZTUL_C35         11  0.171   0.123    0.711  
  place_opt_inst_FE_OFC77_n_3027/Y  -      A->Y     F     INV_X1M_A9PP140ZTUL_C35           21  0.151   0.147    0.858  
  g44154/Y                          -      A->Y     F     OR2_X0P5M_A9PP140ZTUL_C35         65  0.200   0.281    1.140  
  g43621/Y                          -      A->Y     R     INV_X0P6M_A9PP140ZTUL_C35         64  0.455   0.495    1.635  
  g41192/Y                          -      A0->Y    F     OAI22_X0P5M_A9PP140ZTUL_C35        1  0.655   0.023    1.658  
  cts_opt_inst_FE_PHC1726_n_2267/Y  -      A->Y     F     DLY2_X0P5M_A9PP140ZTUL_C35         1  0.153   0.085    1.743  
  cts_opt_inst_FE_PHC3030_n_2267/Y  -      A->Y     F     BUFH_X1M_A9PP140ZTUL_C35           1  0.026   0.024    1.767  
  ro_reg[0][5][14]/D                -      D        F     DFFRPQNA_X1M_A9PP140ZTUL_C35       1  0.012   0.000    1.767  
#---------------------------------------------------------------------------------------------------------------------
Path 100: MET (0.045 ns) Setup Check with Pin ro_reg[1][5][14]/CK->D
               View: wc_analysis_view
              Group: in2reg
         Startpoint: (F) m_ready
              Clock: (R) CLK
           Endpoint: (F) ro_reg[1][5][14]/D
              Clock: (R) CLK

                       Capture       Launch
         Clock Edge:+    2.000        0.000
         Drv Adjust:+    0.000        0.083
        Src Latency:+   -0.154        0.000
        Net Latency:+    0.154 (P)    0.000 (I)
            Arrival:=    2.001        0.083

              Setup:-    0.057
        Uncertainty:-    0.125
      Required Time:=    1.819
       Launch Clock:=    0.083
        Input Delay:+    0.500
          Data Path:+    1.191
              Slack:=    0.045

#---------------------------------------------------------------------------------------------------------------------
# Timing Point                      Flags  Arc      Edge  Cell                          Fanout  Trans   Delay  Arrival  
#                                                                                                (ns)    (ns)     (ns)  
#---------------------------------------------------------------------------------------------------------------------
  m_ready                           -      m_ready  F     (arrival)                          2  0.171   0.005    0.588  
  g39627__3680/Y                    -      A->Y     R     NAND2_X1A_A9PP140ZTUL_C35         11  0.171   0.123    0.711  
  place_opt_inst_FE_OFC77_n_3027/Y  -      A->Y     F     INV_X1M_A9PP140ZTUL_C35           21  0.151   0.143    0.854  
  g44156/Y                          -      A->Y     F     OR2_X0P5M_A9PP140ZTUL_C35         65  0.200   0.279    1.133  
  g43623/Y                          -      A->Y     R     INV_X0P6M_A9PP140ZTUL_C35         64  0.463   0.509    1.642  
  g41064/Y                          -      A0->Y    F     OAI22_X0P5M_A9PP140ZTUL_C35        1  0.687   0.005    1.648  
  cts_opt_inst_FE_PHC1705_n_2395/Y  -      A->Y     F     DLY2_X0P5M_A9PP140ZTUL_C35         1  0.140   0.081    1.729  
  cts_opt_inst_FE_PHC2286_n_2395/Y  -      A->Y     F     BUF_X1B_A9PP140ZTUL_C35            1  0.025   0.026    1.754  
  cts_opt_inst_FE_PHC3033_n_2395/Y  -      A->Y     F     BUFH_X1M_A9PP140ZTUL_C35           1  0.016   0.020    1.774  
  ro_reg[1][5][14]/D                -      D        F     DFFRPQNA_X1M_A9PP140ZTUL_C35       1  0.011   0.000    1.774  
#---------------------------------------------------------------------------------------------------------------------

