###############################################################
#  Generated by:      Cadence Innovus 23.13-s082_1
#  OS:                Linux x86_64(Host ID mun)
#  Generated on:      Tue Jun 24 07:50:44 2025
#  Design:            axis_sa
#  Command:           report_timing -max_paths 100 -group $cg  > "${reports_path}/$this_run(stage)/${cg}.setup.timing.rpt"
###############################################################
Path 1: MET (0.000 ns) Setup Check with Pin retime_s4_86_reg/CK->D
               View: wc_analysis_view
              Group: reg2reg
         Startpoint: (R) retime_s1_6_reg/CK
              Clock: (R) CLK
           Endpoint: (F) retime_s4_86_reg/D
              Clock: (R) CLK

                       Capture       Launch
         Clock Edge:+    2.000        0.000
        Src Latency:+   -0.154       -0.154
        Net Latency:+    0.153 (P)    0.155 (P)
            Arrival:=    1.999        0.001

              Setup:-    0.052
        Uncertainty:-    0.125
      Required Time:=    1.822
       Launch Clock:=    0.001
          Data Path:+    1.820
              Slack:=    0.000

#--------------------------------------------------------------------------------------------------------------------------------------------
# Timing Point                                              Flags  Arc     Edge  Cell                          Fanout  Trans   Delay  Arrival  
#                                                                                                                       (ns)    (ns)     (ns)  
#--------------------------------------------------------------------------------------------------------------------------------------------
  retime_s1_6_reg/CK                                        -      CK      R     (arrival)                         20  0.043       -    0.001  
  retime_s1_6_reg/QN                                        -      CK->QN  R     DFFRPQNA_X1M_A9PP140ZTUL_C35       2  0.043   0.050    0.051  
  cts_opt_inst_FE_OFC246_n_2948/Y                           -      A->Y    F     INV_X2M_A9PP140ZTUL_C35           58  0.038   0.117    0.168  
  g32675/Y                                                  -      B->Y    F     AND2_X0P5B_A9PP140ZTUL_C35         2  0.208   0.078    0.247  
  g39405__2802/Y                                            -      B0->Y   R     AOI22_X0P5M_A9PP140ZTUL_C35        1  0.032   0.107    0.354  
  g39401__1617/Y                                            -      B->Y    R     AND4_X0P5M_A9PP140ZTUL_C35         1  0.188   0.038    0.392  
  g39400__3680/Y                                            -      A->Y    F     NAND3_X1A_A9PP140ZTUL_C35          1  0.025   0.023    0.415  
  place_opt_inst_FE_OFC176_AR_3__AC_7__ACC_add_31_50_n_0/Y  -      A->Y    R     INV_X2M_A9PP140ZTUL_C35           49  0.040   0.136    0.552  
  place_opt_inst_FE_OFC159_AR_3__AC_7__ACC_add_31_50_n_0/Y  -      A->Y    F     INV_X3M_A9PP140ZTUL_C35            6  0.258   0.057    0.609  
  place_opt_inst_FE_OFC174_AR_3__AC_7__ACC_add_31_50_n_0/Y  -      A->Y    R     INV_X3M_A9PP140ZTUL_C35           63  0.100   0.116    0.725  
  g44742/Y                                                  -      A->Y    R     AND2_X0P5B_A9PP140ZTUL_C35        65  0.159   0.478    1.203  
  g44723/Y                                                  -      A->Y    F     INV_X1M_A9PP140ZTUL_C35           64  0.872   0.387    1.590  
  g42414/Y                                                  -      B0->Y   F     AO22_X0P5M_A9PP140ZTUL_C35         1  0.542   0.108    1.698  
  cts_opt_inst_FE_PHC1813_n_1766/Y                          -      A->Y    F     BUF_X0P5M_A9PP140ZTUL_C35          1  0.047   0.057    1.755  
  cts_opt_inst_FE_PHC3334_n_1766/Y                          -      A->Y    F     BUFH_X1M_A9PP140ZTUL_C35           1  0.052   0.040    1.795  
  cts_opt_inst_FE_PHC2610_n_1766/Y                          -      A->Y    F     BUFH_X1M_A9PP140ZTUL_C35           1  0.029   0.027    1.822  
  retime_s4_86_reg/D                                        -      D       F     DFFRPQA_X1M_A9PP140ZTUL_C35        1  0.016   0.000    1.822  
#--------------------------------------------------------------------------------------------------------------------------------------------
Path 2: MET (0.016 ns) Setup Check with Pin retime_s4_97_reg/CK->D
               View: wc_analysis_view
              Group: reg2reg
         Startpoint: (R) retime_s1_6_reg/CK
              Clock: (R) CLK
           Endpoint: (F) retime_s4_97_reg/D
              Clock: (R) CLK

                       Capture       Launch
         Clock Edge:+    2.000        0.000
        Src Latency:+   -0.154       -0.154
        Net Latency:+    0.153 (P)    0.155 (P)
            Arrival:=    1.999        0.001

              Setup:-    0.053
        Uncertainty:-    0.125
      Required Time:=    1.821
       Launch Clock:=    0.001
          Data Path:+    1.804
              Slack:=    0.016

#--------------------------------------------------------------------------------------------------------------------------------------------
# Timing Point                                              Flags  Arc     Edge  Cell                          Fanout  Trans   Delay  Arrival  
#                                                                                                                       (ns)    (ns)     (ns)  
#--------------------------------------------------------------------------------------------------------------------------------------------
  retime_s1_6_reg/CK                                        -      CK      R     (arrival)                         20  0.043       -    0.001  
  retime_s1_6_reg/QN                                        -      CK->QN  R     DFFRPQNA_X1M_A9PP140ZTUL_C35       2  0.043   0.050    0.051  
  cts_opt_inst_FE_OFC246_n_2948/Y                           -      A->Y    F     INV_X2M_A9PP140ZTUL_C35           58  0.038   0.117    0.168  
  g32675/Y                                                  -      B->Y    F     AND2_X0P5B_A9PP140ZTUL_C35         2  0.208   0.078    0.247  
  g39405__2802/Y                                            -      B0->Y   R     AOI22_X0P5M_A9PP140ZTUL_C35        1  0.032   0.107    0.354  
  g39401__1617/Y                                            -      B->Y    R     AND4_X0P5M_A9PP140ZTUL_C35         1  0.188   0.038    0.392  
  g39400__3680/Y                                            -      A->Y    F     NAND3_X1A_A9PP140ZTUL_C35          1  0.025   0.023    0.415  
  place_opt_inst_FE_OFC176_AR_3__AC_7__ACC_add_31_50_n_0/Y  -      A->Y    R     INV_X2M_A9PP140ZTUL_C35           49  0.040   0.136    0.552  
  place_opt_inst_FE_OFC159_AR_3__AC_7__ACC_add_31_50_n_0/Y  -      A->Y    F     INV_X3M_A9PP140ZTUL_C35            6  0.258   0.057    0.609  
  place_opt_inst_FE_OFC174_AR_3__AC_7__ACC_add_31_50_n_0/Y  -      A->Y    R     INV_X3M_A9PP140ZTUL_C35           63  0.100   0.116    0.725  
  g44742/Y                                                  -      A->Y    R     AND2_X0P5B_A9PP140ZTUL_C35        65  0.159   0.478    1.203  
  g44723/Y                                                  -      A->Y    F     INV_X1M_A9PP140ZTUL_C35           64  0.872   0.387    1.590  
  g42606/Y                                                  -      B0->Y   F     AO22_X0P5M_A9PP140ZTUL_C35         1  0.542   0.105    1.696  
  cts_opt_inst_FE_PHC1790_n_1574/Y                          -      A->Y    F     BUF_X0P5M_A9PP140ZTUL_C35          1  0.045   0.051    1.747  
  cts_opt_inst_FE_PHC3333_n_1574/Y                          -      A->Y    F     BUFH_X1M_A9PP140ZTUL_C35           1  0.041   0.032    1.779  
  cts_opt_inst_FE_PHC2607_n_1574/Y                          -      A->Y    F     BUF_X1B_A9PP140ZTUL_C35            1  0.020   0.026    1.805  
  retime_s4_97_reg/D                                        -      D       F     DFFRPQA_X1M_A9PP140ZTUL_C35        1  0.019   0.000    1.805  
#--------------------------------------------------------------------------------------------------------------------------------------------
Path 3: MET (0.020 ns) Setup Check with Pin retime_s6_2_reg/CK->D
               View: wc_analysis_view
              Group: reg2reg
         Startpoint: (R) retime_s1_6_reg/CK
              Clock: (R) CLK
           Endpoint: (F) retime_s6_2_reg/D
              Clock: (R) CLK

                       Capture       Launch
         Clock Edge:+    2.000        0.000
        Src Latency:+   -0.154       -0.154
        Net Latency:+    0.152 (P)    0.155 (P)
            Arrival:=    1.999        0.001

              Setup:-    0.058
        Uncertainty:-    0.125
      Required Time:=    1.815
       Launch Clock:=    0.001
          Data Path:+    1.794
              Slack:=    0.020

#--------------------------------------------------------------------------------------------------------------------------------------------
# Timing Point                                              Flags  Arc     Edge  Cell                          Fanout  Trans   Delay  Arrival  
#                                                                                                                       (ns)    (ns)     (ns)  
#--------------------------------------------------------------------------------------------------------------------------------------------
  retime_s1_6_reg/CK                                        -      CK      R     (arrival)                         20  0.043       -    0.001  
  retime_s1_6_reg/QN                                        -      CK->QN  R     DFFRPQNA_X1M_A9PP140ZTUL_C35       2  0.043   0.050    0.051  
  cts_opt_inst_FE_OFC246_n_2948/Y                           -      A->Y    F     INV_X2M_A9PP140ZTUL_C35           58  0.038   0.117    0.168  
  g32675/Y                                                  -      B->Y    F     AND2_X0P5B_A9PP140ZTUL_C35         2  0.208   0.078    0.247  
  g39405__2802/Y                                            -      B0->Y   R     AOI22_X0P5M_A9PP140ZTUL_C35        1  0.032   0.107    0.354  
  g39401__1617/Y                                            -      B->Y    R     AND4_X0P5M_A9PP140ZTUL_C35         1  0.188   0.038    0.392  
  g39400__3680/Y                                            -      A->Y    F     NAND3_X1A_A9PP140ZTUL_C35          1  0.025   0.023    0.415  
  place_opt_inst_FE_OFC176_AR_3__AC_7__ACC_add_31_50_n_0/Y  -      A->Y    R     INV_X2M_A9PP140ZTUL_C35           49  0.040   0.136    0.552  
  place_opt_inst_FE_OFC159_AR_3__AC_7__ACC_add_31_50_n_0/Y  -      A->Y    F     INV_X3M_A9PP140ZTUL_C35            6  0.258   0.057    0.609  
  place_opt_inst_FE_OFC174_AR_3__AC_7__ACC_add_31_50_n_0/Y  -      A->Y    R     INV_X3M_A9PP140ZTUL_C35           63  0.100   0.117    0.725  
  g44741/Y                                                  -      A->Y    R     AND2_X0P5B_A9PP140ZTUL_C35        65  0.159   0.408    1.133  
  g44722/Y                                                  -      A->Y    F     INV_X1M_A9PP140ZTUL_C35           64  0.790   0.386    1.519  
  g42486/Y                                                  -      B0->Y   F     AO22_X0P5M_A9PP140ZTUL_C35         1  0.520   0.135    1.654  
  cts_opt_inst_FE_PHC1627_n_1694/Y                          -      A->Y    F     DLY4_X0P5M_A9PP140ZTUL_C35         1  0.076   0.142    1.796  
  retime_s6_2_reg/D                                         -      D       F     DFFRPQA_X1M_A9PP140ZTUL_C35        1  0.049   0.000    1.796  
#--------------------------------------------------------------------------------------------------------------------------------------------
Path 4: MET (0.023 ns) Setup Check with Pin retime_s6_14_reg/CK->D
               View: wc_analysis_view
              Group: reg2reg
         Startpoint: (R) retime_s1_6_reg/CK
              Clock: (R) CLK
           Endpoint: (F) retime_s6_14_reg/D
              Clock: (R) CLK

                       Capture       Launch
         Clock Edge:+    2.000        0.000
        Src Latency:+   -0.154       -0.154
        Net Latency:+    0.153 (P)    0.155 (P)
            Arrival:=    1.999        0.001

              Setup:-    0.058
        Uncertainty:-    0.125
      Required Time:=    1.816
       Launch Clock:=    0.001
          Data Path:+    1.793
              Slack:=    0.023

#--------------------------------------------------------------------------------------------------------------------------------------------
# Timing Point                                              Flags  Arc     Edge  Cell                          Fanout  Trans   Delay  Arrival  
#                                                                                                                       (ns)    (ns)     (ns)  
#--------------------------------------------------------------------------------------------------------------------------------------------
  retime_s1_6_reg/CK                                        -      CK      R     (arrival)                         20  0.043       -    0.001  
  retime_s1_6_reg/QN                                        -      CK->QN  R     DFFRPQNA_X1M_A9PP140ZTUL_C35       2  0.043   0.050    0.051  
  cts_opt_inst_FE_OFC246_n_2948/Y                           -      A->Y    F     INV_X2M_A9PP140ZTUL_C35           58  0.038   0.117    0.168  
  g32675/Y                                                  -      B->Y    F     AND2_X0P5B_A9PP140ZTUL_C35         2  0.208   0.078    0.247  
  g39405__2802/Y                                            -      B0->Y   R     AOI22_X0P5M_A9PP140ZTUL_C35        1  0.032   0.107    0.354  
  g39401__1617/Y                                            -      B->Y    R     AND4_X0P5M_A9PP140ZTUL_C35         1  0.188   0.038    0.392  
  g39400__3680/Y                                            -      A->Y    F     NAND3_X1A_A9PP140ZTUL_C35          1  0.025   0.023    0.415  
  place_opt_inst_FE_OFC176_AR_3__AC_7__ACC_add_31_50_n_0/Y  -      A->Y    R     INV_X2M_A9PP140ZTUL_C35           49  0.040   0.136    0.552  
  place_opt_inst_FE_OFC159_AR_3__AC_7__ACC_add_31_50_n_0/Y  -      A->Y    F     INV_X3M_A9PP140ZTUL_C35            6  0.258   0.057    0.609  
  place_opt_inst_FE_OFC174_AR_3__AC_7__ACC_add_31_50_n_0/Y  -      A->Y    R     INV_X3M_A9PP140ZTUL_C35           63  0.100   0.117    0.725  
  g44741/Y                                                  -      A->Y    R     AND2_X0P5B_A9PP140ZTUL_C35        65  0.159   0.408    1.133  
  g44722/Y                                                  -      A->Y    F     INV_X1M_A9PP140ZTUL_C35           64  0.790   0.386    1.519  
  g42538/Y                                                  -      B0->Y   F     AO22_X0P5M_A9PP140ZTUL_C35         1  0.520   0.135    1.653  
  cts_opt_inst_FE_PHC1632_n_1642/Y                          -      A->Y    F     DLY4_X0P5M_A9PP140ZTUL_C35         1  0.075   0.140    1.794  
  retime_s6_14_reg/D                                        -      D       F     DFFRPQA_X1M_A9PP140ZTUL_C35        1  0.048   0.000    1.794  
#--------------------------------------------------------------------------------------------------------------------------------------------
Path 5: MET (0.024 ns) Setup Check with Pin retime_s6_10_reg/CK->D
               View: wc_analysis_view
              Group: reg2reg
         Startpoint: (R) retime_s1_6_reg/CK
              Clock: (R) CLK
           Endpoint: (F) retime_s6_10_reg/D
              Clock: (R) CLK

                       Capture       Launch
         Clock Edge:+    2.000        0.000
        Src Latency:+   -0.154       -0.154
        Net Latency:+    0.152 (P)    0.155 (P)
            Arrival:=    1.999        0.001

              Setup:-    0.052
        Uncertainty:-    0.125
      Required Time:=    1.822
       Launch Clock:=    0.001
          Data Path:+    1.796
              Slack:=    0.024

#--------------------------------------------------------------------------------------------------------------------------------------------
# Timing Point                                              Flags  Arc     Edge  Cell                          Fanout  Trans   Delay  Arrival  
#                                                                                                                       (ns)    (ns)     (ns)  
#--------------------------------------------------------------------------------------------------------------------------------------------
  retime_s1_6_reg/CK                                        -      CK      R     (arrival)                         20  0.043       -    0.001  
  retime_s1_6_reg/QN                                        -      CK->QN  R     DFFRPQNA_X1M_A9PP140ZTUL_C35       2  0.043   0.050    0.051  
  cts_opt_inst_FE_OFC246_n_2948/Y                           -      A->Y    F     INV_X2M_A9PP140ZTUL_C35           58  0.038   0.117    0.168  
  g32675/Y                                                  -      B->Y    F     AND2_X0P5B_A9PP140ZTUL_C35         2  0.208   0.078    0.247  
  g39405__2802/Y                                            -      B0->Y   R     AOI22_X0P5M_A9PP140ZTUL_C35        1  0.032   0.107    0.354  
  g39401__1617/Y                                            -      B->Y    R     AND4_X0P5M_A9PP140ZTUL_C35         1  0.188   0.038    0.392  
  g39400__3680/Y                                            -      A->Y    F     NAND3_X1A_A9PP140ZTUL_C35          1  0.025   0.023    0.415  
  place_opt_inst_FE_OFC176_AR_3__AC_7__ACC_add_31_50_n_0/Y  -      A->Y    R     INV_X2M_A9PP140ZTUL_C35           49  0.040   0.136    0.552  
  place_opt_inst_FE_OFC159_AR_3__AC_7__ACC_add_31_50_n_0/Y  -      A->Y    F     INV_X3M_A9PP140ZTUL_C35            6  0.258   0.057    0.609  
  place_opt_inst_FE_OFC174_AR_3__AC_7__ACC_add_31_50_n_0/Y  -      A->Y    R     INV_X3M_A9PP140ZTUL_C35           63  0.100   0.117    0.725  
  g44741/Y                                                  -      A->Y    R     AND2_X0P5B_A9PP140ZTUL_C35        65  0.159   0.408    1.133  
  g44722/Y                                                  -      A->Y    F     INV_X1M_A9PP140ZTUL_C35           64  0.790   0.386    1.518  
  g42450/Y                                                  -      B0->Y   F     AO22_X0P5M_A9PP140ZTUL_C35         1  0.520   0.143    1.661  
  cts_opt_inst_FE_PHC1671_n_1730/Y                          -      A->Y    F     DLY4_X4M_A9PP140ZTUL_C35           1  0.086   0.137    1.798  
  retime_s6_10_reg/D                                        -      D       F     DFFRPQA_X1M_A9PP140ZTUL_C35        1  0.027   0.000    1.798  
#--------------------------------------------------------------------------------------------------------------------------------------------
Path 6: MET (0.025 ns) Setup Check with Pin retime_s4_84_reg/CK->D
               View: wc_analysis_view
              Group: reg2reg
         Startpoint: (R) retime_s1_6_reg/CK
              Clock: (R) CLK
           Endpoint: (F) retime_s4_84_reg/D
              Clock: (R) CLK

                       Capture       Launch
         Clock Edge:+    2.000        0.000
        Src Latency:+   -0.154       -0.154
        Net Latency:+    0.153 (P)    0.155 (P)
            Arrival:=    1.999        0.001

              Setup:-    0.053
        Uncertainty:-    0.125
      Required Time:=    1.821
       Launch Clock:=    0.001
          Data Path:+    1.795
              Slack:=    0.025

#--------------------------------------------------------------------------------------------------------------------------------------------
# Timing Point                                              Flags  Arc     Edge  Cell                          Fanout  Trans   Delay  Arrival  
#                                                                                                                       (ns)    (ns)     (ns)  
#--------------------------------------------------------------------------------------------------------------------------------------------
  retime_s1_6_reg/CK                                        -      CK      R     (arrival)                         20  0.043       -    0.001  
  retime_s1_6_reg/QN                                        -      CK->QN  R     DFFRPQNA_X1M_A9PP140ZTUL_C35       2  0.043   0.050    0.051  
  cts_opt_inst_FE_OFC246_n_2948/Y                           -      A->Y    F     INV_X2M_A9PP140ZTUL_C35           58  0.038   0.117    0.168  
  g32675/Y                                                  -      B->Y    F     AND2_X0P5B_A9PP140ZTUL_C35         2  0.208   0.078    0.247  
  g39405__2802/Y                                            -      B0->Y   R     AOI22_X0P5M_A9PP140ZTUL_C35        1  0.032   0.107    0.354  
  g39401__1617/Y                                            -      B->Y    R     AND4_X0P5M_A9PP140ZTUL_C35         1  0.188   0.038    0.392  
  g39400__3680/Y                                            -      A->Y    F     NAND3_X1A_A9PP140ZTUL_C35          1  0.025   0.023    0.415  
  place_opt_inst_FE_OFC176_AR_3__AC_7__ACC_add_31_50_n_0/Y  -      A->Y    R     INV_X2M_A9PP140ZTUL_C35           49  0.040   0.136    0.552  
  place_opt_inst_FE_OFC159_AR_3__AC_7__ACC_add_31_50_n_0/Y  -      A->Y    F     INV_X3M_A9PP140ZTUL_C35            6  0.258   0.057    0.609  
  place_opt_inst_FE_OFC174_AR_3__AC_7__ACC_add_31_50_n_0/Y  -      A->Y    R     INV_X3M_A9PP140ZTUL_C35           63  0.100   0.116    0.725  
  g44742/Y                                                  -      A->Y    R     AND2_X0P5B_A9PP140ZTUL_C35        65  0.159   0.478    1.203  
  g44723/Y                                                  -      A->Y    F     INV_X1M_A9PP140ZTUL_C35           64  0.872   0.387    1.590  
  g42478/Y                                                  -      B0->Y   F     AO22_X0P5M_A9PP140ZTUL_C35         1  0.542   0.107    1.697  
  cts_opt_inst_FE_PHC1833_n_1702/Y                          -      A->Y    F     BUF_X0P5M_A9PP140ZTUL_C35          1  0.046   0.046    1.743  
  cts_opt_inst_FE_PHC3044_n_1702/Y                          -      A->Y    F     BUFH_X1M_A9PP140ZTUL_C35           1  0.033   0.028    1.771  
  cts_opt_inst_FE_PHC2606_n_1702/Y                          -      A->Y    F     BUF_X1B_A9PP140ZTUL_C35            1  0.017   0.025    1.796  
  retime_s4_84_reg/D                                        -      D       F     DFFRPQA_X1M_A9PP140ZTUL_C35        1  0.018   0.000    1.796  
#--------------------------------------------------------------------------------------------------------------------------------------------
Path 7: MET (0.028 ns) Setup Check with Pin retime_s5_113_reg/CK->D
               View: wc_analysis_view
              Group: reg2reg
         Startpoint: (R) retime_s1_6_reg/CK
              Clock: (R) CLK
           Endpoint: (F) retime_s5_113_reg/D
              Clock: (R) CLK

                       Capture       Launch
         Clock Edge:+    2.000        0.000
        Src Latency:+   -0.154       -0.154
        Net Latency:+    0.154 (P)    0.155 (P)
            Arrival:=    2.000        0.001

              Setup:-    0.057
        Uncertainty:-    0.125
      Required Time:=    1.818
       Launch Clock:=    0.001
          Data Path:+    1.789
              Slack:=    0.028

#--------------------------------------------------------------------------------------------------------------------------------------------
# Timing Point                                              Flags  Arc     Edge  Cell                          Fanout  Trans   Delay  Arrival  
#                                                                                                                       (ns)    (ns)     (ns)  
#--------------------------------------------------------------------------------------------------------------------------------------------
  retime_s1_6_reg/CK                                        -      CK      R     (arrival)                         20  0.043       -    0.001  
  retime_s1_6_reg/QN                                        -      CK->QN  R     DFFRPQNA_X1M_A9PP140ZTUL_C35       2  0.043   0.050    0.051  
  cts_opt_inst_FE_OFC246_n_2948/Y                           -      A->Y    F     INV_X2M_A9PP140ZTUL_C35           58  0.038   0.117    0.168  
  g32675/Y                                                  -      B->Y    F     AND2_X0P5B_A9PP140ZTUL_C35         2  0.208   0.078    0.247  
  g39405__2802/Y                                            -      B0->Y   R     AOI22_X0P5M_A9PP140ZTUL_C35        1  0.032   0.107    0.354  
  g39401__1617/Y                                            -      B->Y    R     AND4_X0P5M_A9PP140ZTUL_C35         1  0.188   0.038    0.392  
  g39400__3680/Y                                            -      A->Y    F     NAND3_X1A_A9PP140ZTUL_C35          1  0.025   0.023    0.415  
  place_opt_inst_FE_OFC176_AR_3__AC_7__ACC_add_31_50_n_0/Y  -      A->Y    R     INV_X2M_A9PP140ZTUL_C35           49  0.040   0.136    0.552  
  place_opt_inst_FE_OFC159_AR_3__AC_7__ACC_add_31_50_n_0/Y  -      A->Y    F     INV_X3M_A9PP140ZTUL_C35            6  0.258   0.057    0.609  
  place_opt_inst_FE_OFC174_AR_3__AC_7__ACC_add_31_50_n_0/Y  -      A->Y    R     INV_X3M_A9PP140ZTUL_C35           63  0.100   0.117    0.725  
  g44741/Y                                                  -      A->Y    R     AND2_X0P5B_A9PP140ZTUL_C35        65  0.159   0.408    1.133  
  g44722/Y                                                  -      A->Y    F     INV_X1M_A9PP140ZTUL_C35           64  0.790   0.387    1.520  
  g42613/Y                                                  -      B0->Y   F     AO22_X0P5M_A9PP140ZTUL_C35         1  0.520   0.132    1.651  
  cts_opt_inst_FE_PHC1636_n_1567/Y                          -      A->Y    F     DLY4_X0P5M_A9PP140ZTUL_C35         1  0.074   0.138    1.790  
  retime_s5_113_reg/D                                       -      D       F     DFFRPQA_X1M_A9PP140ZTUL_C35        1  0.045   0.000    1.790  
#--------------------------------------------------------------------------------------------------------------------------------------------
Path 8: MET (0.028 ns) Setup Check with Pin retime_s6_13_reg/CK->D
               View: wc_analysis_view
              Group: reg2reg
         Startpoint: (R) retime_s1_6_reg/CK
              Clock: (R) CLK
           Endpoint: (F) retime_s6_13_reg/D
              Clock: (R) CLK

                       Capture       Launch
         Clock Edge:+    2.000        0.000
        Src Latency:+   -0.154       -0.154
        Net Latency:+    0.153 (P)    0.155 (P)
            Arrival:=    2.000        0.001

              Setup:-    0.057
        Uncertainty:-    0.125
      Required Time:=    1.817
       Launch Clock:=    0.001
          Data Path:+    1.788
              Slack:=    0.028

#--------------------------------------------------------------------------------------------------------------------------------------------
# Timing Point                                              Flags  Arc     Edge  Cell                          Fanout  Trans   Delay  Arrival  
#                                                                                                                       (ns)    (ns)     (ns)  
#--------------------------------------------------------------------------------------------------------------------------------------------
  retime_s1_6_reg/CK                                        -      CK      R     (arrival)                         20  0.043       -    0.001  
  retime_s1_6_reg/QN                                        -      CK->QN  R     DFFRPQNA_X1M_A9PP140ZTUL_C35       2  0.043   0.050    0.051  
  cts_opt_inst_FE_OFC246_n_2948/Y                           -      A->Y    F     INV_X2M_A9PP140ZTUL_C35           58  0.038   0.117    0.168  
  g32675/Y                                                  -      B->Y    F     AND2_X0P5B_A9PP140ZTUL_C35         2  0.208   0.078    0.247  
  g39405__2802/Y                                            -      B0->Y   R     AOI22_X0P5M_A9PP140ZTUL_C35        1  0.032   0.107    0.354  
  g39401__1617/Y                                            -      B->Y    R     AND4_X0P5M_A9PP140ZTUL_C35         1  0.188   0.038    0.392  
  g39400__3680/Y                                            -      A->Y    F     NAND3_X1A_A9PP140ZTUL_C35          1  0.025   0.023    0.415  
  place_opt_inst_FE_OFC176_AR_3__AC_7__ACC_add_31_50_n_0/Y  -      A->Y    R     INV_X2M_A9PP140ZTUL_C35           49  0.040   0.136    0.552  
  place_opt_inst_FE_OFC159_AR_3__AC_7__ACC_add_31_50_n_0/Y  -      A->Y    F     INV_X3M_A9PP140ZTUL_C35            6  0.258   0.057    0.609  
  place_opt_inst_FE_OFC174_AR_3__AC_7__ACC_add_31_50_n_0/Y  -      A->Y    R     INV_X3M_A9PP140ZTUL_C35           63  0.100   0.117    0.725  
  g44741/Y                                                  -      A->Y    R     AND2_X0P5B_A9PP140ZTUL_C35        65  0.159   0.408    1.133  
  g44722/Y                                                  -      A->Y    F     INV_X1M_A9PP140ZTUL_C35           64  0.790   0.386    1.519  
  g42487/Y                                                  -      B0->Y   F     AO22_X0P5M_A9PP140ZTUL_C35         1  0.520   0.132    1.651  
  cts_opt_inst_FE_PHC1623_n_1693/Y                          -      A->Y    F     DLY4_X0P5M_A9PP140ZTUL_C35         1  0.072   0.138    1.789  
  retime_s6_13_reg/D                                        -      D       F     DFFRPQA_X1M_A9PP140ZTUL_C35        1  0.046   0.000    1.789  
#--------------------------------------------------------------------------------------------------------------------------------------------
Path 9: MET (0.029 ns) Setup Check with Pin retime_s6_17_reg/CK->D
               View: wc_analysis_view
              Group: reg2reg
         Startpoint: (R) retime_s1_6_reg/CK
              Clock: (R) CLK
           Endpoint: (F) retime_s6_17_reg/D
              Clock: (R) CLK

                       Capture       Launch
         Clock Edge:+    2.000        0.000
        Src Latency:+   -0.154       -0.154
        Net Latency:+    0.154 (P)    0.155 (P)
            Arrival:=    2.000        0.001

              Setup:-    0.057
        Uncertainty:-    0.125
      Required Time:=    1.818
       Launch Clock:=    0.001
          Data Path:+    1.788
              Slack:=    0.029

#--------------------------------------------------------------------------------------------------------------------------------------------
# Timing Point                                              Flags  Arc     Edge  Cell                          Fanout  Trans   Delay  Arrival  
#                                                                                                                       (ns)    (ns)     (ns)  
#--------------------------------------------------------------------------------------------------------------------------------------------
  retime_s1_6_reg/CK                                        -      CK      R     (arrival)                         20  0.043       -    0.001  
  retime_s1_6_reg/QN                                        -      CK->QN  R     DFFRPQNA_X1M_A9PP140ZTUL_C35       2  0.043   0.050    0.051  
  cts_opt_inst_FE_OFC246_n_2948/Y                           -      A->Y    F     INV_X2M_A9PP140ZTUL_C35           58  0.038   0.117    0.168  
  g32675/Y                                                  -      B->Y    F     AND2_X0P5B_A9PP140ZTUL_C35         2  0.208   0.078    0.247  
  g39405__2802/Y                                            -      B0->Y   R     AOI22_X0P5M_A9PP140ZTUL_C35        1  0.032   0.107    0.354  
  g39401__1617/Y                                            -      B->Y    R     AND4_X0P5M_A9PP140ZTUL_C35         1  0.188   0.038    0.392  
  g39400__3680/Y                                            -      A->Y    F     NAND3_X1A_A9PP140ZTUL_C35          1  0.025   0.023    0.415  
  place_opt_inst_FE_OFC176_AR_3__AC_7__ACC_add_31_50_n_0/Y  -      A->Y    R     INV_X2M_A9PP140ZTUL_C35           49  0.040   0.136    0.552  
  place_opt_inst_FE_OFC159_AR_3__AC_7__ACC_add_31_50_n_0/Y  -      A->Y    F     INV_X3M_A9PP140ZTUL_C35            6  0.258   0.057    0.609  
  place_opt_inst_FE_OFC174_AR_3__AC_7__ACC_add_31_50_n_0/Y  -      A->Y    R     INV_X3M_A9PP140ZTUL_C35           63  0.100   0.117    0.725  
  g44741/Y                                                  -      A->Y    R     AND2_X0P5B_A9PP140ZTUL_C35        65  0.159   0.408    1.133  
  g44722/Y                                                  -      A->Y    F     INV_X1M_A9PP140ZTUL_C35           64  0.790   0.386    1.519  
  g42558/Y                                                  -      B0->Y   F     AO22_X0P5M_A9PP140ZTUL_C35         1  0.520   0.132    1.651  
  cts_opt_inst_FE_PHC1628_n_1622/Y                          -      A->Y    F     DLY4_X0P5M_A9PP140ZTUL_C35         1  0.072   0.138    1.789  
  retime_s6_17_reg/D                                        -      D       F     DFFRPQA_X1M_A9PP140ZTUL_C35        1  0.046   0.000    1.789  
#--------------------------------------------------------------------------------------------------------------------------------------------
Path 10: MET (0.036 ns) Setup Check with Pin retime_s6_16_reg/CK->D
               View: wc_analysis_view
              Group: reg2reg
         Startpoint: (R) retime_s1_6_reg/CK
              Clock: (R) CLK
           Endpoint: (F) retime_s6_16_reg/D
              Clock: (R) CLK

                       Capture       Launch
         Clock Edge:+    2.000        0.000
        Src Latency:+   -0.154       -0.154
        Net Latency:+    0.154 (P)    0.155 (P)
            Arrival:=    2.000        0.001

              Setup:-    0.056
        Uncertainty:-    0.125
      Required Time:=    1.819
       Launch Clock:=    0.001
          Data Path:+    1.782
              Slack:=    0.036

#--------------------------------------------------------------------------------------------------------------------------------------------
# Timing Point                                              Flags  Arc     Edge  Cell                          Fanout  Trans   Delay  Arrival  
#                                                                                                                       (ns)    (ns)     (ns)  
#--------------------------------------------------------------------------------------------------------------------------------------------
  retime_s1_6_reg/CK                                        -      CK      R     (arrival)                         20  0.043       -    0.001  
  retime_s1_6_reg/QN                                        -      CK->QN  R     DFFRPQNA_X1M_A9PP140ZTUL_C35       2  0.043   0.050    0.051  
  cts_opt_inst_FE_OFC246_n_2948/Y                           -      A->Y    F     INV_X2M_A9PP140ZTUL_C35           58  0.038   0.117    0.168  
  g32675/Y                                                  -      B->Y    F     AND2_X0P5B_A9PP140ZTUL_C35         2  0.208   0.078    0.247  
  g39405__2802/Y                                            -      B0->Y   R     AOI22_X0P5M_A9PP140ZTUL_C35        1  0.032   0.107    0.354  
  g39401__1617/Y                                            -      B->Y    R     AND4_X0P5M_A9PP140ZTUL_C35         1  0.188   0.038    0.392  
  g39400__3680/Y                                            -      A->Y    F     NAND3_X1A_A9PP140ZTUL_C35          1  0.025   0.023    0.415  
  place_opt_inst_FE_OFC176_AR_3__AC_7__ACC_add_31_50_n_0/Y  -      A->Y    R     INV_X2M_A9PP140ZTUL_C35           49  0.040   0.136    0.552  
  place_opt_inst_FE_OFC159_AR_3__AC_7__ACC_add_31_50_n_0/Y  -      A->Y    F     INV_X3M_A9PP140ZTUL_C35            6  0.258   0.057    0.609  
  place_opt_inst_FE_OFC174_AR_3__AC_7__ACC_add_31_50_n_0/Y  -      A->Y    R     INV_X3M_A9PP140ZTUL_C35           63  0.100   0.117    0.725  
  g44741/Y                                                  -      A->Y    R     AND2_X0P5B_A9PP140ZTUL_C35        65  0.159   0.408    1.133  
  g44722/Y                                                  -      A->Y    F     INV_X1M_A9PP140ZTUL_C35           64  0.790   0.387    1.519  
  g42571/Y                                                  -      B0->Y   F     AO22_X0P5M_A9PP140ZTUL_C35         1  0.520   0.129    1.648  
  cts_opt_inst_FE_PHC1624_n_1609/Y                          -      A->Y    F     DLY4_X0P5M_A9PP140ZTUL_C35         1  0.071   0.135    1.783  
  retime_s6_16_reg/D                                        -      D       F     DFFRPQA_X1M_A9PP140ZTUL_C35        1  0.042   0.000    1.783  
#--------------------------------------------------------------------------------------------------------------------------------------------
Path 11: MET (0.037 ns) Setup Check with Pin retime_s5_86_reg/CK->D
               View: wc_analysis_view
              Group: reg2reg
         Startpoint: (R) retime_s1_6_reg/CK
              Clock: (R) CLK
           Endpoint: (F) retime_s5_86_reg/D
              Clock: (R) CLK

                       Capture       Launch
         Clock Edge:+    2.000        0.000
        Src Latency:+   -0.154       -0.154
        Net Latency:+    0.150 (P)    0.155 (P)
            Arrival:=    1.996        0.001

              Setup:-    0.051
        Uncertainty:-    0.125
      Required Time:=    1.820
       Launch Clock:=    0.001
          Data Path:+    1.782
              Slack:=    0.037

#--------------------------------------------------------------------------------------------------------------------------------------------
# Timing Point                                              Flags  Arc     Edge  Cell                          Fanout  Trans   Delay  Arrival  
#                                                                                                                       (ns)    (ns)     (ns)  
#--------------------------------------------------------------------------------------------------------------------------------------------
  retime_s1_6_reg/CK                                        -      CK      R     (arrival)                         20  0.043       -    0.001  
  retime_s1_6_reg/QN                                        -      CK->QN  R     DFFRPQNA_X1M_A9PP140ZTUL_C35       2  0.043   0.050    0.051  
  cts_opt_inst_FE_OFC246_n_2948/Y                           -      A->Y    F     INV_X2M_A9PP140ZTUL_C35           58  0.038   0.117    0.168  
  g32675/Y                                                  -      B->Y    F     AND2_X0P5B_A9PP140ZTUL_C35         2  0.208   0.078    0.247  
  g39405__2802/Y                                            -      B0->Y   R     AOI22_X0P5M_A9PP140ZTUL_C35        1  0.032   0.107    0.354  
  g39401__1617/Y                                            -      B->Y    R     AND4_X0P5M_A9PP140ZTUL_C35         1  0.188   0.038    0.392  
  g39400__3680/Y                                            -      A->Y    F     NAND3_X1A_A9PP140ZTUL_C35          1  0.025   0.023    0.415  
  place_opt_inst_FE_OFC176_AR_3__AC_7__ACC_add_31_50_n_0/Y  -      A->Y    R     INV_X2M_A9PP140ZTUL_C35           49  0.040   0.136    0.552  
  place_opt_inst_FE_OFC159_AR_3__AC_7__ACC_add_31_50_n_0/Y  -      A->Y    F     INV_X3M_A9PP140ZTUL_C35            6  0.258   0.057    0.609  
  place_opt_inst_FE_OFC174_AR_3__AC_7__ACC_add_31_50_n_0/Y  -      A->Y    R     INV_X3M_A9PP140ZTUL_C35           63  0.100   0.116    0.725  
  g44740/Y                                                  -      A->Y    R     AND2_X0P5B_A9PP140ZTUL_C35        65  0.159   0.474    1.198  
  g44721/Y                                                  -      A->Y    F     INV_X1M_A9PP140ZTUL_C35           64  0.858   0.405    1.603  
  g42484/Y                                                  -      B0->Y   F     AO22_X0P5M_A9PP140ZTUL_C35         1  0.543   0.106    1.709  
  cts_opt_inst_FE_PHC1846_n_1696/Y                          -      A->Y    F     BUF_X1B_A9PP140ZTUL_C35            1  0.045   0.034    1.743  
  cts_opt_inst_FE_PHC3124_n_1696/Y                          -      A->Y    F     BUFH_X1M_A9PP140ZTUL_C35           1  0.022   0.023    1.765  
  cts_opt_inst_FE_PHC2633_n_1696/Y                          -      A->Y    F     BUFH_X1M_A9PP140ZTUL_C35           1  0.013   0.018    1.783  
  retime_s5_86_reg/D                                        -      D       F     DFFRPQA_X1M_A9PP140ZTUL_C35        1  0.009   0.000    1.783  
#--------------------------------------------------------------------------------------------------------------------------------------------
Path 12: MET (0.040 ns) Setup Check with Pin retime_s6_57_reg/CK->D
               View: wc_analysis_view
              Group: reg2reg
         Startpoint: (R) retime_s1_6_reg/CK
              Clock: (R) CLK
           Endpoint: (F) retime_s6_57_reg/D
              Clock: (R) CLK

                       Capture       Launch
         Clock Edge:+    2.000        0.000
        Src Latency:+   -0.154       -0.154
        Net Latency:+    0.155 (P)    0.155 (P)
            Arrival:=    2.001        0.001

              Setup:-    0.062
        Uncertainty:-    0.125
      Required Time:=    1.815
       Launch Clock:=    0.001
          Data Path:+    1.773
              Slack:=    0.040

#--------------------------------------------------------------------------------------------------------------------------------------------
# Timing Point                                              Flags  Arc     Edge  Cell                          Fanout  Trans   Delay  Arrival  
#                                                                                                                       (ns)    (ns)     (ns)  
#--------------------------------------------------------------------------------------------------------------------------------------------
  retime_s1_6_reg/CK                                        -      CK      R     (arrival)                         20  0.043       -    0.001  
  retime_s1_6_reg/QN                                        -      CK->QN  R     DFFRPQNA_X1M_A9PP140ZTUL_C35       2  0.043   0.050    0.051  
  cts_opt_inst_FE_OFC246_n_2948/Y                           -      A->Y    F     INV_X2M_A9PP140ZTUL_C35           58  0.038   0.117    0.168  
  g32675/Y                                                  -      B->Y    F     AND2_X0P5B_A9PP140ZTUL_C35         2  0.208   0.078    0.247  
  g39405__2802/Y                                            -      B0->Y   R     AOI22_X0P5M_A9PP140ZTUL_C35        1  0.032   0.107    0.354  
  g39401__1617/Y                                            -      B->Y    R     AND4_X0P5M_A9PP140ZTUL_C35         1  0.188   0.038    0.392  
  g39400__3680/Y                                            -      A->Y    F     NAND3_X1A_A9PP140ZTUL_C35          1  0.025   0.023    0.415  
  place_opt_inst_FE_OFC176_AR_3__AC_7__ACC_add_31_50_n_0/Y  -      A->Y    R     INV_X2M_A9PP140ZTUL_C35           49  0.040   0.136    0.552  
  place_opt_inst_FE_OFC159_AR_3__AC_7__ACC_add_31_50_n_0/Y  -      A->Y    F     INV_X3M_A9PP140ZTUL_C35            6  0.258   0.057    0.609  
  place_opt_inst_FE_OFC174_AR_3__AC_7__ACC_add_31_50_n_0/Y  -      A->Y    R     INV_X3M_A9PP140ZTUL_C35           63  0.100   0.117    0.725  
  g44741/Y                                                  -      A->Y    R     AND2_X0P5B_A9PP140ZTUL_C35        65  0.159   0.408    1.133  
  g44722/Y                                                  -      A->Y    F     INV_X1M_A9PP140ZTUL_C35           64  0.790   0.366    1.499  
  g42614/Y                                                  -      B0->Y   F     AO22_X0P5M_A9PP140ZTUL_C35         1  0.518   0.133    1.633  
  cts_opt_inst_FE_PHC1582_n_1566/Y                          -      A->Y    F     DLY4_X0P5M_A9PP140ZTUL_C35         1  0.076   0.142    1.774  
  retime_s6_57_reg/D                                        -      D       F     DFFRPQA_X1M_A9PP140ZTUL_C35        1  0.050   0.000    1.774  
#--------------------------------------------------------------------------------------------------------------------------------------------
Path 13: MET (0.045 ns) Setup Check with Pin retime_s4_32_reg/CK->D
               View: wc_analysis_view
              Group: reg2reg
         Startpoint: (R) retime_s1_6_reg/CK
              Clock: (R) CLK
           Endpoint: (F) retime_s4_32_reg/D
              Clock: (R) CLK

                       Capture       Launch
         Clock Edge:+    2.000        0.000
        Src Latency:+   -0.154       -0.154
        Net Latency:+    0.150 (P)    0.155 (P)
            Arrival:=    1.996        0.001

              Setup:-    0.056
        Uncertainty:-    0.125
      Required Time:=    1.815
       Launch Clock:=    0.001
          Data Path:+    1.769
              Slack:=    0.045

#--------------------------------------------------------------------------------------------------------------------------------------------
# Timing Point                                              Flags  Arc     Edge  Cell                          Fanout  Trans   Delay  Arrival  
#                                                                                                                       (ns)    (ns)     (ns)  
#--------------------------------------------------------------------------------------------------------------------------------------------
  retime_s1_6_reg/CK                                        -      CK      R     (arrival)                         20  0.043       -    0.001  
  retime_s1_6_reg/QN                                        -      CK->QN  R     DFFRPQNA_X1M_A9PP140ZTUL_C35       2  0.043   0.050    0.051  
  cts_opt_inst_FE_OFC246_n_2948/Y                           -      A->Y    F     INV_X2M_A9PP140ZTUL_C35           58  0.038   0.117    0.168  
  g32675/Y                                                  -      B->Y    F     AND2_X0P5B_A9PP140ZTUL_C35         2  0.208   0.078    0.247  
  g39405__2802/Y                                            -      B0->Y   R     AOI22_X0P5M_A9PP140ZTUL_C35        1  0.032   0.107    0.354  
  g39401__1617/Y                                            -      B->Y    R     AND4_X0P5M_A9PP140ZTUL_C35         1  0.188   0.038    0.392  
  g39400__3680/Y                                            -      A->Y    F     NAND3_X1A_A9PP140ZTUL_C35          1  0.025   0.023    0.415  
  place_opt_inst_FE_OFC176_AR_3__AC_7__ACC_add_31_50_n_0/Y  -      A->Y    R     INV_X2M_A9PP140ZTUL_C35           49  0.040   0.136    0.552  
  place_opt_inst_FE_OFC159_AR_3__AC_7__ACC_add_31_50_n_0/Y  -      A->Y    F     INV_X3M_A9PP140ZTUL_C35            6  0.258   0.057    0.609  
  place_opt_inst_FE_OFC174_AR_3__AC_7__ACC_add_31_50_n_0/Y  -      A->Y    R     INV_X3M_A9PP140ZTUL_C35           63  0.100   0.116    0.725  
  g44742/Y                                                  -      A->Y    R     AND2_X0P5B_A9PP140ZTUL_C35        65  0.159   0.478    1.203  
  g44723/Y                                                  -      A->Y    F     INV_X1M_A9PP140ZTUL_C35           64  0.872   0.388    1.591  
  g42477/Y                                                  -      B0->Y   F     AO22_X0P5M_A9PP140ZTUL_C35         1  0.542   0.136    1.727  
  cts_opt_inst_FE_PHC3037_n_1703/Y                          -      A->Y    F     BUFH_X1M_A9PP140ZTUL_C35           1  0.076   0.043    1.770  
  retime_s4_32_reg/D                                        -      D       F     DFFRPQA_X1M_A9PP140ZTUL_C35        1  0.027   0.000    1.770  
#--------------------------------------------------------------------------------------------------------------------------------------------
Path 14: MET (0.051 ns) Setup Check with Pin retime_s5_59_reg/CK->D
               View: wc_analysis_view
              Group: reg2reg
         Startpoint: (R) retime_s1_6_reg/CK
              Clock: (R) CLK
           Endpoint: (F) retime_s5_59_reg/D
              Clock: (R) CLK

                       Capture       Launch
         Clock Edge:+    2.000        0.000
        Src Latency:+   -0.154       -0.154
        Net Latency:+    0.157 (P)    0.155 (P)
            Arrival:=    2.003        0.001

              Setup:-    0.056
        Uncertainty:-    0.125
      Required Time:=    1.823
       Launch Clock:=    0.001
          Data Path:+    1.770
              Slack:=    0.051

#--------------------------------------------------------------------------------------------------------------------------------------------
# Timing Point                                              Flags  Arc     Edge  Cell                          Fanout  Trans   Delay  Arrival  
#                                                                                                                       (ns)    (ns)     (ns)  
#--------------------------------------------------------------------------------------------------------------------------------------------
  retime_s1_6_reg/CK                                        -      CK      R     (arrival)                         20  0.043       -    0.001  
  retime_s1_6_reg/QN                                        -      CK->QN  R     DFFRPQNA_X1M_A9PP140ZTUL_C35       2  0.043   0.050    0.051  
  cts_opt_inst_FE_OFC246_n_2948/Y                           -      A->Y    F     INV_X2M_A9PP140ZTUL_C35           58  0.038   0.117    0.168  
  g32675/Y                                                  -      B->Y    F     AND2_X0P5B_A9PP140ZTUL_C35         2  0.208   0.078    0.247  
  g39405__2802/Y                                            -      B0->Y   R     AOI22_X0P5M_A9PP140ZTUL_C35        1  0.032   0.107    0.354  
  g39401__1617/Y                                            -      B->Y    R     AND4_X0P5M_A9PP140ZTUL_C35         1  0.188   0.038    0.392  
  g39400__3680/Y                                            -      A->Y    F     NAND3_X1A_A9PP140ZTUL_C35          1  0.025   0.023    0.415  
  place_opt_inst_FE_OFC176_AR_3__AC_7__ACC_add_31_50_n_0/Y  -      A->Y    R     INV_X2M_A9PP140ZTUL_C35           49  0.040   0.136    0.552  
  place_opt_inst_FE_OFC159_AR_3__AC_7__ACC_add_31_50_n_0/Y  -      A->Y    F     INV_X3M_A9PP140ZTUL_C35            6  0.258   0.057    0.609  
  place_opt_inst_FE_OFC174_AR_3__AC_7__ACC_add_31_50_n_0/Y  -      A->Y    R     INV_X3M_A9PP140ZTUL_C35           63  0.100   0.117    0.725  
  g44741/Y                                                  -      A->Y    R     AND2_X0P5B_A9PP140ZTUL_C35        65  0.159   0.408    1.133  
  g44722/Y                                                  -      A->Y    F     INV_X1M_A9PP140ZTUL_C35           64  0.790   0.389    1.522  
  g42263/Y                                                  -      B0->Y   F     AO22_X0P5M_A9PP140ZTUL_C35         1  0.520   0.122    1.644  
  cts_opt_inst_FE_PHC1644_n_1917/Y                          -      A->Y    F     DLY4_X0P5M_A9PP140ZTUL_C35         1  0.062   0.128    1.772  
  retime_s5_59_reg/D                                        -      D       F     DFFRPQA_X1M_A9PP140ZTUL_C35        1  0.036   0.000    1.772  
#--------------------------------------------------------------------------------------------------------------------------------------------
Path 15: MET (0.051 ns) Setup Check with Pin AR[1].AC[2].ACC_add_31_50_retime_s3_173_reg/CK->D
               View: wc_analysis_view
              Group: reg2reg
         Startpoint: (R) retime_s1_6_reg/CK
              Clock: (R) CLK
           Endpoint: (F) AR[1].AC[2].ACC_add_31_50_retime_s3_173_reg/D
              Clock: (R) CLK

                       Capture       Launch
         Clock Edge:+    2.000        0.000
        Src Latency:+   -0.154       -0.154
        Net Latency:+    0.156 (P)    0.155 (P)
            Arrival:=    2.003        0.001

              Setup:-    0.060
        Uncertainty:-    0.125
      Required Time:=    1.817
       Launch Clock:=    0.001
          Data Path:+    1.765
              Slack:=    0.051

#--------------------------------------------------------------------------------------------------------------------------------------------
# Timing Point                                              Flags  Arc     Edge  Cell                          Fanout  Trans   Delay  Arrival  
#                                                                                                                       (ns)    (ns)     (ns)  
#--------------------------------------------------------------------------------------------------------------------------------------------
  retime_s1_6_reg/CK                                        -      CK      R     (arrival)                         20  0.043       -    0.001  
  retime_s1_6_reg/QN                                        -      CK->QN  R     DFFRPQNA_X1M_A9PP140ZTUL_C35       2  0.043   0.050    0.051  
  cts_opt_inst_FE_OFC246_n_2948/Y                           -      A->Y    F     INV_X2M_A9PP140ZTUL_C35           58  0.038   0.117    0.168  
  g32675/Y                                                  -      B->Y    F     AND2_X0P5B_A9PP140ZTUL_C35         2  0.208   0.078    0.247  
  g39405__2802/Y                                            -      B0->Y   R     AOI22_X0P5M_A9PP140ZTUL_C35        1  0.032   0.107    0.354  
  g39401__1617/Y                                            -      B->Y    R     AND4_X0P5M_A9PP140ZTUL_C35         1  0.188   0.038    0.392  
  g39400__3680/Y                                            -      A->Y    F     NAND3_X1A_A9PP140ZTUL_C35          1  0.025   0.023    0.415  
  place_opt_inst_FE_OFC176_AR_3__AC_7__ACC_add_31_50_n_0/Y  -      A->Y    R     INV_X2M_A9PP140ZTUL_C35           49  0.040   0.136    0.552  
  place_opt_inst_FE_OFC159_AR_3__AC_7__ACC_add_31_50_n_0/Y  -      A->Y    F     INV_X3M_A9PP140ZTUL_C35            6  0.258   0.057    0.609  
  place_opt_inst_FE_OFC174_AR_3__AC_7__ACC_add_31_50_n_0/Y  -      A->Y    R     INV_X3M_A9PP140ZTUL_C35           63  0.100   0.115    0.724  
  g39398__6783/Y                                            -      A->Y    R     AND2_X1M_A9PP140ZTUL_C35          75  0.159   0.326    1.050  
  place_opt_inst_FE_OFC121_AR_0__AC_3__ACC_n_156/Y          -      A->Y    F     INV_X1M_A9PP140ZTUL_C35           51  0.569   0.261    1.311  
  place_opt_inst_FE_OFC228_AR_0__AC_3__ACC_n_156/Y          -      A->Y    F     BUF_X1M_A9PP140ZTUL_C35           70  0.364   0.265    1.576  
  AR[1].AC[2].ACC_add_31_50_g1112/Y                         -      A0->Y   F     AO22_X0P5M_A9PP140ZTUL_C35         1  0.367   0.113    1.689  
  cts_opt_inst_FE_PHC2511_AR_1_AC_2_ACC_add_31_50_n_5/Y     -      A->Y    F     DLY2_X0P5M_A9PP140ZTUL_C35         1  0.061   0.077    1.766  
  AR[1].AC[2].ACC_add_31_50_retime_s3_173_reg/D             -      D       F     DFFRPQA_X1M_A9PP140ZTUL_C35        1  0.046   0.000    1.766  
#--------------------------------------------------------------------------------------------------------------------------------------------
Path 16: MET (0.053 ns) Setup Check with Pin retime_s6_53_reg/CK->D
               View: wc_analysis_view
              Group: reg2reg
         Startpoint: (R) retime_s1_6_reg/CK
              Clock: (R) CLK
           Endpoint: (F) retime_s6_53_reg/D
              Clock: (R) CLK

                       Capture       Launch
         Clock Edge:+    2.000        0.000
        Src Latency:+   -0.154       -0.154
        Net Latency:+    0.155 (P)    0.155 (P)
            Arrival:=    2.001        0.001

              Setup:-    0.060
        Uncertainty:-    0.125
      Required Time:=    1.816
       Launch Clock:=    0.001
          Data Path:+    1.762
              Slack:=    0.053

#--------------------------------------------------------------------------------------------------------------------------------------------
# Timing Point                                              Flags  Arc     Edge  Cell                          Fanout  Trans   Delay  Arrival  
#                                                                                                                       (ns)    (ns)     (ns)  
#--------------------------------------------------------------------------------------------------------------------------------------------
  retime_s1_6_reg/CK                                        -      CK      R     (arrival)                         20  0.043       -    0.001  
  retime_s1_6_reg/QN                                        -      CK->QN  R     DFFRPQNA_X1M_A9PP140ZTUL_C35       2  0.043   0.050    0.051  
  cts_opt_inst_FE_OFC246_n_2948/Y                           -      A->Y    F     INV_X2M_A9PP140ZTUL_C35           58  0.038   0.117    0.168  
  g32675/Y                                                  -      B->Y    F     AND2_X0P5B_A9PP140ZTUL_C35         2  0.208   0.078    0.247  
  g39405__2802/Y                                            -      B0->Y   R     AOI22_X0P5M_A9PP140ZTUL_C35        1  0.032   0.107    0.354  
  g39401__1617/Y                                            -      B->Y    R     AND4_X0P5M_A9PP140ZTUL_C35         1  0.188   0.038    0.392  
  g39400__3680/Y                                            -      A->Y    F     NAND3_X1A_A9PP140ZTUL_C35          1  0.025   0.023    0.415  
  place_opt_inst_FE_OFC176_AR_3__AC_7__ACC_add_31_50_n_0/Y  -      A->Y    R     INV_X2M_A9PP140ZTUL_C35           49  0.040   0.136    0.552  
  place_opt_inst_FE_OFC159_AR_3__AC_7__ACC_add_31_50_n_0/Y  -      A->Y    F     INV_X3M_A9PP140ZTUL_C35            6  0.258   0.057    0.609  
  place_opt_inst_FE_OFC174_AR_3__AC_7__ACC_add_31_50_n_0/Y  -      A->Y    R     INV_X3M_A9PP140ZTUL_C35           63  0.100   0.117    0.725  
  g44741/Y                                                  -      A->Y    R     AND2_X0P5B_A9PP140ZTUL_C35        65  0.159   0.408    1.133  
  g44722/Y                                                  -      A->Y    F     INV_X1M_A9PP140ZTUL_C35           64  0.790   0.364    1.497  
  g42559/Y                                                  -      B0->Y   F     AO22_X0P5M_A9PP140ZTUL_C35         1  0.518   0.130    1.626  
  cts_opt_inst_FE_PHC1562_n_1621/Y                          -      A->Y    F     DLY4_X0P5M_A9PP140ZTUL_C35         1  0.070   0.136    1.763  
  retime_s6_53_reg/D                                        -      D       F     DFFRPQA_X1M_A9PP140ZTUL_C35        1  0.045   0.000    1.763  
#--------------------------------------------------------------------------------------------------------------------------------------------
Path 17: MET (0.054 ns) Setup Check with Pin retime_s7_69_reg/CK->D
               View: wc_analysis_view
              Group: reg2reg
         Startpoint: (R) retime_s1_6_reg/CK
              Clock: (R) CLK
           Endpoint: (R) retime_s7_69_reg/D
              Clock: (R) CLK

                       Capture       Launch
         Clock Edge:+    2.000        0.000
        Src Latency:+   -0.154       -0.154
        Net Latency:+    0.154 (P)    0.155 (P)
            Arrival:=    2.001        0.001

              Setup:-    0.025
        Uncertainty:-    0.125
      Required Time:=    1.850
       Launch Clock:=    0.001
          Data Path:+    1.795
              Slack:=    0.054

#--------------------------------------------------------------------------------------------------------------------------------------------
# Timing Point                                              Flags  Arc     Edge  Cell                          Fanout  Trans   Delay  Arrival  
#                                                                                                                       (ns)    (ns)     (ns)  
#--------------------------------------------------------------------------------------------------------------------------------------------
  retime_s1_6_reg/CK                                        -      CK      R     (arrival)                         20  0.043       -    0.001  
  retime_s1_6_reg/QN                                        -      CK->QN  F     DFFRPQNA_X1M_A9PP140ZTUL_C35       2  0.043   0.056    0.057  
  cts_opt_inst_FE_OFC246_n_2948/Y                           -      A->Y    R     INV_X2M_A9PP140ZTUL_C35           58  0.034   0.138    0.195  
  g32665__2346/Y                                            -      B->Y    R     AND2_X0P5B_A9PP140ZTUL_C35         2  0.243   0.034    0.229  
  g39405__2802/Y                                            -      A0->Y   F     AOI22_X0P5M_A9PP140ZTUL_C35        1  0.030   0.086    0.315  
  g39401__1617/Y                                            -      B->Y    F     AND4_X0P5M_A9PP140ZTUL_C35         1  0.154   0.065    0.380  
  g39400__3680/Y                                            -      A->Y    R     NAND3_X1A_A9PP140ZTUL_C35          1  0.022   0.021    0.401  
  place_opt_inst_FE_OFC176_AR_3__AC_7__ACC_add_31_50_n_0/Y  -      A->Y    F     INV_X2M_A9PP140ZTUL_C35           49  0.032   0.119    0.520  
  place_opt_inst_FE_OFC164_AR_3__AC_7__ACC_add_31_50_n_0/Y  -      A->Y    R     INV_X2M_A9PP140ZTUL_C35           34  0.223   0.154    0.673  
  place_opt_inst_FE_OFC128_AR_3__AC_7__ACC_add_31_50_n_0/Y  -      A->Y    F     INV_X2M_A9PP140ZTUL_C35           73  0.184   0.168    0.842  
  g44718/Y                                                  -      A->Y    F     AND2_X0P5B_A9PP140ZTUL_C35        49  0.246   0.388    1.230  
  g44700/Y                                                  -      A->Y    R     INV_X0P7M_A9PP140ZTUL_C35         48  0.637   0.505    1.735  
  g42592/Y                                                  -      B0->Y   R     AO22_X0P5M_A9PP140ZTUL_C35         1  0.608   0.041    1.777  
  cts_opt_inst_FE_PHC1900_n_1588/Y                          -      A->Y    R     BUFH_X1M_A9PP140ZTUL_C35           1  0.048   0.020    1.797  
  retime_s7_69_reg/D                                        -      D       R     DFFRPQA_X1M_A9PP140ZTUL_C35        1  0.011   0.000    1.797  
#--------------------------------------------------------------------------------------------------------------------------------------------
Path 18: MET (0.054 ns) Setup Check with Pin retime_s7_67_reg/CK->D
               View: wc_analysis_view
              Group: reg2reg
         Startpoint: (R) retime_s1_6_reg/CK
              Clock: (R) CLK
           Endpoint: (R) retime_s7_67_reg/D
              Clock: (R) CLK

                       Capture       Launch
         Clock Edge:+    2.000        0.000
        Src Latency:+   -0.154       -0.154
        Net Latency:+    0.154 (P)    0.155 (P)
            Arrival:=    2.000        0.001

              Setup:-    0.025
        Uncertainty:-    0.125
      Required Time:=    1.850
       Launch Clock:=    0.001
          Data Path:+    1.795
              Slack:=    0.054

#--------------------------------------------------------------------------------------------------------------------------------------------
# Timing Point                                              Flags  Arc     Edge  Cell                          Fanout  Trans   Delay  Arrival  
#                                                                                                                       (ns)    (ns)     (ns)  
#--------------------------------------------------------------------------------------------------------------------------------------------
  retime_s1_6_reg/CK                                        -      CK      R     (arrival)                         20  0.043       -    0.001  
  retime_s1_6_reg/QN                                        -      CK->QN  F     DFFRPQNA_X1M_A9PP140ZTUL_C35       2  0.043   0.056    0.057  
  cts_opt_inst_FE_OFC246_n_2948/Y                           -      A->Y    R     INV_X2M_A9PP140ZTUL_C35           58  0.034   0.138    0.195  
  g32665__2346/Y                                            -      B->Y    R     AND2_X0P5B_A9PP140ZTUL_C35         2  0.243   0.034    0.229  
  g39405__2802/Y                                            -      A0->Y   F     AOI22_X0P5M_A9PP140ZTUL_C35        1  0.030   0.086    0.315  
  g39401__1617/Y                                            -      B->Y    F     AND4_X0P5M_A9PP140ZTUL_C35         1  0.154   0.065    0.380  
  g39400__3680/Y                                            -      A->Y    R     NAND3_X1A_A9PP140ZTUL_C35          1  0.022   0.021    0.401  
  place_opt_inst_FE_OFC176_AR_3__AC_7__ACC_add_31_50_n_0/Y  -      A->Y    F     INV_X2M_A9PP140ZTUL_C35           49  0.032   0.119    0.520  
  place_opt_inst_FE_OFC164_AR_3__AC_7__ACC_add_31_50_n_0/Y  -      A->Y    R     INV_X2M_A9PP140ZTUL_C35           34  0.223   0.154    0.673  
  place_opt_inst_FE_OFC128_AR_3__AC_7__ACC_add_31_50_n_0/Y  -      A->Y    F     INV_X2M_A9PP140ZTUL_C35           73  0.184   0.168    0.842  
  g44718/Y                                                  -      A->Y    F     AND2_X0P5B_A9PP140ZTUL_C35        49  0.246   0.388    1.230  
  g44700/Y                                                  -      A->Y    R     INV_X0P7M_A9PP140ZTUL_C35         48  0.637   0.505    1.735  
  g42593/Y                                                  -      B0->Y   R     AO22_X0P5M_A9PP140ZTUL_C35         1  0.608   0.040    1.775  
  cts_opt_inst_FE_PHC1902_n_1587/Y                          -      A->Y    R     BUFH_X1M_A9PP140ZTUL_C35           1  0.046   0.021    1.796  
  retime_s7_67_reg/D                                        -      D       R     DFFRPQA_X1M_A9PP140ZTUL_C35        1  0.014   0.000    1.796  
#--------------------------------------------------------------------------------------------------------------------------------------------
Path 19: MET (0.055 ns) Setup Check with Pin retime_s7_48_reg/CK->D
               View: wc_analysis_view
              Group: reg2reg
         Startpoint: (R) retime_s1_6_reg/CK
              Clock: (R) CLK
           Endpoint: (R) retime_s7_48_reg/D
              Clock: (R) CLK

                       Capture       Launch
         Clock Edge:+    2.000        0.000
        Src Latency:+   -0.154       -0.154
        Net Latency:+    0.154 (P)    0.155 (P)
            Arrival:=    2.000        0.001

              Setup:-    0.025
        Uncertainty:-    0.125
      Required Time:=    1.850
       Launch Clock:=    0.001
          Data Path:+    1.794
              Slack:=    0.055

#--------------------------------------------------------------------------------------------------------------------------------------------
# Timing Point                                              Flags  Arc     Edge  Cell                          Fanout  Trans   Delay  Arrival  
#                                                                                                                       (ns)    (ns)     (ns)  
#--------------------------------------------------------------------------------------------------------------------------------------------
  retime_s1_6_reg/CK                                        -      CK      R     (arrival)                         20  0.043       -    0.001  
  retime_s1_6_reg/QN                                        -      CK->QN  F     DFFRPQNA_X1M_A9PP140ZTUL_C35       2  0.043   0.056    0.057  
  cts_opt_inst_FE_OFC246_n_2948/Y                           -      A->Y    R     INV_X2M_A9PP140ZTUL_C35           58  0.034   0.138    0.195  
  g32665__2346/Y                                            -      B->Y    R     AND2_X0P5B_A9PP140ZTUL_C35         2  0.243   0.034    0.229  
  g39405__2802/Y                                            -      A0->Y   F     AOI22_X0P5M_A9PP140ZTUL_C35        1  0.030   0.086    0.315  
  g39401__1617/Y                                            -      B->Y    F     AND4_X0P5M_A9PP140ZTUL_C35         1  0.154   0.065    0.380  
  g39400__3680/Y                                            -      A->Y    R     NAND3_X1A_A9PP140ZTUL_C35          1  0.022   0.021    0.401  
  place_opt_inst_FE_OFC176_AR_3__AC_7__ACC_add_31_50_n_0/Y  -      A->Y    F     INV_X2M_A9PP140ZTUL_C35           49  0.032   0.119    0.520  
  place_opt_inst_FE_OFC164_AR_3__AC_7__ACC_add_31_50_n_0/Y  -      A->Y    R     INV_X2M_A9PP140ZTUL_C35           34  0.223   0.154    0.673  
  place_opt_inst_FE_OFC128_AR_3__AC_7__ACC_add_31_50_n_0/Y  -      A->Y    F     INV_X2M_A9PP140ZTUL_C35           73  0.184   0.168    0.842  
  g44718/Y                                                  -      A->Y    F     AND2_X0P5B_A9PP140ZTUL_C35        49  0.246   0.388    1.230  
  g44700/Y                                                  -      A->Y    R     INV_X0P7M_A9PP140ZTUL_C35         48  0.637   0.505    1.735  
  g42546/Y                                                  -      B0->Y   R     AO22_X0P5M_A9PP140ZTUL_C35         1  0.608   0.040    1.775  
  cts_opt_inst_FE_PHC1904_n_1634/Y                          -      A->Y    R     BUFH_X1M_A9PP140ZTUL_C35           1  0.047   0.020    1.795  
  retime_s7_48_reg/D                                        -      D       R     DFFRPQA_X1M_A9PP140ZTUL_C35        1  0.011   0.000    1.795  
#--------------------------------------------------------------------------------------------------------------------------------------------
Path 20: MET (0.056 ns) Setup Check with Pin retime_s4_24_reg/CK->D
               View: wc_analysis_view
              Group: reg2reg
         Startpoint: (R) retime_s1_6_reg/CK
              Clock: (R) CLK
           Endpoint: (F) retime_s4_24_reg/D
              Clock: (R) CLK

                       Capture       Launch
         Clock Edge:+    2.000        0.000
        Src Latency:+   -0.154       -0.154
        Net Latency:+    0.151 (P)    0.155 (P)
            Arrival:=    1.998        0.001

              Setup:-    0.054
        Uncertainty:-    0.125
      Required Time:=    1.818
       Launch Clock:=    0.001
          Data Path:+    1.761
              Slack:=    0.056

#--------------------------------------------------------------------------------------------------------------------------------------------
# Timing Point                                              Flags  Arc     Edge  Cell                          Fanout  Trans   Delay  Arrival  
#                                                                                                                       (ns)    (ns)     (ns)  
#--------------------------------------------------------------------------------------------------------------------------------------------
  retime_s1_6_reg/CK                                        -      CK      R     (arrival)                         20  0.043       -    0.001  
  retime_s1_6_reg/QN                                        -      CK->QN  R     DFFRPQNA_X1M_A9PP140ZTUL_C35       2  0.043   0.050    0.051  
  cts_opt_inst_FE_OFC246_n_2948/Y                           -      A->Y    F     INV_X2M_A9PP140ZTUL_C35           58  0.038   0.117    0.168  
  g32675/Y                                                  -      B->Y    F     AND2_X0P5B_A9PP140ZTUL_C35         2  0.208   0.078    0.247  
  g39405__2802/Y                                            -      B0->Y   R     AOI22_X0P5M_A9PP140ZTUL_C35        1  0.032   0.107    0.354  
  g39401__1617/Y                                            -      B->Y    R     AND4_X0P5M_A9PP140ZTUL_C35         1  0.188   0.038    0.392  
  g39400__3680/Y                                            -      A->Y    F     NAND3_X1A_A9PP140ZTUL_C35          1  0.025   0.023    0.415  
  place_opt_inst_FE_OFC176_AR_3__AC_7__ACC_add_31_50_n_0/Y  -      A->Y    R     INV_X2M_A9PP140ZTUL_C35           49  0.040   0.136    0.552  
  place_opt_inst_FE_OFC159_AR_3__AC_7__ACC_add_31_50_n_0/Y  -      A->Y    F     INV_X3M_A9PP140ZTUL_C35            6  0.258   0.057    0.609  
  place_opt_inst_FE_OFC174_AR_3__AC_7__ACC_add_31_50_n_0/Y  -      A->Y    R     INV_X3M_A9PP140ZTUL_C35           63  0.100   0.116    0.725  
  g44742/Y                                                  -      A->Y    R     AND2_X0P5B_A9PP140ZTUL_C35        65  0.159   0.478    1.203  
  g44723/Y                                                  -      A->Y    F     INV_X1M_A9PP140ZTUL_C35           64  0.872   0.388    1.591  
  g42364/Y                                                  -      B0->Y   F     AO22_X0P5M_A9PP140ZTUL_C35         1  0.542   0.133    1.724  
  cts_opt_inst_FE_PHC2502_n_1816/Y                          -      A->Y    F     BUFH_X1M_A9PP140ZTUL_C35           1  0.073   0.039    1.762  
  retime_s4_24_reg/D                                        -      D       F     DFFRPQA_X1M_A9PP140ZTUL_C35        1  0.021   0.000    1.762  
#--------------------------------------------------------------------------------------------------------------------------------------------
Path 21: MET (0.056 ns) Setup Check with Pin retime_s5_84_reg/CK->D
               View: wc_analysis_view
              Group: reg2reg
         Startpoint: (R) retime_s1_6_reg/CK
              Clock: (R) CLK
           Endpoint: (F) retime_s5_84_reg/D
              Clock: (R) CLK

                       Capture       Launch
         Clock Edge:+    2.000        0.000
        Src Latency:+   -0.154       -0.154
        Net Latency:+    0.155 (P)    0.155 (P)
            Arrival:=    2.001        0.001

              Setup:-    0.053
        Uncertainty:-    0.125
      Required Time:=    1.823
       Launch Clock:=    0.001
          Data Path:+    1.766
              Slack:=    0.056

#--------------------------------------------------------------------------------------------------------------------------------------------
# Timing Point                                              Flags  Arc     Edge  Cell                          Fanout  Trans   Delay  Arrival  
#                                                                                                                       (ns)    (ns)     (ns)  
#--------------------------------------------------------------------------------------------------------------------------------------------
  retime_s1_6_reg/CK                                        -      CK      R     (arrival)                         20  0.043       -    0.001  
  retime_s1_6_reg/QN                                        -      CK->QN  R     DFFRPQNA_X1M_A9PP140ZTUL_C35       2  0.043   0.050    0.051  
  cts_opt_inst_FE_OFC246_n_2948/Y                           -      A->Y    F     INV_X2M_A9PP140ZTUL_C35           58  0.038   0.117    0.168  
  g32675/Y                                                  -      B->Y    F     AND2_X0P5B_A9PP140ZTUL_C35         2  0.208   0.078    0.247  
  g39405__2802/Y                                            -      B0->Y   R     AOI22_X0P5M_A9PP140ZTUL_C35        1  0.032   0.107    0.354  
  g39401__1617/Y                                            -      B->Y    R     AND4_X0P5M_A9PP140ZTUL_C35         1  0.188   0.038    0.392  
  g39400__3680/Y                                            -      A->Y    F     NAND3_X1A_A9PP140ZTUL_C35          1  0.025   0.023    0.415  
  place_opt_inst_FE_OFC176_AR_3__AC_7__ACC_add_31_50_n_0/Y  -      A->Y    R     INV_X2M_A9PP140ZTUL_C35           49  0.040   0.136    0.552  
  place_opt_inst_FE_OFC159_AR_3__AC_7__ACC_add_31_50_n_0/Y  -      A->Y    F     INV_X3M_A9PP140ZTUL_C35            6  0.258   0.057    0.609  
  place_opt_inst_FE_OFC174_AR_3__AC_7__ACC_add_31_50_n_0/Y  -      A->Y    R     INV_X3M_A9PP140ZTUL_C35           63  0.100   0.116    0.725  
  g44740/Y                                                  -      A->Y    R     AND2_X0P5B_A9PP140ZTUL_C35        65  0.159   0.474    1.198  
  g44721/Y                                                  -      A->Y    F     INV_X1M_A9PP140ZTUL_C35           64  0.858   0.386    1.585  
  g42610/Y                                                  -      B0->Y   F     AO22_X0P5M_A9PP140ZTUL_C35         1  0.542   0.118    1.703  
  cts_opt_inst_FE_PHC1785_n_1570/Y                          -      A->Y    F     DLY2_X0P5M_A9PP140ZTUL_C35         1  0.058   0.064    1.767  
  retime_s5_84_reg/D                                        -      D       F     DFFRPQA_X1M_A9PP140ZTUL_C35        1  0.028   0.000    1.767  
#--------------------------------------------------------------------------------------------------------------------------------------------
Path 22: MET (0.056 ns) Setup Check with Pin retime_s4_169_reg/CK->D
               View: wc_analysis_view
              Group: reg2reg
         Startpoint: (R) retime_s1_6_reg/CK
              Clock: (R) CLK
           Endpoint: (F) retime_s4_169_reg/D
              Clock: (R) CLK

                       Capture       Launch
         Clock Edge:+    2.000        0.000
        Src Latency:+   -0.154       -0.154
        Net Latency:+    0.155 (P)    0.155 (P)
            Arrival:=    2.001        0.001

              Setup:-    0.052
        Uncertainty:-    0.125
      Required Time:=    1.823
       Launch Clock:=    0.001
          Data Path:+    1.766
              Slack:=    0.056

#---------------------------------------------------------------------------------------------------------------------------------------------
# Timing Point                                              Flags  Arc     Edge  Cell                           Fanout  Trans   Delay  Arrival  
#                                                                                                                        (ns)    (ns)     (ns)  
#---------------------------------------------------------------------------------------------------------------------------------------------
  retime_s1_6_reg/CK                                        -      CK      R     (arrival)                          20  0.043       -    0.001  
  retime_s1_6_reg/QN                                        -      CK->QN  R     DFFRPQNA_X1M_A9PP140ZTUL_C35        2  0.043   0.050    0.051  
  cts_opt_inst_FE_OFC246_n_2948/Y                           -      A->Y    F     INV_X2M_A9PP140ZTUL_C35            58  0.038   0.117    0.168  
  g32675/Y                                                  -      B->Y    F     AND2_X0P5B_A9PP140ZTUL_C35          2  0.208   0.078    0.247  
  g39405__2802/Y                                            -      B0->Y   R     AOI22_X0P5M_A9PP140ZTUL_C35         1  0.032   0.107    0.354  
  g39401__1617/Y                                            -      B->Y    R     AND4_X0P5M_A9PP140ZTUL_C35          1  0.188   0.038    0.392  
  g39400__3680/Y                                            -      A->Y    F     NAND3_X1A_A9PP140ZTUL_C35           1  0.025   0.023    0.415  
  place_opt_inst_FE_OFC176_AR_3__AC_7__ACC_add_31_50_n_0/Y  -      A->Y    R     INV_X2M_A9PP140ZTUL_C35            49  0.040   0.136    0.552  
  place_opt_inst_FE_OFC159_AR_3__AC_7__ACC_add_31_50_n_0/Y  -      A->Y    F     INV_X3M_A9PP140ZTUL_C35             6  0.258   0.057    0.609  
  place_opt_inst_FE_OFC174_AR_3__AC_7__ACC_add_31_50_n_0/Y  -      A->Y    R     INV_X3M_A9PP140ZTUL_C35            63  0.100   0.115    0.724  
  g39398__6783/Y                                            -      A->Y    R     AND2_X1M_A9PP140ZTUL_C35           75  0.159   0.326    1.050  
  place_opt_inst_FE_OFC121_AR_0__AC_3__ACC_n_156/Y          -      A->Y    F     INV_X1M_A9PP140ZTUL_C35            51  0.569   0.261    1.311  
  place_opt_inst_FE_OFC228_AR_0__AC_3__ACC_n_156/Y          -      A->Y    F     BUF_X1M_A9PP140ZTUL_C35            70  0.364   0.303    1.614  
  g43925/Y                                                  -      B0N->Y  F     OAI22BB_X0P5M_A9PP140ZTUL_C35       1  0.372   0.117    1.730  
  cts_opt_inst_FE_PHC1898_n_1027/Y                          -      A->Y    F     BUF_X1B_A9PP140ZTUL_C35             1  0.101   0.037    1.767  
  retime_s4_169_reg/D                                       -      D       F     DFFRPQA_X1M_A9PP140ZTUL_C35         1  0.016   0.000    1.767  
#---------------------------------------------------------------------------------------------------------------------------------------------
Path 23: MET (0.057 ns) Setup Check with Pin retime_s5_80_reg/CK->D
               View: wc_analysis_view
              Group: reg2reg
         Startpoint: (R) retime_s1_6_reg/CK
              Clock: (R) CLK
           Endpoint: (F) retime_s5_80_reg/D
              Clock: (R) CLK

                       Capture       Launch
         Clock Edge:+    2.000        0.000
        Src Latency:+   -0.154       -0.154
        Net Latency:+    0.156 (P)    0.155 (P)
            Arrival:=    2.002        0.001

              Setup:-    0.053
        Uncertainty:-    0.125
      Required Time:=    1.824
       Launch Clock:=    0.001
          Data Path:+    1.766
              Slack:=    0.057

#--------------------------------------------------------------------------------------------------------------------------------------------
# Timing Point                                              Flags  Arc     Edge  Cell                          Fanout  Trans   Delay  Arrival  
#                                                                                                                       (ns)    (ns)     (ns)  
#--------------------------------------------------------------------------------------------------------------------------------------------
  retime_s1_6_reg/CK                                        -      CK      R     (arrival)                         20  0.043       -    0.001  
  retime_s1_6_reg/QN                                        -      CK->QN  R     DFFRPQNA_X1M_A9PP140ZTUL_C35       2  0.043   0.050    0.051  
  cts_opt_inst_FE_OFC246_n_2948/Y                           -      A->Y    F     INV_X2M_A9PP140ZTUL_C35           58  0.038   0.117    0.168  
  g32675/Y                                                  -      B->Y    F     AND2_X0P5B_A9PP140ZTUL_C35         2  0.208   0.078    0.247  
  g39405__2802/Y                                            -      B0->Y   R     AOI22_X0P5M_A9PP140ZTUL_C35        1  0.032   0.107    0.354  
  g39401__1617/Y                                            -      B->Y    R     AND4_X0P5M_A9PP140ZTUL_C35         1  0.188   0.038    0.392  
  g39400__3680/Y                                            -      A->Y    F     NAND3_X1A_A9PP140ZTUL_C35          1  0.025   0.023    0.415  
  place_opt_inst_FE_OFC176_AR_3__AC_7__ACC_add_31_50_n_0/Y  -      A->Y    R     INV_X2M_A9PP140ZTUL_C35           49  0.040   0.136    0.552  
  place_opt_inst_FE_OFC159_AR_3__AC_7__ACC_add_31_50_n_0/Y  -      A->Y    F     INV_X3M_A9PP140ZTUL_C35            6  0.258   0.057    0.609  
  place_opt_inst_FE_OFC174_AR_3__AC_7__ACC_add_31_50_n_0/Y  -      A->Y    R     INV_X3M_A9PP140ZTUL_C35           63  0.100   0.116    0.725  
  g44740/Y                                                  -      A->Y    R     AND2_X0P5B_A9PP140ZTUL_C35        65  0.159   0.474    1.198  
  g44721/Y                                                  -      A->Y    F     INV_X1M_A9PP140ZTUL_C35           64  0.858   0.386    1.585  
  g42483/Y                                                  -      B0->Y   F     AO22_X0P5M_A9PP140ZTUL_C35         1  0.542   0.120    1.705  
  cts_opt_inst_FE_PHC1791_n_1697/Y                          -      A->Y    F     DLY2_X0P5M_A9PP140ZTUL_C35         1  0.059   0.063    1.767  
  retime_s5_80_reg/D                                        -      D       F     DFFRPQA_X1M_A9PP140ZTUL_C35        1  0.027   0.000    1.767  
#--------------------------------------------------------------------------------------------------------------------------------------------
Path 24: MET (0.057 ns) Setup Check with Pin retime_s6_54_reg/CK->D
               View: wc_analysis_view
              Group: reg2reg
         Startpoint: (R) retime_s1_6_reg/CK
              Clock: (R) CLK
           Endpoint: (F) retime_s6_54_reg/D
              Clock: (R) CLK

                       Capture       Launch
         Clock Edge:+    2.000        0.000
        Src Latency:+   -0.154       -0.154
        Net Latency:+    0.154 (P)    0.155 (P)
            Arrival:=    2.001        0.001

              Setup:-    0.059
        Uncertainty:-    0.125
      Required Time:=    1.816
       Launch Clock:=    0.001
          Data Path:+    1.758
              Slack:=    0.057

#--------------------------------------------------------------------------------------------------------------------------------------------
# Timing Point                                              Flags  Arc     Edge  Cell                          Fanout  Trans   Delay  Arrival  
#                                                                                                                       (ns)    (ns)     (ns)  
#--------------------------------------------------------------------------------------------------------------------------------------------
  retime_s1_6_reg/CK                                        -      CK      R     (arrival)                         20  0.043       -    0.001  
  retime_s1_6_reg/QN                                        -      CK->QN  R     DFFRPQNA_X1M_A9PP140ZTUL_C35       2  0.043   0.050    0.051  
  cts_opt_inst_FE_OFC246_n_2948/Y                           -      A->Y    F     INV_X2M_A9PP140ZTUL_C35           58  0.038   0.117    0.168  
  g32675/Y                                                  -      B->Y    F     AND2_X0P5B_A9PP140ZTUL_C35         2  0.208   0.078    0.247  
  g39405__2802/Y                                            -      B0->Y   R     AOI22_X0P5M_A9PP140ZTUL_C35        1  0.032   0.107    0.354  
  g39401__1617/Y                                            -      B->Y    R     AND4_X0P5M_A9PP140ZTUL_C35         1  0.188   0.038    0.392  
  g39400__3680/Y                                            -      A->Y    F     NAND3_X1A_A9PP140ZTUL_C35          1  0.025   0.023    0.415  
  place_opt_inst_FE_OFC176_AR_3__AC_7__ACC_add_31_50_n_0/Y  -      A->Y    R     INV_X2M_A9PP140ZTUL_C35           49  0.040   0.136    0.552  
  place_opt_inst_FE_OFC159_AR_3__AC_7__ACC_add_31_50_n_0/Y  -      A->Y    F     INV_X3M_A9PP140ZTUL_C35            6  0.258   0.057    0.609  
  place_opt_inst_FE_OFC174_AR_3__AC_7__ACC_add_31_50_n_0/Y  -      A->Y    R     INV_X3M_A9PP140ZTUL_C35           63  0.100   0.117    0.725  
  g44741/Y                                                  -      A->Y    R     AND2_X0P5B_A9PP140ZTUL_C35        65  0.159   0.408    1.133  
  g44722/Y                                                  -      A->Y    F     INV_X1M_A9PP140ZTUL_C35           64  0.790   0.363    1.496  
  g42539/Y                                                  -      B0->Y   F     AO22_X0P5M_A9PP140ZTUL_C35         1  0.518   0.129    1.625  
  cts_opt_inst_FE_PHC1100_n_1641/Y                          -      A->Y    F     DLY4_X0P5M_A9PP140ZTUL_C35         1  0.069   0.134    1.759  
  retime_s6_54_reg/D                                        -      D       F     DFFRPQA_X1M_A9PP140ZTUL_C35        1  0.042   0.000    1.759  
#--------------------------------------------------------------------------------------------------------------------------------------------
Path 25: MET (0.058 ns) Setup Check with Pin retime_s9_29_reg/CK->D
               View: wc_analysis_view
              Group: reg2reg
         Startpoint: (R) retime_s1_6_reg/CK
              Clock: (R) CLK
           Endpoint: (R) retime_s9_29_reg/D
              Clock: (R) CLK

                       Capture       Launch
         Clock Edge:+    2.000        0.000
        Src Latency:+   -0.154       -0.154
        Net Latency:+    0.155 (P)    0.155 (P)
            Arrival:=    2.001        0.001

              Setup:-    0.025
        Uncertainty:-    0.125
      Required Time:=    1.851
       Launch Clock:=    0.001
          Data Path:+    1.792
              Slack:=    0.058

#--------------------------------------------------------------------------------------------------------------------------------------------
# Timing Point                                              Flags  Arc     Edge  Cell                          Fanout  Trans   Delay  Arrival  
#                                                                                                                       (ns)    (ns)     (ns)  
#--------------------------------------------------------------------------------------------------------------------------------------------
  retime_s1_6_reg/CK                                        -      CK      R     (arrival)                         20  0.043       -    0.001  
  retime_s1_6_reg/QN                                        -      CK->QN  F     DFFRPQNA_X1M_A9PP140ZTUL_C35       2  0.043   0.056    0.057  
  cts_opt_inst_FE_OFC246_n_2948/Y                           -      A->Y    R     INV_X2M_A9PP140ZTUL_C35           58  0.034   0.138    0.195  
  g32665__2346/Y                                            -      B->Y    R     AND2_X0P5B_A9PP140ZTUL_C35         2  0.243   0.034    0.229  
  g39405__2802/Y                                            -      A0->Y   F     AOI22_X0P5M_A9PP140ZTUL_C35        1  0.030   0.086    0.315  
  g39401__1617/Y                                            -      B->Y    F     AND4_X0P5M_A9PP140ZTUL_C35         1  0.154   0.065    0.380  
  g39400__3680/Y                                            -      A->Y    R     NAND3_X1A_A9PP140ZTUL_C35          1  0.022   0.021    0.401  
  place_opt_inst_FE_OFC176_AR_3__AC_7__ACC_add_31_50_n_0/Y  -      A->Y    F     INV_X2M_A9PP140ZTUL_C35           49  0.032   0.119    0.520  
  place_opt_inst_FE_OFC164_AR_3__AC_7__ACC_add_31_50_n_0/Y  -      A->Y    R     INV_X2M_A9PP140ZTUL_C35           34  0.223   0.154    0.673  
  place_opt_inst_FE_OFC128_AR_3__AC_7__ACC_add_31_50_n_0/Y  -      A->Y    F     INV_X2M_A9PP140ZTUL_C35           73  0.184   0.168    0.842  
  g44718/Y                                                  -      A->Y    F     AND2_X0P5B_A9PP140ZTUL_C35        49  0.246   0.388    1.230  
  g44700/Y                                                  -      A->Y    R     INV_X0P7M_A9PP140ZTUL_C35         48  0.637   0.485    1.715  
  g42596/Y                                                  -      B0->Y   R     AO22_X0P5M_A9PP140ZTUL_C35         1  0.607   0.034    1.748  
  cts_opt_inst_FE_PHC1866_n_1584/Y                          -      A->Y    R     BUF_X0P5M_A9PP140ZTUL_C35          1  0.040   0.028    1.776  
  cts_opt_inst_FE_PHC2641_n_1584/Y                          -      A->Y    R     BUFH_X1M_A9PP140ZTUL_C35           1  0.021   0.017    1.793  
  retime_s9_29_reg/D                                        -      D       R     DFFRPQA_X1M_A9PP140ZTUL_C35        1  0.010   0.000    1.793  
#--------------------------------------------------------------------------------------------------------------------------------------------
Path 26: MET (0.058 ns) Setup Check with Pin retime_s6_56_reg/CK->D
               View: wc_analysis_view
              Group: reg2reg
         Startpoint: (R) retime_s1_6_reg/CK
              Clock: (R) CLK
           Endpoint: (F) retime_s6_56_reg/D
              Clock: (R) CLK

                       Capture       Launch
         Clock Edge:+    2.000        0.000
        Src Latency:+   -0.154       -0.154
        Net Latency:+    0.154 (P)    0.155 (P)
            Arrival:=    2.001        0.001

              Setup:-    0.060
        Uncertainty:-    0.125
      Required Time:=    1.816
       Launch Clock:=    0.001
          Data Path:+    1.757
              Slack:=    0.058

#--------------------------------------------------------------------------------------------------------------------------------------------
# Timing Point                                              Flags  Arc     Edge  Cell                          Fanout  Trans   Delay  Arrival  
#                                                                                                                       (ns)    (ns)     (ns)  
#--------------------------------------------------------------------------------------------------------------------------------------------
  retime_s1_6_reg/CK                                        -      CK      R     (arrival)                         20  0.043       -    0.001  
  retime_s1_6_reg/QN                                        -      CK->QN  R     DFFRPQNA_X1M_A9PP140ZTUL_C35       2  0.043   0.050    0.051  
  cts_opt_inst_FE_OFC246_n_2948/Y                           -      A->Y    F     INV_X2M_A9PP140ZTUL_C35           58  0.038   0.117    0.168  
  g32675/Y                                                  -      B->Y    F     AND2_X0P5B_A9PP140ZTUL_C35         2  0.208   0.078    0.247  
  g39405__2802/Y                                            -      B0->Y   R     AOI22_X0P5M_A9PP140ZTUL_C35        1  0.032   0.107    0.354  
  g39401__1617/Y                                            -      B->Y    R     AND4_X0P5M_A9PP140ZTUL_C35         1  0.188   0.038    0.392  
  g39400__3680/Y                                            -      A->Y    F     NAND3_X1A_A9PP140ZTUL_C35          1  0.025   0.023    0.415  
  place_opt_inst_FE_OFC176_AR_3__AC_7__ACC_add_31_50_n_0/Y  -      A->Y    R     INV_X2M_A9PP140ZTUL_C35           49  0.040   0.136    0.552  
  place_opt_inst_FE_OFC159_AR_3__AC_7__ACC_add_31_50_n_0/Y  -      A->Y    F     INV_X3M_A9PP140ZTUL_C35            6  0.258   0.057    0.609  
  place_opt_inst_FE_OFC174_AR_3__AC_7__ACC_add_31_50_n_0/Y  -      A->Y    R     INV_X3M_A9PP140ZTUL_C35           63  0.100   0.117    0.725  
  g44741/Y                                                  -      A->Y    R     AND2_X0P5B_A9PP140ZTUL_C35        65  0.159   0.408    1.133  
  g44722/Y                                                  -      A->Y    F     INV_X1M_A9PP140ZTUL_C35           64  0.790   0.361    1.494  
  g42489/Y                                                  -      B0->Y   F     AO22_X0P5M_A9PP140ZTUL_C35         1  0.517   0.129    1.623  
  cts_opt_inst_FE_PHC1570_n_1691/Y                          -      A->Y    F     DLY4_X0P5M_A9PP140ZTUL_C35         1  0.069   0.135    1.758  
  retime_s6_56_reg/D                                        -      D       F     DFFRPQA_X1M_A9PP140ZTUL_C35        1  0.043   0.000    1.758  
#--------------------------------------------------------------------------------------------------------------------------------------------
Path 27: MET (0.058 ns) Setup Check with Pin retime_s5_79_reg/CK->D
               View: wc_analysis_view
              Group: reg2reg
         Startpoint: (R) retime_s1_6_reg/CK
              Clock: (R) CLK
           Endpoint: (F) retime_s5_79_reg/D
              Clock: (R) CLK

                       Capture       Launch
         Clock Edge:+    2.000        0.000
        Src Latency:+   -0.154       -0.154
        Net Latency:+    0.156 (P)    0.155 (P)
            Arrival:=    2.002        0.001

              Setup:-    0.053
        Uncertainty:-    0.125
      Required Time:=    1.825
       Launch Clock:=    0.001
          Data Path:+    1.765
              Slack:=    0.058

#--------------------------------------------------------------------------------------------------------------------------------------------
# Timing Point                                              Flags  Arc     Edge  Cell                          Fanout  Trans   Delay  Arrival  
#                                                                                                                       (ns)    (ns)     (ns)  
#--------------------------------------------------------------------------------------------------------------------------------------------
  retime_s1_6_reg/CK                                        -      CK      R     (arrival)                         20  0.043       -    0.001  
  retime_s1_6_reg/QN                                        -      CK->QN  R     DFFRPQNA_X1M_A9PP140ZTUL_C35       2  0.043   0.050    0.051  
  cts_opt_inst_FE_OFC246_n_2948/Y                           -      A->Y    F     INV_X2M_A9PP140ZTUL_C35           58  0.038   0.117    0.168  
  g32675/Y                                                  -      B->Y    F     AND2_X0P5B_A9PP140ZTUL_C35         2  0.208   0.078    0.247  
  g39405__2802/Y                                            -      B0->Y   R     AOI22_X0P5M_A9PP140ZTUL_C35        1  0.032   0.107    0.354  
  g39401__1617/Y                                            -      B->Y    R     AND4_X0P5M_A9PP140ZTUL_C35         1  0.188   0.038    0.392  
  g39400__3680/Y                                            -      A->Y    F     NAND3_X1A_A9PP140ZTUL_C35          1  0.025   0.023    0.415  
  place_opt_inst_FE_OFC176_AR_3__AC_7__ACC_add_31_50_n_0/Y  -      A->Y    R     INV_X2M_A9PP140ZTUL_C35           49  0.040   0.136    0.552  
  place_opt_inst_FE_OFC159_AR_3__AC_7__ACC_add_31_50_n_0/Y  -      A->Y    F     INV_X3M_A9PP140ZTUL_C35            6  0.258   0.057    0.609  
  place_opt_inst_FE_OFC174_AR_3__AC_7__ACC_add_31_50_n_0/Y  -      A->Y    R     INV_X3M_A9PP140ZTUL_C35           63  0.100   0.116    0.725  
  g44740/Y                                                  -      A->Y    R     AND2_X0P5B_A9PP140ZTUL_C35        65  0.159   0.474    1.198  
  g44721/Y                                                  -      A->Y    F     INV_X1M_A9PP140ZTUL_C35           64  0.858   0.386    1.585  
  g42536/Y                                                  -      B0->Y   F     AO22_X0P5M_A9PP140ZTUL_C35         1  0.542   0.119    1.704  
  cts_opt_inst_FE_PHC1811_n_1644/Y                          -      A->Y    F     DLY2_X0P5M_A9PP140ZTUL_C35         1  0.058   0.062    1.766  
  retime_s5_79_reg/D                                        -      D       F     DFFRPQA_X1M_A9PP140ZTUL_C35        1  0.026   0.000    1.766  
#--------------------------------------------------------------------------------------------------------------------------------------------
Path 28: MET (0.059 ns) Setup Check with Pin retime_s6_52_reg/CK->D
               View: wc_analysis_view
              Group: reg2reg
         Startpoint: (R) retime_s1_6_reg/CK
              Clock: (R) CLK
           Endpoint: (F) retime_s6_52_reg/D
              Clock: (R) CLK

                       Capture       Launch
         Clock Edge:+    2.000        0.000
        Src Latency:+   -0.154       -0.154
        Net Latency:+    0.154 (P)    0.155 (P)
            Arrival:=    2.001        0.001

              Setup:-    0.059
        Uncertainty:-    0.125
      Required Time:=    1.816
       Launch Clock:=    0.001
          Data Path:+    1.756
              Slack:=    0.059

#--------------------------------------------------------------------------------------------------------------------------------------------
# Timing Point                                              Flags  Arc     Edge  Cell                          Fanout  Trans   Delay  Arrival  
#                                                                                                                       (ns)    (ns)     (ns)  
#--------------------------------------------------------------------------------------------------------------------------------------------
  retime_s1_6_reg/CK                                        -      CK      R     (arrival)                         20  0.043       -    0.001  
  retime_s1_6_reg/QN                                        -      CK->QN  R     DFFRPQNA_X1M_A9PP140ZTUL_C35       2  0.043   0.050    0.051  
  cts_opt_inst_FE_OFC246_n_2948/Y                           -      A->Y    F     INV_X2M_A9PP140ZTUL_C35           58  0.038   0.117    0.168  
  g32675/Y                                                  -      B->Y    F     AND2_X0P5B_A9PP140ZTUL_C35         2  0.208   0.078    0.247  
  g39405__2802/Y                                            -      B0->Y   R     AOI22_X0P5M_A9PP140ZTUL_C35        1  0.032   0.107    0.354  
  g39401__1617/Y                                            -      B->Y    R     AND4_X0P5M_A9PP140ZTUL_C35         1  0.188   0.038    0.392  
  g39400__3680/Y                                            -      A->Y    F     NAND3_X1A_A9PP140ZTUL_C35          1  0.025   0.023    0.415  
  place_opt_inst_FE_OFC176_AR_3__AC_7__ACC_add_31_50_n_0/Y  -      A->Y    R     INV_X2M_A9PP140ZTUL_C35           49  0.040   0.136    0.552  
  place_opt_inst_FE_OFC159_AR_3__AC_7__ACC_add_31_50_n_0/Y  -      A->Y    F     INV_X3M_A9PP140ZTUL_C35            6  0.258   0.057    0.609  
  place_opt_inst_FE_OFC174_AR_3__AC_7__ACC_add_31_50_n_0/Y  -      A->Y    R     INV_X3M_A9PP140ZTUL_C35           63  0.100   0.117    0.725  
  g44741/Y                                                  -      A->Y    R     AND2_X0P5B_A9PP140ZTUL_C35        65  0.159   0.408    1.133  
  g44722/Y                                                  -      A->Y    F     INV_X1M_A9PP140ZTUL_C35           64  0.790   0.362    1.494  
  g42488/Y                                                  -      B0->Y   F     AO22_X0P5M_A9PP140ZTUL_C35         1  0.518   0.129    1.623  
  cts_opt_inst_FE_PHC1487_n_1692/Y                          -      A->Y    F     DLY4_X0P5M_A9PP140ZTUL_C35         1  0.069   0.134    1.757  
  retime_s6_52_reg/D                                        -      D       F     DFFRPQA_X1M_A9PP140ZTUL_C35        1  0.042   0.000    1.757  
#--------------------------------------------------------------------------------------------------------------------------------------------
Path 29: MET (0.059 ns) Setup Check with Pin retime_s3_360_reg/CK->D
               View: wc_analysis_view
              Group: reg2reg
         Startpoint: (R) retime_s1_6_reg/CK
              Clock: (R) CLK
           Endpoint: (F) retime_s3_360_reg/D
              Clock: (R) CLK

                       Capture       Launch
         Clock Edge:+    2.000        0.000
        Src Latency:+   -0.154       -0.154
        Net Latency:+    0.155 (P)    0.155 (P)
            Arrival:=    2.001        0.001

              Setup:-    0.052
        Uncertainty:-    0.125
      Required Time:=    1.824
       Launch Clock:=    0.001
          Data Path:+    1.764
              Slack:=    0.059

#---------------------------------------------------------------------------------------------------------------------------------------------
# Timing Point                                              Flags  Arc     Edge  Cell                           Fanout  Trans   Delay  Arrival  
#                                                                                                                        (ns)    (ns)     (ns)  
#---------------------------------------------------------------------------------------------------------------------------------------------
  retime_s1_6_reg/CK                                        -      CK      R     (arrival)                          20  0.043       -    0.001  
  retime_s1_6_reg/QN                                        -      CK->QN  R     DFFRPQNA_X1M_A9PP140ZTUL_C35        2  0.043   0.050    0.051  
  cts_opt_inst_FE_OFC246_n_2948/Y                           -      A->Y    F     INV_X2M_A9PP140ZTUL_C35            58  0.038   0.117    0.168  
  g32675/Y                                                  -      B->Y    F     AND2_X0P5B_A9PP140ZTUL_C35          2  0.208   0.078    0.247  
  g39405__2802/Y                                            -      B0->Y   R     AOI22_X0P5M_A9PP140ZTUL_C35         1  0.032   0.107    0.354  
  g39401__1617/Y                                            -      B->Y    R     AND4_X0P5M_A9PP140ZTUL_C35          1  0.188   0.038    0.392  
  g39400__3680/Y                                            -      A->Y    F     NAND3_X1A_A9PP140ZTUL_C35           1  0.025   0.023    0.415  
  place_opt_inst_FE_OFC176_AR_3__AC_7__ACC_add_31_50_n_0/Y  -      A->Y    R     INV_X2M_A9PP140ZTUL_C35            49  0.040   0.136    0.552  
  place_opt_inst_FE_OFC159_AR_3__AC_7__ACC_add_31_50_n_0/Y  -      A->Y    F     INV_X3M_A9PP140ZTUL_C35             6  0.258   0.057    0.609  
  place_opt_inst_FE_OFC174_AR_3__AC_7__ACC_add_31_50_n_0/Y  -      A->Y    R     INV_X3M_A9PP140ZTUL_C35            63  0.100   0.115    0.724  
  g39398__6783/Y                                            -      A->Y    R     AND2_X1M_A9PP140ZTUL_C35           75  0.159   0.326    1.050  
  place_opt_inst_FE_OFC121_AR_0__AC_3__ACC_n_156/Y          -      A->Y    F     INV_X1M_A9PP140ZTUL_C35            51  0.569   0.261    1.311  
  place_opt_inst_FE_OFC228_AR_0__AC_3__ACC_n_156/Y          -      A->Y    F     BUF_X1M_A9PP140ZTUL_C35            70  0.364   0.303    1.614  
  g43919/Y                                                  -      B0N->Y  F     OAI22BB_X0P5M_A9PP140ZTUL_C35       1  0.372   0.115    1.729  
  cts_opt_inst_FE_PHC1895_n_1033/Y                          -      A->Y    F     BUF_X1B_A9PP140ZTUL_C35             1  0.099   0.036    1.765  
  retime_s3_360_reg/D                                       -      D       F     DFFRPQA_X1M_A9PP140ZTUL_C35         1  0.015   0.000    1.765  
#---------------------------------------------------------------------------------------------------------------------------------------------
Path 30: MET (0.059 ns) Setup Check with Pin retime_s7_36_reg/CK->D
               View: wc_analysis_view
              Group: reg2reg
         Startpoint: (R) retime_s1_6_reg/CK
              Clock: (R) CLK
           Endpoint: (R) retime_s7_36_reg/D
              Clock: (R) CLK

                       Capture       Launch
         Clock Edge:+    2.000        0.000
        Src Latency:+   -0.154       -0.154
        Net Latency:+    0.154 (P)    0.155 (P)
            Arrival:=    2.000        0.001

              Setup:-    0.025
        Uncertainty:-    0.125
      Required Time:=    1.850
       Launch Clock:=    0.001
          Data Path:+    1.790
              Slack:=    0.059

#--------------------------------------------------------------------------------------------------------------------------------------------
# Timing Point                                              Flags  Arc     Edge  Cell                          Fanout  Trans   Delay  Arrival  
#                                                                                                                       (ns)    (ns)     (ns)  
#--------------------------------------------------------------------------------------------------------------------------------------------
  retime_s1_6_reg/CK                                        -      CK      R     (arrival)                         20  0.043       -    0.001  
  retime_s1_6_reg/QN                                        -      CK->QN  F     DFFRPQNA_X1M_A9PP140ZTUL_C35       2  0.043   0.056    0.057  
  cts_opt_inst_FE_OFC246_n_2948/Y                           -      A->Y    R     INV_X2M_A9PP140ZTUL_C35           58  0.034   0.138    0.195  
  g32665__2346/Y                                            -      B->Y    R     AND2_X0P5B_A9PP140ZTUL_C35         2  0.243   0.034    0.229  
  g39405__2802/Y                                            -      A0->Y   F     AOI22_X0P5M_A9PP140ZTUL_C35        1  0.030   0.086    0.315  
  g39401__1617/Y                                            -      B->Y    F     AND4_X0P5M_A9PP140ZTUL_C35         1  0.154   0.065    0.380  
  g39400__3680/Y                                            -      A->Y    R     NAND3_X1A_A9PP140ZTUL_C35          1  0.022   0.021    0.401  
  place_opt_inst_FE_OFC176_AR_3__AC_7__ACC_add_31_50_n_0/Y  -      A->Y    F     INV_X2M_A9PP140ZTUL_C35           49  0.032   0.119    0.520  
  place_opt_inst_FE_OFC164_AR_3__AC_7__ACC_add_31_50_n_0/Y  -      A->Y    R     INV_X2M_A9PP140ZTUL_C35           34  0.223   0.154    0.673  
  place_opt_inst_FE_OFC128_AR_3__AC_7__ACC_add_31_50_n_0/Y  -      A->Y    F     INV_X2M_A9PP140ZTUL_C35           73  0.184   0.168    0.842  
  g44718/Y                                                  -      A->Y    F     AND2_X0P5B_A9PP140ZTUL_C35        49  0.246   0.388    1.230  
  g44700/Y                                                  -      A->Y    R     INV_X0P7M_A9PP140ZTUL_C35         48  0.637   0.505    1.735  
  g42504/Y                                                  -      B0->Y   R     AO22_X0P5M_A9PP140ZTUL_C35         1  0.608   0.036    1.771  
  cts_opt_inst_FE_PHC1901_n_1676/Y                          -      A->Y    R     BUFH_X1M_A9PP140ZTUL_C35           1  0.042   0.020    1.791  
  retime_s7_36_reg/D                                        -      D       R     DFFRPQA_X1M_A9PP140ZTUL_C35        1  0.012   0.000    1.791  
#--------------------------------------------------------------------------------------------------------------------------------------------
Path 31: MET (0.059 ns) Setup Check with Pin retime_s6_51_reg/CK->D
               View: wc_analysis_view
              Group: reg2reg
         Startpoint: (R) retime_s1_6_reg/CK
              Clock: (R) CLK
           Endpoint: (F) retime_s6_51_reg/D
              Clock: (R) CLK

                       Capture       Launch
         Clock Edge:+    2.000        0.000
        Src Latency:+   -0.154       -0.154
        Net Latency:+    0.155 (P)    0.155 (P)
            Arrival:=    2.001        0.001

              Setup:-    0.055
        Uncertainty:-    0.125
      Required Time:=    1.821
       Launch Clock:=    0.001
          Data Path:+    1.761
              Slack:=    0.059

#--------------------------------------------------------------------------------------------------------------------------------------------
# Timing Point                                              Flags  Arc     Edge  Cell                          Fanout  Trans   Delay  Arrival  
#                                                                                                                       (ns)    (ns)     (ns)  
#--------------------------------------------------------------------------------------------------------------------------------------------
  retime_s1_6_reg/CK                                        -      CK      R     (arrival)                         20  0.043       -    0.001  
  retime_s1_6_reg/QN                                        -      CK->QN  R     DFFRPQNA_X1M_A9PP140ZTUL_C35       2  0.043   0.050    0.051  
  cts_opt_inst_FE_OFC246_n_2948/Y                           -      A->Y    F     INV_X2M_A9PP140ZTUL_C35           58  0.038   0.117    0.168  
  g32675/Y                                                  -      B->Y    F     AND2_X0P5B_A9PP140ZTUL_C35         2  0.208   0.078    0.247  
  g39405__2802/Y                                            -      B0->Y   R     AOI22_X0P5M_A9PP140ZTUL_C35        1  0.032   0.107    0.354  
  g39401__1617/Y                                            -      B->Y    R     AND4_X0P5M_A9PP140ZTUL_C35         1  0.188   0.038    0.392  
  g39400__3680/Y                                            -      A->Y    F     NAND3_X1A_A9PP140ZTUL_C35          1  0.025   0.023    0.415  
  place_opt_inst_FE_OFC176_AR_3__AC_7__ACC_add_31_50_n_0/Y  -      A->Y    R     INV_X2M_A9PP140ZTUL_C35           49  0.040   0.136    0.552  
  place_opt_inst_FE_OFC159_AR_3__AC_7__ACC_add_31_50_n_0/Y  -      A->Y    F     INV_X3M_A9PP140ZTUL_C35            6  0.258   0.057    0.609  
  place_opt_inst_FE_OFC174_AR_3__AC_7__ACC_add_31_50_n_0/Y  -      A->Y    R     INV_X3M_A9PP140ZTUL_C35           63  0.100   0.117    0.725  
  g44741/Y                                                  -      A->Y    R     AND2_X0P5B_A9PP140ZTUL_C35        65  0.159   0.408    1.133  
  g44722/Y                                                  -      A->Y    F     INV_X1M_A9PP140ZTUL_C35           64  0.790   0.366    1.499  
  g42572/Y                                                  -      B0->Y   F     AO22_X0P5M_A9PP140ZTUL_C35         1  0.518   0.133    1.631  
  cts_opt_inst_FE_PHC1544_n_1608/Y                          -      A->Y    F     DLY4_X4M_A9PP140ZTUL_C35           1  0.075   0.131    1.762  
  retime_s6_51_reg/D                                        -      D       F     DFFRPQA_X1M_A9PP140ZTUL_C35        1  0.025   0.000    1.762  
#--------------------------------------------------------------------------------------------------------------------------------------------
Path 32: MET (0.060 ns) Setup Check with Pin retime_s5_98_reg/CK->D
               View: wc_analysis_view
              Group: reg2reg
         Startpoint: (R) retime_s1_6_reg/CK
              Clock: (R) CLK
           Endpoint: (F) retime_s5_98_reg/D
              Clock: (R) CLK

                       Capture       Launch
         Clock Edge:+    2.000        0.000
        Src Latency:+   -0.154       -0.154
        Net Latency:+    0.150 (P)    0.155 (P)
            Arrival:=    1.996        0.001

              Setup:-    0.053
        Uncertainty:-    0.125
      Required Time:=    1.818
       Launch Clock:=    0.001
          Data Path:+    1.757
              Slack:=    0.060

#--------------------------------------------------------------------------------------------------------------------------------------------
# Timing Point                                              Flags  Arc     Edge  Cell                          Fanout  Trans   Delay  Arrival  
#                                                                                                                       (ns)    (ns)     (ns)  
#--------------------------------------------------------------------------------------------------------------------------------------------
  retime_s1_6_reg/CK                                        -      CK      R     (arrival)                         20  0.043       -    0.001  
  retime_s1_6_reg/QN                                        -      CK->QN  R     DFFRPQNA_X1M_A9PP140ZTUL_C35       2  0.043   0.050    0.051  
  cts_opt_inst_FE_OFC246_n_2948/Y                           -      A->Y    F     INV_X2M_A9PP140ZTUL_C35           58  0.038   0.117    0.168  
  g32675/Y                                                  -      B->Y    F     AND2_X0P5B_A9PP140ZTUL_C35         2  0.208   0.078    0.247  
  g39405__2802/Y                                            -      B0->Y   R     AOI22_X0P5M_A9PP140ZTUL_C35        1  0.032   0.107    0.354  
  g39401__1617/Y                                            -      B->Y    R     AND4_X0P5M_A9PP140ZTUL_C35         1  0.188   0.038    0.392  
  g39400__3680/Y                                            -      A->Y    F     NAND3_X1A_A9PP140ZTUL_C35          1  0.025   0.023    0.415  
  place_opt_inst_FE_OFC176_AR_3__AC_7__ACC_add_31_50_n_0/Y  -      A->Y    R     INV_X2M_A9PP140ZTUL_C35           49  0.040   0.136    0.552  
  place_opt_inst_FE_OFC159_AR_3__AC_7__ACC_add_31_50_n_0/Y  -      A->Y    F     INV_X3M_A9PP140ZTUL_C35            6  0.258   0.057    0.609  
  place_opt_inst_FE_OFC174_AR_3__AC_7__ACC_add_31_50_n_0/Y  -      A->Y    R     INV_X3M_A9PP140ZTUL_C35           63  0.100   0.116    0.725  
  g44740/Y                                                  -      A->Y    R     AND2_X0P5B_A9PP140ZTUL_C35        65  0.159   0.474    1.198  
  g44721/Y                                                  -      A->Y    F     INV_X1M_A9PP140ZTUL_C35           64  0.858   0.404    1.602  
  g42570/Y                                                  -      B0->Y   F     AO22_X0P5M_A9PP140ZTUL_C35         1  0.543   0.102    1.704  
  cts_opt_inst_FE_PHC1856_n_1610/Y                          -      A->Y    F     BUF_X1B_A9PP140ZTUL_C35            1  0.041   0.030    1.734  
  cts_opt_inst_FE_PHC3101_n_1610/Y                          -      A->Y    F     BUF_X1B_A9PP140ZTUL_C35            1  0.018   0.024    1.758  
  retime_s5_98_reg/D                                        -      D       F     DFFRPQA_X1M_A9PP140ZTUL_C35        1  0.017   0.000    1.758  
#--------------------------------------------------------------------------------------------------------------------------------------------
Path 33: MET (0.060 ns) Setup Check with Pin retime_s3_308_reg/CK->D
               View: wc_analysis_view
              Group: reg2reg
         Startpoint: (R) retime_s1_6_reg/CK
              Clock: (R) CLK
           Endpoint: (F) retime_s3_308_reg/D
              Clock: (R) CLK

                       Capture       Launch
         Clock Edge:+    2.000        0.000
        Src Latency:+   -0.154       -0.154
        Net Latency:+    0.155 (P)    0.155 (P)
            Arrival:=    2.001        0.001

              Setup:-    0.052
        Uncertainty:-    0.125
      Required Time:=    1.824
       Launch Clock:=    0.001
          Data Path:+    1.763
              Slack:=    0.060

#---------------------------------------------------------------------------------------------------------------------------------------------
# Timing Point                                              Flags  Arc     Edge  Cell                           Fanout  Trans   Delay  Arrival  
#                                                                                                                        (ns)    (ns)     (ns)  
#---------------------------------------------------------------------------------------------------------------------------------------------
  retime_s1_6_reg/CK                                        -      CK      R     (arrival)                          20  0.043       -    0.001  
  retime_s1_6_reg/QN                                        -      CK->QN  R     DFFRPQNA_X1M_A9PP140ZTUL_C35        2  0.043   0.050    0.051  
  cts_opt_inst_FE_OFC246_n_2948/Y                           -      A->Y    F     INV_X2M_A9PP140ZTUL_C35            58  0.038   0.117    0.168  
  g32675/Y                                                  -      B->Y    F     AND2_X0P5B_A9PP140ZTUL_C35          2  0.208   0.078    0.247  
  g39405__2802/Y                                            -      B0->Y   R     AOI22_X0P5M_A9PP140ZTUL_C35         1  0.032   0.107    0.354  
  g39401__1617/Y                                            -      B->Y    R     AND4_X0P5M_A9PP140ZTUL_C35          1  0.188   0.038    0.392  
  g39400__3680/Y                                            -      A->Y    F     NAND3_X1A_A9PP140ZTUL_C35           1  0.025   0.023    0.415  
  place_opt_inst_FE_OFC176_AR_3__AC_7__ACC_add_31_50_n_0/Y  -      A->Y    R     INV_X2M_A9PP140ZTUL_C35            49  0.040   0.136    0.552  
  place_opt_inst_FE_OFC159_AR_3__AC_7__ACC_add_31_50_n_0/Y  -      A->Y    F     INV_X3M_A9PP140ZTUL_C35             6  0.258   0.057    0.609  
  place_opt_inst_FE_OFC174_AR_3__AC_7__ACC_add_31_50_n_0/Y  -      A->Y    R     INV_X3M_A9PP140ZTUL_C35            63  0.100   0.115    0.724  
  g39398__6783/Y                                            -      A->Y    R     AND2_X1M_A9PP140ZTUL_C35           75  0.159   0.326    1.050  
  place_opt_inst_FE_OFC121_AR_0__AC_3__ACC_n_156/Y          -      A->Y    F     INV_X1M_A9PP140ZTUL_C35            51  0.569   0.261    1.311  
  place_opt_inst_FE_OFC228_AR_0__AC_3__ACC_n_156/Y          -      A->Y    F     BUF_X1M_A9PP140ZTUL_C35            70  0.364   0.303    1.614  
  g43916/Y                                                  -      B0N->Y  F     OAI22BB_X0P5M_A9PP140ZTUL_C35       1  0.372   0.115    1.729  
  cts_opt_inst_FE_PHC1903_n_1036/Y                          -      A->Y    F     BUFH_X1M_A9PP140ZTUL_C35            1  0.098   0.035    1.764  
  retime_s3_308_reg/D                                       -      D       F     DFFRPQA_X1M_A9PP140ZTUL_C35         1  0.014   0.000    1.764  
#---------------------------------------------------------------------------------------------------------------------------------------------
Path 34: MET (0.061 ns) Setup Check with Pin retime_s5_95_reg/CK->D
               View: wc_analysis_view
              Group: reg2reg
         Startpoint: (R) retime_s1_6_reg/CK
              Clock: (R) CLK
           Endpoint: (F) retime_s5_95_reg/D
              Clock: (R) CLK

                       Capture       Launch
         Clock Edge:+    2.000        0.000
        Src Latency:+   -0.154       -0.154
        Net Latency:+    0.150 (P)    0.155 (P)
            Arrival:=    1.996        0.001

              Setup:-    0.052
        Uncertainty:-    0.125
      Required Time:=    1.819
       Launch Clock:=    0.001
          Data Path:+    1.757
              Slack:=    0.061

#--------------------------------------------------------------------------------------------------------------------------------------------
# Timing Point                                              Flags  Arc     Edge  Cell                          Fanout  Trans   Delay  Arrival  
#                                                                                                                       (ns)    (ns)     (ns)  
#--------------------------------------------------------------------------------------------------------------------------------------------
  retime_s1_6_reg/CK                                        -      CK      R     (arrival)                         20  0.043       -    0.001  
  retime_s1_6_reg/QN                                        -      CK->QN  R     DFFRPQNA_X1M_A9PP140ZTUL_C35       2  0.043   0.050    0.051  
  cts_opt_inst_FE_OFC246_n_2948/Y                           -      A->Y    F     INV_X2M_A9PP140ZTUL_C35           58  0.038   0.117    0.168  
  g32675/Y                                                  -      B->Y    F     AND2_X0P5B_A9PP140ZTUL_C35         2  0.208   0.078    0.247  
  g39405__2802/Y                                            -      B0->Y   R     AOI22_X0P5M_A9PP140ZTUL_C35        1  0.032   0.107    0.354  
  g39401__1617/Y                                            -      B->Y    R     AND4_X0P5M_A9PP140ZTUL_C35         1  0.188   0.038    0.392  
  g39400__3680/Y                                            -      A->Y    F     NAND3_X1A_A9PP140ZTUL_C35          1  0.025   0.023    0.415  
  place_opt_inst_FE_OFC176_AR_3__AC_7__ACC_add_31_50_n_0/Y  -      A->Y    R     INV_X2M_A9PP140ZTUL_C35           49  0.040   0.136    0.552  
  place_opt_inst_FE_OFC159_AR_3__AC_7__ACC_add_31_50_n_0/Y  -      A->Y    F     INV_X3M_A9PP140ZTUL_C35            6  0.258   0.057    0.609  
  place_opt_inst_FE_OFC174_AR_3__AC_7__ACC_add_31_50_n_0/Y  -      A->Y    R     INV_X3M_A9PP140ZTUL_C35           63  0.100   0.116    0.725  
  g44740/Y                                                  -      A->Y    R     AND2_X0P5B_A9PP140ZTUL_C35        65  0.159   0.474    1.198  
  g44721/Y                                                  -      A->Y    F     INV_X1M_A9PP140ZTUL_C35           64  0.858   0.403    1.601  
  g42611/Y                                                  -      B0->Y   F     AO22_X0P5M_A9PP140ZTUL_C35         1  0.543   0.107    1.708  
  cts_opt_inst_FE_PHC1855_n_1569/Y                          -      A->Y    F     BUF_X1B_A9PP140ZTUL_C35            1  0.046   0.029    1.737  
  cts_opt_inst_FE_PHC2623_n_1569/Y                          -      A->Y    F     BUF_X1B_A9PP140ZTUL_C35            1  0.015   0.021    1.758  
  retime_s5_95_reg/D                                        -      D       F     DFFRPQA_X1M_A9PP140ZTUL_C35        1  0.013   0.000    1.758  
#--------------------------------------------------------------------------------------------------------------------------------------------
Path 35: MET (0.062 ns) Setup Check with Pin retime_s4_159_reg/CK->D
               View: wc_analysis_view
              Group: reg2reg
         Startpoint: (R) retime_s1_6_reg/CK
              Clock: (R) CLK
           Endpoint: (F) retime_s4_159_reg/D
              Clock: (R) CLK

                       Capture       Launch
         Clock Edge:+    2.000        0.000
        Src Latency:+   -0.154       -0.154
        Net Latency:+    0.154 (P)    0.155 (P)
            Arrival:=    2.000        0.001

              Setup:-    0.052
        Uncertainty:-    0.125
      Required Time:=    1.823
       Launch Clock:=    0.001
          Data Path:+    1.760
              Slack:=    0.062

#---------------------------------------------------------------------------------------------------------------------------------------------
# Timing Point                                              Flags  Arc     Edge  Cell                           Fanout  Trans   Delay  Arrival  
#                                                                                                                        (ns)    (ns)     (ns)  
#---------------------------------------------------------------------------------------------------------------------------------------------
  retime_s1_6_reg/CK                                        -      CK      R     (arrival)                          20  0.043       -    0.001  
  retime_s1_6_reg/QN                                        -      CK->QN  R     DFFRPQNA_X1M_A9PP140ZTUL_C35        2  0.043   0.050    0.051  
  cts_opt_inst_FE_OFC246_n_2948/Y                           -      A->Y    F     INV_X2M_A9PP140ZTUL_C35            58  0.038   0.117    0.168  
  g32675/Y                                                  -      B->Y    F     AND2_X0P5B_A9PP140ZTUL_C35          2  0.208   0.078    0.247  
  g39405__2802/Y                                            -      B0->Y   R     AOI22_X0P5M_A9PP140ZTUL_C35         1  0.032   0.107    0.354  
  g39401__1617/Y                                            -      B->Y    R     AND4_X0P5M_A9PP140ZTUL_C35          1  0.188   0.038    0.392  
  g39400__3680/Y                                            -      A->Y    F     NAND3_X1A_A9PP140ZTUL_C35           1  0.025   0.023    0.415  
  place_opt_inst_FE_OFC176_AR_3__AC_7__ACC_add_31_50_n_0/Y  -      A->Y    R     INV_X2M_A9PP140ZTUL_C35            49  0.040   0.136    0.552  
  place_opt_inst_FE_OFC159_AR_3__AC_7__ACC_add_31_50_n_0/Y  -      A->Y    F     INV_X3M_A9PP140ZTUL_C35             6  0.258   0.057    0.609  
  place_opt_inst_FE_OFC174_AR_3__AC_7__ACC_add_31_50_n_0/Y  -      A->Y    R     INV_X3M_A9PP140ZTUL_C35            63  0.100   0.115    0.724  
  g39398__6783/Y                                            -      A->Y    R     AND2_X1M_A9PP140ZTUL_C35           75  0.159   0.326    1.050  
  place_opt_inst_FE_OFC121_AR_0__AC_3__ACC_n_156/Y          -      A->Y    F     INV_X1M_A9PP140ZTUL_C35            51  0.569   0.261    1.311  
  place_opt_inst_FE_OFC228_AR_0__AC_3__ACC_n_156/Y          -      A->Y    F     BUF_X1M_A9PP140ZTUL_C35            70  0.364   0.303    1.614  
  g43924/Y                                                  -      B0N->Y  F     OAI22BB_X0P5M_A9PP140ZTUL_C35       1  0.372   0.113    1.727  
  cts_opt_inst_FE_PHC1896_n_1028/Y                          -      A->Y    F     BUF_X1B_A9PP140ZTUL_C35             1  0.095   0.035    1.762  
  retime_s4_159_reg/D                                       -      D       F     DFFRPQA_X1M_A9PP140ZTUL_C35         1  0.015   0.000    1.762  
#---------------------------------------------------------------------------------------------------------------------------------------------
Path 36: MET (0.062 ns) Setup Check with Pin retime_s3_60_reg/CK->D
               View: wc_analysis_view
              Group: reg2reg
         Startpoint: (R) retime_s1_6_reg/CK
              Clock: (R) CLK
           Endpoint: (R) retime_s3_60_reg/D
              Clock: (R) CLK

                       Capture       Launch
         Clock Edge:+    2.000        0.000
        Src Latency:+   -0.154       -0.154
        Net Latency:+    0.153 (P)    0.155 (P)
            Arrival:=    1.999        0.001

              Setup:-    0.028
        Uncertainty:-    0.125
      Required Time:=    1.846
       Launch Clock:=    0.001
          Data Path:+    1.783
              Slack:=    0.062

#--------------------------------------------------------------------------------------------------------------------------------------------
# Timing Point                                              Flags  Arc     Edge  Cell                          Fanout  Trans   Delay  Arrival  
#                                                                                                                       (ns)    (ns)     (ns)  
#--------------------------------------------------------------------------------------------------------------------------------------------
  retime_s1_6_reg/CK                                        -      CK      R     (arrival)                         20  0.043       -    0.001  
  retime_s1_6_reg/QN                                        -      CK->QN  R     DFFRPQNA_X1M_A9PP140ZTUL_C35       2  0.043   0.050    0.051  
  cts_opt_inst_FE_OFC246_n_2948/Y                           -      A->Y    F     INV_X2M_A9PP140ZTUL_C35           58  0.038   0.117    0.168  
  g32675/Y                                                  -      B->Y    F     AND2_X0P5B_A9PP140ZTUL_C35         2  0.208   0.078    0.247  
  g39405__2802/Y                                            -      B0->Y   R     AOI22_X0P5M_A9PP140ZTUL_C35        1  0.032   0.107    0.354  
  g39401__1617/Y                                            -      B->Y    R     AND4_X0P5M_A9PP140ZTUL_C35         1  0.188   0.038    0.392  
  g39400__3680/Y                                            -      A->Y    F     NAND3_X1A_A9PP140ZTUL_C35          1  0.025   0.023    0.415  
  place_opt_inst_FE_OFC176_AR_3__AC_7__ACC_add_31_50_n_0/Y  -      A->Y    R     INV_X2M_A9PP140ZTUL_C35           49  0.040   0.136    0.552  
  place_opt_inst_FE_OFC159_AR_3__AC_7__ACC_add_31_50_n_0/Y  -      A->Y    F     INV_X3M_A9PP140ZTUL_C35            6  0.258   0.057    0.609  
  place_opt_inst_FE_OFC174_AR_3__AC_7__ACC_add_31_50_n_0/Y  -      A->Y    R     INV_X3M_A9PP140ZTUL_C35           63  0.100   0.115    0.724  
  g39398__6783/Y                                            -      A->Y    R     AND2_X1M_A9PP140ZTUL_C35          75  0.159   0.326    1.050  
  place_opt_inst_FE_OFC121_AR_0__AC_3__ACC_n_156/Y          -      A->Y    F     INV_X1M_A9PP140ZTUL_C35           51  0.569   0.263    1.312  
  place_opt_inst_FE_OFC122_AR_0__AC_3__ACC_n_156/Y          -      A->Y    R     INV_X1M_A9PP140ZTUL_C35           26  0.364   0.209    1.521  
  g43934/Y                                                  -      B0->Y   R     AO22_X0P5M_A9PP140ZTUL_C35         1  0.252   0.105    1.626  
  cts_opt_inst_FE_PHC1238_n_1018/Y                          -      A->Y    R     DLY4_X0P5M_A9PP140ZTUL_C35         1  0.136   0.158    1.784  
  retime_s3_60_reg/D                                        -      D       R     DFFRPQA_X1M_A9PP140ZTUL_C35        1  0.106   0.000    1.784  
#--------------------------------------------------------------------------------------------------------------------------------------------
Path 37: MET (0.062 ns) Setup Check with Pin retime_s3_243_reg/CK->D
               View: wc_analysis_view
              Group: reg2reg
         Startpoint: (R) retime_s1_6_reg/CK
              Clock: (R) CLK
           Endpoint: (F) retime_s3_243_reg/D
              Clock: (R) CLK

                       Capture       Launch
         Clock Edge:+    2.000        0.000
        Src Latency:+   -0.154       -0.154
        Net Latency:+    0.151 (P)    0.155 (P)
            Arrival:=    1.997        0.001

              Setup:-    0.054
        Uncertainty:-    0.125
      Required Time:=    1.818
       Launch Clock:=    0.001
          Data Path:+    1.755
              Slack:=    0.062

#--------------------------------------------------------------------------------------------------------------------------------------------
# Timing Point                                              Flags  Arc     Edge  Cell                          Fanout  Trans   Delay  Arrival  
#                                                                                                                       (ns)    (ns)     (ns)  
#--------------------------------------------------------------------------------------------------------------------------------------------
  retime_s1_6_reg/CK                                        -      CK      R     (arrival)                         20  0.043       -    0.001  
  retime_s1_6_reg/QN                                        -      CK->QN  R     DFFRPQNA_X1M_A9PP140ZTUL_C35       2  0.043   0.050    0.051  
  cts_opt_inst_FE_OFC246_n_2948/Y                           -      A->Y    F     INV_X2M_A9PP140ZTUL_C35           58  0.038   0.117    0.168  
  g32675/Y                                                  -      B->Y    F     AND2_X0P5B_A9PP140ZTUL_C35         2  0.208   0.078    0.247  
  g39405__2802/Y                                            -      B0->Y   R     AOI22_X0P5M_A9PP140ZTUL_C35        1  0.032   0.107    0.354  
  g39401__1617/Y                                            -      B->Y    R     AND4_X0P5M_A9PP140ZTUL_C35         1  0.188   0.038    0.392  
  g39400__3680/Y                                            -      A->Y    F     NAND3_X1A_A9PP140ZTUL_C35          1  0.025   0.023    0.415  
  place_opt_inst_FE_OFC176_AR_3__AC_7__ACC_add_31_50_n_0/Y  -      A->Y    R     INV_X2M_A9PP140ZTUL_C35           49  0.040   0.136    0.552  
  place_opt_inst_FE_OFC159_AR_3__AC_7__ACC_add_31_50_n_0/Y  -      A->Y    F     INV_X3M_A9PP140ZTUL_C35            6  0.258   0.057    0.609  
  place_opt_inst_FE_OFC174_AR_3__AC_7__ACC_add_31_50_n_0/Y  -      A->Y    R     INV_X3M_A9PP140ZTUL_C35           63  0.100   0.116    0.725  
  g44742/Y                                                  -      A->Y    R     AND2_X0P5B_A9PP140ZTUL_C35        65  0.159   0.478    1.203  
  g44723/Y                                                  -      A->Y    F     INV_X1M_A9PP140ZTUL_C35           64  0.872   0.387    1.590  
  g42553/Y                                                  -      B0->Y   F     AO22_X0P5M_A9PP140ZTUL_C35         1  0.542   0.109    1.700  
  cts_opt_inst_FE_PHC1788_n_1627/Y                          -      A->Y    F     BUF_X1B_A9PP140ZTUL_C35            1  0.049   0.031    1.730  
  cts_opt_inst_FE_PHC2613_n_1627/Y                          -      A->Y    F     BUF_X1B_A9PP140ZTUL_C35            1  0.017   0.026    1.756  
  retime_s3_243_reg/D                                       -      D       F     DFFRPQA_X1M_A9PP140ZTUL_C35        1  0.020   0.000    1.756  
#--------------------------------------------------------------------------------------------------------------------------------------------
Path 38: MET (0.063 ns) Setup Check with Pin retime_s4_30_reg/CK->D
               View: wc_analysis_view
              Group: reg2reg
         Startpoint: (R) retime_s1_6_reg/CK
              Clock: (R) CLK
           Endpoint: (F) retime_s4_30_reg/D
              Clock: (R) CLK

                       Capture       Launch
         Clock Edge:+    2.000        0.000
        Src Latency:+   -0.154       -0.154
        Net Latency:+    0.150 (P)    0.155 (P)
            Arrival:=    1.996        0.001

              Setup:-    0.054
        Uncertainty:-    0.125
      Required Time:=    1.817
       Launch Clock:=    0.001
          Data Path:+    1.753
              Slack:=    0.063

#--------------------------------------------------------------------------------------------------------------------------------------------
# Timing Point                                              Flags  Arc     Edge  Cell                          Fanout  Trans   Delay  Arrival  
#                                                                                                                       (ns)    (ns)     (ns)  
#--------------------------------------------------------------------------------------------------------------------------------------------
  retime_s1_6_reg/CK                                        -      CK      R     (arrival)                         20  0.043       -    0.001  
  retime_s1_6_reg/QN                                        -      CK->QN  R     DFFRPQNA_X1M_A9PP140ZTUL_C35       2  0.043   0.050    0.051  
  cts_opt_inst_FE_OFC246_n_2948/Y                           -      A->Y    F     INV_X2M_A9PP140ZTUL_C35           58  0.038   0.117    0.168  
  g32675/Y                                                  -      B->Y    F     AND2_X0P5B_A9PP140ZTUL_C35         2  0.208   0.078    0.247  
  g39405__2802/Y                                            -      B0->Y   R     AOI22_X0P5M_A9PP140ZTUL_C35        1  0.032   0.107    0.354  
  g39401__1617/Y                                            -      B->Y    R     AND4_X0P5M_A9PP140ZTUL_C35         1  0.188   0.038    0.392  
  g39400__3680/Y                                            -      A->Y    F     NAND3_X1A_A9PP140ZTUL_C35          1  0.025   0.023    0.415  
  place_opt_inst_FE_OFC176_AR_3__AC_7__ACC_add_31_50_n_0/Y  -      A->Y    R     INV_X2M_A9PP140ZTUL_C35           49  0.040   0.136    0.552  
  place_opt_inst_FE_OFC159_AR_3__AC_7__ACC_add_31_50_n_0/Y  -      A->Y    F     INV_X3M_A9PP140ZTUL_C35            6  0.258   0.057    0.609  
  place_opt_inst_FE_OFC174_AR_3__AC_7__ACC_add_31_50_n_0/Y  -      A->Y    R     INV_X3M_A9PP140ZTUL_C35           63  0.100   0.116    0.725  
  g44742/Y                                                  -      A->Y    R     AND2_X0P5B_A9PP140ZTUL_C35        65  0.159   0.478    1.203  
  g44723/Y                                                  -      A->Y    F     INV_X1M_A9PP140ZTUL_C35           64  0.872   0.388    1.591  
  g42554/Y                                                  -      B0->Y   F     AO22_X0P5M_A9PP140ZTUL_C35         1  0.542   0.126    1.717  
  cts_opt_inst_FE_PHC2685_n_1626/Y                          -      A->Y    F     BUFH_X1M_A9PP140ZTUL_C35           1  0.065   0.037    1.755  
  retime_s4_30_reg/D                                        -      D       F     DFFRPQA_X1M_A9PP140ZTUL_C35        1  0.021   0.000    1.755  
#--------------------------------------------------------------------------------------------------------------------------------------------
Path 39: MET (0.064 ns) Setup Check with Pin retime_s6_58_reg/CK->D
               View: wc_analysis_view
              Group: reg2reg
         Startpoint: (R) retime_s1_6_reg/CK
              Clock: (R) CLK
           Endpoint: (F) retime_s6_58_reg/D
              Clock: (R) CLK

                       Capture       Launch
         Clock Edge:+    2.000        0.000
        Src Latency:+   -0.154       -0.154
        Net Latency:+    0.154 (P)    0.155 (P)
            Arrival:=    2.001        0.001

              Setup:-    0.059
        Uncertainty:-    0.125
      Required Time:=    1.817
       Launch Clock:=    0.001
          Data Path:+    1.751
              Slack:=    0.064

#--------------------------------------------------------------------------------------------------------------------------------------------
# Timing Point                                              Flags  Arc     Edge  Cell                          Fanout  Trans   Delay  Arrival  
#                                                                                                                       (ns)    (ns)     (ns)  
#--------------------------------------------------------------------------------------------------------------------------------------------
  retime_s1_6_reg/CK                                        -      CK      R     (arrival)                         20  0.043       -    0.001  
  retime_s1_6_reg/QN                                        -      CK->QN  R     DFFRPQNA_X1M_A9PP140ZTUL_C35       2  0.043   0.050    0.051  
  cts_opt_inst_FE_OFC246_n_2948/Y                           -      A->Y    F     INV_X2M_A9PP140ZTUL_C35           58  0.038   0.117    0.168  
  g32675/Y                                                  -      B->Y    F     AND2_X0P5B_A9PP140ZTUL_C35         2  0.208   0.078    0.247  
  g39405__2802/Y                                            -      B0->Y   R     AOI22_X0P5M_A9PP140ZTUL_C35        1  0.032   0.107    0.354  
  g39401__1617/Y                                            -      B->Y    R     AND4_X0P5M_A9PP140ZTUL_C35         1  0.188   0.038    0.392  
  g39400__3680/Y                                            -      A->Y    F     NAND3_X1A_A9PP140ZTUL_C35          1  0.025   0.023    0.415  
  place_opt_inst_FE_OFC176_AR_3__AC_7__ACC_add_31_50_n_0/Y  -      A->Y    R     INV_X2M_A9PP140ZTUL_C35           49  0.040   0.136    0.552  
  place_opt_inst_FE_OFC159_AR_3__AC_7__ACC_add_31_50_n_0/Y  -      A->Y    F     INV_X3M_A9PP140ZTUL_C35            6  0.258   0.057    0.609  
  place_opt_inst_FE_OFC174_AR_3__AC_7__ACC_add_31_50_n_0/Y  -      A->Y    R     INV_X3M_A9PP140ZTUL_C35           63  0.100   0.117    0.725  
  g44741/Y                                                  -      A->Y    R     AND2_X0P5B_A9PP140ZTUL_C35        65  0.159   0.408    1.133  
  g44722/Y                                                  -      A->Y    F     INV_X1M_A9PP140ZTUL_C35           64  0.790   0.360    1.492  
  g42451/Y                                                  -      B0->Y   F     AO22_X0P5M_A9PP140ZTUL_C35         1  0.517   0.127    1.619  
  cts_opt_inst_FE_PHC1589_n_1729/Y                          -      A->Y    F     DLY4_X0P5M_A9PP140ZTUL_C35         1  0.067   0.133    1.752  
  retime_s6_58_reg/D                                        -      D       F     DFFRPQA_X1M_A9PP140ZTUL_C35        1  0.041   0.000    1.752  
#--------------------------------------------------------------------------------------------------------------------------------------------
Path 40: MET (0.065 ns) Setup Check with Pin retime_s8_16_reg/CK->D
               View: wc_analysis_view
              Group: reg2reg
         Startpoint: (R) retime_s1_6_reg/CK
              Clock: (R) CLK
           Endpoint: (R) retime_s8_16_reg/D
              Clock: (R) CLK

                       Capture       Launch
         Clock Edge:+    2.000        0.000
        Src Latency:+   -0.154       -0.154
        Net Latency:+    0.153 (P)    0.155 (P)
            Arrival:=    2.000        0.001

              Setup:-    0.025
        Uncertainty:-    0.125
      Required Time:=    1.849
       Launch Clock:=    0.001
          Data Path:+    1.784
              Slack:=    0.065

#--------------------------------------------------------------------------------------------------------------------------------------------
# Timing Point                                              Flags  Arc     Edge  Cell                          Fanout  Trans   Delay  Arrival  
#                                                                                                                       (ns)    (ns)     (ns)  
#--------------------------------------------------------------------------------------------------------------------------------------------
  retime_s1_6_reg/CK                                        -      CK      R     (arrival)                         20  0.043       -    0.001  
  retime_s1_6_reg/QN                                        -      CK->QN  F     DFFRPQNA_X1M_A9PP140ZTUL_C35       2  0.043   0.056    0.057  
  cts_opt_inst_FE_OFC246_n_2948/Y                           -      A->Y    R     INV_X2M_A9PP140ZTUL_C35           58  0.034   0.138    0.195  
  g32665__2346/Y                                            -      B->Y    R     AND2_X0P5B_A9PP140ZTUL_C35         2  0.243   0.034    0.229  
  g39405__2802/Y                                            -      A0->Y   F     AOI22_X0P5M_A9PP140ZTUL_C35        1  0.030   0.086    0.315  
  g39401__1617/Y                                            -      B->Y    F     AND4_X0P5M_A9PP140ZTUL_C35         1  0.154   0.065    0.380  
  g39400__3680/Y                                            -      A->Y    R     NAND3_X1A_A9PP140ZTUL_C35          1  0.022   0.021    0.401  
  place_opt_inst_FE_OFC176_AR_3__AC_7__ACC_add_31_50_n_0/Y  -      A->Y    F     INV_X2M_A9PP140ZTUL_C35           49  0.032   0.119    0.520  
  place_opt_inst_FE_OFC164_AR_3__AC_7__ACC_add_31_50_n_0/Y  -      A->Y    R     INV_X2M_A9PP140ZTUL_C35           34  0.223   0.154    0.673  
  place_opt_inst_FE_OFC128_AR_3__AC_7__ACC_add_31_50_n_0/Y  -      A->Y    F     INV_X2M_A9PP140ZTUL_C35           73  0.184   0.168    0.842  
  g44718/Y                                                  -      A->Y    F     AND2_X0P5B_A9PP140ZTUL_C35        49  0.246   0.388    1.230  
  g44700/Y                                                  -      A->Y    R     INV_X0P7M_A9PP140ZTUL_C35         48  0.637   0.500    1.730  
  g42595/Y                                                  -      B0->Y   R     AO22_X0P5M_A9PP140ZTUL_C35         1  0.608   0.035    1.765  
  cts_opt_inst_FE_PHC1899_n_1585/Y                          -      A->Y    R     BUFH_X1M_A9PP140ZTUL_C35           1  0.041   0.020    1.785  
  retime_s8_16_reg/D                                        -      D       R     DFFRPQA_X1M_A9PP140ZTUL_C35        1  0.012   0.000    1.785  
#--------------------------------------------------------------------------------------------------------------------------------------------
Path 41: MET (0.065 ns) Setup Check with Pin retime_s5_10_reg/CK->D
               View: wc_analysis_view
              Group: reg2reg
         Startpoint: (R) retime_s1_6_reg/CK
              Clock: (R) CLK
           Endpoint: (F) retime_s5_10_reg/D
              Clock: (R) CLK

                       Capture       Launch
         Clock Edge:+    2.000        0.000
        Src Latency:+   -0.154       -0.154
        Net Latency:+    0.148 (P)    0.155 (P)
            Arrival:=    1.994        0.001

              Setup:-    0.055
        Uncertainty:-    0.125
      Required Time:=    1.814
       Launch Clock:=    0.001
          Data Path:+    1.748
              Slack:=    0.065

#--------------------------------------------------------------------------------------------------------------------------------------------
# Timing Point                                              Flags  Arc     Edge  Cell                          Fanout  Trans   Delay  Arrival  
#                                                                                                                       (ns)    (ns)     (ns)  
#--------------------------------------------------------------------------------------------------------------------------------------------
  retime_s1_6_reg/CK                                        -      CK      R     (arrival)                         20  0.043       -    0.001  
  retime_s1_6_reg/QN                                        -      CK->QN  R     DFFRPQNA_X1M_A9PP140ZTUL_C35       2  0.043   0.050    0.051  
  cts_opt_inst_FE_OFC246_n_2948/Y                           -      A->Y    F     INV_X2M_A9PP140ZTUL_C35           58  0.038   0.117    0.168  
  g32675/Y                                                  -      B->Y    F     AND2_X0P5B_A9PP140ZTUL_C35         2  0.208   0.078    0.247  
  g39405__2802/Y                                            -      B0->Y   R     AOI22_X0P5M_A9PP140ZTUL_C35        1  0.032   0.107    0.354  
  g39401__1617/Y                                            -      B->Y    R     AND4_X0P5M_A9PP140ZTUL_C35         1  0.188   0.038    0.392  
  g39400__3680/Y                                            -      A->Y    F     NAND3_X1A_A9PP140ZTUL_C35          1  0.025   0.023    0.415  
  place_opt_inst_FE_OFC176_AR_3__AC_7__ACC_add_31_50_n_0/Y  -      A->Y    R     INV_X2M_A9PP140ZTUL_C35           49  0.040   0.136    0.552  
  place_opt_inst_FE_OFC159_AR_3__AC_7__ACC_add_31_50_n_0/Y  -      A->Y    F     INV_X3M_A9PP140ZTUL_C35            6  0.258   0.057    0.609  
  place_opt_inst_FE_OFC174_AR_3__AC_7__ACC_add_31_50_n_0/Y  -      A->Y    R     INV_X3M_A9PP140ZTUL_C35           63  0.100   0.116    0.725  
  g44740/Y                                                  -      A->Y    R     AND2_X0P5B_A9PP140ZTUL_C35        65  0.159   0.474    1.198  
  g44721/Y                                                  -      A->Y    F     INV_X1M_A9PP140ZTUL_C35           64  0.858   0.387    1.586  
  g42368/Y                                                  -      B0->Y   F     AO22_X0P5M_A9PP140ZTUL_C35         1  0.542   0.124    1.710  
  cts_opt_inst_FE_PHC3115_n_1812/Y                          -      A->Y    F     BUFH_X1M_A9PP140ZTUL_C35           1  0.063   0.039    1.749  
  retime_s5_10_reg/D                                        -      D       F     DFFRPQA_X1M_A9PP140ZTUL_C35        1  0.023   0.000    1.749  
#--------------------------------------------------------------------------------------------------------------------------------------------
Path 42: MET (0.066 ns) Setup Check with Pin retime_s4_27_reg/CK->D
               View: wc_analysis_view
              Group: reg2reg
         Startpoint: (R) retime_s1_6_reg/CK
              Clock: (R) CLK
           Endpoint: (F) retime_s4_27_reg/D
              Clock: (R) CLK

                       Capture       Launch
         Clock Edge:+    2.000        0.000
        Src Latency:+   -0.154       -0.154
        Net Latency:+    0.150 (P)    0.155 (P)
            Arrival:=    1.996        0.001

              Setup:-    0.056
        Uncertainty:-    0.125
      Required Time:=    1.815
       Launch Clock:=    0.001
          Data Path:+    1.748
              Slack:=    0.066

#--------------------------------------------------------------------------------------------------------------------------------------------
# Timing Point                                              Flags  Arc     Edge  Cell                          Fanout  Trans   Delay  Arrival  
#                                                                                                                       (ns)    (ns)     (ns)  
#--------------------------------------------------------------------------------------------------------------------------------------------
  retime_s1_6_reg/CK                                        -      CK      R     (arrival)                         20  0.043       -    0.001  
  retime_s1_6_reg/QN                                        -      CK->QN  R     DFFRPQNA_X1M_A9PP140ZTUL_C35       2  0.043   0.050    0.051  
  cts_opt_inst_FE_OFC246_n_2948/Y                           -      A->Y    F     INV_X2M_A9PP140ZTUL_C35           58  0.038   0.117    0.168  
  g32675/Y                                                  -      B->Y    F     AND2_X0P5B_A9PP140ZTUL_C35         2  0.208   0.078    0.247  
  g39405__2802/Y                                            -      B0->Y   R     AOI22_X0P5M_A9PP140ZTUL_C35        1  0.032   0.107    0.354  
  g39401__1617/Y                                            -      B->Y    R     AND4_X0P5M_A9PP140ZTUL_C35         1  0.188   0.038    0.392  
  g39400__3680/Y                                            -      A->Y    F     NAND3_X1A_A9PP140ZTUL_C35          1  0.025   0.023    0.415  
  place_opt_inst_FE_OFC176_AR_3__AC_7__ACC_add_31_50_n_0/Y  -      A->Y    R     INV_X2M_A9PP140ZTUL_C35           49  0.040   0.136    0.552  
  place_opt_inst_FE_OFC159_AR_3__AC_7__ACC_add_31_50_n_0/Y  -      A->Y    F     INV_X3M_A9PP140ZTUL_C35            6  0.258   0.057    0.609  
  place_opt_inst_FE_OFC174_AR_3__AC_7__ACC_add_31_50_n_0/Y  -      A->Y    R     INV_X3M_A9PP140ZTUL_C35           63  0.100   0.116    0.725  
  g44742/Y                                                  -      A->Y    R     AND2_X0P5B_A9PP140ZTUL_C35        65  0.159   0.478    1.203  
  g44723/Y                                                  -      A->Y    F     INV_X1M_A9PP140ZTUL_C35           64  0.872   0.389    1.592  
  g42476/Y                                                  -      B0->Y   F     AO22_X0P5M_A9PP140ZTUL_C35         1  0.542   0.118    1.710  
  cts_opt_inst_FE_PHC2485_n_1704/Y                          -      A->Y    F     BUF_X1B_A9PP140ZTUL_C35            1  0.058   0.039    1.749  
  retime_s4_27_reg/D                                        -      D       F     DFFRPQA_X1M_A9PP140ZTUL_C35        1  0.028   0.000    1.749  
#--------------------------------------------------------------------------------------------------------------------------------------------
Path 43: MET (0.066 ns) Setup Check with Pin retime_s8_51_reg/CK->D
               View: wc_analysis_view
              Group: reg2reg
         Startpoint: (R) retime_s1_6_reg/CK
              Clock: (R) CLK
           Endpoint: (F) retime_s8_51_reg/D
              Clock: (R) CLK

                       Capture       Launch
         Clock Edge:+    2.000        0.000
        Src Latency:+   -0.154       -0.154
        Net Latency:+    0.152 (P)    0.155 (P)
            Arrival:=    1.998        0.001

              Setup:-    0.070
        Uncertainty:-    0.125
      Required Time:=    1.803
       Launch Clock:=    0.001
          Data Path:+    1.736
              Slack:=    0.066

#--------------------------------------------------------------------------------------------------------------------------------------------
# Timing Point                                              Flags  Arc     Edge  Cell                          Fanout  Trans   Delay  Arrival  
#                                                                                                                       (ns)    (ns)     (ns)  
#--------------------------------------------------------------------------------------------------------------------------------------------
  retime_s1_6_reg/CK                                        -      CK      R     (arrival)                         20  0.043       -    0.001  
  retime_s1_6_reg/QN                                        -      CK->QN  R     DFFRPQNA_X1M_A9PP140ZTUL_C35       2  0.043   0.050    0.051  
  cts_opt_inst_FE_OFC246_n_2948/Y                           -      A->Y    F     INV_X2M_A9PP140ZTUL_C35           58  0.038   0.117    0.168  
  g32675/Y                                                  -      B->Y    F     AND2_X0P5B_A9PP140ZTUL_C35         2  0.208   0.078    0.247  
  g39405__2802/Y                                            -      B0->Y   R     AOI22_X0P5M_A9PP140ZTUL_C35        1  0.032   0.107    0.354  
  g39401__1617/Y                                            -      B->Y    R     AND4_X0P5M_A9PP140ZTUL_C35         1  0.188   0.038    0.392  
  g39400__3680/Y                                            -      A->Y    F     NAND3_X1A_A9PP140ZTUL_C35          1  0.025   0.023    0.415  
  place_opt_inst_FE_OFC176_AR_3__AC_7__ACC_add_31_50_n_0/Y  -      A->Y    R     INV_X2M_A9PP140ZTUL_C35           49  0.040   0.144    0.560  
  place_opt_inst_FE_OFC164_AR_3__AC_7__ACC_add_31_50_n_0/Y  -      A->Y    F     INV_X2M_A9PP140ZTUL_C35           34  0.259   0.124    0.684  
  place_opt_inst_FE_OFC128_AR_3__AC_7__ACC_add_31_50_n_0/Y  -      A->Y    R     INV_X2M_A9PP140ZTUL_C35           73  0.172   0.204    0.887  
  g44743/Y                                                  -      A->Y    R     AND2_X1M_A9PP140ZTUL_C35          65  0.283   0.216    1.103  
  cts_opt_inst_FE_OFC244_n_243/Y                            -      A->Y    F     INV_X1M_A9PP140ZTUL_C35           64  0.470   0.325    1.428  
  g42622/Y                                                  -      B0->Y   F     AO22_X0P5M_A9PP140ZTUL_C35         1  0.447   0.144    1.573  
  cts_opt_inst_FE_PHC1135_n_1558/Y                          -      A->Y    F     DLY4_X0P5M_A9PP140ZTUL_C35         1  0.097   0.164    1.737  
  retime_s8_51_reg/D                                        -      D       F     DFFRPQA_X1M_A9PP140ZTUL_C35        1  0.079   0.000    1.737  
#--------------------------------------------------------------------------------------------------------------------------------------------
Path 44: MET (0.067 ns) Setup Check with Pin retime_s8_6_reg/CK->D
               View: wc_analysis_view
              Group: reg2reg
         Startpoint: (R) retime_s1_6_reg/CK
              Clock: (R) CLK
           Endpoint: (R) retime_s8_6_reg/D
              Clock: (R) CLK

                       Capture       Launch
         Clock Edge:+    2.000        0.000
        Src Latency:+   -0.154       -0.154
        Net Latency:+    0.154 (P)    0.155 (P)
            Arrival:=    2.001        0.001

              Setup:-    0.025
        Uncertainty:-    0.125
      Required Time:=    1.850
       Launch Clock:=    0.001
          Data Path:+    1.782
              Slack:=    0.067

#--------------------------------------------------------------------------------------------------------------------------------------------
# Timing Point                                              Flags  Arc     Edge  Cell                          Fanout  Trans   Delay  Arrival  
#                                                                                                                       (ns)    (ns)     (ns)  
#--------------------------------------------------------------------------------------------------------------------------------------------
  retime_s1_6_reg/CK                                        -      CK      R     (arrival)                         20  0.043       -    0.001  
  retime_s1_6_reg/QN                                        -      CK->QN  F     DFFRPQNA_X1M_A9PP140ZTUL_C35       2  0.043   0.056    0.057  
  cts_opt_inst_FE_OFC246_n_2948/Y                           -      A->Y    R     INV_X2M_A9PP140ZTUL_C35           58  0.034   0.138    0.195  
  g32665__2346/Y                                            -      B->Y    R     AND2_X0P5B_A9PP140ZTUL_C35         2  0.243   0.034    0.229  
  g39405__2802/Y                                            -      A0->Y   F     AOI22_X0P5M_A9PP140ZTUL_C35        1  0.030   0.086    0.315  
  g39401__1617/Y                                            -      B->Y    F     AND4_X0P5M_A9PP140ZTUL_C35         1  0.154   0.065    0.380  
  g39400__3680/Y                                            -      A->Y    R     NAND3_X1A_A9PP140ZTUL_C35          1  0.022   0.021    0.401  
  place_opt_inst_FE_OFC176_AR_3__AC_7__ACC_add_31_50_n_0/Y  -      A->Y    F     INV_X2M_A9PP140ZTUL_C35           49  0.032   0.119    0.520  
  place_opt_inst_FE_OFC164_AR_3__AC_7__ACC_add_31_50_n_0/Y  -      A->Y    R     INV_X2M_A9PP140ZTUL_C35           34  0.223   0.154    0.673  
  place_opt_inst_FE_OFC128_AR_3__AC_7__ACC_add_31_50_n_0/Y  -      A->Y    F     INV_X2M_A9PP140ZTUL_C35           73  0.184   0.168    0.842  
  g44718/Y                                                  -      A->Y    F     AND2_X0P5B_A9PP140ZTUL_C35        49  0.246   0.388    1.230  
  g44700/Y                                                  -      A->Y    R     INV_X0P7M_A9PP140ZTUL_C35         48  0.637   0.498    1.728  
  g42506/Y                                                  -      B0->Y   R     AO22_X0P5M_A9PP140ZTUL_C35         1  0.608   0.036    1.764  
  cts_opt_inst_FE_PHC1891_n_1674/Y                          -      A->Y    R     BUFH_X1M_A9PP140ZTUL_C35           1  0.043   0.019    1.784  
  retime_s8_6_reg/D                                         -      D       R     DFFRPQA_X1M_A9PP140ZTUL_C35        1  0.011   0.000    1.784  
#--------------------------------------------------------------------------------------------------------------------------------------------
Path 45: MET (0.068 ns) Setup Check with Pin AR[1].AC[2].ACC_add_31_50_retime_s3_135_reg/CK->D
               View: wc_analysis_view
              Group: reg2reg
         Startpoint: (R) retime_s1_6_reg/CK
              Clock: (R) CLK
           Endpoint: (F) AR[1].AC[2].ACC_add_31_50_retime_s3_135_reg/D
              Clock: (R) CLK

                       Capture       Launch
         Clock Edge:+    2.000        0.000
        Src Latency:+   -0.154       -0.154
        Net Latency:+    0.153 (P)    0.155 (P)
            Arrival:=    1.999        0.001

              Setup:-    0.058
        Uncertainty:-    0.125
      Required Time:=    1.816
       Launch Clock:=    0.001
          Data Path:+    1.747
              Slack:=    0.068

#--------------------------------------------------------------------------------------------------------------------------------------------
# Timing Point                                              Flags  Arc     Edge  Cell                          Fanout  Trans   Delay  Arrival  
#                                                                                                                       (ns)    (ns)     (ns)  
#--------------------------------------------------------------------------------------------------------------------------------------------
  retime_s1_6_reg/CK                                        -      CK      R     (arrival)                         20  0.043       -    0.001  
  retime_s1_6_reg/QN                                        -      CK->QN  R     DFFRPQNA_X1M_A9PP140ZTUL_C35       2  0.043   0.050    0.051  
  cts_opt_inst_FE_OFC246_n_2948/Y                           -      A->Y    F     INV_X2M_A9PP140ZTUL_C35           58  0.038   0.117    0.168  
  g32675/Y                                                  -      B->Y    F     AND2_X0P5B_A9PP140ZTUL_C35         2  0.208   0.078    0.247  
  g39405__2802/Y                                            -      B0->Y   R     AOI22_X0P5M_A9PP140ZTUL_C35        1  0.032   0.107    0.354  
  g39401__1617/Y                                            -      B->Y    R     AND4_X0P5M_A9PP140ZTUL_C35         1  0.188   0.038    0.392  
  g39400__3680/Y                                            -      A->Y    F     NAND3_X1A_A9PP140ZTUL_C35          1  0.025   0.023    0.415  
  place_opt_inst_FE_OFC176_AR_3__AC_7__ACC_add_31_50_n_0/Y  -      A->Y    R     INV_X2M_A9PP140ZTUL_C35           49  0.040   0.136    0.552  
  place_opt_inst_FE_OFC159_AR_3__AC_7__ACC_add_31_50_n_0/Y  -      A->Y    F     INV_X3M_A9PP140ZTUL_C35            6  0.258   0.057    0.609  
  place_opt_inst_FE_OFC174_AR_3__AC_7__ACC_add_31_50_n_0/Y  -      A->Y    R     INV_X3M_A9PP140ZTUL_C35           63  0.100   0.115    0.724  
  g39398__6783/Y                                            -      A->Y    R     AND2_X1M_A9PP140ZTUL_C35          75  0.159   0.326    1.050  
  place_opt_inst_FE_OFC121_AR_0__AC_3__ACC_n_156/Y          -      A->Y    F     INV_X1M_A9PP140ZTUL_C35           51  0.569   0.261    1.311  
  place_opt_inst_FE_OFC228_AR_0__AC_3__ACC_n_156/Y          -      A->Y    F     BUF_X1M_A9PP140ZTUL_C35           70  0.364   0.260    1.571  
  AR[1].AC[2].ACC_add_31_50_g1110/Y                         -      A0->Y   F     AO22_X0P5M_A9PP140ZTUL_C35         1  0.365   0.108    1.679  
  cts_opt_inst_FE_PHC2558_AR_1_AC_2_ACC_add_31_50_n_7/Y     -      A->Y    F     DLY2_X0P5M_A9PP140ZTUL_C35         1  0.055   0.069    1.748  
  AR[1].AC[2].ACC_add_31_50_retime_s3_135_reg/D             -      D       F     DFFRPQA_X1M_A9PP140ZTUL_C35        1  0.038   0.000    1.748  
#--------------------------------------------------------------------------------------------------------------------------------------------
Path 46: MET (0.068 ns) Setup Check with Pin retime_s5_83_reg/CK->D
               View: wc_analysis_view
              Group: reg2reg
         Startpoint: (R) retime_s1_6_reg/CK
              Clock: (R) CLK
           Endpoint: (F) retime_s5_83_reg/D
              Clock: (R) CLK

                       Capture       Launch
         Clock Edge:+    2.000        0.000
        Src Latency:+   -0.154       -0.154
        Net Latency:+    0.156 (P)    0.155 (P)
            Arrival:=    2.002        0.001

              Setup:-    0.053
        Uncertainty:-    0.125
      Required Time:=    1.824
       Launch Clock:=    0.001
          Data Path:+    1.755
              Slack:=    0.068

#--------------------------------------------------------------------------------------------------------------------------------------------
# Timing Point                                              Flags  Arc     Edge  Cell                          Fanout  Trans   Delay  Arrival  
#                                                                                                                       (ns)    (ns)     (ns)  
#--------------------------------------------------------------------------------------------------------------------------------------------
  retime_s1_6_reg/CK                                        -      CK      R     (arrival)                         20  0.043       -    0.001  
  retime_s1_6_reg/QN                                        -      CK->QN  R     DFFRPQNA_X1M_A9PP140ZTUL_C35       2  0.043   0.050    0.051  
  cts_opt_inst_FE_OFC246_n_2948/Y                           -      A->Y    F     INV_X2M_A9PP140ZTUL_C35           58  0.038   0.117    0.168  
  g32675/Y                                                  -      B->Y    F     AND2_X0P5B_A9PP140ZTUL_C35         2  0.208   0.078    0.247  
  g39405__2802/Y                                            -      B0->Y   R     AOI22_X0P5M_A9PP140ZTUL_C35        1  0.032   0.107    0.354  
  g39401__1617/Y                                            -      B->Y    R     AND4_X0P5M_A9PP140ZTUL_C35         1  0.188   0.038    0.392  
  g39400__3680/Y                                            -      A->Y    F     NAND3_X1A_A9PP140ZTUL_C35          1  0.025   0.023    0.415  
  place_opt_inst_FE_OFC176_AR_3__AC_7__ACC_add_31_50_n_0/Y  -      A->Y    R     INV_X2M_A9PP140ZTUL_C35           49  0.040   0.136    0.552  
  place_opt_inst_FE_OFC159_AR_3__AC_7__ACC_add_31_50_n_0/Y  -      A->Y    F     INV_X3M_A9PP140ZTUL_C35            6  0.258   0.057    0.609  
  place_opt_inst_FE_OFC174_AR_3__AC_7__ACC_add_31_50_n_0/Y  -      A->Y    R     INV_X3M_A9PP140ZTUL_C35           63  0.100   0.116    0.725  
  g44740/Y                                                  -      A->Y    R     AND2_X0P5B_A9PP140ZTUL_C35        65  0.159   0.474    1.198  
  g44721/Y                                                  -      A->Y    F     INV_X1M_A9PP140ZTUL_C35           64  0.858   0.386    1.585  
  g42609/Y                                                  -      B0->Y   F     AO22_X0P5M_A9PP140ZTUL_C35         1  0.542   0.112    1.697  
  cts_opt_inst_FE_PHC1777_n_1571/Y                          -      A->Y    F     DLY2_X0P5M_A9PP140ZTUL_C35         1  0.052   0.059    1.756  
  retime_s5_83_reg/D                                        -      D       F     DFFRPQA_X1M_A9PP140ZTUL_C35        1  0.026   0.000    1.756  
#--------------------------------------------------------------------------------------------------------------------------------------------
Path 47: MET (0.069 ns) Setup Check with Pin retime_s4_26_reg/CK->D
               View: wc_analysis_view
              Group: reg2reg
         Startpoint: (R) retime_s1_6_reg/CK
              Clock: (R) CLK
           Endpoint: (F) retime_s4_26_reg/D
              Clock: (R) CLK

                       Capture       Launch
         Clock Edge:+    2.000        0.000
        Src Latency:+   -0.154       -0.154
        Net Latency:+    0.152 (P)    0.155 (P)
            Arrival:=    1.999        0.001

              Setup:-    0.053
        Uncertainty:-    0.125
      Required Time:=    1.820
       Launch Clock:=    0.001
          Data Path:+    1.750
              Slack:=    0.069

#--------------------------------------------------------------------------------------------------------------------------------------------
# Timing Point                                              Flags  Arc     Edge  Cell                          Fanout  Trans   Delay  Arrival  
#                                                                                                                       (ns)    (ns)     (ns)  
#--------------------------------------------------------------------------------------------------------------------------------------------
  retime_s1_6_reg/CK                                        -      CK      R     (arrival)                         20  0.043       -    0.001  
  retime_s1_6_reg/QN                                        -      CK->QN  R     DFFRPQNA_X1M_A9PP140ZTUL_C35       2  0.043   0.050    0.051  
  cts_opt_inst_FE_OFC246_n_2948/Y                           -      A->Y    F     INV_X2M_A9PP140ZTUL_C35           58  0.038   0.117    0.168  
  g32675/Y                                                  -      B->Y    F     AND2_X0P5B_A9PP140ZTUL_C35         2  0.208   0.078    0.247  
  g39405__2802/Y                                            -      B0->Y   R     AOI22_X0P5M_A9PP140ZTUL_C35        1  0.032   0.107    0.354  
  g39401__1617/Y                                            -      B->Y    R     AND4_X0P5M_A9PP140ZTUL_C35         1  0.188   0.038    0.392  
  g39400__3680/Y                                            -      A->Y    F     NAND3_X1A_A9PP140ZTUL_C35          1  0.025   0.023    0.415  
  place_opt_inst_FE_OFC176_AR_3__AC_7__ACC_add_31_50_n_0/Y  -      A->Y    R     INV_X2M_A9PP140ZTUL_C35           49  0.040   0.136    0.552  
  place_opt_inst_FE_OFC159_AR_3__AC_7__ACC_add_31_50_n_0/Y  -      A->Y    F     INV_X3M_A9PP140ZTUL_C35            6  0.258   0.057    0.609  
  place_opt_inst_FE_OFC174_AR_3__AC_7__ACC_add_31_50_n_0/Y  -      A->Y    R     INV_X3M_A9PP140ZTUL_C35           63  0.100   0.116    0.725  
  g44742/Y                                                  -      A->Y    R     AND2_X0P5B_A9PP140ZTUL_C35        65  0.159   0.478    1.203  
  g44723/Y                                                  -      A->Y    F     INV_X1M_A9PP140ZTUL_C35           64  0.872   0.389    1.592  
  g42444/Y                                                  -      B0->Y   F     AO22_X0P5M_A9PP140ZTUL_C35         1  0.542   0.124    1.716  
  cts_opt_inst_FE_PHC2486_n_1736/Y                          -      A->Y    F     BUFH_X1M_A9PP140ZTUL_C35           1  0.063   0.036    1.751  
  retime_s4_26_reg/D                                        -      D       F     DFFRPQA_X1M_A9PP140ZTUL_C35        1  0.019   0.000    1.751  
#--------------------------------------------------------------------------------------------------------------------------------------------
Path 48: MET (0.070 ns) Setup Check with Pin retime_s3_155_reg/CK->D
               View: wc_analysis_view
              Group: reg2reg
         Startpoint: (R) retime_s1_6_reg/CK
              Clock: (R) CLK
           Endpoint: (F) retime_s3_155_reg/D
              Clock: (R) CLK

                       Capture       Launch
         Clock Edge:+    2.000        0.000
        Src Latency:+   -0.154       -0.154
        Net Latency:+    0.156 (P)    0.155 (P)
            Arrival:=    2.002        0.001

              Setup:-    0.053
        Uncertainty:-    0.125
      Required Time:=    1.824
       Launch Clock:=    0.001
          Data Path:+    1.753
              Slack:=    0.070

#--------------------------------------------------------------------------------------------------------------------------------------------
# Timing Point                                              Flags  Arc     Edge  Cell                          Fanout  Trans   Delay  Arrival  
#                                                                                                                       (ns)    (ns)     (ns)  
#--------------------------------------------------------------------------------------------------------------------------------------------
  retime_s1_6_reg/CK                                        -      CK      R     (arrival)                         20  0.043       -    0.001  
  retime_s1_6_reg/QN                                        -      CK->QN  R     DFFRPQNA_X1M_A9PP140ZTUL_C35       2  0.043   0.050    0.051  
  cts_opt_inst_FE_OFC246_n_2948/Y                           -      A->Y    F     INV_X2M_A9PP140ZTUL_C35           58  0.038   0.117    0.168  
  g32675/Y                                                  -      B->Y    F     AND2_X0P5B_A9PP140ZTUL_C35         2  0.208   0.078    0.247  
  g39405__2802/Y                                            -      B0->Y   R     AOI22_X0P5M_A9PP140ZTUL_C35        1  0.032   0.107    0.354  
  g39401__1617/Y                                            -      B->Y    R     AND4_X0P5M_A9PP140ZTUL_C35         1  0.188   0.038    0.392  
  g39400__3680/Y                                            -      A->Y    F     NAND3_X1A_A9PP140ZTUL_C35          1  0.025   0.023    0.415  
  place_opt_inst_FE_OFC176_AR_3__AC_7__ACC_add_31_50_n_0/Y  -      A->Y    R     INV_X2M_A9PP140ZTUL_C35           49  0.040   0.136    0.552  
  place_opt_inst_FE_OFC159_AR_3__AC_7__ACC_add_31_50_n_0/Y  -      A->Y    F     INV_X3M_A9PP140ZTUL_C35            6  0.258   0.057    0.609  
  place_opt_inst_FE_OFC174_AR_3__AC_7__ACC_add_31_50_n_0/Y  -      A->Y    R     INV_X3M_A9PP140ZTUL_C35           63  0.100   0.116    0.725  
  g44742/Y                                                  -      A->Y    R     AND2_X0P5B_A9PP140ZTUL_C35        65  0.159   0.478    1.203  
  g44723/Y                                                  -      A->Y    F     INV_X1M_A9PP140ZTUL_C35           64  0.872   0.407    1.610  
  g42409/Y                                                  -      B0->Y   F     AO22_X0P5M_A9PP140ZTUL_C35         1  0.544   0.113    1.723  
  cts_opt_inst_FE_PHC1873_n_1771/Y                          -      A->Y    F     BUF_X1B_A9PP140ZTUL_C35            1  0.052   0.031    1.754  
  retime_s3_155_reg/D                                       -      D       F     DFFRPQA_X1M_A9PP140ZTUL_C35        1  0.016   0.000    1.754  
#--------------------------------------------------------------------------------------------------------------------------------------------
Path 49: MET (0.071 ns) Setup Check with Pin retime_s5_78_reg/CK->D
               View: wc_analysis_view
              Group: reg2reg
         Startpoint: (R) retime_s1_6_reg/CK
              Clock: (R) CLK
           Endpoint: (F) retime_s5_78_reg/D
              Clock: (R) CLK

                       Capture       Launch
         Clock Edge:+    2.000        0.000
        Src Latency:+   -0.154       -0.154
        Net Latency:+    0.156 (P)    0.155 (P)
            Arrival:=    2.002        0.001

              Setup:-    0.052
        Uncertainty:-    0.125
      Required Time:=    1.825
       Launch Clock:=    0.001
          Data Path:+    1.753
              Slack:=    0.071

#--------------------------------------------------------------------------------------------------------------------------------------------
# Timing Point                                              Flags  Arc     Edge  Cell                          Fanout  Trans   Delay  Arrival  
#                                                                                                                       (ns)    (ns)     (ns)  
#--------------------------------------------------------------------------------------------------------------------------------------------
  retime_s1_6_reg/CK                                        -      CK      R     (arrival)                         20  0.043       -    0.001  
  retime_s1_6_reg/QN                                        -      CK->QN  R     DFFRPQNA_X1M_A9PP140ZTUL_C35       2  0.043   0.050    0.051  
  cts_opt_inst_FE_OFC246_n_2948/Y                           -      A->Y    F     INV_X2M_A9PP140ZTUL_C35           58  0.038   0.117    0.168  
  g32675/Y                                                  -      B->Y    F     AND2_X0P5B_A9PP140ZTUL_C35         2  0.208   0.078    0.247  
  g39405__2802/Y                                            -      B0->Y   R     AOI22_X0P5M_A9PP140ZTUL_C35        1  0.032   0.107    0.354  
  g39401__1617/Y                                            -      B->Y    R     AND4_X0P5M_A9PP140ZTUL_C35         1  0.188   0.038    0.392  
  g39400__3680/Y                                            -      A->Y    F     NAND3_X1A_A9PP140ZTUL_C35          1  0.025   0.023    0.415  
  place_opt_inst_FE_OFC176_AR_3__AC_7__ACC_add_31_50_n_0/Y  -      A->Y    R     INV_X2M_A9PP140ZTUL_C35           49  0.040   0.136    0.552  
  place_opt_inst_FE_OFC159_AR_3__AC_7__ACC_add_31_50_n_0/Y  -      A->Y    F     INV_X3M_A9PP140ZTUL_C35            6  0.258   0.057    0.609  
  place_opt_inst_FE_OFC174_AR_3__AC_7__ACC_add_31_50_n_0/Y  -      A->Y    R     INV_X3M_A9PP140ZTUL_C35           63  0.100   0.116    0.725  
  g44740/Y                                                  -      A->Y    R     AND2_X0P5B_A9PP140ZTUL_C35        65  0.159   0.474    1.198  
  g44721/Y                                                  -      A->Y    F     INV_X1M_A9PP140ZTUL_C35           64  0.858   0.386    1.585  
  g42569/Y                                                  -      B0->Y   F     AO22_X0P5M_A9PP140ZTUL_C35         1  0.542   0.112    1.696  
  cts_opt_inst_FE_PHC1766_n_1611/Y                          -      A->Y    F     DLY2_X0P5M_A9PP140ZTUL_C35         1  0.051   0.058    1.754  
  retime_s5_78_reg/D                                        -      D       F     DFFRPQA_X1M_A9PP140ZTUL_C35        1  0.024   0.000    1.754  
#--------------------------------------------------------------------------------------------------------------------------------------------
Path 50: MET (0.071 ns) Setup Check with Pin retime_s3_183_reg/CK->D
               View: wc_analysis_view
              Group: reg2reg
         Startpoint: (R) retime_s1_6_reg/CK
              Clock: (R) CLK
           Endpoint: (F) retime_s3_183_reg/D
              Clock: (R) CLK

                       Capture       Launch
         Clock Edge:+    2.000        0.000
        Src Latency:+   -0.154       -0.154
        Net Latency:+    0.151 (P)    0.155 (P)
            Arrival:=    1.997        0.001

              Setup:-    0.051
        Uncertainty:-    0.125
      Required Time:=    1.821
       Launch Clock:=    0.001
          Data Path:+    1.749
              Slack:=    0.071

#--------------------------------------------------------------------------------------------------------------------------------------------
# Timing Point                                              Flags  Arc     Edge  Cell                          Fanout  Trans   Delay  Arrival  
#                                                                                                                       (ns)    (ns)     (ns)  
#--------------------------------------------------------------------------------------------------------------------------------------------
  retime_s1_6_reg/CK                                        -      CK      R     (arrival)                         20  0.043       -    0.001  
  retime_s1_6_reg/QN                                        -      CK->QN  R     DFFRPQNA_X1M_A9PP140ZTUL_C35       2  0.043   0.050    0.051  
  cts_opt_inst_FE_OFC246_n_2948/Y                           -      A->Y    F     INV_X2M_A9PP140ZTUL_C35           58  0.038   0.117    0.168  
  g32675/Y                                                  -      B->Y    F     AND2_X0P5B_A9PP140ZTUL_C35         2  0.208   0.078    0.247  
  g39405__2802/Y                                            -      B0->Y   R     AOI22_X0P5M_A9PP140ZTUL_C35        1  0.032   0.107    0.354  
  g39401__1617/Y                                            -      B->Y    R     AND4_X0P5M_A9PP140ZTUL_C35         1  0.188   0.038    0.392  
  g39400__3680/Y                                            -      A->Y    F     NAND3_X1A_A9PP140ZTUL_C35          1  0.025   0.023    0.415  
  place_opt_inst_FE_OFC176_AR_3__AC_7__ACC_add_31_50_n_0/Y  -      A->Y    R     INV_X2M_A9PP140ZTUL_C35           49  0.040   0.136    0.552  
  place_opt_inst_FE_OFC159_AR_3__AC_7__ACC_add_31_50_n_0/Y  -      A->Y    F     INV_X3M_A9PP140ZTUL_C35            6  0.258   0.057    0.609  
  place_opt_inst_FE_OFC174_AR_3__AC_7__ACC_add_31_50_n_0/Y  -      A->Y    R     INV_X3M_A9PP140ZTUL_C35           63  0.100   0.116    0.725  
  g44742/Y                                                  -      A->Y    R     AND2_X0P5B_A9PP140ZTUL_C35        65  0.159   0.478    1.203  
  g44723/Y                                                  -      A->Y    F     INV_X1M_A9PP140ZTUL_C35           64  0.872   0.407    1.610  
  g42552/Y                                                  -      B0->Y   F     AO22_X0P5M_A9PP140ZTUL_C35         1  0.544   0.111    1.721  
  cts_opt_inst_FE_PHC1869_n_1628/Y                          -      A->Y    F     BUFH_X1M_A9PP140ZTUL_C35           1  0.050   0.028    1.750  
  retime_s3_183_reg/D                                       -      D       F     DFFRPQA_X1M_A9PP140ZTUL_C35        1  0.013   0.000    1.750  
#--------------------------------------------------------------------------------------------------------------------------------------------
Path 51: MET (0.071 ns) Setup Check with Pin retime_s3_229_reg/CK->D
               View: wc_analysis_view
              Group: reg2reg
         Startpoint: (R) retime_s1_6_reg/CK
              Clock: (R) CLK
           Endpoint: (F) retime_s3_229_reg/D
              Clock: (R) CLK

                       Capture       Launch
         Clock Edge:+    2.000        0.000
        Src Latency:+   -0.154       -0.154
        Net Latency:+    0.151 (P)    0.155 (P)
            Arrival:=    1.997        0.001

              Setup:-    0.055
        Uncertainty:-    0.125
      Required Time:=    1.817
       Launch Clock:=    0.001
          Data Path:+    1.745
              Slack:=    0.071

#--------------------------------------------------------------------------------------------------------------------------------------------
# Timing Point                                              Flags  Arc     Edge  Cell                          Fanout  Trans   Delay  Arrival  
#                                                                                                                       (ns)    (ns)     (ns)  
#--------------------------------------------------------------------------------------------------------------------------------------------
  retime_s1_6_reg/CK                                        -      CK      R     (arrival)                         20  0.043       -    0.001  
  retime_s1_6_reg/QN                                        -      CK->QN  R     DFFRPQNA_X1M_A9PP140ZTUL_C35       2  0.043   0.050    0.051  
  cts_opt_inst_FE_OFC246_n_2948/Y                           -      A->Y    F     INV_X2M_A9PP140ZTUL_C35           58  0.038   0.117    0.168  
  g32675/Y                                                  -      B->Y    F     AND2_X0P5B_A9PP140ZTUL_C35         2  0.208   0.078    0.247  
  g39405__2802/Y                                            -      B0->Y   R     AOI22_X0P5M_A9PP140ZTUL_C35        1  0.032   0.107    0.354  
  g39401__1617/Y                                            -      B->Y    R     AND4_X0P5M_A9PP140ZTUL_C35         1  0.188   0.038    0.392  
  g39400__3680/Y                                            -      A->Y    F     NAND3_X1A_A9PP140ZTUL_C35          1  0.025   0.023    0.415  
  place_opt_inst_FE_OFC176_AR_3__AC_7__ACC_add_31_50_n_0/Y  -      A->Y    R     INV_X2M_A9PP140ZTUL_C35           49  0.040   0.136    0.552  
  place_opt_inst_FE_OFC159_AR_3__AC_7__ACC_add_31_50_n_0/Y  -      A->Y    F     INV_X3M_A9PP140ZTUL_C35            6  0.258   0.057    0.609  
  place_opt_inst_FE_OFC174_AR_3__AC_7__ACC_add_31_50_n_0/Y  -      A->Y    R     INV_X3M_A9PP140ZTUL_C35           63  0.100   0.116    0.725  
  g44742/Y                                                  -      A->Y    R     AND2_X0P5B_A9PP140ZTUL_C35        65  0.159   0.478    1.203  
  g44723/Y                                                  -      A->Y    F     INV_X1M_A9PP140ZTUL_C35           64  0.872   0.387    1.590  
  g42443/Y                                                  -      B0->Y   F     AO22_X0P5M_A9PP140ZTUL_C35         1  0.542   0.114    1.704  
  cts_opt_inst_FE_PHC1795_n_1737/Y                          -      A->Y    F     BUF_X0P5M_A9PP140ZTUL_C35          1  0.053   0.042    1.746  
  retime_s3_229_reg/D                                       -      D       F     DFFRPQA_X1M_A9PP140ZTUL_C35        1  0.023   0.000    1.746  
#--------------------------------------------------------------------------------------------------------------------------------------------
Path 52: MET (0.073 ns) Setup Check with Pin retime_s3_40_reg/CK->D
               View: wc_analysis_view
              Group: reg2reg
         Startpoint: (R) retime_s1_6_reg/CK
              Clock: (R) CLK
           Endpoint: (F) retime_s3_40_reg/D
              Clock: (R) CLK

                       Capture       Launch
         Clock Edge:+    2.000        0.000
        Src Latency:+   -0.154       -0.154
        Net Latency:+    0.151 (P)    0.155 (P)
            Arrival:=    1.997        0.001

              Setup:-    0.054
        Uncertainty:-    0.125
      Required Time:=    1.817
       Launch Clock:=    0.001
          Data Path:+    1.744
              Slack:=    0.073

#--------------------------------------------------------------------------------------------------------------------------------------------
# Timing Point                                              Flags  Arc     Edge  Cell                          Fanout  Trans   Delay  Arrival  
#                                                                                                                       (ns)    (ns)     (ns)  
#--------------------------------------------------------------------------------------------------------------------------------------------
  retime_s1_6_reg/CK                                        -      CK      R     (arrival)                         20  0.043       -    0.001  
  retime_s1_6_reg/QN                                        -      CK->QN  R     DFFRPQNA_X1M_A9PP140ZTUL_C35       2  0.043   0.050    0.051  
  cts_opt_inst_FE_OFC246_n_2948/Y                           -      A->Y    F     INV_X2M_A9PP140ZTUL_C35           58  0.038   0.117    0.168  
  g32675/Y                                                  -      B->Y    F     AND2_X0P5B_A9PP140ZTUL_C35         2  0.208   0.078    0.247  
  g39405__2802/Y                                            -      B0->Y   R     AOI22_X0P5M_A9PP140ZTUL_C35        1  0.032   0.107    0.354  
  g39401__1617/Y                                            -      B->Y    R     AND4_X0P5M_A9PP140ZTUL_C35         1  0.188   0.038    0.392  
  g39400__3680/Y                                            -      A->Y    F     NAND3_X1A_A9PP140ZTUL_C35          1  0.025   0.023    0.415  
  place_opt_inst_FE_OFC176_AR_3__AC_7__ACC_add_31_50_n_0/Y  -      A->Y    R     INV_X2M_A9PP140ZTUL_C35           49  0.040   0.136    0.552  
  place_opt_inst_FE_OFC159_AR_3__AC_7__ACC_add_31_50_n_0/Y  -      A->Y    F     INV_X3M_A9PP140ZTUL_C35            6  0.258   0.057    0.609  
  place_opt_inst_FE_OFC174_AR_3__AC_7__ACC_add_31_50_n_0/Y  -      A->Y    R     INV_X3M_A9PP140ZTUL_C35           63  0.100   0.116    0.725  
  g44742/Y                                                  -      A->Y    R     AND2_X0P5B_A9PP140ZTUL_C35        65  0.159   0.478    1.203  
  g44723/Y                                                  -      A->Y    F     INV_X1M_A9PP140ZTUL_C35           64  0.872   0.387    1.590  
  g42428/Y                                                  -      B0->Y   F     AO22_X0P5M_A9PP140ZTUL_C35         1  0.542   0.114    1.703  
  cts_opt_inst_FE_PHC1823_n_1752/Y                          -      A->Y    F     BUF_X0P5M_A9PP140ZTUL_C35          1  0.053   0.042    1.745  
  retime_s3_40_reg/D                                        -      D       F     DFFRPQA_X1M_A9PP140ZTUL_C35        1  0.023   0.000    1.745  
#--------------------------------------------------------------------------------------------------------------------------------------------
Path 53: MET (0.074 ns) Setup Check with Pin retime_s5_52_reg/CK->D
               View: wc_analysis_view
              Group: reg2reg
         Startpoint: (R) retime_s1_6_reg/CK
              Clock: (R) CLK
           Endpoint: (F) retime_s5_52_reg/D
              Clock: (R) CLK

                       Capture       Launch
         Clock Edge:+    2.000        0.000
        Src Latency:+   -0.154       -0.154
        Net Latency:+    0.153 (P)    0.155 (P)
            Arrival:=    1.999        0.001

              Setup:-    0.051
        Uncertainty:-    0.125
      Required Time:=    1.823
       Launch Clock:=    0.001
          Data Path:+    1.748
              Slack:=    0.074

#--------------------------------------------------------------------------------------------------------------------------------------------
# Timing Point                                              Flags  Arc     Edge  Cell                          Fanout  Trans   Delay  Arrival  
#                                                                                                                       (ns)    (ns)     (ns)  
#--------------------------------------------------------------------------------------------------------------------------------------------
  retime_s1_6_reg/CK                                        -      CK      R     (arrival)                         20  0.043       -    0.001  
  retime_s1_6_reg/QN                                        -      CK->QN  R     DFFRPQNA_X1M_A9PP140ZTUL_C35       2  0.043   0.050    0.051  
  cts_opt_inst_FE_OFC246_n_2948/Y                           -      A->Y    F     INV_X2M_A9PP140ZTUL_C35           58  0.038   0.117    0.168  
  g32675/Y                                                  -      B->Y    F     AND2_X0P5B_A9PP140ZTUL_C35         2  0.208   0.078    0.247  
  g39405__2802/Y                                            -      B0->Y   R     AOI22_X0P5M_A9PP140ZTUL_C35        1  0.032   0.107    0.354  
  g39401__1617/Y                                            -      B->Y    R     AND4_X0P5M_A9PP140ZTUL_C35         1  0.188   0.038    0.392  
  g39400__3680/Y                                            -      A->Y    F     NAND3_X1A_A9PP140ZTUL_C35          1  0.025   0.023    0.415  
  place_opt_inst_FE_OFC176_AR_3__AC_7__ACC_add_31_50_n_0/Y  -      A->Y    R     INV_X2M_A9PP140ZTUL_C35           49  0.040   0.136    0.552  
  place_opt_inst_FE_OFC159_AR_3__AC_7__ACC_add_31_50_n_0/Y  -      A->Y    F     INV_X3M_A9PP140ZTUL_C35            6  0.258   0.057    0.609  
  place_opt_inst_FE_OFC174_AR_3__AC_7__ACC_add_31_50_n_0/Y  -      A->Y    R     INV_X3M_A9PP140ZTUL_C35           63  0.100   0.117    0.725  
  g44741/Y                                                  -      A->Y    R     AND2_X0P5B_A9PP140ZTUL_C35        65  0.159   0.408    1.133  
  g44722/Y                                                  -      A->Y    F     INV_X1M_A9PP140ZTUL_C35           64  0.790   0.390    1.523  
  g42417/Y                                                  -      B0->Y   F     AO22_X0P5M_A9PP140ZTUL_C35         1  0.520   0.111    1.634  
  cts_opt_inst_FE_PHC1663_n_1763/Y                          -      A->Y    F     DLY4_X0P5M_A9PP140ZTUL_C35         1  0.051   0.115    1.749  
  retime_s5_52_reg/D                                        -      D       F     DFFRPQA_X1M_A9PP140ZTUL_C35        1  0.024   0.000    1.749  
#--------------------------------------------------------------------------------------------------------------------------------------------
Path 54: MET (0.074 ns) Setup Check with Pin retime_s5_60_reg/CK->D
               View: wc_analysis_view
              Group: reg2reg
         Startpoint: (R) retime_s1_6_reg/CK
              Clock: (R) CLK
           Endpoint: (F) retime_s5_60_reg/D
              Clock: (R) CLK

                       Capture       Launch
         Clock Edge:+    2.000        0.000
        Src Latency:+   -0.154       -0.154
        Net Latency:+    0.153 (P)    0.155 (P)
            Arrival:=    1.999        0.001

              Setup:-    0.052
        Uncertainty:-    0.125
      Required Time:=    1.823
       Launch Clock:=    0.001
          Data Path:+    1.747
              Slack:=    0.074

#--------------------------------------------------------------------------------------------------------------------------------------------
# Timing Point                                              Flags  Arc     Edge  Cell                          Fanout  Trans   Delay  Arrival  
#                                                                                                                       (ns)    (ns)     (ns)  
#--------------------------------------------------------------------------------------------------------------------------------------------
  retime_s1_6_reg/CK                                        -      CK      R     (arrival)                         20  0.043       -    0.001  
  retime_s1_6_reg/QN                                        -      CK->QN  R     DFFRPQNA_X1M_A9PP140ZTUL_C35       2  0.043   0.050    0.051  
  cts_opt_inst_FE_OFC246_n_2948/Y                           -      A->Y    F     INV_X2M_A9PP140ZTUL_C35           58  0.038   0.117    0.168  
  g32675/Y                                                  -      B->Y    F     AND2_X0P5B_A9PP140ZTUL_C35         2  0.208   0.078    0.247  
  g39405__2802/Y                                            -      B0->Y   R     AOI22_X0P5M_A9PP140ZTUL_C35        1  0.032   0.107    0.354  
  g39401__1617/Y                                            -      B->Y    R     AND4_X0P5M_A9PP140ZTUL_C35         1  0.188   0.038    0.392  
  g39400__3680/Y                                            -      A->Y    F     NAND3_X1A_A9PP140ZTUL_C35          1  0.025   0.023    0.415  
  place_opt_inst_FE_OFC176_AR_3__AC_7__ACC_add_31_50_n_0/Y  -      A->Y    R     INV_X2M_A9PP140ZTUL_C35           49  0.040   0.136    0.552  
  place_opt_inst_FE_OFC159_AR_3__AC_7__ACC_add_31_50_n_0/Y  -      A->Y    F     INV_X3M_A9PP140ZTUL_C35            6  0.258   0.057    0.609  
  place_opt_inst_FE_OFC174_AR_3__AC_7__ACC_add_31_50_n_0/Y  -      A->Y    R     INV_X3M_A9PP140ZTUL_C35           63  0.100   0.117    0.725  
  g44741/Y                                                  -      A->Y    R     AND2_X0P5B_A9PP140ZTUL_C35        65  0.159   0.408    1.133  
  g44722/Y                                                  -      A->Y    F     INV_X1M_A9PP140ZTUL_C35           64  0.790   0.390    1.523  
  g42447/Y                                                  -      B0->Y   F     AO22_X0P5M_A9PP140ZTUL_C35         1  0.520   0.111    1.634  
  cts_opt_inst_FE_PHC1660_n_1733/Y                          -      A->Y    F     DLY4_X0P5M_A9PP140ZTUL_C35         1  0.050   0.115    1.749  
  retime_s5_60_reg/D                                        -      D       F     DFFRPQA_X1M_A9PP140ZTUL_C35        1  0.024   0.000    1.749  
#--------------------------------------------------------------------------------------------------------------------------------------------
Path 55: MET (0.075 ns) Setup Check with Pin retime_s7_2_reg/CK->D
               View: wc_analysis_view
              Group: reg2reg
         Startpoint: (R) retime_s1_6_reg/CK
              Clock: (R) CLK
           Endpoint: (F) retime_s7_2_reg/D
              Clock: (R) CLK

                       Capture       Launch
         Clock Edge:+    2.000        0.000
        Src Latency:+   -0.154       -0.154
        Net Latency:+    0.150 (P)    0.155 (P)
            Arrival:=    1.996        0.001

              Setup:-    0.067
        Uncertainty:-    0.125
      Required Time:=    1.804
       Launch Clock:=    0.001
          Data Path:+    1.729
              Slack:=    0.075

#--------------------------------------------------------------------------------------------------------------------------------------------
# Timing Point                                              Flags  Arc     Edge  Cell                          Fanout  Trans   Delay  Arrival  
#                                                                                                                       (ns)    (ns)     (ns)  
#--------------------------------------------------------------------------------------------------------------------------------------------
  retime_s1_6_reg/CK                                        -      CK      R     (arrival)                         20  0.043       -    0.001  
  retime_s1_6_reg/QN                                        -      CK->QN  R     DFFRPQNA_X1M_A9PP140ZTUL_C35       2  0.043   0.050    0.051  
  cts_opt_inst_FE_OFC246_n_2948/Y                           -      A->Y    F     INV_X2M_A9PP140ZTUL_C35           58  0.038   0.117    0.168  
  g32675/Y                                                  -      B->Y    F     AND2_X0P5B_A9PP140ZTUL_C35         2  0.208   0.078    0.247  
  g39405__2802/Y                                            -      B0->Y   R     AOI22_X0P5M_A9PP140ZTUL_C35        1  0.032   0.107    0.354  
  g39401__1617/Y                                            -      B->Y    R     AND4_X0P5M_A9PP140ZTUL_C35         1  0.188   0.038    0.392  
  g39400__3680/Y                                            -      A->Y    F     NAND3_X1A_A9PP140ZTUL_C35          1  0.025   0.023    0.415  
  place_opt_inst_FE_OFC176_AR_3__AC_7__ACC_add_31_50_n_0/Y  -      A->Y    R     INV_X2M_A9PP140ZTUL_C35           49  0.040   0.144    0.560  
  place_opt_inst_FE_OFC164_AR_3__AC_7__ACC_add_31_50_n_0/Y  -      A->Y    F     INV_X2M_A9PP140ZTUL_C35           34  0.259   0.124    0.684  
  place_opt_inst_FE_OFC128_AR_3__AC_7__ACC_add_31_50_n_0/Y  -      A->Y    R     INV_X2M_A9PP140ZTUL_C35           73  0.172   0.204    0.887  
  g44743/Y                                                  -      A->Y    R     AND2_X1M_A9PP140ZTUL_C35          65  0.283   0.216    1.103  
  cts_opt_inst_FE_OFC244_n_243/Y                            -      A->Y    F     INV_X1M_A9PP140ZTUL_C35           64  0.470   0.334    1.438  
  g42493/Y                                                  -      B0->Y   F     AO22_X0P5M_A9PP140ZTUL_C35         1  0.448   0.137    1.575  
  cts_opt_inst_FE_PHC1611_n_1687/Y                          -      A->Y    F     DLY4_X0P5M_A9PP140ZTUL_C35         1  0.086   0.155    1.730  
  retime_s7_2_reg/D                                         -      D       F     DFFRPQA_X1M_A9PP140ZTUL_C35        1  0.068   0.000    1.730  
#--------------------------------------------------------------------------------------------------------------------------------------------
Path 56: MET (0.075 ns) Setup Check with Pin retime_s4_107_reg/CK->D
               View: wc_analysis_view
              Group: reg2reg
         Startpoint: (R) retime_s1_6_reg/CK
              Clock: (R) CLK
           Endpoint: (F) retime_s4_107_reg/D
              Clock: (R) CLK

                       Capture       Launch
         Clock Edge:+    2.000        0.000
        Src Latency:+   -0.154       -0.154
        Net Latency:+    0.155 (P)    0.155 (P)
            Arrival:=    2.001        0.001

              Setup:-    0.053
        Uncertainty:-    0.125
      Required Time:=    1.823
       Launch Clock:=    0.001
          Data Path:+    1.747
              Slack:=    0.075

#--------------------------------------------------------------------------------------------------------------------------------------------
# Timing Point                                              Flags  Arc     Edge  Cell                          Fanout  Trans   Delay  Arrival  
#                                                                                                                       (ns)    (ns)     (ns)  
#--------------------------------------------------------------------------------------------------------------------------------------------
  retime_s1_6_reg/CK                                        -      CK      R     (arrival)                         20  0.043       -    0.001  
  retime_s1_6_reg/QN                                        -      CK->QN  R     DFFRPQNA_X1M_A9PP140ZTUL_C35       2  0.043   0.050    0.051  
  cts_opt_inst_FE_OFC246_n_2948/Y                           -      A->Y    F     INV_X2M_A9PP140ZTUL_C35           58  0.038   0.117    0.168  
  g32675/Y                                                  -      B->Y    F     AND2_X0P5B_A9PP140ZTUL_C35         2  0.208   0.078    0.247  
  g39405__2802/Y                                            -      B0->Y   R     AOI22_X0P5M_A9PP140ZTUL_C35        1  0.032   0.107    0.354  
  g39401__1617/Y                                            -      B->Y    R     AND4_X0P5M_A9PP140ZTUL_C35         1  0.188   0.038    0.392  
  g39400__3680/Y                                            -      A->Y    F     NAND3_X1A_A9PP140ZTUL_C35          1  0.025   0.023    0.415  
  place_opt_inst_FE_OFC176_AR_3__AC_7__ACC_add_31_50_n_0/Y  -      A->Y    R     INV_X2M_A9PP140ZTUL_C35           49  0.040   0.136    0.552  
  place_opt_inst_FE_OFC159_AR_3__AC_7__ACC_add_31_50_n_0/Y  -      A->Y    F     INV_X3M_A9PP140ZTUL_C35            6  0.258   0.057    0.609  
  place_opt_inst_FE_OFC174_AR_3__AC_7__ACC_add_31_50_n_0/Y  -      A->Y    R     INV_X3M_A9PP140ZTUL_C35           63  0.100   0.116    0.725  
  g44740/Y                                                  -      A->Y    R     AND2_X0P5B_A9PP140ZTUL_C35        65  0.159   0.474    1.198  
  g44721/Y                                                  -      A->Y    F     INV_X1M_A9PP140ZTUL_C35           64  0.858   0.387    1.585  
  g42607/Y                                                  -      B0->Y   F     AO22_X0P5M_A9PP140ZTUL_C35         1  0.542   0.127    1.712  
  cts_opt_inst_FE_PHC2677_n_1573/Y                          -      A->Y    F     BUFH_X1M_A9PP140ZTUL_C35           1  0.067   0.036    1.748  
  retime_s4_107_reg/D                                       -      D       F     DFFRPQA_X1M_A9PP140ZTUL_C35        1  0.018   0.000    1.748  
#--------------------------------------------------------------------------------------------------------------------------------------------
Path 57: MET (0.075 ns) Setup Check with Pin retime_s3_5_reg/CK->D
               View: wc_analysis_view
              Group: reg2reg
         Startpoint: (R) retime_s1_6_reg/CK
              Clock: (R) CLK
           Endpoint: (F) retime_s3_5_reg/D
              Clock: (R) CLK

                       Capture       Launch
         Clock Edge:+    2.000        0.000
        Src Latency:+   -0.154       -0.154
        Net Latency:+    0.151 (P)    0.155 (P)
            Arrival:=    1.997        0.001

              Setup:-    0.055
        Uncertainty:-    0.125
      Required Time:=    1.818
       Launch Clock:=    0.001
          Data Path:+    1.741
              Slack:=    0.075

#--------------------------------------------------------------------------------------------------------------------------------------------
# Timing Point                                              Flags  Arc     Edge  Cell                          Fanout  Trans   Delay  Arrival  
#                                                                                                                       (ns)    (ns)     (ns)  
#--------------------------------------------------------------------------------------------------------------------------------------------
  retime_s1_6_reg/CK                                        -      CK      R     (arrival)                         20  0.043       -    0.001  
  retime_s1_6_reg/QN                                        -      CK->QN  R     DFFRPQNA_X1M_A9PP140ZTUL_C35       2  0.043   0.050    0.051  
  cts_opt_inst_FE_OFC246_n_2948/Y                           -      A->Y    F     INV_X2M_A9PP140ZTUL_C35           58  0.038   0.117    0.168  
  g32675/Y                                                  -      B->Y    F     AND2_X0P5B_A9PP140ZTUL_C35         2  0.208   0.078    0.247  
  g39405__2802/Y                                            -      B0->Y   R     AOI22_X0P5M_A9PP140ZTUL_C35        1  0.032   0.107    0.354  
  g39401__1617/Y                                            -      B->Y    R     AND4_X0P5M_A9PP140ZTUL_C35         1  0.188   0.038    0.392  
  g39400__3680/Y                                            -      A->Y    F     NAND3_X1A_A9PP140ZTUL_C35          1  0.025   0.023    0.415  
  place_opt_inst_FE_OFC176_AR_3__AC_7__ACC_add_31_50_n_0/Y  -      A->Y    R     INV_X2M_A9PP140ZTUL_C35           49  0.040   0.136    0.552  
  place_opt_inst_FE_OFC159_AR_3__AC_7__ACC_add_31_50_n_0/Y  -      A->Y    F     INV_X3M_A9PP140ZTUL_C35            6  0.258   0.057    0.609  
  place_opt_inst_FE_OFC174_AR_3__AC_7__ACC_add_31_50_n_0/Y  -      A->Y    R     INV_X3M_A9PP140ZTUL_C35           63  0.100   0.115    0.724  
  g39398__6783/Y                                            -      A->Y    R     AND2_X1M_A9PP140ZTUL_C35          75  0.159   0.326    1.050  
  place_opt_inst_FE_OFC121_AR_0__AC_3__ACC_n_156/Y          -      A->Y    F     INV_X1M_A9PP140ZTUL_C35           51  0.569   0.261    1.311  
  place_opt_inst_FE_OFC228_AR_0__AC_3__ACC_n_156/Y          -      A->Y    F     BUF_X1M_A9PP140ZTUL_C35           70  0.364   0.280    1.591  
  g43932/Y                                                  -      A0->Y   F     AO22_X0P5M_A9PP140ZTUL_C35         1  0.370   0.096    1.686  
  cts_opt_inst_FE_PHC1742_n_1020/Y                          -      A->Y    F     DLY2_X0P5M_A9PP140ZTUL_C35         1  0.043   0.056    1.742  
  retime_s3_5_reg/D                                         -      D       F     DFFRPQA_X1M_A9PP140ZTUL_C35        1  0.025   0.000    1.742  
#--------------------------------------------------------------------------------------------------------------------------------------------
Path 58: MET (0.076 ns) Setup Check with Pin retime_s3_164_reg/CK->D
               View: wc_analysis_view
              Group: reg2reg
         Startpoint: (R) retime_s1_6_reg/CK
              Clock: (R) CLK
           Endpoint: (F) retime_s3_164_reg/D
              Clock: (R) CLK

                       Capture       Launch
         Clock Edge:+    2.000        0.000
        Src Latency:+   -0.154       -0.154
        Net Latency:+    0.156 (P)    0.155 (P)
            Arrival:=    2.002        0.001

              Setup:-    0.052
        Uncertainty:-    0.125
      Required Time:=    1.825
       Launch Clock:=    0.001
          Data Path:+    1.748
              Slack:=    0.076

#--------------------------------------------------------------------------------------------------------------------------------------------
# Timing Point                                              Flags  Arc     Edge  Cell                          Fanout  Trans   Delay  Arrival  
#                                                                                                                       (ns)    (ns)     (ns)  
#--------------------------------------------------------------------------------------------------------------------------------------------
  retime_s1_6_reg/CK                                        -      CK      R     (arrival)                         20  0.043       -    0.001  
  retime_s1_6_reg/QN                                        -      CK->QN  R     DFFRPQNA_X1M_A9PP140ZTUL_C35       2  0.043   0.050    0.051  
  cts_opt_inst_FE_OFC246_n_2948/Y                           -      A->Y    F     INV_X2M_A9PP140ZTUL_C35           58  0.038   0.117    0.168  
  g32675/Y                                                  -      B->Y    F     AND2_X0P5B_A9PP140ZTUL_C35         2  0.208   0.078    0.247  
  g39405__2802/Y                                            -      B0->Y   R     AOI22_X0P5M_A9PP140ZTUL_C35        1  0.032   0.107    0.354  
  g39401__1617/Y                                            -      B->Y    R     AND4_X0P5M_A9PP140ZTUL_C35         1  0.188   0.038    0.392  
  g39400__3680/Y                                            -      A->Y    F     NAND3_X1A_A9PP140ZTUL_C35          1  0.025   0.023    0.415  
  place_opt_inst_FE_OFC176_AR_3__AC_7__ACC_add_31_50_n_0/Y  -      A->Y    R     INV_X2M_A9PP140ZTUL_C35           49  0.040   0.136    0.552  
  place_opt_inst_FE_OFC159_AR_3__AC_7__ACC_add_31_50_n_0/Y  -      A->Y    F     INV_X3M_A9PP140ZTUL_C35            6  0.258   0.057    0.609  
  place_opt_inst_FE_OFC174_AR_3__AC_7__ACC_add_31_50_n_0/Y  -      A->Y    R     INV_X3M_A9PP140ZTUL_C35           63  0.100   0.116    0.725  
  g44742/Y                                                  -      A->Y    R     AND2_X0P5B_A9PP140ZTUL_C35        65  0.159   0.478    1.203  
  g44723/Y                                                  -      A->Y    F     INV_X1M_A9PP140ZTUL_C35           64  0.872   0.407    1.610  
  g42442/Y                                                  -      B0->Y   F     AO22_X0P5M_A9PP140ZTUL_C35         1  0.544   0.110    1.720  
  cts_opt_inst_FE_PHC1838_n_1738/Y                          -      A->Y    F     BUF_X1B_A9PP140ZTUL_C35            1  0.049   0.029    1.749  
  retime_s3_164_reg/D                                       -      D       F     DFFRPQA_X1M_A9PP140ZTUL_C35        1  0.015   0.000    1.749  
#--------------------------------------------------------------------------------------------------------------------------------------------
Path 59: MET (0.076 ns) Setup Check with Pin retime_s9_30_reg/CK->D
               View: wc_analysis_view
              Group: reg2reg
         Startpoint: (R) retime_s1_6_reg/CK
              Clock: (R) CLK
           Endpoint: (R) retime_s9_30_reg/D
              Clock: (R) CLK

                       Capture       Launch
         Clock Edge:+    2.000        0.000
        Src Latency:+   -0.154       -0.154
        Net Latency:+    0.155 (P)    0.155 (P)
            Arrival:=    2.001        0.001

              Setup:-    0.025
        Uncertainty:-    0.125
      Required Time:=    1.851
       Launch Clock:=    0.001
          Data Path:+    1.774
              Slack:=    0.076

#--------------------------------------------------------------------------------------------------------------------------------------------
# Timing Point                                              Flags  Arc     Edge  Cell                          Fanout  Trans   Delay  Arrival  
#                                                                                                                       (ns)    (ns)     (ns)  
#--------------------------------------------------------------------------------------------------------------------------------------------
  retime_s1_6_reg/CK                                        -      CK      R     (arrival)                         20  0.043       -    0.001  
  retime_s1_6_reg/QN                                        -      CK->QN  F     DFFRPQNA_X1M_A9PP140ZTUL_C35       2  0.043   0.056    0.057  
  cts_opt_inst_FE_OFC246_n_2948/Y                           -      A->Y    R     INV_X2M_A9PP140ZTUL_C35           58  0.034   0.138    0.195  
  g32665__2346/Y                                            -      B->Y    R     AND2_X0P5B_A9PP140ZTUL_C35         2  0.243   0.034    0.229  
  g39405__2802/Y                                            -      A0->Y   F     AOI22_X0P5M_A9PP140ZTUL_C35        1  0.030   0.086    0.315  
  g39401__1617/Y                                            -      B->Y    F     AND4_X0P5M_A9PP140ZTUL_C35         1  0.154   0.065    0.380  
  g39400__3680/Y                                            -      A->Y    R     NAND3_X1A_A9PP140ZTUL_C35          1  0.022   0.021    0.401  
  place_opt_inst_FE_OFC176_AR_3__AC_7__ACC_add_31_50_n_0/Y  -      A->Y    F     INV_X2M_A9PP140ZTUL_C35           49  0.032   0.119    0.520  
  place_opt_inst_FE_OFC164_AR_3__AC_7__ACC_add_31_50_n_0/Y  -      A->Y    R     INV_X2M_A9PP140ZTUL_C35           34  0.223   0.154    0.673  
  place_opt_inst_FE_OFC128_AR_3__AC_7__ACC_add_31_50_n_0/Y  -      A->Y    F     INV_X2M_A9PP140ZTUL_C35           73  0.184   0.168    0.842  
  g44718/Y                                                  -      A->Y    F     AND2_X0P5B_A9PP140ZTUL_C35        49  0.246   0.388    1.230  
  g44700/Y                                                  -      A->Y    R     INV_X0P7M_A9PP140ZTUL_C35         48  0.637   0.485    1.715  
  g42597/Y                                                  -      B0->Y   R     AO22_X0P5M_A9PP140ZTUL_C35         1  0.607   0.036    1.751  
  cts_opt_inst_FE_PHC1874_n_1583/Y                          -      A->Y    R     BUF_X0P5M_A9PP140ZTUL_C35          1  0.043   0.024    1.775  
  retime_s9_30_reg/D                                        -      D       R     DFFRPQA_X1M_A9PP140ZTUL_C35        1  0.014   0.000    1.775  
#--------------------------------------------------------------------------------------------------------------------------------------------
Path 60: MET (0.077 ns) Setup Check with Pin retime_s5_58_reg/CK->D
               View: wc_analysis_view
              Group: reg2reg
         Startpoint: (R) retime_s1_6_reg/CK
              Clock: (R) CLK
           Endpoint: (F) retime_s5_58_reg/D
              Clock: (R) CLK

                       Capture       Launch
         Clock Edge:+    2.000        0.000
        Src Latency:+   -0.154       -0.154
        Net Latency:+    0.154 (P)    0.155 (P)
            Arrival:=    2.000        0.001

              Setup:-    0.051
        Uncertainty:-    0.125
      Required Time:=    1.823
       Launch Clock:=    0.001
          Data Path:+    1.745
              Slack:=    0.077

#--------------------------------------------------------------------------------------------------------------------------------------------
# Timing Point                                              Flags  Arc     Edge  Cell                          Fanout  Trans   Delay  Arrival  
#                                                                                                                       (ns)    (ns)     (ns)  
#--------------------------------------------------------------------------------------------------------------------------------------------
  retime_s1_6_reg/CK                                        -      CK      R     (arrival)                         20  0.043       -    0.001  
  retime_s1_6_reg/QN                                        -      CK->QN  R     DFFRPQNA_X1M_A9PP140ZTUL_C35       2  0.043   0.050    0.051  
  cts_opt_inst_FE_OFC246_n_2948/Y                           -      A->Y    F     INV_X2M_A9PP140ZTUL_C35           58  0.038   0.117    0.168  
  g32675/Y                                                  -      B->Y    F     AND2_X0P5B_A9PP140ZTUL_C35         2  0.208   0.078    0.247  
  g39405__2802/Y                                            -      B0->Y   R     AOI22_X0P5M_A9PP140ZTUL_C35        1  0.032   0.107    0.354  
  g39401__1617/Y                                            -      B->Y    R     AND4_X0P5M_A9PP140ZTUL_C35         1  0.188   0.038    0.392  
  g39400__3680/Y                                            -      A->Y    F     NAND3_X1A_A9PP140ZTUL_C35          1  0.025   0.023    0.415  
  place_opt_inst_FE_OFC176_AR_3__AC_7__ACC_add_31_50_n_0/Y  -      A->Y    R     INV_X2M_A9PP140ZTUL_C35           49  0.040   0.136    0.552  
  place_opt_inst_FE_OFC159_AR_3__AC_7__ACC_add_31_50_n_0/Y  -      A->Y    F     INV_X3M_A9PP140ZTUL_C35            6  0.258   0.057    0.609  
  place_opt_inst_FE_OFC174_AR_3__AC_7__ACC_add_31_50_n_0/Y  -      A->Y    R     INV_X3M_A9PP140ZTUL_C35           63  0.100   0.117    0.725  
  g44741/Y                                                  -      A->Y    R     AND2_X0P5B_A9PP140ZTUL_C35        65  0.159   0.408    1.133  
  g44722/Y                                                  -      A->Y    F     INV_X1M_A9PP140ZTUL_C35           64  0.790   0.391    1.524  
  g42608/Y                                                  -      B0->Y   F     AO22_X0P5M_A9PP140ZTUL_C35         1  0.520   0.109    1.633  
  cts_opt_inst_FE_PHC1653_n_1572/Y                          -      A->Y    F     DLY4_X0P5M_A9PP140ZTUL_C35         1  0.049   0.114    1.747  
  retime_s5_58_reg/D                                        -      D       F     DFFRPQA_X1M_A9PP140ZTUL_C35        1  0.024   0.000    1.747  
#--------------------------------------------------------------------------------------------------------------------------------------------
Path 61: MET (0.077 ns) Setup Check with Pin retime_s5_104_reg/CK->D
               View: wc_analysis_view
              Group: reg2reg
         Startpoint: (R) retime_s1_6_reg/CK
              Clock: (R) CLK
           Endpoint: (F) retime_s5_104_reg/D
              Clock: (R) CLK

                       Capture       Launch
         Clock Edge:+    2.000        0.000
        Src Latency:+   -0.154       -0.154
        Net Latency:+    0.154 (P)    0.155 (P)
            Arrival:=    2.000        0.001

              Setup:-    0.051
        Uncertainty:-    0.125
      Required Time:=    1.824
       Launch Clock:=    0.001
          Data Path:+    1.746
              Slack:=    0.077

#--------------------------------------------------------------------------------------------------------------------------------------------
# Timing Point                                              Flags  Arc     Edge  Cell                          Fanout  Trans   Delay  Arrival  
#                                                                                                                       (ns)    (ns)     (ns)  
#--------------------------------------------------------------------------------------------------------------------------------------------
  retime_s1_6_reg/CK                                        -      CK      R     (arrival)                         20  0.043       -    0.001  
  retime_s1_6_reg/QN                                        -      CK->QN  R     DFFRPQNA_X1M_A9PP140ZTUL_C35       2  0.043   0.050    0.051  
  cts_opt_inst_FE_OFC246_n_2948/Y                           -      A->Y    F     INV_X2M_A9PP140ZTUL_C35           58  0.038   0.117    0.168  
  g32675/Y                                                  -      B->Y    F     AND2_X0P5B_A9PP140ZTUL_C35         2  0.208   0.078    0.247  
  g39405__2802/Y                                            -      B0->Y   R     AOI22_X0P5M_A9PP140ZTUL_C35        1  0.032   0.107    0.354  
  g39401__1617/Y                                            -      B->Y    R     AND4_X0P5M_A9PP140ZTUL_C35         1  0.188   0.038    0.392  
  g39400__3680/Y                                            -      A->Y    F     NAND3_X1A_A9PP140ZTUL_C35          1  0.025   0.023    0.415  
  place_opt_inst_FE_OFC176_AR_3__AC_7__ACC_add_31_50_n_0/Y  -      A->Y    R     INV_X2M_A9PP140ZTUL_C35           49  0.040   0.136    0.552  
  place_opt_inst_FE_OFC159_AR_3__AC_7__ACC_add_31_50_n_0/Y  -      A->Y    F     INV_X3M_A9PP140ZTUL_C35            6  0.258   0.057    0.609  
  place_opt_inst_FE_OFC174_AR_3__AC_7__ACC_add_31_50_n_0/Y  -      A->Y    R     INV_X3M_A9PP140ZTUL_C35           63  0.100   0.117    0.725  
  g44741/Y                                                  -      A->Y    R     AND2_X0P5B_A9PP140ZTUL_C35        65  0.159   0.408    1.133  
  g44722/Y                                                  -      A->Y    F     INV_X1M_A9PP140ZTUL_C35           64  0.790   0.391    1.524  
  g42612/Y                                                  -      B0->Y   F     AO22_X0P5M_A9PP140ZTUL_C35         1  0.520   0.110    1.634  
  cts_opt_inst_FE_PHC1650_n_1568/Y                          -      A->Y    F     DLY4_X0P5M_A9PP140ZTUL_C35         1  0.050   0.113    1.747  
  retime_s5_104_reg/D                                       -      D       F     DFFRPQA_X1M_A9PP140ZTUL_C35        1  0.023   0.000    1.747  
#--------------------------------------------------------------------------------------------------------------------------------------------
Path 62: MET (0.077 ns) Setup Check with Pin retime_s3_187_reg/CK->D
               View: wc_analysis_view
              Group: reg2reg
         Startpoint: (R) retime_s1_6_reg/CK
              Clock: (R) CLK
           Endpoint: (F) retime_s3_187_reg/D
              Clock: (R) CLK

                       Capture       Launch
         Clock Edge:+    2.000        0.000
        Src Latency:+   -0.154       -0.154
        Net Latency:+    0.156 (P)    0.155 (P)
            Arrival:=    2.002        0.001

              Setup:-    0.052
        Uncertainty:-    0.125
      Required Time:=    1.825
       Launch Clock:=    0.001
          Data Path:+    1.747
              Slack:=    0.077

#--------------------------------------------------------------------------------------------------------------------------------------------
# Timing Point                                              Flags  Arc     Edge  Cell                          Fanout  Trans   Delay  Arrival  
#                                                                                                                       (ns)    (ns)     (ns)  
#--------------------------------------------------------------------------------------------------------------------------------------------
  retime_s1_6_reg/CK                                        -      CK      R     (arrival)                         20  0.043       -    0.001  
  retime_s1_6_reg/QN                                        -      CK->QN  R     DFFRPQNA_X1M_A9PP140ZTUL_C35       2  0.043   0.050    0.051  
  cts_opt_inst_FE_OFC246_n_2948/Y                           -      A->Y    F     INV_X2M_A9PP140ZTUL_C35           58  0.038   0.117    0.168  
  g32675/Y                                                  -      B->Y    F     AND2_X0P5B_A9PP140ZTUL_C35         2  0.208   0.078    0.247  
  g39405__2802/Y                                            -      B0->Y   R     AOI22_X0P5M_A9PP140ZTUL_C35        1  0.032   0.107    0.354  
  g39401__1617/Y                                            -      B->Y    R     AND4_X0P5M_A9PP140ZTUL_C35         1  0.188   0.038    0.392  
  g39400__3680/Y                                            -      A->Y    F     NAND3_X1A_A9PP140ZTUL_C35          1  0.025   0.023    0.415  
  place_opt_inst_FE_OFC176_AR_3__AC_7__ACC_add_31_50_n_0/Y  -      A->Y    R     INV_X2M_A9PP140ZTUL_C35           49  0.040   0.136    0.552  
  place_opt_inst_FE_OFC159_AR_3__AC_7__ACC_add_31_50_n_0/Y  -      A->Y    F     INV_X3M_A9PP140ZTUL_C35            6  0.258   0.057    0.609  
  place_opt_inst_FE_OFC174_AR_3__AC_7__ACC_add_31_50_n_0/Y  -      A->Y    R     INV_X3M_A9PP140ZTUL_C35           63  0.100   0.116    0.725  
  g44742/Y                                                  -      A->Y    R     AND2_X0P5B_A9PP140ZTUL_C35        65  0.159   0.478    1.203  
  g44723/Y                                                  -      A->Y    F     INV_X1M_A9PP140ZTUL_C35           64  0.872   0.407    1.610  
  g42475/Y                                                  -      B0->Y   F     AO22_X0P5M_A9PP140ZTUL_C35         1  0.544   0.110    1.720  
  cts_opt_inst_FE_PHC1850_n_1705/Y                          -      A->Y    F     BUF_X1B_A9PP140ZTUL_C35            1  0.049   0.028    1.748  
  retime_s3_187_reg/D                                       -      D       F     DFFRPQA_X1M_A9PP140ZTUL_C35        1  0.014   0.000    1.748  
#--------------------------------------------------------------------------------------------------------------------------------------------
Path 63: MET (0.077 ns) Setup Check with Pin retime_s6_84_reg/CK->D
               View: wc_analysis_view
              Group: reg2reg
         Startpoint: (R) retime_s1_6_reg/CK
              Clock: (R) CLK
           Endpoint: (F) retime_s6_84_reg/D
              Clock: (R) CLK

                       Capture       Launch
         Clock Edge:+    2.000        0.000
        Src Latency:+   -0.154       -0.154
        Net Latency:+    0.150 (P)    0.155 (P)
            Arrival:=    1.996        0.001

              Setup:-    0.053
        Uncertainty:-    0.125
      Required Time:=    1.818
       Launch Clock:=    0.001
          Data Path:+    1.739
              Slack:=    0.077

#--------------------------------------------------------------------------------------------------------------------------------------------
# Timing Point                                              Flags  Arc     Edge  Cell                          Fanout  Trans   Delay  Arrival  
#                                                                                                                       (ns)    (ns)     (ns)  
#--------------------------------------------------------------------------------------------------------------------------------------------
  retime_s1_6_reg/CK                                        -      CK      R     (arrival)                         20  0.043       -    0.001  
  retime_s1_6_reg/QN                                        -      CK->QN  R     DFFRPQNA_X1M_A9PP140ZTUL_C35       2  0.043   0.050    0.051  
  cts_opt_inst_FE_OFC246_n_2948/Y                           -      A->Y    F     INV_X2M_A9PP140ZTUL_C35           58  0.038   0.117    0.168  
  g32675/Y                                                  -      B->Y    F     AND2_X0P5B_A9PP140ZTUL_C35         2  0.208   0.078    0.247  
  g39405__2802/Y                                            -      B0->Y   R     AOI22_X0P5M_A9PP140ZTUL_C35        1  0.032   0.107    0.354  
  g39401__1617/Y                                            -      B->Y    R     AND4_X0P5M_A9PP140ZTUL_C35         1  0.188   0.038    0.392  
  g39400__3680/Y                                            -      A->Y    F     NAND3_X1A_A9PP140ZTUL_C35          1  0.025   0.023    0.415  
  place_opt_inst_FE_OFC176_AR_3__AC_7__ACC_add_31_50_n_0/Y  -      A->Y    R     INV_X2M_A9PP140ZTUL_C35           49  0.040   0.136    0.552  
  place_opt_inst_FE_OFC159_AR_3__AC_7__ACC_add_31_50_n_0/Y  -      A->Y    F     INV_X3M_A9PP140ZTUL_C35            6  0.258   0.057    0.609  
  place_opt_inst_FE_OFC174_AR_3__AC_7__ACC_add_31_50_n_0/Y  -      A->Y    R     INV_X3M_A9PP140ZTUL_C35           63  0.100   0.116    0.725  
  g44740/Y                                                  -      A->Y    R     AND2_X0P5B_A9PP140ZTUL_C35        65  0.159   0.474    1.198  
  g44721/Y                                                  -      A->Y    F     INV_X1M_A9PP140ZTUL_C35           64  0.858   0.396    1.594  
  g42491/Y                                                  -      B0->Y   F     AO22_X0P5M_A9PP140ZTUL_C35         1  0.543   0.114    1.709  
  cts_opt_inst_FE_PHC2556_n_1689/Y                          -      A->Y    F     BUF_X1B_A9PP140ZTUL_C35            1  0.053   0.032    1.740  
  retime_s6_84_reg/D                                        -      D       F     DFFRPQA_X1M_A9PP140ZTUL_C35        1  0.018   0.000    1.740  
#--------------------------------------------------------------------------------------------------------------------------------------------
Path 64: MET (0.078 ns) Setup Check with Pin retime_s3_79_reg/CK->D
               View: wc_analysis_view
              Group: reg2reg
         Startpoint: (R) retime_s1_6_reg/CK
              Clock: (R) CLK
           Endpoint: (F) retime_s3_79_reg/D
              Clock: (R) CLK

                       Capture       Launch
         Clock Edge:+    2.000        0.000
        Src Latency:+   -0.154       -0.154
        Net Latency:+    0.153 (P)    0.155 (P)
            Arrival:=    1.999        0.001

              Setup:-    0.053
        Uncertainty:-    0.125
      Required Time:=    1.821
       Launch Clock:=    0.001
          Data Path:+    1.741
              Slack:=    0.078

#--------------------------------------------------------------------------------------------------------------------------------------------
# Timing Point                                              Flags  Arc     Edge  Cell                          Fanout  Trans   Delay  Arrival  
#                                                                                                                       (ns)    (ns)     (ns)  
#--------------------------------------------------------------------------------------------------------------------------------------------
  retime_s1_6_reg/CK                                        -      CK      R     (arrival)                         20  0.043       -    0.001  
  retime_s1_6_reg/QN                                        -      CK->QN  R     DFFRPQNA_X1M_A9PP140ZTUL_C35       2  0.043   0.050    0.051  
  cts_opt_inst_FE_OFC246_n_2948/Y                           -      A->Y    F     INV_X2M_A9PP140ZTUL_C35           58  0.038   0.117    0.168  
  g32675/Y                                                  -      B->Y    F     AND2_X0P5B_A9PP140ZTUL_C35         2  0.208   0.078    0.247  
  g39405__2802/Y                                            -      B0->Y   R     AOI22_X0P5M_A9PP140ZTUL_C35        1  0.032   0.107    0.354  
  g39401__1617/Y                                            -      B->Y    R     AND4_X0P5M_A9PP140ZTUL_C35         1  0.188   0.038    0.392  
  g39400__3680/Y                                            -      A->Y    F     NAND3_X1A_A9PP140ZTUL_C35          1  0.025   0.023    0.415  
  place_opt_inst_FE_OFC176_AR_3__AC_7__ACC_add_31_50_n_0/Y  -      A->Y    R     INV_X2M_A9PP140ZTUL_C35           49  0.040   0.136    0.552  
  place_opt_inst_FE_OFC159_AR_3__AC_7__ACC_add_31_50_n_0/Y  -      A->Y    F     INV_X3M_A9PP140ZTUL_C35            6  0.258   0.057    0.609  
  place_opt_inst_FE_OFC174_AR_3__AC_7__ACC_add_31_50_n_0/Y  -      A->Y    R     INV_X3M_A9PP140ZTUL_C35           63  0.100   0.115    0.724  
  g39398__6783/Y                                            -      A->Y    R     AND2_X1M_A9PP140ZTUL_C35          75  0.159   0.326    1.050  
  place_opt_inst_FE_OFC121_AR_0__AC_3__ACC_n_156/Y          -      A->Y    F     INV_X1M_A9PP140ZTUL_C35           51  0.569   0.261    1.311  
  place_opt_inst_FE_OFC228_AR_0__AC_3__ACC_n_156/Y          -      A->Y    F     BUF_X1M_A9PP140ZTUL_C35           70  0.364   0.280    1.591  
  g43897/Y                                                  -      A0->Y   F     AO22_X0P5M_A9PP140ZTUL_C35         1  0.370   0.095    1.686  
  cts_opt_inst_FE_PHC1740_n_1055/Y                          -      A->Y    F     DLY2_X0P5M_A9PP140ZTUL_C35         1  0.043   0.056    1.743  
  retime_s3_79_reg/D                                        -      D       F     DFFRPQA_X1M_A9PP140ZTUL_C35        1  0.026   0.000    1.743  
#--------------------------------------------------------------------------------------------------------------------------------------------
Path 65: MET (0.078 ns) Setup Check with Pin retime_s9_32_reg/CK->D
               View: wc_analysis_view
              Group: reg2reg
         Startpoint: (R) retime_s1_6_reg/CK
              Clock: (R) CLK
           Endpoint: (R) retime_s9_32_reg/D
              Clock: (R) CLK

                       Capture       Launch
         Clock Edge:+    2.000        0.000
        Src Latency:+   -0.154       -0.154
        Net Latency:+    0.155 (P)    0.155 (P)
            Arrival:=    2.002        0.001

              Setup:-    0.025
        Uncertainty:-    0.125
      Required Time:=    1.852
       Launch Clock:=    0.001
          Data Path:+    1.772
              Slack:=    0.078

#--------------------------------------------------------------------------------------------------------------------------------------------
# Timing Point                                              Flags  Arc     Edge  Cell                          Fanout  Trans   Delay  Arrival  
#                                                                                                                       (ns)    (ns)     (ns)  
#--------------------------------------------------------------------------------------------------------------------------------------------
  retime_s1_6_reg/CK                                        -      CK      R     (arrival)                         20  0.043       -    0.001  
  retime_s1_6_reg/QN                                        -      CK->QN  F     DFFRPQNA_X1M_A9PP140ZTUL_C35       2  0.043   0.056    0.057  
  cts_opt_inst_FE_OFC246_n_2948/Y                           -      A->Y    R     INV_X2M_A9PP140ZTUL_C35           58  0.034   0.138    0.195  
  g32665__2346/Y                                            -      B->Y    R     AND2_X0P5B_A9PP140ZTUL_C35         2  0.243   0.034    0.229  
  g39405__2802/Y                                            -      A0->Y   F     AOI22_X0P5M_A9PP140ZTUL_C35        1  0.030   0.086    0.315  
  g39401__1617/Y                                            -      B->Y    F     AND4_X0P5M_A9PP140ZTUL_C35         1  0.154   0.065    0.380  
  g39400__3680/Y                                            -      A->Y    R     NAND3_X1A_A9PP140ZTUL_C35          1  0.022   0.021    0.401  
  place_opt_inst_FE_OFC176_AR_3__AC_7__ACC_add_31_50_n_0/Y  -      A->Y    F     INV_X2M_A9PP140ZTUL_C35           49  0.032   0.119    0.520  
  place_opt_inst_FE_OFC164_AR_3__AC_7__ACC_add_31_50_n_0/Y  -      A->Y    R     INV_X2M_A9PP140ZTUL_C35           34  0.223   0.154    0.673  
  place_opt_inst_FE_OFC128_AR_3__AC_7__ACC_add_31_50_n_0/Y  -      A->Y    F     INV_X2M_A9PP140ZTUL_C35           73  0.184   0.168    0.842  
  g44718/Y                                                  -      A->Y    F     AND2_X0P5B_A9PP140ZTUL_C35        49  0.246   0.388    1.230  
  g44700/Y                                                  -      A->Y    R     INV_X0P7M_A9PP140ZTUL_C35         48  0.637   0.485    1.715  
  g42548/Y                                                  -      B0->Y   R     AO22_X0P5M_A9PP140ZTUL_C35         1  0.607   0.034    1.749  
  cts_opt_inst_FE_PHC1865_n_1632/Y                          -      A->Y    R     BUF_X0P5M_A9PP140ZTUL_C35          1  0.040   0.024    1.773  
  retime_s9_32_reg/D                                        -      D       R     DFFRPQA_X1M_A9PP140ZTUL_C35        1  0.015   0.000    1.773  
#--------------------------------------------------------------------------------------------------------------------------------------------
Path 66: MET (0.078 ns) Setup Check with Pin retime_s3_1_reg/CK->D
               View: wc_analysis_view
              Group: reg2reg
         Startpoint: (R) retime_s1_6_reg/CK
              Clock: (R) CLK
           Endpoint: (F) retime_s3_1_reg/D
              Clock: (R) CLK

                       Capture       Launch
         Clock Edge:+    2.000        0.000
        Src Latency:+   -0.154       -0.154
        Net Latency:+    0.152 (P)    0.155 (P)
            Arrival:=    1.998        0.001

              Setup:-    0.054
        Uncertainty:-    0.125
      Required Time:=    1.819
       Launch Clock:=    0.001
          Data Path:+    1.739
              Slack:=    0.078

#--------------------------------------------------------------------------------------------------------------------------------------------
# Timing Point                                              Flags  Arc     Edge  Cell                          Fanout  Trans   Delay  Arrival  
#                                                                                                                       (ns)    (ns)     (ns)  
#--------------------------------------------------------------------------------------------------------------------------------------------
  retime_s1_6_reg/CK                                        -      CK      R     (arrival)                         20  0.043       -    0.001  
  retime_s1_6_reg/QN                                        -      CK->QN  R     DFFRPQNA_X1M_A9PP140ZTUL_C35       2  0.043   0.050    0.051  
  cts_opt_inst_FE_OFC246_n_2948/Y                           -      A->Y    F     INV_X2M_A9PP140ZTUL_C35           58  0.038   0.117    0.168  
  g32675/Y                                                  -      B->Y    F     AND2_X0P5B_A9PP140ZTUL_C35         2  0.208   0.078    0.247  
  g39405__2802/Y                                            -      B0->Y   R     AOI22_X0P5M_A9PP140ZTUL_C35        1  0.032   0.107    0.354  
  g39401__1617/Y                                            -      B->Y    R     AND4_X0P5M_A9PP140ZTUL_C35         1  0.188   0.038    0.392  
  g39400__3680/Y                                            -      A->Y    F     NAND3_X1A_A9PP140ZTUL_C35          1  0.025   0.023    0.415  
  place_opt_inst_FE_OFC176_AR_3__AC_7__ACC_add_31_50_n_0/Y  -      A->Y    R     INV_X2M_A9PP140ZTUL_C35           49  0.040   0.136    0.552  
  place_opt_inst_FE_OFC159_AR_3__AC_7__ACC_add_31_50_n_0/Y  -      A->Y    F     INV_X3M_A9PP140ZTUL_C35            6  0.258   0.057    0.609  
  place_opt_inst_FE_OFC174_AR_3__AC_7__ACC_add_31_50_n_0/Y  -      A->Y    R     INV_X3M_A9PP140ZTUL_C35           63  0.100   0.115    0.724  
  g39398__6783/Y                                            -      A->Y    R     AND2_X1M_A9PP140ZTUL_C35          75  0.159   0.326    1.050  
  place_opt_inst_FE_OFC121_AR_0__AC_3__ACC_n_156/Y          -      A->Y    F     INV_X1M_A9PP140ZTUL_C35           51  0.569   0.261    1.311  
  place_opt_inst_FE_OFC228_AR_0__AC_3__ACC_n_156/Y          -      A->Y    F     BUF_X1M_A9PP140ZTUL_C35           70  0.364   0.280    1.591  
  g43930/Y                                                  -      A0->Y   F     AO22_X0P5M_A9PP140ZTUL_C35         1  0.370   0.096    1.687  
  cts_opt_inst_FE_PHC1713_n_1022/Y                          -      A->Y    F     DLY2_X0P5M_A9PP140ZTUL_C35         1  0.043   0.054    1.740  
  retime_s3_1_reg/D                                         -      D       F     DFFRPQA_X1M_A9PP140ZTUL_C35        1  0.022   0.000    1.740  
#--------------------------------------------------------------------------------------------------------------------------------------------
Path 67: MET (0.078 ns) Setup Check with Pin retime_s9_35_reg/CK->D
               View: wc_analysis_view
              Group: reg2reg
         Startpoint: (R) retime_s1_6_reg/CK
              Clock: (R) CLK
           Endpoint: (R) retime_s9_35_reg/D
              Clock: (R) CLK

                       Capture       Launch
         Clock Edge:+    2.000        0.000
        Src Latency:+   -0.154       -0.154
        Net Latency:+    0.156 (P)    0.155 (P)
            Arrival:=    2.002        0.001

              Setup:-    0.025
        Uncertainty:-    0.125
      Required Time:=    1.852
       Launch Clock:=    0.001
          Data Path:+    1.772
              Slack:=    0.078

#--------------------------------------------------------------------------------------------------------------------------------------------
# Timing Point                                              Flags  Arc     Edge  Cell                          Fanout  Trans   Delay  Arrival  
#                                                                                                                       (ns)    (ns)     (ns)  
#--------------------------------------------------------------------------------------------------------------------------------------------
  retime_s1_6_reg/CK                                        -      CK      R     (arrival)                         20  0.043       -    0.001  
  retime_s1_6_reg/QN                                        -      CK->QN  F     DFFRPQNA_X1M_A9PP140ZTUL_C35       2  0.043   0.056    0.057  
  cts_opt_inst_FE_OFC246_n_2948/Y                           -      A->Y    R     INV_X2M_A9PP140ZTUL_C35           58  0.034   0.138    0.195  
  g32665__2346/Y                                            -      B->Y    R     AND2_X0P5B_A9PP140ZTUL_C35         2  0.243   0.034    0.229  
  g39405__2802/Y                                            -      A0->Y   F     AOI22_X0P5M_A9PP140ZTUL_C35        1  0.030   0.086    0.315  
  g39401__1617/Y                                            -      B->Y    F     AND4_X0P5M_A9PP140ZTUL_C35         1  0.154   0.065    0.380  
  g39400__3680/Y                                            -      A->Y    R     NAND3_X1A_A9PP140ZTUL_C35          1  0.022   0.021    0.401  
  place_opt_inst_FE_OFC176_AR_3__AC_7__ACC_add_31_50_n_0/Y  -      A->Y    F     INV_X2M_A9PP140ZTUL_C35           49  0.032   0.119    0.520  
  place_opt_inst_FE_OFC164_AR_3__AC_7__ACC_add_31_50_n_0/Y  -      A->Y    R     INV_X2M_A9PP140ZTUL_C35           34  0.223   0.154    0.673  
  place_opt_inst_FE_OFC128_AR_3__AC_7__ACC_add_31_50_n_0/Y  -      A->Y    F     INV_X2M_A9PP140ZTUL_C35           73  0.184   0.168    0.842  
  g44718/Y                                                  -      A->Y    F     AND2_X0P5B_A9PP140ZTUL_C35        49  0.246   0.388    1.230  
  g44700/Y                                                  -      A->Y    R     INV_X0P7M_A9PP140ZTUL_C35         48  0.637   0.487    1.717  
  g42433/Y                                                  -      B0->Y   R     AO22_X0P5M_A9PP140ZTUL_C35         1  0.607   0.032    1.749  
  cts_opt_inst_FE_PHC1877_n_1747/Y                          -      A->Y    R     BUF_X0P5M_A9PP140ZTUL_C35          1  0.038   0.025    1.773  
  retime_s9_35_reg/D                                        -      D       R     DFFRPQA_X1M_A9PP140ZTUL_C35        1  0.016   0.000    1.773  
#--------------------------------------------------------------------------------------------------------------------------------------------
Path 68: MET (0.079 ns) Setup Check with Pin retime_s8_5_reg/CK->D
               View: wc_analysis_view
              Group: reg2reg
         Startpoint: (R) retime_s1_6_reg/CK
              Clock: (R) CLK
           Endpoint: (R) retime_s8_5_reg/D
              Clock: (R) CLK

                       Capture       Launch
         Clock Edge:+    2.000        0.000
        Src Latency:+   -0.154       -0.154
        Net Latency:+    0.153 (P)    0.155 (P)
            Arrival:=    2.000        0.001

              Setup:-    0.026
        Uncertainty:-    0.125
      Required Time:=    1.849
       Launch Clock:=    0.001
          Data Path:+    1.769
              Slack:=    0.079

#--------------------------------------------------------------------------------------------------------------------------------------------
# Timing Point                                              Flags  Arc     Edge  Cell                          Fanout  Trans   Delay  Arrival  
#                                                                                                                       (ns)    (ns)     (ns)  
#--------------------------------------------------------------------------------------------------------------------------------------------
  retime_s1_6_reg/CK                                        -      CK      R     (arrival)                         20  0.043       -    0.001  
  retime_s1_6_reg/QN                                        -      CK->QN  F     DFFRPQNA_X1M_A9PP140ZTUL_C35       2  0.043   0.056    0.057  
  cts_opt_inst_FE_OFC246_n_2948/Y                           -      A->Y    R     INV_X2M_A9PP140ZTUL_C35           58  0.034   0.138    0.195  
  g32665__2346/Y                                            -      B->Y    R     AND2_X0P5B_A9PP140ZTUL_C35         2  0.243   0.034    0.229  
  g39405__2802/Y                                            -      A0->Y   F     AOI22_X0P5M_A9PP140ZTUL_C35        1  0.030   0.086    0.315  
  g39401__1617/Y                                            -      B->Y    F     AND4_X0P5M_A9PP140ZTUL_C35         1  0.154   0.065    0.380  
  g39400__3680/Y                                            -      A->Y    R     NAND3_X1A_A9PP140ZTUL_C35          1  0.022   0.021    0.401  
  place_opt_inst_FE_OFC176_AR_3__AC_7__ACC_add_31_50_n_0/Y  -      A->Y    F     INV_X2M_A9PP140ZTUL_C35           49  0.032   0.119    0.520  
  place_opt_inst_FE_OFC164_AR_3__AC_7__ACC_add_31_50_n_0/Y  -      A->Y    R     INV_X2M_A9PP140ZTUL_C35           34  0.223   0.154    0.673  
  place_opt_inst_FE_OFC128_AR_3__AC_7__ACC_add_31_50_n_0/Y  -      A->Y    F     INV_X2M_A9PP140ZTUL_C35           73  0.184   0.168    0.842  
  g44718/Y                                                  -      A->Y    F     AND2_X0P5B_A9PP140ZTUL_C35        49  0.246   0.388    1.230  
  g44700/Y                                                  -      A->Y    R     INV_X0P7M_A9PP140ZTUL_C35         48  0.637   0.499    1.729  
  g42505/Y                                                  -      B0->Y   R     AO22_X0P5M_A9PP140ZTUL_C35         1  0.608   0.041    1.770  
  retime_s8_5_reg/D                                         -      D       R     DFFRPQA_X1M_A9PP140ZTUL_C35        1  0.047   0.000    1.770  
#--------------------------------------------------------------------------------------------------------------------------------------------
Path 69: MET (0.079 ns) Setup Check with Pin retime_s9_33_reg/CK->D
               View: wc_analysis_view
              Group: reg2reg
         Startpoint: (R) retime_s1_6_reg/CK
              Clock: (R) CLK
           Endpoint: (R) retime_s9_33_reg/D
              Clock: (R) CLK

                       Capture       Launch
         Clock Edge:+    2.000        0.000
        Src Latency:+   -0.154       -0.154
        Net Latency:+    0.155 (P)    0.155 (P)
            Arrival:=    2.002        0.001

              Setup:-    0.025
        Uncertainty:-    0.125
      Required Time:=    1.852
       Launch Clock:=    0.001
          Data Path:+    1.772
              Slack:=    0.079

#--------------------------------------------------------------------------------------------------------------------------------------------
# Timing Point                                              Flags  Arc     Edge  Cell                          Fanout  Trans   Delay  Arrival  
#                                                                                                                       (ns)    (ns)     (ns)  
#--------------------------------------------------------------------------------------------------------------------------------------------
  retime_s1_6_reg/CK                                        -      CK      R     (arrival)                         20  0.043       -    0.001  
  retime_s1_6_reg/QN                                        -      CK->QN  F     DFFRPQNA_X1M_A9PP140ZTUL_C35       2  0.043   0.056    0.057  
  cts_opt_inst_FE_OFC246_n_2948/Y                           -      A->Y    R     INV_X2M_A9PP140ZTUL_C35           58  0.034   0.138    0.195  
  g32665__2346/Y                                            -      B->Y    R     AND2_X0P5B_A9PP140ZTUL_C35         2  0.243   0.034    0.229  
  g39405__2802/Y                                            -      A0->Y   F     AOI22_X0P5M_A9PP140ZTUL_C35        1  0.030   0.086    0.315  
  g39401__1617/Y                                            -      B->Y    F     AND4_X0P5M_A9PP140ZTUL_C35         1  0.154   0.065    0.380  
  g39400__3680/Y                                            -      A->Y    R     NAND3_X1A_A9PP140ZTUL_C35          1  0.022   0.021    0.401  
  place_opt_inst_FE_OFC176_AR_3__AC_7__ACC_add_31_50_n_0/Y  -      A->Y    F     INV_X2M_A9PP140ZTUL_C35           49  0.032   0.119    0.520  
  place_opt_inst_FE_OFC164_AR_3__AC_7__ACC_add_31_50_n_0/Y  -      A->Y    R     INV_X2M_A9PP140ZTUL_C35           34  0.223   0.154    0.673  
  place_opt_inst_FE_OFC128_AR_3__AC_7__ACC_add_31_50_n_0/Y  -      A->Y    F     INV_X2M_A9PP140ZTUL_C35           73  0.184   0.168    0.842  
  g44718/Y                                                  -      A->Y    F     AND2_X0P5B_A9PP140ZTUL_C35        49  0.246   0.388    1.230  
  g44700/Y                                                  -      A->Y    R     INV_X0P7M_A9PP140ZTUL_C35         48  0.637   0.486    1.716  
  g42507/Y                                                  -      B0->Y   R     AO22_X0P5M_A9PP140ZTUL_C35         1  0.607   0.034    1.750  
  cts_opt_inst_FE_PHC1876_n_1673/Y                          -      A->Y    R     BUF_X0P5M_A9PP140ZTUL_C35          1  0.040   0.023    1.773  
  retime_s9_33_reg/D                                        -      D       R     DFFRPQA_X1M_A9PP140ZTUL_C35        1  0.014   0.000    1.773  
#--------------------------------------------------------------------------------------------------------------------------------------------
Path 70: MET (0.079 ns) Setup Check with Pin retime_s9_31_reg/CK->D
               View: wc_analysis_view
              Group: reg2reg
         Startpoint: (R) retime_s1_6_reg/CK
              Clock: (R) CLK
           Endpoint: (R) retime_s9_31_reg/D
              Clock: (R) CLK

                       Capture       Launch
         Clock Edge:+    2.000        0.000
        Src Latency:+   -0.154       -0.154
        Net Latency:+    0.155 (P)    0.155 (P)
            Arrival:=    2.002        0.001

              Setup:-    0.025
        Uncertainty:-    0.125
      Required Time:=    1.852
       Launch Clock:=    0.001
          Data Path:+    1.772
              Slack:=    0.079

#--------------------------------------------------------------------------------------------------------------------------------------------
# Timing Point                                              Flags  Arc     Edge  Cell                          Fanout  Trans   Delay  Arrival  
#                                                                                                                       (ns)    (ns)     (ns)  
#--------------------------------------------------------------------------------------------------------------------------------------------
  retime_s1_6_reg/CK                                        -      CK      R     (arrival)                         20  0.043       -    0.001  
  retime_s1_6_reg/QN                                        -      CK->QN  F     DFFRPQNA_X1M_A9PP140ZTUL_C35       2  0.043   0.056    0.057  
  cts_opt_inst_FE_OFC246_n_2948/Y                           -      A->Y    R     INV_X2M_A9PP140ZTUL_C35           58  0.034   0.138    0.195  
  g32665__2346/Y                                            -      B->Y    R     AND2_X0P5B_A9PP140ZTUL_C35         2  0.243   0.034    0.229  
  g39405__2802/Y                                            -      A0->Y   F     AOI22_X0P5M_A9PP140ZTUL_C35        1  0.030   0.086    0.315  
  g39401__1617/Y                                            -      B->Y    F     AND4_X0P5M_A9PP140ZTUL_C35         1  0.154   0.065    0.380  
  g39400__3680/Y                                            -      A->Y    R     NAND3_X1A_A9PP140ZTUL_C35          1  0.022   0.021    0.401  
  place_opt_inst_FE_OFC176_AR_3__AC_7__ACC_add_31_50_n_0/Y  -      A->Y    F     INV_X2M_A9PP140ZTUL_C35           49  0.032   0.119    0.520  
  place_opt_inst_FE_OFC164_AR_3__AC_7__ACC_add_31_50_n_0/Y  -      A->Y    R     INV_X2M_A9PP140ZTUL_C35           34  0.223   0.154    0.673  
  place_opt_inst_FE_OFC128_AR_3__AC_7__ACC_add_31_50_n_0/Y  -      A->Y    F     INV_X2M_A9PP140ZTUL_C35           73  0.184   0.168    0.842  
  g44718/Y                                                  -      A->Y    F     AND2_X0P5B_A9PP140ZTUL_C35        49  0.246   0.388    1.230  
  g44700/Y                                                  -      A->Y    R     INV_X0P7M_A9PP140ZTUL_C35         48  0.637   0.485    1.715  
  g42598/Y                                                  -      B0->Y   R     AO22_X0P5M_A9PP140ZTUL_C35         1  0.607   0.034    1.749  
  cts_opt_inst_FE_PHC1861_n_1582/Y                          -      A->Y    R     BUF_X0P5M_A9PP140ZTUL_C35          1  0.040   0.024    1.773  
  retime_s9_31_reg/D                                        -      D       R     DFFRPQA_X1M_A9PP140ZTUL_C35        1  0.015   0.000    1.773  
#--------------------------------------------------------------------------------------------------------------------------------------------
Path 71: MET (0.079 ns) Setup Check with Pin retime_s3_165_reg/CK->D
               View: wc_analysis_view
              Group: reg2reg
         Startpoint: (R) retime_s1_6_reg/CK
              Clock: (R) CLK
           Endpoint: (F) retime_s3_165_reg/D
              Clock: (R) CLK

                       Capture       Launch
         Clock Edge:+    2.000        0.000
        Src Latency:+   -0.154       -0.154
        Net Latency:+    0.156 (P)    0.155 (P)
            Arrival:=    2.002        0.001

              Setup:-    0.052
        Uncertainty:-    0.125
      Required Time:=    1.825
       Launch Clock:=    0.001
          Data Path:+    1.745
              Slack:=    0.079

#--------------------------------------------------------------------------------------------------------------------------------------------
# Timing Point                                              Flags  Arc     Edge  Cell                          Fanout  Trans   Delay  Arrival  
#                                                                                                                       (ns)    (ns)     (ns)  
#--------------------------------------------------------------------------------------------------------------------------------------------
  retime_s1_6_reg/CK                                        -      CK      R     (arrival)                         20  0.043       -    0.001  
  retime_s1_6_reg/QN                                        -      CK->QN  R     DFFRPQNA_X1M_A9PP140ZTUL_C35       2  0.043   0.050    0.051  
  cts_opt_inst_FE_OFC246_n_2948/Y                           -      A->Y    F     INV_X2M_A9PP140ZTUL_C35           58  0.038   0.117    0.168  
  g32675/Y                                                  -      B->Y    F     AND2_X0P5B_A9PP140ZTUL_C35         2  0.208   0.078    0.247  
  g39405__2802/Y                                            -      B0->Y   R     AOI22_X0P5M_A9PP140ZTUL_C35        1  0.032   0.107    0.354  
  g39401__1617/Y                                            -      B->Y    R     AND4_X0P5M_A9PP140ZTUL_C35         1  0.188   0.038    0.392  
  g39400__3680/Y                                            -      A->Y    F     NAND3_X1A_A9PP140ZTUL_C35          1  0.025   0.023    0.415  
  place_opt_inst_FE_OFC176_AR_3__AC_7__ACC_add_31_50_n_0/Y  -      A->Y    R     INV_X2M_A9PP140ZTUL_C35           49  0.040   0.136    0.552  
  place_opt_inst_FE_OFC159_AR_3__AC_7__ACC_add_31_50_n_0/Y  -      A->Y    F     INV_X3M_A9PP140ZTUL_C35            6  0.258   0.057    0.609  
  place_opt_inst_FE_OFC174_AR_3__AC_7__ACC_add_31_50_n_0/Y  -      A->Y    R     INV_X3M_A9PP140ZTUL_C35           63  0.100   0.116    0.725  
  g44742/Y                                                  -      A->Y    R     AND2_X0P5B_A9PP140ZTUL_C35        65  0.159   0.478    1.203  
  g44723/Y                                                  -      A->Y    F     INV_X1M_A9PP140ZTUL_C35           64  0.872   0.407    1.610  
  g42410/Y                                                  -      B0->Y   F     AO22_X0P5M_A9PP140ZTUL_C35         1  0.544   0.108    1.718  
  cts_opt_inst_FE_PHC1847_n_1770/Y                          -      A->Y    F     BUF_X1B_A9PP140ZTUL_C35            1  0.048   0.028    1.746  
  retime_s3_165_reg/D                                       -      D       F     DFFRPQA_X1M_A9PP140ZTUL_C35        1  0.014   0.000    1.746  
#--------------------------------------------------------------------------------------------------------------------------------------------
Path 72: MET (0.079 ns) Setup Check with Pin retime_s7_38_reg/CK->D
               View: wc_analysis_view
              Group: reg2reg
         Startpoint: (R) retime_s1_6_reg/CK
              Clock: (R) CLK
           Endpoint: (R) retime_s7_38_reg/D
              Clock: (R) CLK

                       Capture       Launch
         Clock Edge:+    2.000        0.000
        Src Latency:+   -0.154       -0.154
        Net Latency:+    0.154 (P)    0.155 (P)
            Arrival:=    2.000        0.001

              Setup:-    0.026
        Uncertainty:-    0.125
      Required Time:=    1.849
       Launch Clock:=    0.001
          Data Path:+    1.769
              Slack:=    0.079

#--------------------------------------------------------------------------------------------------------------------------------------------
# Timing Point                                              Flags  Arc     Edge  Cell                          Fanout  Trans   Delay  Arrival  
#                                                                                                                       (ns)    (ns)     (ns)  
#--------------------------------------------------------------------------------------------------------------------------------------------
  retime_s1_6_reg/CK                                        -      CK      R     (arrival)                         20  0.043       -    0.001  
  retime_s1_6_reg/QN                                        -      CK->QN  F     DFFRPQNA_X1M_A9PP140ZTUL_C35       2  0.043   0.056    0.057  
  cts_opt_inst_FE_OFC246_n_2948/Y                           -      A->Y    R     INV_X2M_A9PP140ZTUL_C35           58  0.034   0.138    0.195  
  g32665__2346/Y                                            -      B->Y    R     AND2_X0P5B_A9PP140ZTUL_C35         2  0.243   0.034    0.229  
  g39405__2802/Y                                            -      A0->Y   F     AOI22_X0P5M_A9PP140ZTUL_C35        1  0.030   0.086    0.315  
  g39401__1617/Y                                            -      B->Y    F     AND4_X0P5M_A9PP140ZTUL_C35         1  0.154   0.065    0.380  
  g39400__3680/Y                                            -      A->Y    R     NAND3_X1A_A9PP140ZTUL_C35          1  0.022   0.021    0.401  
  place_opt_inst_FE_OFC176_AR_3__AC_7__ACC_add_31_50_n_0/Y  -      A->Y    F     INV_X2M_A9PP140ZTUL_C35           49  0.032   0.119    0.520  
  place_opt_inst_FE_OFC164_AR_3__AC_7__ACC_add_31_50_n_0/Y  -      A->Y    R     INV_X2M_A9PP140ZTUL_C35           34  0.223   0.154    0.673  
  place_opt_inst_FE_OFC128_AR_3__AC_7__ACC_add_31_50_n_0/Y  -      A->Y    F     INV_X2M_A9PP140ZTUL_C35           73  0.184   0.168    0.842  
  g44718/Y                                                  -      A->Y    F     AND2_X0P5B_A9PP140ZTUL_C35        49  0.246   0.388    1.230  
  g44700/Y                                                  -      A->Y    R     INV_X0P7M_A9PP140ZTUL_C35         48  0.637   0.505    1.735  
  g42459/Y                                                  -      B0->Y   R     AO22_X0P5M_A9PP140ZTUL_C35         1  0.608   0.035    1.770  
  retime_s7_38_reg/D                                        -      D       R     DFFRPQA_X1M_A9PP140ZTUL_C35        1  0.041   0.000    1.770  
#--------------------------------------------------------------------------------------------------------------------------------------------
Path 73: MET (0.079 ns) Setup Check with Pin retime_s5_7_reg/CK->D
               View: wc_analysis_view
              Group: reg2reg
         Startpoint: (R) retime_s1_6_reg/CK
              Clock: (R) CLK
           Endpoint: (F) retime_s5_7_reg/D
              Clock: (R) CLK

                       Capture       Launch
         Clock Edge:+    2.000        0.000
        Src Latency:+   -0.154       -0.154
        Net Latency:+    0.154 (P)    0.155 (P)
            Arrival:=    2.000        0.001

              Setup:-    0.055
        Uncertainty:-    0.125
      Required Time:=    1.820
       Launch Clock:=    0.001
          Data Path:+    1.740
              Slack:=    0.079

#--------------------------------------------------------------------------------------------------------------------------------------------
# Timing Point                                              Flags  Arc     Edge  Cell                          Fanout  Trans   Delay  Arrival  
#                                                                                                                       (ns)    (ns)     (ns)  
#--------------------------------------------------------------------------------------------------------------------------------------------
  retime_s1_6_reg/CK                                        -      CK      R     (arrival)                         20  0.043       -    0.001  
  retime_s1_6_reg/QN                                        -      CK->QN  R     DFFRPQNA_X1M_A9PP140ZTUL_C35       2  0.043   0.050    0.051  
  cts_opt_inst_FE_OFC246_n_2948/Y                           -      A->Y    F     INV_X2M_A9PP140ZTUL_C35           58  0.038   0.117    0.168  
  g32675/Y                                                  -      B->Y    F     AND2_X0P5B_A9PP140ZTUL_C35         2  0.208   0.078    0.247  
  g39405__2802/Y                                            -      B0->Y   R     AOI22_X0P5M_A9PP140ZTUL_C35        1  0.032   0.107    0.354  
  g39401__1617/Y                                            -      B->Y    R     AND4_X0P5M_A9PP140ZTUL_C35         1  0.188   0.038    0.392  
  g39400__3680/Y                                            -      A->Y    F     NAND3_X1A_A9PP140ZTUL_C35          1  0.025   0.023    0.415  
  place_opt_inst_FE_OFC176_AR_3__AC_7__ACC_add_31_50_n_0/Y  -      A->Y    R     INV_X2M_A9PP140ZTUL_C35           49  0.040   0.136    0.552  
  place_opt_inst_FE_OFC159_AR_3__AC_7__ACC_add_31_50_n_0/Y  -      A->Y    F     INV_X3M_A9PP140ZTUL_C35            6  0.258   0.057    0.609  
  place_opt_inst_FE_OFC174_AR_3__AC_7__ACC_add_31_50_n_0/Y  -      A->Y    R     INV_X3M_A9PP140ZTUL_C35           63  0.100   0.116    0.725  
  g44740/Y                                                  -      A->Y    R     AND2_X0P5B_A9PP140ZTUL_C35        65  0.159   0.474    1.198  
  g44721/Y                                                  -      A->Y    F     INV_X1M_A9PP140ZTUL_C35           64  0.858   0.387    1.586  
  g42416/Y                                                  -      B0->Y   F     AO22_X0P5M_A9PP140ZTUL_C35         1  0.542   0.118    1.704  
  cts_opt_inst_FE_PHC2482_n_1764/Y                          -      A->Y    F     BUF_X1B_A9PP140ZTUL_C35            1  0.057   0.038    1.742  
  retime_s5_7_reg/D                                         -      D       F     DFFRPQA_X1M_A9PP140ZTUL_C35        1  0.025   0.000    1.742  
#--------------------------------------------------------------------------------------------------------------------------------------------
Path 74: MET (0.079 ns) Setup Check with Pin retime_s7_37_reg/CK->D
               View: wc_analysis_view
              Group: reg2reg
         Startpoint: (R) retime_s1_6_reg/CK
              Clock: (R) CLK
           Endpoint: (R) retime_s7_37_reg/D
              Clock: (R) CLK

                       Capture       Launch
         Clock Edge:+    2.000        0.000
        Src Latency:+   -0.154       -0.154
        Net Latency:+    0.155 (P)    0.155 (P)
            Arrival:=    2.001        0.001

              Setup:-    0.026
        Uncertainty:-    0.125
      Required Time:=    1.850
       Launch Clock:=    0.001
          Data Path:+    1.769
              Slack:=    0.079

#--------------------------------------------------------------------------------------------------------------------------------------------
# Timing Point                                              Flags  Arc     Edge  Cell                          Fanout  Trans   Delay  Arrival  
#                                                                                                                       (ns)    (ns)     (ns)  
#--------------------------------------------------------------------------------------------------------------------------------------------
  retime_s1_6_reg/CK                                        -      CK      R     (arrival)                         20  0.043       -    0.001  
  retime_s1_6_reg/QN                                        -      CK->QN  F     DFFRPQNA_X1M_A9PP140ZTUL_C35       2  0.043   0.056    0.057  
  cts_opt_inst_FE_OFC246_n_2948/Y                           -      A->Y    R     INV_X2M_A9PP140ZTUL_C35           58  0.034   0.138    0.195  
  g32665__2346/Y                                            -      B->Y    R     AND2_X0P5B_A9PP140ZTUL_C35         2  0.243   0.034    0.229  
  g39405__2802/Y                                            -      A0->Y   F     AOI22_X0P5M_A9PP140ZTUL_C35        1  0.030   0.086    0.315  
  g39401__1617/Y                                            -      B->Y    F     AND4_X0P5M_A9PP140ZTUL_C35         1  0.154   0.065    0.380  
  g39400__3680/Y                                            -      A->Y    R     NAND3_X1A_A9PP140ZTUL_C35          1  0.022   0.021    0.401  
  place_opt_inst_FE_OFC176_AR_3__AC_7__ACC_add_31_50_n_0/Y  -      A->Y    F     INV_X2M_A9PP140ZTUL_C35           49  0.032   0.119    0.520  
  place_opt_inst_FE_OFC164_AR_3__AC_7__ACC_add_31_50_n_0/Y  -      A->Y    R     INV_X2M_A9PP140ZTUL_C35           34  0.223   0.154    0.673  
  place_opt_inst_FE_OFC128_AR_3__AC_7__ACC_add_31_50_n_0/Y  -      A->Y    F     INV_X2M_A9PP140ZTUL_C35           73  0.184   0.168    0.842  
  g44718/Y                                                  -      A->Y    F     AND2_X0P5B_A9PP140ZTUL_C35        49  0.246   0.388    1.230  
  g44700/Y                                                  -      A->Y    R     INV_X0P7M_A9PP140ZTUL_C35         48  0.637   0.505    1.735  
  g42239/Y                                                  -      B0->Y   R     AO22_X0P5M_A9PP140ZTUL_C35         1  0.608   0.036    1.771  
  retime_s7_37_reg/D                                        -      D       R     DFFRPQA_X1M_A9PP140ZTUL_C35        1  0.042   0.000    1.771  
#--------------------------------------------------------------------------------------------------------------------------------------------
Path 75: MET (0.079 ns) Setup Check with Pin retime_s7_68_reg/CK->D
               View: wc_analysis_view
              Group: reg2reg
         Startpoint: (R) retime_s1_6_reg/CK
              Clock: (R) CLK
           Endpoint: (R) retime_s7_68_reg/D
              Clock: (R) CLK

                       Capture       Launch
         Clock Edge:+    2.000        0.000
        Src Latency:+   -0.154       -0.154
        Net Latency:+    0.154 (P)    0.155 (P)
            Arrival:=    2.001        0.001

              Setup:-    0.026
        Uncertainty:-    0.125
      Required Time:=    1.849
       Launch Clock:=    0.001
          Data Path:+    1.769
              Slack:=    0.079

#--------------------------------------------------------------------------------------------------------------------------------------------
# Timing Point                                              Flags  Arc     Edge  Cell                          Fanout  Trans   Delay  Arrival  
#                                                                                                                       (ns)    (ns)     (ns)  
#--------------------------------------------------------------------------------------------------------------------------------------------
  retime_s1_6_reg/CK                                        -      CK      R     (arrival)                         20  0.043       -    0.001  
  retime_s1_6_reg/QN                                        -      CK->QN  F     DFFRPQNA_X1M_A9PP140ZTUL_C35       2  0.043   0.056    0.057  
  cts_opt_inst_FE_OFC246_n_2948/Y                           -      A->Y    R     INV_X2M_A9PP140ZTUL_C35           58  0.034   0.138    0.195  
  g32665__2346/Y                                            -      B->Y    R     AND2_X0P5B_A9PP140ZTUL_C35         2  0.243   0.034    0.229  
  g39405__2802/Y                                            -      A0->Y   F     AOI22_X0P5M_A9PP140ZTUL_C35        1  0.030   0.086    0.315  
  g39401__1617/Y                                            -      B->Y    F     AND4_X0P5M_A9PP140ZTUL_C35         1  0.154   0.065    0.380  
  g39400__3680/Y                                            -      A->Y    R     NAND3_X1A_A9PP140ZTUL_C35          1  0.022   0.021    0.401  
  place_opt_inst_FE_OFC176_AR_3__AC_7__ACC_add_31_50_n_0/Y  -      A->Y    F     INV_X2M_A9PP140ZTUL_C35           49  0.032   0.119    0.520  
  place_opt_inst_FE_OFC164_AR_3__AC_7__ACC_add_31_50_n_0/Y  -      A->Y    R     INV_X2M_A9PP140ZTUL_C35           34  0.223   0.154    0.673  
  place_opt_inst_FE_OFC128_AR_3__AC_7__ACC_add_31_50_n_0/Y  -      A->Y    F     INV_X2M_A9PP140ZTUL_C35           73  0.184   0.168    0.842  
  g44718/Y                                                  -      A->Y    F     AND2_X0P5B_A9PP140ZTUL_C35        49  0.246   0.388    1.230  
  g44700/Y                                                  -      A->Y    R     INV_X0P7M_A9PP140ZTUL_C35         48  0.637   0.505    1.735  
  g42591/Y                                                  -      B0->Y   R     AO22_X0P5M_A9PP140ZTUL_C35         1  0.608   0.035    1.770  
  retime_s7_68_reg/D                                        -      D       R     DFFRPQA_X1M_A9PP140ZTUL_C35        1  0.041   0.000    1.770  
#--------------------------------------------------------------------------------------------------------------------------------------------
Path 76: MET (0.080 ns) Setup Check with Pin retime_s9_34_reg/CK->D
               View: wc_analysis_view
              Group: reg2reg
         Startpoint: (R) retime_s1_6_reg/CK
              Clock: (R) CLK
           Endpoint: (R) retime_s9_34_reg/D
              Clock: (R) CLK

                       Capture       Launch
         Clock Edge:+    2.000        0.000
        Src Latency:+   -0.154       -0.154
        Net Latency:+    0.156 (P)    0.155 (P)
            Arrival:=    2.002        0.001

              Setup:-    0.025
        Uncertainty:-    0.125
      Required Time:=    1.852
       Launch Clock:=    0.001
          Data Path:+    1.771
              Slack:=    0.080

#--------------------------------------------------------------------------------------------------------------------------------------------
# Timing Point                                              Flags  Arc     Edge  Cell                          Fanout  Trans   Delay  Arrival  
#                                                                                                                       (ns)    (ns)     (ns)  
#--------------------------------------------------------------------------------------------------------------------------------------------
  retime_s1_6_reg/CK                                        -      CK      R     (arrival)                         20  0.043       -    0.001  
  retime_s1_6_reg/QN                                        -      CK->QN  F     DFFRPQNA_X1M_A9PP140ZTUL_C35       2  0.043   0.056    0.057  
  cts_opt_inst_FE_OFC246_n_2948/Y                           -      A->Y    R     INV_X2M_A9PP140ZTUL_C35           58  0.034   0.138    0.195  
  g32665__2346/Y                                            -      B->Y    R     AND2_X0P5B_A9PP140ZTUL_C35         2  0.243   0.034    0.229  
  g39405__2802/Y                                            -      A0->Y   F     AOI22_X0P5M_A9PP140ZTUL_C35        1  0.030   0.086    0.315  
  g39401__1617/Y                                            -      B->Y    F     AND4_X0P5M_A9PP140ZTUL_C35         1  0.154   0.065    0.380  
  g39400__3680/Y                                            -      A->Y    R     NAND3_X1A_A9PP140ZTUL_C35          1  0.022   0.021    0.401  
  place_opt_inst_FE_OFC176_AR_3__AC_7__ACC_add_31_50_n_0/Y  -      A->Y    F     INV_X2M_A9PP140ZTUL_C35           49  0.032   0.119    0.520  
  place_opt_inst_FE_OFC164_AR_3__AC_7__ACC_add_31_50_n_0/Y  -      A->Y    R     INV_X2M_A9PP140ZTUL_C35           34  0.223   0.154    0.673  
  place_opt_inst_FE_OFC128_AR_3__AC_7__ACC_add_31_50_n_0/Y  -      A->Y    F     INV_X2M_A9PP140ZTUL_C35           73  0.184   0.168    0.842  
  g44718/Y                                                  -      A->Y    F     AND2_X0P5B_A9PP140ZTUL_C35        49  0.246   0.388    1.230  
  g44700/Y                                                  -      A->Y    R     INV_X0P7M_A9PP140ZTUL_C35         48  0.637   0.486    1.716  
  g42461/Y                                                  -      B0->Y   R     AO22_X0P5M_A9PP140ZTUL_C35         1  0.607   0.037    1.753  
  cts_opt_inst_FE_PHC1871_n_1719/Y                          -      A->Y    R     BUFH_X1M_A9PP140ZTUL_C35           1  0.043   0.019    1.772  
  retime_s9_34_reg/D                                        -      D       R     DFFRPQA_X1M_A9PP140ZTUL_C35        1  0.010   0.000    1.772  
#--------------------------------------------------------------------------------------------------------------------------------------------
Path 77: MET (0.080 ns) Setup Check with Pin retime_s7_42_reg/CK->D
               View: wc_analysis_view
              Group: reg2reg
         Startpoint: (R) retime_s1_6_reg/CK
              Clock: (R) CLK
           Endpoint: (R) retime_s7_42_reg/D
              Clock: (R) CLK

                       Capture       Launch
         Clock Edge:+    2.000        0.000
        Src Latency:+   -0.154       -0.154
        Net Latency:+    0.154 (P)    0.155 (P)
            Arrival:=    2.001        0.001

              Setup:-    0.026
        Uncertainty:-    0.125
      Required Time:=    1.850
       Launch Clock:=    0.001
          Data Path:+    1.769
              Slack:=    0.080

#--------------------------------------------------------------------------------------------------------------------------------------------
# Timing Point                                              Flags  Arc     Edge  Cell                          Fanout  Trans   Delay  Arrival  
#                                                                                                                       (ns)    (ns)     (ns)  
#--------------------------------------------------------------------------------------------------------------------------------------------
  retime_s1_6_reg/CK                                        -      CK      R     (arrival)                         20  0.043       -    0.001  
  retime_s1_6_reg/QN                                        -      CK->QN  F     DFFRPQNA_X1M_A9PP140ZTUL_C35       2  0.043   0.056    0.057  
  cts_opt_inst_FE_OFC246_n_2948/Y                           -      A->Y    R     INV_X2M_A9PP140ZTUL_C35           58  0.034   0.138    0.195  
  g32665__2346/Y                                            -      B->Y    R     AND2_X0P5B_A9PP140ZTUL_C35         2  0.243   0.034    0.229  
  g39405__2802/Y                                            -      A0->Y   F     AOI22_X0P5M_A9PP140ZTUL_C35        1  0.030   0.086    0.315  
  g39401__1617/Y                                            -      B->Y    F     AND4_X0P5M_A9PP140ZTUL_C35         1  0.154   0.065    0.380  
  g39400__3680/Y                                            -      A->Y    R     NAND3_X1A_A9PP140ZTUL_C35          1  0.022   0.021    0.401  
  place_opt_inst_FE_OFC176_AR_3__AC_7__ACC_add_31_50_n_0/Y  -      A->Y    F     INV_X2M_A9PP140ZTUL_C35           49  0.032   0.119    0.520  
  place_opt_inst_FE_OFC164_AR_3__AC_7__ACC_add_31_50_n_0/Y  -      A->Y    R     INV_X2M_A9PP140ZTUL_C35           34  0.223   0.154    0.673  
  place_opt_inst_FE_OFC128_AR_3__AC_7__ACC_add_31_50_n_0/Y  -      A->Y    F     INV_X2M_A9PP140ZTUL_C35           73  0.184   0.168    0.842  
  g44718/Y                                                  -      A->Y    F     AND2_X0P5B_A9PP140ZTUL_C35        49  0.246   0.388    1.230  
  g44700/Y                                                  -      A->Y    R     INV_X0P7M_A9PP140ZTUL_C35         48  0.637   0.505    1.735  
  g42395/Y                                                  -      B0->Y   R     AO22_X0P5M_A9PP140ZTUL_C35         1  0.608   0.035    1.770  
  retime_s7_42_reg/D                                        -      D       R     DFFRPQA_X1M_A9PP140ZTUL_C35        1  0.041   0.000    1.770  
#--------------------------------------------------------------------------------------------------------------------------------------------
Path 78: MET (0.080 ns) Setup Check with Pin retime_s7_41_reg/CK->D
               View: wc_analysis_view
              Group: reg2reg
         Startpoint: (R) retime_s1_6_reg/CK
              Clock: (R) CLK
           Endpoint: (R) retime_s7_41_reg/D
              Clock: (R) CLK

                       Capture       Launch
         Clock Edge:+    2.000        0.000
        Src Latency:+   -0.154       -0.154
        Net Latency:+    0.154 (P)    0.155 (P)
            Arrival:=    2.001        0.001

              Setup:-    0.026
        Uncertainty:-    0.125
      Required Time:=    1.850
       Launch Clock:=    0.001
          Data Path:+    1.769
              Slack:=    0.080

#--------------------------------------------------------------------------------------------------------------------------------------------
# Timing Point                                              Flags  Arc     Edge  Cell                          Fanout  Trans   Delay  Arrival  
#                                                                                                                       (ns)    (ns)     (ns)  
#--------------------------------------------------------------------------------------------------------------------------------------------
  retime_s1_6_reg/CK                                        -      CK      R     (arrival)                         20  0.043       -    0.001  
  retime_s1_6_reg/QN                                        -      CK->QN  F     DFFRPQNA_X1M_A9PP140ZTUL_C35       2  0.043   0.056    0.057  
  cts_opt_inst_FE_OFC246_n_2948/Y                           -      A->Y    R     INV_X2M_A9PP140ZTUL_C35           58  0.034   0.138    0.195  
  g32665__2346/Y                                            -      B->Y    R     AND2_X0P5B_A9PP140ZTUL_C35         2  0.243   0.034    0.229  
  g39405__2802/Y                                            -      A0->Y   F     AOI22_X0P5M_A9PP140ZTUL_C35        1  0.030   0.086    0.315  
  g39401__1617/Y                                            -      B->Y    F     AND4_X0P5M_A9PP140ZTUL_C35         1  0.154   0.065    0.380  
  g39400__3680/Y                                            -      A->Y    R     NAND3_X1A_A9PP140ZTUL_C35          1  0.022   0.021    0.401  
  place_opt_inst_FE_OFC176_AR_3__AC_7__ACC_add_31_50_n_0/Y  -      A->Y    F     INV_X2M_A9PP140ZTUL_C35           49  0.032   0.119    0.520  
  place_opt_inst_FE_OFC164_AR_3__AC_7__ACC_add_31_50_n_0/Y  -      A->Y    R     INV_X2M_A9PP140ZTUL_C35           34  0.223   0.154    0.673  
  place_opt_inst_FE_OFC128_AR_3__AC_7__ACC_add_31_50_n_0/Y  -      A->Y    F     INV_X2M_A9PP140ZTUL_C35           73  0.184   0.168    0.842  
  g44718/Y                                                  -      A->Y    F     AND2_X0P5B_A9PP140ZTUL_C35        49  0.246   0.388    1.230  
  g44700/Y                                                  -      A->Y    R     INV_X0P7M_A9PP140ZTUL_C35         48  0.637   0.505    1.735  
  g42431/Y                                                  -      B0->Y   R     AO22_X0P5M_A9PP140ZTUL_C35         1  0.608   0.035    1.770  
  retime_s7_41_reg/D                                        -      D       R     DFFRPQA_X1M_A9PP140ZTUL_C35        1  0.041   0.000    1.770  
#--------------------------------------------------------------------------------------------------------------------------------------------
Path 79: MET (0.080 ns) Setup Check with Pin retime_s7_3_reg/CK->D
               View: wc_analysis_view
              Group: reg2reg
         Startpoint: (R) retime_s1_6_reg/CK
              Clock: (R) CLK
           Endpoint: (F) retime_s7_3_reg/D
              Clock: (R) CLK

                       Capture       Launch
         Clock Edge:+    2.000        0.000
        Src Latency:+   -0.154       -0.154
        Net Latency:+    0.150 (P)    0.155 (P)
            Arrival:=    1.996        0.001

              Setup:-    0.066
        Uncertainty:-    0.125
      Required Time:=    1.805
       Launch Clock:=    0.001
          Data Path:+    1.724
              Slack:=    0.080

#--------------------------------------------------------------------------------------------------------------------------------------------
# Timing Point                                              Flags  Arc     Edge  Cell                          Fanout  Trans   Delay  Arrival  
#                                                                                                                       (ns)    (ns)     (ns)  
#--------------------------------------------------------------------------------------------------------------------------------------------
  retime_s1_6_reg/CK                                        -      CK      R     (arrival)                         20  0.043       -    0.001  
  retime_s1_6_reg/QN                                        -      CK->QN  R     DFFRPQNA_X1M_A9PP140ZTUL_C35       2  0.043   0.050    0.051  
  cts_opt_inst_FE_OFC246_n_2948/Y                           -      A->Y    F     INV_X2M_A9PP140ZTUL_C35           58  0.038   0.117    0.168  
  g32675/Y                                                  -      B->Y    F     AND2_X0P5B_A9PP140ZTUL_C35         2  0.208   0.078    0.247  
  g39405__2802/Y                                            -      B0->Y   R     AOI22_X0P5M_A9PP140ZTUL_C35        1  0.032   0.107    0.354  
  g39401__1617/Y                                            -      B->Y    R     AND4_X0P5M_A9PP140ZTUL_C35         1  0.188   0.038    0.392  
  g39400__3680/Y                                            -      A->Y    F     NAND3_X1A_A9PP140ZTUL_C35          1  0.025   0.023    0.415  
  place_opt_inst_FE_OFC176_AR_3__AC_7__ACC_add_31_50_n_0/Y  -      A->Y    R     INV_X2M_A9PP140ZTUL_C35           49  0.040   0.144    0.560  
  place_opt_inst_FE_OFC164_AR_3__AC_7__ACC_add_31_50_n_0/Y  -      A->Y    F     INV_X2M_A9PP140ZTUL_C35           34  0.259   0.124    0.684  
  place_opt_inst_FE_OFC128_AR_3__AC_7__ACC_add_31_50_n_0/Y  -      A->Y    R     INV_X2M_A9PP140ZTUL_C35           73  0.172   0.204    0.887  
  g44743/Y                                                  -      A->Y    R     AND2_X1M_A9PP140ZTUL_C35          65  0.283   0.216    1.103  
  cts_opt_inst_FE_OFC244_n_243/Y                            -      A->Y    F     INV_X1M_A9PP140ZTUL_C35           64  0.470   0.334    1.438  
  g42494/Y                                                  -      B0->Y   F     AO22_X0P5M_A9PP140ZTUL_C35         1  0.448   0.136    1.574  
  cts_opt_inst_FE_PHC1551_n_1686/Y                          -      A->Y    F     DLY4_X0P5M_A9PP140ZTUL_C35         1  0.082   0.151    1.725  
  retime_s7_3_reg/D                                         -      D       F     DFFRPQA_X1M_A9PP140ZTUL_C35        1  0.064   0.000    1.725  
#--------------------------------------------------------------------------------------------------------------------------------------------
Path 80: MET (0.080 ns) Setup Check with Pin retime_s6_86_reg/CK->D
               View: wc_analysis_view
              Group: reg2reg
         Startpoint: (R) retime_s1_6_reg/CK
              Clock: (R) CLK
           Endpoint: (F) retime_s6_86_reg/D
              Clock: (R) CLK

                       Capture       Launch
         Clock Edge:+    2.000        0.000
        Src Latency:+   -0.154       -0.154
        Net Latency:+    0.150 (P)    0.155 (P)
            Arrival:=    1.996        0.001

              Setup:-    0.053
        Uncertainty:-    0.125
      Required Time:=    1.819
       Launch Clock:=    0.001
          Data Path:+    1.738
              Slack:=    0.080

#--------------------------------------------------------------------------------------------------------------------------------------------
# Timing Point                                              Flags  Arc     Edge  Cell                          Fanout  Trans   Delay  Arrival  
#                                                                                                                       (ns)    (ns)     (ns)  
#--------------------------------------------------------------------------------------------------------------------------------------------
  retime_s1_6_reg/CK                                        -      CK      R     (arrival)                         20  0.043       -    0.001  
  retime_s1_6_reg/QN                                        -      CK->QN  R     DFFRPQNA_X1M_A9PP140ZTUL_C35       2  0.043   0.050    0.051  
  cts_opt_inst_FE_OFC246_n_2948/Y                           -      A->Y    F     INV_X2M_A9PP140ZTUL_C35           58  0.038   0.117    0.168  
  g32675/Y                                                  -      B->Y    F     AND2_X0P5B_A9PP140ZTUL_C35         2  0.208   0.078    0.247  
  g39405__2802/Y                                            -      B0->Y   R     AOI22_X0P5M_A9PP140ZTUL_C35        1  0.032   0.107    0.354  
  g39401__1617/Y                                            -      B->Y    R     AND4_X0P5M_A9PP140ZTUL_C35         1  0.188   0.038    0.392  
  g39400__3680/Y                                            -      A->Y    F     NAND3_X1A_A9PP140ZTUL_C35          1  0.025   0.023    0.415  
  place_opt_inst_FE_OFC176_AR_3__AC_7__ACC_add_31_50_n_0/Y  -      A->Y    R     INV_X2M_A9PP140ZTUL_C35           49  0.040   0.136    0.552  
  place_opt_inst_FE_OFC159_AR_3__AC_7__ACC_add_31_50_n_0/Y  -      A->Y    F     INV_X3M_A9PP140ZTUL_C35            6  0.258   0.057    0.609  
  place_opt_inst_FE_OFC174_AR_3__AC_7__ACC_add_31_50_n_0/Y  -      A->Y    R     INV_X3M_A9PP140ZTUL_C35           63  0.100   0.116    0.725  
  g44740/Y                                                  -      A->Y    R     AND2_X0P5B_A9PP140ZTUL_C35        65  0.159   0.474    1.198  
  g44721/Y                                                  -      A->Y    F     INV_X1M_A9PP140ZTUL_C35           64  0.858   0.397    1.595  
  g42541/Y                                                  -      B0->Y   F     AO22_X0P5M_A9PP140ZTUL_C35         1  0.543   0.113    1.708  
  cts_opt_inst_FE_PHC2673_n_1639/Y                          -      A->Y    F     BUFH_X1M_A9PP140ZTUL_C35           1  0.052   0.030    1.739  
  retime_s6_86_reg/D                                        -      D       F     DFFRPQA_X1M_A9PP140ZTUL_C35        1  0.015   0.000    1.739  
#--------------------------------------------------------------------------------------------------------------------------------------------
Path 81: MET (0.080 ns) Setup Check with Pin retime_s7_43_reg/CK->D
               View: wc_analysis_view
              Group: reg2reg
         Startpoint: (R) retime_s1_6_reg/CK
              Clock: (R) CLK
           Endpoint: (R) retime_s7_43_reg/D
              Clock: (R) CLK

                       Capture       Launch
         Clock Edge:+    2.000        0.000
        Src Latency:+   -0.154       -0.154
        Net Latency:+    0.154 (P)    0.155 (P)
            Arrival:=    2.000        0.001

              Setup:-    0.026
        Uncertainty:-    0.125
      Required Time:=    1.849
       Launch Clock:=    0.001
          Data Path:+    1.768
              Slack:=    0.080

#--------------------------------------------------------------------------------------------------------------------------------------------
# Timing Point                                              Flags  Arc     Edge  Cell                          Fanout  Trans   Delay  Arrival  
#                                                                                                                       (ns)    (ns)     (ns)  
#--------------------------------------------------------------------------------------------------------------------------------------------
  retime_s1_6_reg/CK                                        -      CK      R     (arrival)                         20  0.043       -    0.001  
  retime_s1_6_reg/QN                                        -      CK->QN  F     DFFRPQNA_X1M_A9PP140ZTUL_C35       2  0.043   0.056    0.057  
  cts_opt_inst_FE_OFC246_n_2948/Y                           -      A->Y    R     INV_X2M_A9PP140ZTUL_C35           58  0.034   0.138    0.195  
  g32665__2346/Y                                            -      B->Y    R     AND2_X0P5B_A9PP140ZTUL_C35         2  0.243   0.034    0.229  
  g39405__2802/Y                                            -      A0->Y   F     AOI22_X0P5M_A9PP140ZTUL_C35        1  0.030   0.086    0.315  
  g39401__1617/Y                                            -      B->Y    F     AND4_X0P5M_A9PP140ZTUL_C35         1  0.154   0.065    0.380  
  g39400__3680/Y                                            -      A->Y    R     NAND3_X1A_A9PP140ZTUL_C35          1  0.022   0.021    0.401  
  place_opt_inst_FE_OFC176_AR_3__AC_7__ACC_add_31_50_n_0/Y  -      A->Y    F     INV_X2M_A9PP140ZTUL_C35           49  0.032   0.119    0.520  
  place_opt_inst_FE_OFC164_AR_3__AC_7__ACC_add_31_50_n_0/Y  -      A->Y    R     INV_X2M_A9PP140ZTUL_C35           34  0.223   0.154    0.673  
  place_opt_inst_FE_OFC128_AR_3__AC_7__ACC_add_31_50_n_0/Y  -      A->Y    F     INV_X2M_A9PP140ZTUL_C35           73  0.184   0.168    0.842  
  g44718/Y                                                  -      A->Y    F     AND2_X0P5B_A9PP140ZTUL_C35        49  0.246   0.388    1.230  
  g44700/Y                                                  -      A->Y    R     INV_X0P7M_A9PP140ZTUL_C35         48  0.637   0.504    1.734  
  g42336/Y                                                  -      B0->Y   R     AO22_X0P5M_A9PP140ZTUL_C35         1  0.608   0.035    1.769  
  retime_s7_43_reg/D                                        -      D       R     DFFRPQA_X1M_A9PP140ZTUL_C35        1  0.041   0.000    1.769  
#--------------------------------------------------------------------------------------------------------------------------------------------
Path 82: MET (0.080 ns) Setup Check with Pin retime_s4_96_reg/CK->D
               View: wc_analysis_view
              Group: reg2reg
         Startpoint: (R) retime_s1_6_reg/CK
              Clock: (R) CLK
           Endpoint: (F) retime_s4_96_reg/D
              Clock: (R) CLK

                       Capture       Launch
         Clock Edge:+    2.000        0.000
        Src Latency:+   -0.154       -0.154
        Net Latency:+    0.157 (P)    0.155 (P)
            Arrival:=    2.003        0.001

              Setup:-    0.052
        Uncertainty:-    0.125
      Required Time:=    1.826
       Launch Clock:=    0.001
          Data Path:+    1.745
              Slack:=    0.080

#--------------------------------------------------------------------------------------------------------------------------------------------
# Timing Point                                              Flags  Arc     Edge  Cell                          Fanout  Trans   Delay  Arrival  
#                                                                                                                       (ns)    (ns)     (ns)  
#--------------------------------------------------------------------------------------------------------------------------------------------
  retime_s1_6_reg/CK                                        -      CK      R     (arrival)                         20  0.043       -    0.001  
  retime_s1_6_reg/QN                                        -      CK->QN  R     DFFRPQNA_X1M_A9PP140ZTUL_C35       2  0.043   0.050    0.051  
  cts_opt_inst_FE_OFC246_n_2948/Y                           -      A->Y    F     INV_X2M_A9PP140ZTUL_C35           58  0.038   0.117    0.168  
  g32675/Y                                                  -      B->Y    F     AND2_X0P5B_A9PP140ZTUL_C35         2  0.208   0.078    0.247  
  g39405__2802/Y                                            -      B0->Y   R     AOI22_X0P5M_A9PP140ZTUL_C35        1  0.032   0.107    0.354  
  g39401__1617/Y                                            -      B->Y    R     AND4_X0P5M_A9PP140ZTUL_C35         1  0.188   0.038    0.392  
  g39400__3680/Y                                            -      A->Y    F     NAND3_X1A_A9PP140ZTUL_C35          1  0.025   0.023    0.415  
  place_opt_inst_FE_OFC176_AR_3__AC_7__ACC_add_31_50_n_0/Y  -      A->Y    R     INV_X2M_A9PP140ZTUL_C35           49  0.040   0.136    0.552  
  place_opt_inst_FE_OFC159_AR_3__AC_7__ACC_add_31_50_n_0/Y  -      A->Y    F     INV_X3M_A9PP140ZTUL_C35            6  0.258   0.057    0.609  
  place_opt_inst_FE_OFC174_AR_3__AC_7__ACC_add_31_50_n_0/Y  -      A->Y    R     INV_X3M_A9PP140ZTUL_C35           63  0.100   0.116    0.725  
  g44742/Y                                                  -      A->Y    R     AND2_X0P5B_A9PP140ZTUL_C35        65  0.159   0.478    1.203  
  g44723/Y                                                  -      A->Y    F     INV_X1M_A9PP140ZTUL_C35           64  0.872   0.387    1.590  
  g42415/Y                                                  -      B0->Y   F     AO22_X0P5M_A9PP140ZTUL_C35         1  0.542   0.106    1.696  
  cts_opt_inst_FE_PHC1824_n_1765/Y                          -      A->Y    F     DLY2_X0P5M_A9PP140ZTUL_C35         1  0.045   0.050    1.746  
  retime_s4_96_reg/D                                        -      D       F     DFFRPQA_X1M_A9PP140ZTUL_C35        1  0.017   0.000    1.746  
#--------------------------------------------------------------------------------------------------------------------------------------------
Path 83: MET (0.080 ns) Setup Check with Pin retime_s7_73_reg/CK->D
               View: wc_analysis_view
              Group: reg2reg
         Startpoint: (R) retime_s1_6_reg/CK
              Clock: (R) CLK
           Endpoint: (R) retime_s7_73_reg/D
              Clock: (R) CLK

                       Capture       Launch
         Clock Edge:+    2.000        0.000
        Src Latency:+   -0.154       -0.154
        Net Latency:+    0.153 (P)    0.155 (P)
            Arrival:=    1.999        0.001

              Setup:-    0.026
        Uncertainty:-    0.125
      Required Time:=    1.848
       Launch Clock:=    0.001
          Data Path:+    1.766
              Slack:=    0.080

#--------------------------------------------------------------------------------------------------------------------------------------------
# Timing Point                                              Flags  Arc     Edge  Cell                          Fanout  Trans   Delay  Arrival  
#                                                                                                                       (ns)    (ns)     (ns)  
#--------------------------------------------------------------------------------------------------------------------------------------------
  retime_s1_6_reg/CK                                        -      CK      R     (arrival)                         20  0.043       -    0.001  
  retime_s1_6_reg/QN                                        -      CK->QN  F     DFFRPQNA_X1M_A9PP140ZTUL_C35       2  0.043   0.056    0.057  
  cts_opt_inst_FE_OFC246_n_2948/Y                           -      A->Y    R     INV_X2M_A9PP140ZTUL_C35           58  0.034   0.138    0.195  
  g32665__2346/Y                                            -      B->Y    R     AND2_X0P5B_A9PP140ZTUL_C35         2  0.243   0.034    0.229  
  g39405__2802/Y                                            -      A0->Y   F     AOI22_X0P5M_A9PP140ZTUL_C35        1  0.030   0.086    0.315  
  g39401__1617/Y                                            -      B->Y    F     AND4_X0P5M_A9PP140ZTUL_C35         1  0.154   0.065    0.380  
  g39400__3680/Y                                            -      A->Y    R     NAND3_X1A_A9PP140ZTUL_C35          1  0.022   0.021    0.401  
  place_opt_inst_FE_OFC176_AR_3__AC_7__ACC_add_31_50_n_0/Y  -      A->Y    F     INV_X2M_A9PP140ZTUL_C35           49  0.032   0.119    0.520  
  place_opt_inst_FE_OFC164_AR_3__AC_7__ACC_add_31_50_n_0/Y  -      A->Y    R     INV_X2M_A9PP140ZTUL_C35           34  0.223   0.154    0.673  
  place_opt_inst_FE_OFC128_AR_3__AC_7__ACC_add_31_50_n_0/Y  -      A->Y    F     INV_X2M_A9PP140ZTUL_C35           73  0.184   0.168    0.842  
  g44718/Y                                                  -      A->Y    F     AND2_X0P5B_A9PP140ZTUL_C35        49  0.246   0.388    1.230  
  g44700/Y                                                  -      A->Y    R     INV_X0P7M_A9PP140ZTUL_C35         48  0.637   0.502    1.732  
  g42594/Y                                                  -      B0->Y   R     AO22_X0P5M_A9PP140ZTUL_C35         1  0.608   0.036    1.768  
  retime_s7_73_reg/D                                        -      D       R     DFFRPQA_X1M_A9PP140ZTUL_C35        1  0.042   0.000    1.768  
#--------------------------------------------------------------------------------------------------------------------------------------------
Path 84: MET (0.081 ns) Setup Check with Pin retime_s7_46_reg/CK->D
               View: wc_analysis_view
              Group: reg2reg
         Startpoint: (R) retime_s1_6_reg/CK
              Clock: (R) CLK
           Endpoint: (R) retime_s7_46_reg/D
              Clock: (R) CLK

                       Capture       Launch
         Clock Edge:+    2.000        0.000
        Src Latency:+   -0.154       -0.154
        Net Latency:+    0.155 (P)    0.155 (P)
            Arrival:=    2.001        0.001

              Setup:-    0.026
        Uncertainty:-    0.125
      Required Time:=    1.850
       Launch Clock:=    0.001
          Data Path:+    1.768
              Slack:=    0.081

#--------------------------------------------------------------------------------------------------------------------------------------------
# Timing Point                                              Flags  Arc     Edge  Cell                          Fanout  Trans   Delay  Arrival  
#                                                                                                                       (ns)    (ns)     (ns)  
#--------------------------------------------------------------------------------------------------------------------------------------------
  retime_s1_6_reg/CK                                        -      CK      R     (arrival)                         20  0.043       -    0.001  
  retime_s1_6_reg/QN                                        -      CK->QN  F     DFFRPQNA_X1M_A9PP140ZTUL_C35       2  0.043   0.056    0.057  
  cts_opt_inst_FE_OFC246_n_2948/Y                           -      A->Y    R     INV_X2M_A9PP140ZTUL_C35           58  0.034   0.138    0.195  
  g32665__2346/Y                                            -      B->Y    R     AND2_X0P5B_A9PP140ZTUL_C35         2  0.243   0.034    0.229  
  g39405__2802/Y                                            -      A0->Y   F     AOI22_X0P5M_A9PP140ZTUL_C35        1  0.030   0.086    0.315  
  g39401__1617/Y                                            -      B->Y    F     AND4_X0P5M_A9PP140ZTUL_C35         1  0.154   0.065    0.380  
  g39400__3680/Y                                            -      A->Y    R     NAND3_X1A_A9PP140ZTUL_C35          1  0.022   0.021    0.401  
  place_opt_inst_FE_OFC176_AR_3__AC_7__ACC_add_31_50_n_0/Y  -      A->Y    F     INV_X2M_A9PP140ZTUL_C35           49  0.032   0.119    0.520  
  place_opt_inst_FE_OFC164_AR_3__AC_7__ACC_add_31_50_n_0/Y  -      A->Y    R     INV_X2M_A9PP140ZTUL_C35           34  0.223   0.154    0.673  
  place_opt_inst_FE_OFC128_AR_3__AC_7__ACC_add_31_50_n_0/Y  -      A->Y    F     INV_X2M_A9PP140ZTUL_C35           73  0.184   0.168    0.842  
  g44718/Y                                                  -      A->Y    F     AND2_X0P5B_A9PP140ZTUL_C35        49  0.246   0.388    1.230  
  g44700/Y                                                  -      A->Y    R     INV_X0P7M_A9PP140ZTUL_C35         48  0.637   0.505    1.735  
  g42200/Y                                                  -      B0->Y   R     AO22_X0P5M_A9PP140ZTUL_C35         1  0.608   0.035    1.769  
  retime_s7_46_reg/D                                        -      D       R     DFFRPQA_X1M_A9PP140ZTUL_C35        1  0.041   0.000    1.769  
#--------------------------------------------------------------------------------------------------------------------------------------------
Path 85: MET (0.081 ns) Setup Check with Pin retime_s5_94_reg/CK->D
               View: wc_analysis_view
              Group: reg2reg
         Startpoint: (R) retime_s1_6_reg/CK
              Clock: (R) CLK
           Endpoint: (F) retime_s5_94_reg/D
              Clock: (R) CLK

                       Capture       Launch
         Clock Edge:+    2.000        0.000
        Src Latency:+   -0.154       -0.154
        Net Latency:+    0.150 (P)    0.155 (P)
            Arrival:=    1.996        0.001

              Setup:-    0.052
        Uncertainty:-    0.125
      Required Time:=    1.820
       Launch Clock:=    0.001
          Data Path:+    1.738
              Slack:=    0.081

#--------------------------------------------------------------------------------------------------------------------------------------------
# Timing Point                                              Flags  Arc     Edge  Cell                          Fanout  Trans   Delay  Arrival  
#                                                                                                                       (ns)    (ns)     (ns)  
#--------------------------------------------------------------------------------------------------------------------------------------------
  retime_s1_6_reg/CK                                        -      CK      R     (arrival)                         20  0.043       -    0.001  
  retime_s1_6_reg/QN                                        -      CK->QN  R     DFFRPQNA_X1M_A9PP140ZTUL_C35       2  0.043   0.050    0.051  
  cts_opt_inst_FE_OFC246_n_2948/Y                           -      A->Y    F     INV_X2M_A9PP140ZTUL_C35           58  0.038   0.117    0.168  
  g32675/Y                                                  -      B->Y    F     AND2_X0P5B_A9PP140ZTUL_C35         2  0.208   0.078    0.247  
  g39405__2802/Y                                            -      B0->Y   R     AOI22_X0P5M_A9PP140ZTUL_C35        1  0.032   0.107    0.354  
  g39401__1617/Y                                            -      B->Y    R     AND4_X0P5M_A9PP140ZTUL_C35         1  0.188   0.038    0.392  
  g39400__3680/Y                                            -      A->Y    F     NAND3_X1A_A9PP140ZTUL_C35          1  0.025   0.023    0.415  
  place_opt_inst_FE_OFC176_AR_3__AC_7__ACC_add_31_50_n_0/Y  -      A->Y    R     INV_X2M_A9PP140ZTUL_C35           49  0.040   0.136    0.552  
  place_opt_inst_FE_OFC159_AR_3__AC_7__ACC_add_31_50_n_0/Y  -      A->Y    F     INV_X3M_A9PP140ZTUL_C35            6  0.258   0.057    0.609  
  place_opt_inst_FE_OFC174_AR_3__AC_7__ACC_add_31_50_n_0/Y  -      A->Y    R     INV_X3M_A9PP140ZTUL_C35           63  0.100   0.116    0.725  
  g44740/Y                                                  -      A->Y    R     AND2_X0P5B_A9PP140ZTUL_C35        65  0.159   0.474    1.198  
  g44721/Y                                                  -      A->Y    F     INV_X1M_A9PP140ZTUL_C35           64  0.858   0.405    1.603  
  g42557/Y                                                  -      B0->Y   F     AO22_X0P5M_A9PP140ZTUL_C35         1  0.543   0.109    1.712  
  cts_opt_inst_FE_PHC1868_n_1623/Y                          -      A->Y    F     BUF_X1B_A9PP140ZTUL_C35            1  0.048   0.027    1.739  
  retime_s5_94_reg/D                                        -      D       F     DFFRPQA_X1M_A9PP140ZTUL_C35        1  0.012   0.000    1.739  
#--------------------------------------------------------------------------------------------------------------------------------------------
Path 86: MET (0.081 ns) Setup Check with Pin retime_s3_110_reg/CK->D
               View: wc_analysis_view
              Group: reg2reg
         Startpoint: (R) retime_s1_6_reg/CK
              Clock: (R) CLK
           Endpoint: (F) retime_s3_110_reg/D
              Clock: (R) CLK

                       Capture       Launch
         Clock Edge:+    2.000        0.000
        Src Latency:+   -0.154       -0.154
        Net Latency:+    0.153 (P)    0.155 (P)
            Arrival:=    1.999        0.001

              Setup:-    0.068
        Uncertainty:-    0.125
      Required Time:=    1.806
       Launch Clock:=    0.001
          Data Path:+    1.724
              Slack:=    0.081

#--------------------------------------------------------------------------------------------------------------------------------------------
# Timing Point                                              Flags  Arc     Edge  Cell                          Fanout  Trans   Delay  Arrival  
#                                                                                                                       (ns)    (ns)     (ns)  
#--------------------------------------------------------------------------------------------------------------------------------------------
  retime_s1_6_reg/CK                                        -      CK      R     (arrival)                         20  0.043       -    0.001  
  retime_s1_6_reg/QN                                        -      CK->QN  F     DFFRPQNA_X1M_A9PP140ZTUL_C35       2  0.043   0.056    0.057  
  cts_opt_inst_FE_OFC246_n_2948/Y                           -      A->Y    R     INV_X2M_A9PP140ZTUL_C35           58  0.034   0.138    0.195  
  g32665__2346/Y                                            -      B->Y    R     AND2_X0P5B_A9PP140ZTUL_C35         2  0.243   0.034    0.229  
  g39405__2802/Y                                            -      A0->Y   F     AOI22_X0P5M_A9PP140ZTUL_C35        1  0.030   0.086    0.315  
  g39401__1617/Y                                            -      B->Y    F     AND4_X0P5M_A9PP140ZTUL_C35         1  0.154   0.065    0.380  
  g39400__3680/Y                                            -      A->Y    R     NAND3_X1A_A9PP140ZTUL_C35          1  0.022   0.021    0.401  
  place_opt_inst_FE_OFC176_AR_3__AC_7__ACC_add_31_50_n_0/Y  -      A->Y    F     INV_X2M_A9PP140ZTUL_C35           49  0.032   0.111    0.512  
  place_opt_inst_FE_OFC159_AR_3__AC_7__ACC_add_31_50_n_0/Y  -      A->Y    R     INV_X3M_A9PP140ZTUL_C35            6  0.222   0.084    0.595  
  place_opt_inst_FE_OFC174_AR_3__AC_7__ACC_add_31_50_n_0/Y  -      A->Y    F     INV_X3M_A9PP140ZTUL_C35           63  0.100   0.095    0.691  
  g39398__6783/Y                                            -      A->Y    F     AND2_X1M_A9PP140ZTUL_C35          75  0.141   0.300    0.991  
  place_opt_inst_FE_OFC121_AR_0__AC_3__ACC_n_156/Y          -      A->Y    R     INV_X1M_A9PP140ZTUL_C35           51  0.453   0.322    1.313  
  place_opt_inst_FE_OFC122_AR_0__AC_3__ACC_n_156/Y          -      A->Y    F     INV_X1M_A9PP140ZTUL_C35           26  0.400   0.156    1.469  
  g43907/Y                                                  -      B0->Y   F     AO22_X0P5M_A9PP140ZTUL_C35         1  0.219   0.102    1.571  
  cts_opt_inst_FE_PHC1642_n_1045/Y                          -      A->Y    F     DLY4_X0P5M_A9PP140ZTUL_C35         1  0.078   0.154    1.725  
  retime_s3_110_reg/D                                       -      D       F     DFFRPQA_X1M_A9PP140ZTUL_C35        1  0.072   0.000    1.725  
#--------------------------------------------------------------------------------------------------------------------------------------------
Path 87: MET (0.081 ns) Setup Check with Pin retime_s3_233_reg/CK->D
               View: wc_analysis_view
              Group: reg2reg
         Startpoint: (R) retime_s1_6_reg/CK
              Clock: (R) CLK
           Endpoint: (F) retime_s3_233_reg/D
              Clock: (R) CLK

                       Capture       Launch
         Clock Edge:+    2.000        0.000
        Src Latency:+   -0.154       -0.154
        Net Latency:+    0.151 (P)    0.155 (P)
            Arrival:=    1.997        0.001

              Setup:-    0.054
        Uncertainty:-    0.125
      Required Time:=    1.818
       Launch Clock:=    0.001
          Data Path:+    1.736
              Slack:=    0.081

#--------------------------------------------------------------------------------------------------------------------------------------------
# Timing Point                                              Flags  Arc     Edge  Cell                          Fanout  Trans   Delay  Arrival  
#                                                                                                                       (ns)    (ns)     (ns)  
#--------------------------------------------------------------------------------------------------------------------------------------------
  retime_s1_6_reg/CK                                        -      CK      R     (arrival)                         20  0.043       -    0.001  
  retime_s1_6_reg/QN                                        -      CK->QN  R     DFFRPQNA_X1M_A9PP140ZTUL_C35       2  0.043   0.050    0.051  
  cts_opt_inst_FE_OFC246_n_2948/Y                           -      A->Y    F     INV_X2M_A9PP140ZTUL_C35           58  0.038   0.117    0.168  
  g32675/Y                                                  -      B->Y    F     AND2_X0P5B_A9PP140ZTUL_C35         2  0.208   0.078    0.247  
  g39405__2802/Y                                            -      B0->Y   R     AOI22_X0P5M_A9PP140ZTUL_C35        1  0.032   0.107    0.354  
  g39401__1617/Y                                            -      B->Y    R     AND4_X0P5M_A9PP140ZTUL_C35         1  0.188   0.038    0.392  
  g39400__3680/Y                                            -      A->Y    F     NAND3_X1A_A9PP140ZTUL_C35          1  0.025   0.023    0.415  
  place_opt_inst_FE_OFC176_AR_3__AC_7__ACC_add_31_50_n_0/Y  -      A->Y    R     INV_X2M_A9PP140ZTUL_C35           49  0.040   0.136    0.552  
  place_opt_inst_FE_OFC159_AR_3__AC_7__ACC_add_31_50_n_0/Y  -      A->Y    F     INV_X3M_A9PP140ZTUL_C35            6  0.258   0.057    0.609  
  place_opt_inst_FE_OFC174_AR_3__AC_7__ACC_add_31_50_n_0/Y  -      A->Y    R     INV_X3M_A9PP140ZTUL_C35           63  0.100   0.116    0.725  
  g44742/Y                                                  -      A->Y    R     AND2_X0P5B_A9PP140ZTUL_C35        65  0.159   0.478    1.203  
  g44723/Y                                                  -      A->Y    F     INV_X1M_A9PP140ZTUL_C35           64  0.872   0.387    1.590  
  g42411/Y                                                  -      B0->Y   F     AO22_X0P5M_A9PP140ZTUL_C35         1  0.542   0.113    1.703  
  cts_opt_inst_FE_PHC1752_n_1769/Y                          -      A->Y    F     BUF_X1B_A9PP140ZTUL_C35            1  0.053   0.034    1.737  
  retime_s3_233_reg/D                                       -      D       F     DFFRPQA_X1M_A9PP140ZTUL_C35        1  0.020   0.000    1.737  
#--------------------------------------------------------------------------------------------------------------------------------------------
Path 88: MET (0.081 ns) Setup Check with Pin retime_s7_40_reg/CK->D
               View: wc_analysis_view
              Group: reg2reg
         Startpoint: (R) retime_s1_6_reg/CK
              Clock: (R) CLK
           Endpoint: (R) retime_s7_40_reg/D
              Clock: (R) CLK

                       Capture       Launch
         Clock Edge:+    2.000        0.000
        Src Latency:+   -0.154       -0.154
        Net Latency:+    0.155 (P)    0.155 (P)
            Arrival:=    2.001        0.001

              Setup:-    0.026
        Uncertainty:-    0.125
      Required Time:=    1.850
       Launch Clock:=    0.001
          Data Path:+    1.767
              Slack:=    0.081

#--------------------------------------------------------------------------------------------------------------------------------------------
# Timing Point                                              Flags  Arc     Edge  Cell                          Fanout  Trans   Delay  Arrival  
#                                                                                                                       (ns)    (ns)     (ns)  
#--------------------------------------------------------------------------------------------------------------------------------------------
  retime_s1_6_reg/CK                                        -      CK      R     (arrival)                         20  0.043       -    0.001  
  retime_s1_6_reg/QN                                        -      CK->QN  F     DFFRPQNA_X1M_A9PP140ZTUL_C35       2  0.043   0.056    0.057  
  cts_opt_inst_FE_OFC246_n_2948/Y                           -      A->Y    R     INV_X2M_A9PP140ZTUL_C35           58  0.034   0.138    0.195  
  g32665__2346/Y                                            -      B->Y    R     AND2_X0P5B_A9PP140ZTUL_C35         2  0.243   0.034    0.229  
  g39405__2802/Y                                            -      A0->Y   F     AOI22_X0P5M_A9PP140ZTUL_C35        1  0.030   0.086    0.315  
  g39401__1617/Y                                            -      B->Y    F     AND4_X0P5M_A9PP140ZTUL_C35         1  0.154   0.065    0.380  
  g39400__3680/Y                                            -      A->Y    R     NAND3_X1A_A9PP140ZTUL_C35          1  0.022   0.021    0.401  
  place_opt_inst_FE_OFC176_AR_3__AC_7__ACC_add_31_50_n_0/Y  -      A->Y    F     INV_X2M_A9PP140ZTUL_C35           49  0.032   0.119    0.520  
  place_opt_inst_FE_OFC164_AR_3__AC_7__ACC_add_31_50_n_0/Y  -      A->Y    R     INV_X2M_A9PP140ZTUL_C35           34  0.223   0.154    0.673  
  place_opt_inst_FE_OFC128_AR_3__AC_7__ACC_add_31_50_n_0/Y  -      A->Y    F     INV_X2M_A9PP140ZTUL_C35           73  0.184   0.168    0.842  
  g44718/Y                                                  -      A->Y    F     AND2_X0P5B_A9PP140ZTUL_C35        49  0.246   0.388    1.230  
  g44700/Y                                                  -      A->Y    R     INV_X0P7M_A9PP140ZTUL_C35         48  0.637   0.504    1.734  
  g42289/Y                                                  -      B0->Y   R     AO22_X0P5M_A9PP140ZTUL_C35         1  0.608   0.034    1.768  
  retime_s7_40_reg/D                                        -      D       R     DFFRPQA_X1M_A9PP140ZTUL_C35        1  0.040   0.000    1.768  
#--------------------------------------------------------------------------------------------------------------------------------------------
Path 89: MET (0.082 ns) Setup Check with Pin retime_s5_61_reg/CK->D
               View: wc_analysis_view
              Group: reg2reg
         Startpoint: (R) retime_s1_6_reg/CK
              Clock: (R) CLK
           Endpoint: (F) retime_s5_61_reg/D
              Clock: (R) CLK

                       Capture       Launch
         Clock Edge:+    2.000        0.000
        Src Latency:+   -0.154       -0.154
        Net Latency:+    0.153 (P)    0.155 (P)
            Arrival:=    2.000        0.001

              Setup:-    0.051
        Uncertainty:-    0.125
      Required Time:=    1.824
       Launch Clock:=    0.001
          Data Path:+    1.741
              Slack:=    0.082

#--------------------------------------------------------------------------------------------------------------------------------------------
# Timing Point                                              Flags  Arc     Edge  Cell                          Fanout  Trans   Delay  Arrival  
#                                                                                                                       (ns)    (ns)     (ns)  
#--------------------------------------------------------------------------------------------------------------------------------------------
  retime_s1_6_reg/CK                                        -      CK      R     (arrival)                         20  0.043       -    0.001  
  retime_s1_6_reg/QN                                        -      CK->QN  R     DFFRPQNA_X1M_A9PP140ZTUL_C35       2  0.043   0.050    0.051  
  cts_opt_inst_FE_OFC246_n_2948/Y                           -      A->Y    F     INV_X2M_A9PP140ZTUL_C35           58  0.038   0.117    0.168  
  g32675/Y                                                  -      B->Y    F     AND2_X0P5B_A9PP140ZTUL_C35         2  0.208   0.078    0.247  
  g39405__2802/Y                                            -      B0->Y   R     AOI22_X0P5M_A9PP140ZTUL_C35        1  0.032   0.107    0.354  
  g39401__1617/Y                                            -      B->Y    R     AND4_X0P5M_A9PP140ZTUL_C35         1  0.188   0.038    0.392  
  g39400__3680/Y                                            -      A->Y    F     NAND3_X1A_A9PP140ZTUL_C35          1  0.025   0.023    0.415  
  place_opt_inst_FE_OFC176_AR_3__AC_7__ACC_add_31_50_n_0/Y  -      A->Y    R     INV_X2M_A9PP140ZTUL_C35           49  0.040   0.136    0.552  
  place_opt_inst_FE_OFC159_AR_3__AC_7__ACC_add_31_50_n_0/Y  -      A->Y    F     INV_X3M_A9PP140ZTUL_C35            6  0.258   0.057    0.609  
  place_opt_inst_FE_OFC174_AR_3__AC_7__ACC_add_31_50_n_0/Y  -      A->Y    R     INV_X3M_A9PP140ZTUL_C35           63  0.100   0.117    0.725  
  g44741/Y                                                  -      A->Y    R     AND2_X0P5B_A9PP140ZTUL_C35        65  0.159   0.408    1.133  
  g44722/Y                                                  -      A->Y    F     INV_X1M_A9PP140ZTUL_C35           64  0.790   0.391    1.524  
  g42568/Y                                                  -      B0->Y   F     AO22_X0P5M_A9PP140ZTUL_C35         1  0.520   0.107    1.631  
  cts_opt_inst_FE_PHC1659_n_1612/Y                          -      A->Y    F     DLY4_X0P5M_A9PP140ZTUL_C35         1  0.047   0.111    1.742  
  retime_s5_61_reg/D                                        -      D       F     DFFRPQA_X1M_A9PP140ZTUL_C35        1  0.022   0.000    1.742  
#--------------------------------------------------------------------------------------------------------------------------------------------
Path 90: MET (0.082 ns) Setup Check with Pin retime_s7_39_reg/CK->D
               View: wc_analysis_view
              Group: reg2reg
         Startpoint: (R) retime_s1_6_reg/CK
              Clock: (R) CLK
           Endpoint: (R) retime_s7_39_reg/D
              Clock: (R) CLK

                       Capture       Launch
         Clock Edge:+    2.000        0.000
        Src Latency:+   -0.154       -0.154
        Net Latency:+    0.154 (P)    0.155 (P)
            Arrival:=    2.001        0.001

              Setup:-    0.026
        Uncertainty:-    0.125
      Required Time:=    1.850
       Launch Clock:=    0.001
          Data Path:+    1.767
              Slack:=    0.082

#--------------------------------------------------------------------------------------------------------------------------------------------
# Timing Point                                              Flags  Arc     Edge  Cell                          Fanout  Trans   Delay  Arrival  
#                                                                                                                       (ns)    (ns)     (ns)  
#--------------------------------------------------------------------------------------------------------------------------------------------
  retime_s1_6_reg/CK                                        -      CK      R     (arrival)                         20  0.043       -    0.001  
  retime_s1_6_reg/QN                                        -      CK->QN  F     DFFRPQNA_X1M_A9PP140ZTUL_C35       2  0.043   0.056    0.057  
  cts_opt_inst_FE_OFC246_n_2948/Y                           -      A->Y    R     INV_X2M_A9PP140ZTUL_C35           58  0.034   0.138    0.195  
  g32665__2346/Y                                            -      B->Y    R     AND2_X0P5B_A9PP140ZTUL_C35         2  0.243   0.034    0.229  
  g39405__2802/Y                                            -      A0->Y   F     AOI22_X0P5M_A9PP140ZTUL_C35        1  0.030   0.086    0.315  
  g39401__1617/Y                                            -      B->Y    F     AND4_X0P5M_A9PP140ZTUL_C35         1  0.154   0.065    0.380  
  g39400__3680/Y                                            -      A->Y    R     NAND3_X1A_A9PP140ZTUL_C35          1  0.022   0.021    0.401  
  place_opt_inst_FE_OFC176_AR_3__AC_7__ACC_add_31_50_n_0/Y  -      A->Y    F     INV_X2M_A9PP140ZTUL_C35           49  0.032   0.119    0.520  
  place_opt_inst_FE_OFC164_AR_3__AC_7__ACC_add_31_50_n_0/Y  -      A->Y    R     INV_X2M_A9PP140ZTUL_C35           34  0.223   0.154    0.673  
  place_opt_inst_FE_OFC128_AR_3__AC_7__ACC_add_31_50_n_0/Y  -      A->Y    F     INV_X2M_A9PP140ZTUL_C35           73  0.184   0.168    0.842  
  g44718/Y                                                  -      A->Y    F     AND2_X0P5B_A9PP140ZTUL_C35        49  0.246   0.388    1.230  
  g44700/Y                                                  -      A->Y    R     INV_X0P7M_A9PP140ZTUL_C35         48  0.637   0.504    1.734  
  g42288/Y                                                  -      B0->Y   R     AO22_X0P5M_A9PP140ZTUL_C35         1  0.608   0.033    1.768  
  retime_s7_39_reg/D                                        -      D       R     DFFRPQA_X1M_A9PP140ZTUL_C35        1  0.039   0.000    1.768  
#--------------------------------------------------------------------------------------------------------------------------------------------
Path 91: MET (0.082 ns) Setup Check with Pin retime_s5_65_reg/CK->D
               View: wc_analysis_view
              Group: reg2reg
         Startpoint: (R) retime_s1_6_reg/CK
              Clock: (R) CLK
           Endpoint: (F) retime_s5_65_reg/D
              Clock: (R) CLK

                       Capture       Launch
         Clock Edge:+    2.000        0.000
        Src Latency:+   -0.154       -0.154
        Net Latency:+    0.153 (P)    0.155 (P)
            Arrival:=    2.000        0.001

              Setup:-    0.051
        Uncertainty:-    0.125
      Required Time:=    1.823
       Launch Clock:=    0.001
          Data Path:+    1.740
              Slack:=    0.082

#--------------------------------------------------------------------------------------------------------------------------------------------
# Timing Point                                              Flags  Arc     Edge  Cell                          Fanout  Trans   Delay  Arrival  
#                                                                                                                       (ns)    (ns)     (ns)  
#--------------------------------------------------------------------------------------------------------------------------------------------
  retime_s1_6_reg/CK                                        -      CK      R     (arrival)                         20  0.043       -    0.001  
  retime_s1_6_reg/QN                                        -      CK->QN  R     DFFRPQNA_X1M_A9PP140ZTUL_C35       2  0.043   0.050    0.051  
  cts_opt_inst_FE_OFC246_n_2948/Y                           -      A->Y    F     INV_X2M_A9PP140ZTUL_C35           58  0.038   0.117    0.168  
  g32675/Y                                                  -      B->Y    F     AND2_X0P5B_A9PP140ZTUL_C35         2  0.208   0.078    0.247  
  g39405__2802/Y                                            -      B0->Y   R     AOI22_X0P5M_A9PP140ZTUL_C35        1  0.032   0.107    0.354  
  g39401__1617/Y                                            -      B->Y    R     AND4_X0P5M_A9PP140ZTUL_C35         1  0.188   0.038    0.392  
  g39400__3680/Y                                            -      A->Y    F     NAND3_X1A_A9PP140ZTUL_C35          1  0.025   0.023    0.415  
  place_opt_inst_FE_OFC176_AR_3__AC_7__ACC_add_31_50_n_0/Y  -      A->Y    R     INV_X2M_A9PP140ZTUL_C35           49  0.040   0.136    0.552  
  place_opt_inst_FE_OFC159_AR_3__AC_7__ACC_add_31_50_n_0/Y  -      A->Y    F     INV_X3M_A9PP140ZTUL_C35            6  0.258   0.057    0.609  
  place_opt_inst_FE_OFC174_AR_3__AC_7__ACC_add_31_50_n_0/Y  -      A->Y    R     INV_X3M_A9PP140ZTUL_C35           63  0.100   0.117    0.725  
  g44741/Y                                                  -      A->Y    R     AND2_X0P5B_A9PP140ZTUL_C35        65  0.159   0.408    1.133  
  g44722/Y                                                  -      A->Y    F     INV_X1M_A9PP140ZTUL_C35           64  0.790   0.390    1.523  
  g42482/Y                                                  -      B0->Y   F     AO22_X0P5M_A9PP140ZTUL_C35         1  0.520   0.106    1.629  
  cts_opt_inst_FE_PHC1669_n_1698/Y                          -      A->Y    F     DLY4_X0P5M_A9PP140ZTUL_C35         1  0.046   0.112    1.741  
  retime_s5_65_reg/D                                        -      D       F     DFFRPQA_X1M_A9PP140ZTUL_C35        1  0.023   0.000    1.741  
#--------------------------------------------------------------------------------------------------------------------------------------------
Path 92: MET (0.083 ns) Setup Check with Pin retime_s7_44_reg/CK->D
               View: wc_analysis_view
              Group: reg2reg
         Startpoint: (R) retime_s1_6_reg/CK
              Clock: (R) CLK
           Endpoint: (R) retime_s7_44_reg/D
              Clock: (R) CLK

                       Capture       Launch
         Clock Edge:+    2.000        0.000
        Src Latency:+   -0.154       -0.154
        Net Latency:+    0.154 (P)    0.155 (P)
            Arrival:=    2.001        0.001

              Setup:-    0.026
        Uncertainty:-    0.125
      Required Time:=    1.850
       Launch Clock:=    0.001
          Data Path:+    1.766
              Slack:=    0.083

#--------------------------------------------------------------------------------------------------------------------------------------------
# Timing Point                                              Flags  Arc     Edge  Cell                          Fanout  Trans   Delay  Arrival  
#                                                                                                                       (ns)    (ns)     (ns)  
#--------------------------------------------------------------------------------------------------------------------------------------------
  retime_s1_6_reg/CK                                        -      CK      R     (arrival)                         20  0.043       -    0.001  
  retime_s1_6_reg/QN                                        -      CK->QN  F     DFFRPQNA_X1M_A9PP140ZTUL_C35       2  0.043   0.056    0.057  
  cts_opt_inst_FE_OFC246_n_2948/Y                           -      A->Y    R     INV_X2M_A9PP140ZTUL_C35           58  0.034   0.138    0.195  
  g32665__2346/Y                                            -      B->Y    R     AND2_X0P5B_A9PP140ZTUL_C35         2  0.243   0.034    0.229  
  g39405__2802/Y                                            -      A0->Y   F     AOI22_X0P5M_A9PP140ZTUL_C35        1  0.030   0.086    0.315  
  g39401__1617/Y                                            -      B->Y    F     AND4_X0P5M_A9PP140ZTUL_C35         1  0.154   0.065    0.380  
  g39400__3680/Y                                            -      A->Y    R     NAND3_X1A_A9PP140ZTUL_C35          1  0.022   0.021    0.401  
  place_opt_inst_FE_OFC176_AR_3__AC_7__ACC_add_31_50_n_0/Y  -      A->Y    F     INV_X2M_A9PP140ZTUL_C35           49  0.032   0.119    0.520  
  place_opt_inst_FE_OFC164_AR_3__AC_7__ACC_add_31_50_n_0/Y  -      A->Y    R     INV_X2M_A9PP140ZTUL_C35           34  0.223   0.154    0.673  
  place_opt_inst_FE_OFC128_AR_3__AC_7__ACC_add_31_50_n_0/Y  -      A->Y    F     INV_X2M_A9PP140ZTUL_C35           73  0.184   0.168    0.842  
  g44718/Y                                                  -      A->Y    F     AND2_X0P5B_A9PP140ZTUL_C35        49  0.246   0.388    1.230  
  g44700/Y                                                  -      A->Y    R     INV_X0P7M_A9PP140ZTUL_C35         48  0.637   0.503    1.733  
  g42396/Y                                                  -      B0->Y   R     AO22_X0P5M_A9PP140ZTUL_C35         1  0.608   0.034    1.767  
  retime_s7_44_reg/D                                        -      D       R     DFFRPQA_X1M_A9PP140ZTUL_C35        1  0.040   0.000    1.767  
#--------------------------------------------------------------------------------------------------------------------------------------------
Path 93: MET (0.083 ns) Setup Check with Pin retime_s7_45_reg/CK->D
               View: wc_analysis_view
              Group: reg2reg
         Startpoint: (R) retime_s1_6_reg/CK
              Clock: (R) CLK
           Endpoint: (R) retime_s7_45_reg/D
              Clock: (R) CLK

                       Capture       Launch
         Clock Edge:+    2.000        0.000
        Src Latency:+   -0.154       -0.154
        Net Latency:+    0.154 (P)    0.155 (P)
            Arrival:=    2.000        0.001

              Setup:-    0.026
        Uncertainty:-    0.125
      Required Time:=    1.849
       Launch Clock:=    0.001
          Data Path:+    1.765
              Slack:=    0.083

#--------------------------------------------------------------------------------------------------------------------------------------------
# Timing Point                                              Flags  Arc     Edge  Cell                          Fanout  Trans   Delay  Arrival  
#                                                                                                                       (ns)    (ns)     (ns)  
#--------------------------------------------------------------------------------------------------------------------------------------------
  retime_s1_6_reg/CK                                        -      CK      R     (arrival)                         20  0.043       -    0.001  
  retime_s1_6_reg/QN                                        -      CK->QN  F     DFFRPQNA_X1M_A9PP140ZTUL_C35       2  0.043   0.056    0.057  
  cts_opt_inst_FE_OFC246_n_2948/Y                           -      A->Y    R     INV_X2M_A9PP140ZTUL_C35           58  0.034   0.138    0.195  
  g32665__2346/Y                                            -      B->Y    R     AND2_X0P5B_A9PP140ZTUL_C35         2  0.243   0.034    0.229  
  g39405__2802/Y                                            -      A0->Y   F     AOI22_X0P5M_A9PP140ZTUL_C35        1  0.030   0.086    0.315  
  g39401__1617/Y                                            -      B->Y    F     AND4_X0P5M_A9PP140ZTUL_C35         1  0.154   0.065    0.380  
  g39400__3680/Y                                            -      A->Y    R     NAND3_X1A_A9PP140ZTUL_C35          1  0.022   0.021    0.401  
  place_opt_inst_FE_OFC176_AR_3__AC_7__ACC_add_31_50_n_0/Y  -      A->Y    F     INV_X2M_A9PP140ZTUL_C35           49  0.032   0.119    0.520  
  place_opt_inst_FE_OFC164_AR_3__AC_7__ACC_add_31_50_n_0/Y  -      A->Y    R     INV_X2M_A9PP140ZTUL_C35           34  0.223   0.154    0.673  
  place_opt_inst_FE_OFC128_AR_3__AC_7__ACC_add_31_50_n_0/Y  -      A->Y    F     INV_X2M_A9PP140ZTUL_C35           73  0.184   0.168    0.842  
  g44718/Y                                                  -      A->Y    F     AND2_X0P5B_A9PP140ZTUL_C35        49  0.246   0.388    1.230  
  g44700/Y                                                  -      A->Y    R     INV_X0P7M_A9PP140ZTUL_C35         48  0.637   0.503    1.733  
  g42337/Y                                                  -      B0->Y   R     AO22_X0P5M_A9PP140ZTUL_C35         1  0.608   0.033    1.766  
  retime_s7_45_reg/D                                        -      D       R     DFFRPQA_X1M_A9PP140ZTUL_C35        1  0.039   0.000    1.766  
#--------------------------------------------------------------------------------------------------------------------------------------------
Path 94: MET (0.084 ns) Setup Check with Pin retime_s8_17_reg/CK->D
               View: wc_analysis_view
              Group: reg2reg
         Startpoint: (R) retime_s1_6_reg/CK
              Clock: (R) CLK
           Endpoint: (R) retime_s8_17_reg/D
              Clock: (R) CLK

                       Capture       Launch
         Clock Edge:+    2.000        0.000
        Src Latency:+   -0.154       -0.154
        Net Latency:+    0.153 (P)    0.155 (P)
            Arrival:=    2.000        0.001

              Setup:-    0.026
        Uncertainty:-    0.125
      Required Time:=    1.849
       Launch Clock:=    0.001
          Data Path:+    1.764
              Slack:=    0.084

#--------------------------------------------------------------------------------------------------------------------------------------------
# Timing Point                                              Flags  Arc     Edge  Cell                          Fanout  Trans   Delay  Arrival  
#                                                                                                                       (ns)    (ns)     (ns)  
#--------------------------------------------------------------------------------------------------------------------------------------------
  retime_s1_6_reg/CK                                        -      CK      R     (arrival)                         20  0.043       -    0.001  
  retime_s1_6_reg/QN                                        -      CK->QN  F     DFFRPQNA_X1M_A9PP140ZTUL_C35       2  0.043   0.056    0.057  
  cts_opt_inst_FE_OFC246_n_2948/Y                           -      A->Y    R     INV_X2M_A9PP140ZTUL_C35           58  0.034   0.138    0.195  
  g32665__2346/Y                                            -      B->Y    R     AND2_X0P5B_A9PP140ZTUL_C35         2  0.243   0.034    0.229  
  g39405__2802/Y                                            -      A0->Y   F     AOI22_X0P5M_A9PP140ZTUL_C35        1  0.030   0.086    0.315  
  g39401__1617/Y                                            -      B->Y    F     AND4_X0P5M_A9PP140ZTUL_C35         1  0.154   0.065    0.380  
  g39400__3680/Y                                            -      A->Y    R     NAND3_X1A_A9PP140ZTUL_C35          1  0.022   0.021    0.401  
  place_opt_inst_FE_OFC176_AR_3__AC_7__ACC_add_31_50_n_0/Y  -      A->Y    F     INV_X2M_A9PP140ZTUL_C35           49  0.032   0.119    0.520  
  place_opt_inst_FE_OFC164_AR_3__AC_7__ACC_add_31_50_n_0/Y  -      A->Y    R     INV_X2M_A9PP140ZTUL_C35           34  0.223   0.154    0.673  
  place_opt_inst_FE_OFC128_AR_3__AC_7__ACC_add_31_50_n_0/Y  -      A->Y    F     INV_X2M_A9PP140ZTUL_C35           73  0.184   0.168    0.842  
  g44718/Y                                                  -      A->Y    F     AND2_X0P5B_A9PP140ZTUL_C35        49  0.246   0.388    1.230  
  g44700/Y                                                  -      A->Y    R     INV_X0P7M_A9PP140ZTUL_C35         48  0.637   0.502    1.732  
  g42565/Y                                                  -      B0->Y   R     AO22_X0P5M_A9PP140ZTUL_C35         1  0.608   0.034    1.765  
  retime_s8_17_reg/D                                        -      D       R     DFFRPQA_X1M_A9PP140ZTUL_C35        1  0.040   0.000    1.765  
#--------------------------------------------------------------------------------------------------------------------------------------------
Path 95: MET (0.084 ns) Setup Check with Pin retime_s7_47_reg/CK->D
               View: wc_analysis_view
              Group: reg2reg
         Startpoint: (R) retime_s1_6_reg/CK
              Clock: (R) CLK
           Endpoint: (R) retime_s7_47_reg/D
              Clock: (R) CLK

                       Capture       Launch
         Clock Edge:+    2.000        0.000
        Src Latency:+   -0.154       -0.154
        Net Latency:+    0.155 (P)    0.155 (P)
            Arrival:=    2.001        0.001

              Setup:-    0.026
        Uncertainty:-    0.125
      Required Time:=    1.850
       Launch Clock:=    0.001
          Data Path:+    1.765
              Slack:=    0.084

#--------------------------------------------------------------------------------------------------------------------------------------------
# Timing Point                                              Flags  Arc     Edge  Cell                          Fanout  Trans   Delay  Arrival  
#                                                                                                                       (ns)    (ns)     (ns)  
#--------------------------------------------------------------------------------------------------------------------------------------------
  retime_s1_6_reg/CK                                        -      CK      R     (arrival)                         20  0.043       -    0.001  
  retime_s1_6_reg/QN                                        -      CK->QN  F     DFFRPQNA_X1M_A9PP140ZTUL_C35       2  0.043   0.056    0.057  
  cts_opt_inst_FE_OFC246_n_2948/Y                           -      A->Y    R     INV_X2M_A9PP140ZTUL_C35           58  0.034   0.138    0.195  
  g32665__2346/Y                                            -      B->Y    R     AND2_X0P5B_A9PP140ZTUL_C35         2  0.243   0.034    0.229  
  g39405__2802/Y                                            -      A0->Y   F     AOI22_X0P5M_A9PP140ZTUL_C35        1  0.030   0.086    0.315  
  g39401__1617/Y                                            -      B->Y    F     AND4_X0P5M_A9PP140ZTUL_C35         1  0.154   0.065    0.380  
  g39400__3680/Y                                            -      A->Y    R     NAND3_X1A_A9PP140ZTUL_C35          1  0.022   0.021    0.401  
  place_opt_inst_FE_OFC176_AR_3__AC_7__ACC_add_31_50_n_0/Y  -      A->Y    F     INV_X2M_A9PP140ZTUL_C35           49  0.032   0.119    0.520  
  place_opt_inst_FE_OFC164_AR_3__AC_7__ACC_add_31_50_n_0/Y  -      A->Y    R     INV_X2M_A9PP140ZTUL_C35           34  0.223   0.154    0.673  
  place_opt_inst_FE_OFC128_AR_3__AC_7__ACC_add_31_50_n_0/Y  -      A->Y    F     INV_X2M_A9PP140ZTUL_C35           73  0.184   0.168    0.842  
  g44718/Y                                                  -      A->Y    F     AND2_X0P5B_A9PP140ZTUL_C35        49  0.246   0.388    1.230  
  g44700/Y                                                  -      A->Y    R     INV_X0P7M_A9PP140ZTUL_C35         48  0.637   0.505    1.735  
  g42240/Y                                                  -      B0->Y   R     AO22_X0P5M_A9PP140ZTUL_C35         1  0.608   0.032    1.766  
  retime_s7_47_reg/D                                        -      D       R     DFFRPQA_X1M_A9PP140ZTUL_C35        1  0.038   0.000    1.766  
#--------------------------------------------------------------------------------------------------------------------------------------------
Path 96: MET (0.084 ns) Setup Check with Pin retime_s3_83_reg/CK->D
               View: wc_analysis_view
              Group: reg2reg
         Startpoint: (R) retime_s1_6_reg/CK
              Clock: (R) CLK
           Endpoint: (F) retime_s3_83_reg/D
              Clock: (R) CLK

                       Capture       Launch
         Clock Edge:+    2.000        0.000
        Src Latency:+   -0.154       -0.154
        Net Latency:+    0.153 (P)    0.155 (P)
            Arrival:=    1.999        0.001

              Setup:-    0.052
        Uncertainty:-    0.125
      Required Time:=    1.822
       Launch Clock:=    0.001
          Data Path:+    1.737
              Slack:=    0.084

#--------------------------------------------------------------------------------------------------------------------------------------------
# Timing Point                                              Flags  Arc     Edge  Cell                          Fanout  Trans   Delay  Arrival  
#                                                                                                                       (ns)    (ns)     (ns)  
#--------------------------------------------------------------------------------------------------------------------------------------------
  retime_s1_6_reg/CK                                        -      CK      R     (arrival)                         20  0.043       -    0.001  
  retime_s1_6_reg/QN                                        -      CK->QN  R     DFFRPQNA_X1M_A9PP140ZTUL_C35       2  0.043   0.050    0.051  
  cts_opt_inst_FE_OFC246_n_2948/Y                           -      A->Y    F     INV_X2M_A9PP140ZTUL_C35           58  0.038   0.117    0.168  
  g32675/Y                                                  -      B->Y    F     AND2_X0P5B_A9PP140ZTUL_C35         2  0.208   0.078    0.247  
  g39405__2802/Y                                            -      B0->Y   R     AOI22_X0P5M_A9PP140ZTUL_C35        1  0.032   0.107    0.354  
  g39401__1617/Y                                            -      B->Y    R     AND4_X0P5M_A9PP140ZTUL_C35         1  0.188   0.038    0.392  
  g39400__3680/Y                                            -      A->Y    F     NAND3_X1A_A9PP140ZTUL_C35          1  0.025   0.023    0.415  
  place_opt_inst_FE_OFC176_AR_3__AC_7__ACC_add_31_50_n_0/Y  -      A->Y    R     INV_X2M_A9PP140ZTUL_C35           49  0.040   0.136    0.552  
  place_opt_inst_FE_OFC159_AR_3__AC_7__ACC_add_31_50_n_0/Y  -      A->Y    F     INV_X3M_A9PP140ZTUL_C35            6  0.258   0.057    0.609  
  place_opt_inst_FE_OFC174_AR_3__AC_7__ACC_add_31_50_n_0/Y  -      A->Y    R     INV_X3M_A9PP140ZTUL_C35           63  0.100   0.115    0.724  
  g39398__6783/Y                                            -      A->Y    R     AND2_X1M_A9PP140ZTUL_C35          75  0.159   0.326    1.050  
  place_opt_inst_FE_OFC121_AR_0__AC_3__ACC_n_156/Y          -      A->Y    F     INV_X1M_A9PP140ZTUL_C35           51  0.569   0.261    1.311  
  place_opt_inst_FE_OFC228_AR_0__AC_3__ACC_n_156/Y          -      A->Y    F     BUF_X1M_A9PP140ZTUL_C35           70  0.364   0.279    1.590  
  g43899/Y                                                  -      A0->Y   F     AO22_X0P5M_A9PP140ZTUL_C35         1  0.370   0.096    1.686  
  cts_opt_inst_FE_PHC1747_n_1053/Y                          -      A->Y    F     DLY2_X0P5M_A9PP140ZTUL_C35         1  0.043   0.052    1.738  
  retime_s3_83_reg/D                                        -      D       F     DFFRPQA_X1M_A9PP140ZTUL_C35        1  0.020   0.000    1.738  
#--------------------------------------------------------------------------------------------------------------------------------------------
Path 97: MET (0.084 ns) Setup Check with Pin retime_s8_14_reg/CK->D
               View: wc_analysis_view
              Group: reg2reg
         Startpoint: (R) retime_s1_6_reg/CK
              Clock: (R) CLK
           Endpoint: (R) retime_s8_14_reg/D
              Clock: (R) CLK

                       Capture       Launch
         Clock Edge:+    2.000        0.000
        Src Latency:+   -0.154       -0.154
        Net Latency:+    0.153 (P)    0.155 (P)
            Arrival:=    2.000        0.001

              Setup:-    0.026
        Uncertainty:-    0.125
      Required Time:=    1.849
       Launch Clock:=    0.001
          Data Path:+    1.764
              Slack:=    0.084

#--------------------------------------------------------------------------------------------------------------------------------------------
# Timing Point                                              Flags  Arc     Edge  Cell                          Fanout  Trans   Delay  Arrival  
#                                                                                                                       (ns)    (ns)     (ns)  
#--------------------------------------------------------------------------------------------------------------------------------------------
  retime_s1_6_reg/CK                                        -      CK      R     (arrival)                         20  0.043       -    0.001  
  retime_s1_6_reg/QN                                        -      CK->QN  F     DFFRPQNA_X1M_A9PP140ZTUL_C35       2  0.043   0.056    0.057  
  cts_opt_inst_FE_OFC246_n_2948/Y                           -      A->Y    R     INV_X2M_A9PP140ZTUL_C35           58  0.034   0.138    0.195  
  g32665__2346/Y                                            -      B->Y    R     AND2_X0P5B_A9PP140ZTUL_C35         2  0.243   0.034    0.229  
  g39405__2802/Y                                            -      A0->Y   F     AOI22_X0P5M_A9PP140ZTUL_C35        1  0.030   0.086    0.315  
  g39401__1617/Y                                            -      B->Y    F     AND4_X0P5M_A9PP140ZTUL_C35         1  0.154   0.065    0.380  
  g39400__3680/Y                                            -      A->Y    R     NAND3_X1A_A9PP140ZTUL_C35          1  0.022   0.021    0.401  
  place_opt_inst_FE_OFC176_AR_3__AC_7__ACC_add_31_50_n_0/Y  -      A->Y    F     INV_X2M_A9PP140ZTUL_C35           49  0.032   0.119    0.520  
  place_opt_inst_FE_OFC164_AR_3__AC_7__ACC_add_31_50_n_0/Y  -      A->Y    R     INV_X2M_A9PP140ZTUL_C35           34  0.223   0.154    0.673  
  place_opt_inst_FE_OFC128_AR_3__AC_7__ACC_add_31_50_n_0/Y  -      A->Y    F     INV_X2M_A9PP140ZTUL_C35           73  0.184   0.168    0.842  
  g44718/Y                                                  -      A->Y    F     AND2_X0P5B_A9PP140ZTUL_C35        49  0.246   0.388    1.230  
  g44700/Y                                                  -      A->Y    R     INV_X0P7M_A9PP140ZTUL_C35         48  0.637   0.501    1.731  
  g42547/Y                                                  -      B0->Y   R     AO22_X0P5M_A9PP140ZTUL_C35         1  0.608   0.034    1.765  
  retime_s8_14_reg/D                                        -      D       R     DFFRPQA_X1M_A9PP140ZTUL_C35        1  0.040   0.000    1.765  
#--------------------------------------------------------------------------------------------------------------------------------------------
Path 98: MET (0.085 ns) Setup Check with Pin retime_s3_231_reg/CK->D
               View: wc_analysis_view
              Group: reg2reg
         Startpoint: (R) retime_s1_6_reg/CK
              Clock: (R) CLK
           Endpoint: (F) retime_s3_231_reg/D
              Clock: (R) CLK

                       Capture       Launch
         Clock Edge:+    2.000        0.000
        Src Latency:+   -0.154       -0.154
        Net Latency:+    0.153 (P)    0.155 (P)
            Arrival:=    1.999        0.001

              Setup:-    0.052
        Uncertainty:-    0.125
      Required Time:=    1.822
       Launch Clock:=    0.001
          Data Path:+    1.736
              Slack:=    0.085

#--------------------------------------------------------------------------------------------------------------------------------------------
# Timing Point                                              Flags  Arc     Edge  Cell                          Fanout  Trans   Delay  Arrival  
#                                                                                                                       (ns)    (ns)     (ns)  
#--------------------------------------------------------------------------------------------------------------------------------------------
  retime_s1_6_reg/CK                                        -      CK      R     (arrival)                         20  0.043       -    0.001  
  retime_s1_6_reg/QN                                        -      CK->QN  R     DFFRPQNA_X1M_A9PP140ZTUL_C35       2  0.043   0.050    0.051  
  cts_opt_inst_FE_OFC246_n_2948/Y                           -      A->Y    F     INV_X2M_A9PP140ZTUL_C35           58  0.038   0.117    0.168  
  g32675/Y                                                  -      B->Y    F     AND2_X0P5B_A9PP140ZTUL_C35         2  0.208   0.078    0.247  
  g39405__2802/Y                                            -      B0->Y   R     AOI22_X0P5M_A9PP140ZTUL_C35        1  0.032   0.107    0.354  
  g39401__1617/Y                                            -      B->Y    R     AND4_X0P5M_A9PP140ZTUL_C35         1  0.188   0.038    0.392  
  g39400__3680/Y                                            -      A->Y    F     NAND3_X1A_A9PP140ZTUL_C35          1  0.025   0.023    0.415  
  place_opt_inst_FE_OFC176_AR_3__AC_7__ACC_add_31_50_n_0/Y  -      A->Y    R     INV_X2M_A9PP140ZTUL_C35           49  0.040   0.136    0.552  
  place_opt_inst_FE_OFC159_AR_3__AC_7__ACC_add_31_50_n_0/Y  -      A->Y    F     INV_X3M_A9PP140ZTUL_C35            6  0.258   0.057    0.609  
  place_opt_inst_FE_OFC174_AR_3__AC_7__ACC_add_31_50_n_0/Y  -      A->Y    R     INV_X3M_A9PP140ZTUL_C35           63  0.100   0.115    0.724  
  g39398__6783/Y                                            -      A->Y    R     AND2_X1M_A9PP140ZTUL_C35          75  0.159   0.326    1.050  
  place_opt_inst_FE_OFC121_AR_0__AC_3__ACC_n_156/Y          -      A->Y    F     INV_X1M_A9PP140ZTUL_C35           51  0.569   0.261    1.311  
  place_opt_inst_FE_OFC228_AR_0__AC_3__ACC_n_156/Y          -      A->Y    F     BUF_X1M_A9PP140ZTUL_C35           70  0.364   0.279    1.590  
  g43911/Y                                                  -      A0->Y   F     AO22_X0P5M_A9PP140ZTUL_C35         1  0.370   0.096    1.686  
  cts_opt_inst_FE_PHC1743_n_1041/Y                          -      A->Y    F     DLY2_X0P5M_A9PP140ZTUL_C35         1  0.043   0.052    1.737  
  retime_s3_231_reg/D                                       -      D       F     DFFRPQA_X1M_A9PP140ZTUL_C35        1  0.020   0.000    1.737  
#--------------------------------------------------------------------------------------------------------------------------------------------
Path 99: MET (0.085 ns) Setup Check with Pin retime_s3_37_reg/CK->D
               View: wc_analysis_view
              Group: reg2reg
         Startpoint: (R) retime_s1_6_reg/CK
              Clock: (R) CLK
           Endpoint: (F) retime_s3_37_reg/D
              Clock: (R) CLK

                       Capture       Launch
         Clock Edge:+    2.000        0.000
        Src Latency:+   -0.154       -0.154
        Net Latency:+    0.151 (P)    0.155 (P)
            Arrival:=    1.997        0.001

              Setup:-    0.052
        Uncertainty:-    0.125
      Required Time:=    1.820
       Launch Clock:=    0.001
          Data Path:+    1.734
              Slack:=    0.085

#--------------------------------------------------------------------------------------------------------------------------------------------
# Timing Point                                              Flags  Arc     Edge  Cell                          Fanout  Trans   Delay  Arrival  
#                                                                                                                       (ns)    (ns)     (ns)  
#--------------------------------------------------------------------------------------------------------------------------------------------
  retime_s1_6_reg/CK                                        -      CK      R     (arrival)                         20  0.043       -    0.001  
  retime_s1_6_reg/QN                                        -      CK->QN  R     DFFRPQNA_X1M_A9PP140ZTUL_C35       2  0.043   0.050    0.051  
  cts_opt_inst_FE_OFC246_n_2948/Y                           -      A->Y    F     INV_X2M_A9PP140ZTUL_C35           58  0.038   0.117    0.168  
  g32675/Y                                                  -      B->Y    F     AND2_X0P5B_A9PP140ZTUL_C35         2  0.208   0.078    0.247  
  g39405__2802/Y                                            -      B0->Y   R     AOI22_X0P5M_A9PP140ZTUL_C35        1  0.032   0.107    0.354  
  g39401__1617/Y                                            -      B->Y    R     AND4_X0P5M_A9PP140ZTUL_C35         1  0.188   0.038    0.392  
  g39400__3680/Y                                            -      A->Y    F     NAND3_X1A_A9PP140ZTUL_C35          1  0.025   0.023    0.415  
  place_opt_inst_FE_OFC176_AR_3__AC_7__ACC_add_31_50_n_0/Y  -      A->Y    R     INV_X2M_A9PP140ZTUL_C35           49  0.040   0.136    0.552  
  place_opt_inst_FE_OFC159_AR_3__AC_7__ACC_add_31_50_n_0/Y  -      A->Y    F     INV_X3M_A9PP140ZTUL_C35            6  0.258   0.057    0.609  
  place_opt_inst_FE_OFC174_AR_3__AC_7__ACC_add_31_50_n_0/Y  -      A->Y    R     INV_X3M_A9PP140ZTUL_C35           63  0.100   0.116    0.725  
  g44742/Y                                                  -      A->Y    R     AND2_X0P5B_A9PP140ZTUL_C35        65  0.159   0.478    1.203  
  g44723/Y                                                  -      A->Y    F     INV_X1M_A9PP140ZTUL_C35           64  0.872   0.389    1.592  
  g42623/Y                                                  -      B0->Y   F     AO22_X0P5M_A9PP140ZTUL_C35         1  0.542   0.112    1.704  
  cts_opt_inst_FE_PHC1826_n_1557/Y                          -      A->Y    F     BUF_X1B_A9PP140ZTUL_C35            1  0.052   0.031    1.735  
  retime_s3_37_reg/D                                        -      D       F     DFFRPQA_X1M_A9PP140ZTUL_C35        1  0.016   0.000    1.735  
#--------------------------------------------------------------------------------------------------------------------------------------------
Path 100: MET (0.086 ns) Setup Check with Pin retime_s5_81_reg/CK->D
               View: wc_analysis_view
              Group: reg2reg
         Startpoint: (R) retime_s1_6_reg/CK
              Clock: (R) CLK
           Endpoint: (F) retime_s5_81_reg/D
              Clock: (R) CLK

                       Capture       Launch
         Clock Edge:+    2.000        0.000
        Src Latency:+   -0.154       -0.154
        Net Latency:+    0.156 (P)    0.155 (P)
            Arrival:=    2.002        0.001

              Setup:-    0.050
        Uncertainty:-    0.125
      Required Time:=    1.827
       Launch Clock:=    0.001
          Data Path:+    1.740
              Slack:=    0.086

#--------------------------------------------------------------------------------------------------------------------------------------------
# Timing Point                                              Flags  Arc     Edge  Cell                          Fanout  Trans   Delay  Arrival  
#                                                                                                                       (ns)    (ns)     (ns)  
#--------------------------------------------------------------------------------------------------------------------------------------------
  retime_s1_6_reg/CK                                        -      CK      R     (arrival)                         20  0.043       -    0.001  
  retime_s1_6_reg/QN                                        -      CK->QN  R     DFFRPQNA_X1M_A9PP140ZTUL_C35       2  0.043   0.050    0.051  
  cts_opt_inst_FE_OFC246_n_2948/Y                           -      A->Y    F     INV_X2M_A9PP140ZTUL_C35           58  0.038   0.117    0.168  
  g32675/Y                                                  -      B->Y    F     AND2_X0P5B_A9PP140ZTUL_C35         2  0.208   0.078    0.247  
  g39405__2802/Y                                            -      B0->Y   R     AOI22_X0P5M_A9PP140ZTUL_C35        1  0.032   0.107    0.354  
  g39401__1617/Y                                            -      B->Y    R     AND4_X0P5M_A9PP140ZTUL_C35         1  0.188   0.038    0.392  
  g39400__3680/Y                                            -      A->Y    F     NAND3_X1A_A9PP140ZTUL_C35          1  0.025   0.023    0.415  
  place_opt_inst_FE_OFC176_AR_3__AC_7__ACC_add_31_50_n_0/Y  -      A->Y    R     INV_X2M_A9PP140ZTUL_C35           49  0.040   0.136    0.552  
  place_opt_inst_FE_OFC159_AR_3__AC_7__ACC_add_31_50_n_0/Y  -      A->Y    F     INV_X3M_A9PP140ZTUL_C35            6  0.258   0.057    0.609  
  place_opt_inst_FE_OFC174_AR_3__AC_7__ACC_add_31_50_n_0/Y  -      A->Y    R     INV_X3M_A9PP140ZTUL_C35           63  0.100   0.116    0.725  
  g44740/Y                                                  -      A->Y    R     AND2_X0P5B_A9PP140ZTUL_C35        65  0.159   0.474    1.198  
  g44721/Y                                                  -      A->Y    F     INV_X1M_A9PP140ZTUL_C35           64  0.858   0.386    1.584  
  g42448/Y                                                  -      B0->Y   F     AO22_X0P5M_A9PP140ZTUL_C35         1  0.542   0.107    1.691  
  cts_opt_inst_FE_PHC1761_n_1732/Y                          -      A->Y    F     DLY2_X0P5M_A9PP140ZTUL_C35         1  0.046   0.050    1.741  
  retime_s5_81_reg/D                                        -      D       F     DFFRPQA_X1M_A9PP140ZTUL_C35        1  0.016   0.000    1.741  
#--------------------------------------------------------------------------------------------------------------------------------------------

