###############################################################
#  Generated by:      Cadence Innovus 23.13-s082_1
#  OS:                Linux x86_64(Host ID mun)
#  Generated on:      Tue Jun 24 07:49:08 2025
#  Design:            axis_sa
#  Command:           check_drc -out_file /work/axis-systolic-array/run/work/../../tcl/asic/reports/pnr/4_clock_tree_synthesis/drc_report.rpt
###############################################################

MINSTEP: ( MinStep ) Regular Wire of Net MR[2].MC[3].MUL_mul_15_35_n_43  ( M1 )
Bounds : ( 80.665, 39.710 ) ( 80.685, 39.725 )


MINSTEP: ( MinStep ) Regular Wire of Net MR[2].MC[3].MUL_mul_15_35_n_43  ( M1 )
Bounds : ( 80.715, 39.615 ) ( 80.750, 39.630 )


MINSTEP: ( MinStep ) Regular Wire of Net MR[2].MC[3].MUL_mul_15_35_n_43  ( M1 )
Bounds : ( 80.735, 39.710 ) ( 80.750, 39.725 )


MINSTEP: ( MinStep ) Regular Wire of Net MR[2].MC[3].MUL_mul_15_35_n_43  ( M2 )
Bounds : ( 80.735, 39.625 ) ( 80.765, 39.645 )


EndOfLine: ( EndOfLine Spacing ) Regular Wire of Net MR[2].MC[3].MUL_mul_15_35_n_43 & Pin of Cell MR[2].MC[3].MUL_mul_15_35_g484  ( M1 )
Bounds : ( 80.685, 39.725 ) ( 80.735, 39.775 )


SPACING: ( ParallelRunLength Spacing ) Regular Wire of Net MR[2].MC[3].MUL_mul_15_35_n_43 & Special Wire of Net VDD  ( M2 )
Bounds : ( 80.655, 39.695 ) ( 80.765, 39.735 )


MAR: ( Minimum Area ) Regular Wire of Net MR[2].MC[3].MUL_n_20  ( M2 )
Bounds : ( 78.965, 39.645 ) ( 79.090, 39.675 )


MINSTEP: ( MinStep ) Regular Wire of Net MR[2].MC[3].MUL_n_20  ( M1 )
Bounds : ( 78.990, 39.615 ) ( 79.025, 39.630 )


MINSTEP: ( MinStep ) Regular Wire of Net MR[2].MC[3].MUL_n_20  ( M1 )
Bounds : ( 78.990, 39.710 ) ( 79.010, 39.725 )


MINSTEP: ( MinStep ) Regular Wire of Net MR[2].MC[3].MUL_n_20  ( M1 )
Bounds : ( 79.060, 39.710 ) ( 79.075, 39.725 )


MINSTEP: ( MinStep ) Regular Wire of Net MR[2].MC[3].MUL_n_20 & Regular Wire of Net MR[2].MC[3].MUL_mul_15_35_n_43  ( M2 )
Bounds : ( 78.965, 39.675 ) ( 78.980, 39.695 )


MINSTEP: ( MinStep ) Regular Wire of Net MR[2].MC[3].MUL_n_20 & Regular Wire of Net MR[2].MC[3].MUL_mul_15_35_n_43  ( M2 )
Bounds : ( 79.075, 39.625 ) ( 79.090, 39.645 )


SHORT: ( Metal Short ) Regular Wire of Net MR[2].MC[3].MUL_mul_15_35_n_43 & Regular Wire of Net MR[2].MC[3].MUL_n_20  ( M2 )
Bounds : ( 78.965, 39.625 ) ( 79.075, 39.675 )


SHORT: ( Metal Short ) Regular Wire of Net MR[2].MC[3].MUL_mul_15_35_n_43 & Regular Wire of Net MR[2].MC[3].MUL_n_20  ( M2 )
Bounds : ( 78.965, 39.645 ) ( 79.090, 39.675 )


EndOfLine: ( EndOfLine Spacing ) Regular Wire of Net MR[2].MC[3].MUL_n_20 & Pin of Cell FILLTIE_2675  ( M1 )
Bounds : ( 79.010, 39.725 ) ( 79.060, 39.775 )


SPACING: ( ParallelRunLength Spacing ) Regular Wire of Net MR[2].MC[3].MUL_n_20 & Special Wire of Net VDD  ( M2 )
Bounds : ( 78.980, 39.695 ) ( 79.090, 39.735 )


SPACING: ( ParallelRunLength Spacing ) Regular Wire of Net MR[2].MC[3].MUL_mul_15_35_n_28 & Blockage of Cell MR[2].MC[3].MUL_mul_15_35_g494  ( M1 )
Bounds : ( 78.075, 39.990 ) ( 78.105, 40.025 )


MAR: ( Minimum Area ) Regular Wire of Net MR[2].MC[3].MUL_mul_15_35_n_45  ( M2 )
Bounds : ( 76.875, 39.645 ) ( 77.075, 39.675 )


MAR: ( Minimum Area ) Regular Wire of Net MR[2].MC[3].MUL_n_21  ( M2 )
Bounds : ( 77.860, 39.925 ) ( 78.075, 39.955 )


MAR: ( Minimum Area ) Regular Wire of Net MR[2].MC[3].MUL_mul_15_35_n_28  ( M2 )
Bounds : ( 77.865, 39.925 ) ( 78.105, 39.960 )


MAR: ( Minimum Area ) Regular Wire of Net MR[2].MC[3].MUL_mul_15_35_n_76  ( M3 )
Bounds : ( 77.395, 39.395 ) ( 77.445, 39.705 )


CUTSPACING: ( Cut EolSpacing ) Regular Wire of Net MR[2].MC[3].MUL_n_21 & Regular Wire of Net MR[2].MC[3].MUL_mul_15_35_n_28  ( VIA1 )
Bounds : ( 77.940, 39.910 ) ( 78.025, 39.955 )


CUTSPACING: ( Same Layer Cut Spacing ) Regular Wire of Net MR[2].MC[3].MUL_mul_15_35_n_28 & Regular Wire of Net MR[2].MC[3].MUL_n_21  ( VIA2 )
Bounds : ( 77.945, 39.925 ) ( 77.995, 39.975 )


MINSTEP: ( MinStep ) Regular Wire of Net MR[2].MC[3].MUL_mul_15_35_n_45  ( M1 )
Bounds : ( 76.885, 39.710 ) ( 76.905, 39.725 )


MINSTEP: ( MinStep ) Regular Wire of Net MR[2].MC[3].MUL_mul_15_35_n_45  ( M1 )
Bounds : ( 76.935, 39.615 ) ( 76.970, 39.630 )


MINSTEP: ( MinStep ) Regular Wire of Net MR[2].MC[3].MUL_mul_15_35_n_45  ( M1 )
Bounds : ( 76.955, 39.710 ) ( 76.970, 39.725 )


MINSTEP: ( MinStep ) Regular Wire of Net MR[2].MC[3].MUL_n_21  ( M1 )
Bounds : ( 77.870, 39.875 ) ( 77.890, 39.890 )


MINSTEP: ( MinStep ) Regular Wire of Net MR[2].MC[3].MUL_n_21  ( M1 )
Bounds : ( 77.870, 39.970 ) ( 77.905, 39.985 )


MINSTEP: ( MinStep ) Regular Wire of Net MR[2].MC[3].MUL_n_21  ( M1 )
Bounds : ( 77.940, 39.875 ) ( 77.955, 39.890 )


MINSTEP: ( MinStep ) Regular Wire of Net MR[2].MC[3].MUL_mul_15_35_n_28  ( M1 )
Bounds : ( 78.005, 39.880 ) ( 78.025, 39.895 )


MINSTEP: ( MinStep ) Regular Wire of Net MR[2].MC[3].MUL_mul_15_35_n_28  ( M1 )
Bounds : ( 78.075, 39.880 ) ( 78.090, 39.895 )


MINSTEP: ( MinStep ) Regular Wire of Net MR[2].MC[3].MUL_mul_15_35_n_45 & Regular Wire of Net MR[2].MC[3].MUL_mul_15_35_n_76  ( M2 )
Bounds : ( 76.875, 39.625 ) ( 76.905, 39.645 )


MINSTEP: ( MinStep ) Regular Wire of Net MR[2].MC[3].MUL_n_21 & Regular Wire of Net MR[2].MC[3].MUL_mul_15_35_n_28  ( M2 )
Bounds : ( 77.860, 39.955 ) ( 77.890, 39.975 )


MINSTEP: ( MinStep ) Regular Wire of Net MR[2].MC[3].MUL_mul_15_35_n_28  ( M2 )
Bounds : ( 78.075, 39.960 ) ( 78.105, 39.975 )


SHORT: ( Metal Short ) Regular Wire of Net MR[2].MC[3].MUL_mul_15_35_n_76 & Regular Wire of Net MR[2].MC[3].MUL_mul_15_35_n_45  ( M2 )
Bounds : ( 76.875, 39.645 ) ( 77.075, 39.675 )


SHORT: ( Metal Short ) Regular Wire of Net MR[2].MC[3].MUL_mul_15_35_n_76 & Regular Wire of Net MR[2].MC[3].MUL_mul_15_35_n_45  ( M2 )
Bounds : ( 76.905, 39.625 ) ( 77.075, 39.675 )


SHORT: ( Metal Short ) Regular Wire of Net MR[2].MC[3].MUL_mul_15_35_n_28 & Regular Wire of Net MR[2].MC[3].MUL_n_21  ( M2 )
Bounds : ( 77.865, 39.925 ) ( 78.075, 39.955 )


SHORT: ( Metal Short ) Regular Wire of Net MR[2].MC[3].MUL_n_21 & Regular Wire of Net MR[2].MC[3].MUL_mul_15_35_n_28  ( M2 )
Bounds : ( 77.890, 39.925 ) ( 78.075, 39.975 )


SHORT: ( Metal Short ) Regular Wire of Net ki[3][3][7] & Regular Wire of Net MR[2].MC[3].MUL_mul_15_35_n_43  ( M3 )
Bounds : ( 78.095, 39.295 ) ( 78.145, 39.705 )


EndOfLine: ( EndOfLine Spacing ) Regular Wire of Net MR[2].MC[3].MUL_mul_15_35_n_45 & Pin of Cell MR[2].MC[3].MUL_mul_15_35_g483  ( M1 )
Bounds : ( 76.905, 39.725 ) ( 76.955, 39.775 )


EndOfLine: ( EndOfLine Spacing ) Regular Wire of Net MR[2].MC[3].MUL_n_21 & Pin of Cell MR[2].MC[3].MUL_mul_15_35_g483  ( M1 )
Bounds : ( 77.890, 39.825 ) ( 77.940, 39.875 )


EndOfLine: ( EndOfLine Spacing ) Regular Wire of Net MR[2].MC[3].MUL_mul_15_35_n_28 & Pin of Cell MR[2].MC[3].MUL_mul_15_35_g483  ( M1 )
Bounds : ( 78.025, 39.825 ) ( 78.075, 39.880 )


SPACING: ( ParallelRunLength Spacing ) Regular Wire of Net MR[2].MC[3].MUL_mul_15_35_n_45 & Special Wire of Net VDD  ( M2 )
Bounds : ( 76.875, 39.695 ) ( 76.985, 39.735 )


SPACING: ( ParallelRunLength Spacing ) Regular Wire of Net MR[2].MC[3].MUL_n_21 & Special Wire of Net VDD  ( M2 )
Bounds : ( 77.860, 39.865 ) ( 77.970, 39.905 )


SPACING: ( ParallelRunLength Spacing ) Regular Wire of Net MR[2].MC[3].MUL_n_21  ( M2 )
Bounds : ( 77.970, 39.910 ) ( 77.995, 39.925 )


SPACING: ( ParallelRunLength Spacing ) Regular Wire of Net MR[2].MC[3].MUL_n_21 & Special Wire of Net VDD  ( M2 )
Bounds : ( 77.995, 39.865 ) ( 78.105, 39.910 )


MINSTEP: ( MinStep ) Regular Wire of Net MR[2].MC[3].MUL_mul_15_35_n_28  ( M1 )
Bounds : ( 78.055, 39.975 ) ( 78.090, 39.990 )


SPACING: ( ParallelRunLength Spacing ) Regular Wire of Net MR[2].MC[3].MUL_mul_15_35_n_21 & Blockage of Cell MR[2].MC[3].MUL_mul_15_35_g501  ( M1 )
Bounds : ( 75.275, 39.990 ) ( 75.305, 40.025 )


MINSTEP: ( MinStep ) Regular Wire of Net MR[2].MC[3].MUL_mul_15_35_n_76  ( M1 )
Bounds : ( 76.470, 39.615 ) ( 76.505, 39.630 )


MINSTEP: ( MinStep ) Regular Wire of Net MR[2].MC[3].MUL_mul_15_35_n_76  ( M1 )
Bounds : ( 76.470, 39.710 ) ( 76.490, 39.725 )


MINSTEP: ( MinStep ) Regular Wire of Net MR[2].MC[3].MUL_mul_15_35_n_76  ( M1 )
Bounds : ( 76.540, 39.710 ) ( 76.555, 39.725 )


MINSTEP: ( MinStep ) Regular Wire of Net MR[2].MC[3].MUL_mul_15_35_n_47 & Regular Wire of Net MR[2].MC[3].MUL_mul_15_35_n_77  ( M2 )
Bounds : ( 75.865, 39.905 ) ( 75.875, 39.925 )


MINSTEP: ( MinStep ) Regular Wire of Net MR[2].MC[3].MUL_mul_15_35_n_76  ( M2 )
Bounds : ( 76.460, 39.625 ) ( 76.490, 39.645 )


EndOfLine: ( EndOfLine Spacing ) Regular Wire of Net MR[2].MC[3].MUL_mul_15_35_n_76 & Pin of Cell MR[2].MC[3].MUL_mul_15_35_g482  ( M1 )
Bounds : ( 76.490, 39.725 ) ( 76.540, 39.775 )


SPACING: ( ParallelRunLength Spacing ) Regular Wire of Net MR[2].MC[3].MUL_mul_15_35_n_76 & Special Wire of Net VDD  ( M2 )
Bounds : ( 76.460, 39.695 ) ( 76.570, 39.735 )


MAR: ( Minimum Area ) Regular Wire of Net MR[2].MC[3].MUL_mul_15_35_n_21  ( M2 )
Bounds : ( 75.195, 39.925 ) ( 75.375, 39.960 )


CUTSPACING: ( Cut EolSpacing ) Regular Wire of Net MR[2].MC[3].MUL_mul_15_35_n_77 & Regular Wire of Net MR[2].MC[3].MUL_mul_15_35_n_21  ( VIA1 )
Bounds : ( 75.140, 39.910 ) ( 75.225, 39.955 )


CUTSPACING: ( Same Layer Cut Spacing ) Regular Wire of Net MR[2].MC[3].MUL_mul_15_35_n_71 & Regular Wire of Net MR[2].MC[3].MUL_mul_15_35_n_47  ( VIA3 )
Bounds : ( 75.795, 39.925 ) ( 75.845, 39.975 )


MINSTEP: ( MinStep ) Regular Wire of Net MR[2].MC[3].MUL_mul_15_35_n_77  ( M1 )
Bounds : ( 75.140, 39.875 ) ( 75.155, 39.890 )


MINSTEP: ( MinStep ) Regular Wire of Net MR[2].MC[3].MUL_mul_15_35_n_21  ( M1 )
Bounds : ( 75.205, 39.880 ) ( 75.225, 39.895 )


MINSTEP: ( MinStep ) Regular Wire of Net MR[2].MC[3].MUL_mul_15_35_n_21  ( M1 )
Bounds : ( 75.275, 39.880 ) ( 75.290, 39.895 )


MINSTEP: ( MinStep ) Regular Wire of Net MR[2].MC[3].MUL_mul_15_35_n_47  ( M1 )
Bounds : ( 75.765, 39.875 ) ( 75.785, 39.890 )


MINSTEP: ( MinStep ) Regular Wire of Net MR[2].MC[3].MUL_mul_15_35_n_47  ( M1 )
Bounds : ( 75.815, 39.970 ) ( 75.850, 39.985 )


MINSTEP: ( MinStep ) Regular Wire of Net MR[2].MC[3].MUL_mul_15_35_n_47  ( M1 )
Bounds : ( 75.835, 39.875 ) ( 75.850, 39.890 )


MINSTEP: ( MinStep ) Regular Wire of Net MR[2].MC[3].MUL_mul_15_35_n_21 & Regular Wire of Net MR[2].MC[3].MUL_mul_15_35_n_77  ( M2 )
Bounds : ( 75.195, 39.960 ) ( 75.225, 39.975 )


MINSTEP: ( MinStep ) Regular Wire of Net MR[2].MC[3].MUL_mul_15_35_n_47 & Regular Wire of Net MR[2].MC[3].MUL_mul_15_35_n_77  ( M2 )
Bounds : ( 75.755, 39.955 ) ( 75.765, 39.975 )


SHORT: ( Metal Short ) Regular Wire of Net MR[2].MC[3].MUL_mul_15_35_n_77 & Regular Wire of Net MR[2].MC[3].MUL_mul_15_35_n_21  ( M2 )
Bounds : ( 75.195, 39.925 ) ( 75.375, 39.960 )


SHORT: ( Metal Short ) Regular Wire of Net MR[2].MC[3].MUL_mul_15_35_n_21 & Regular Wire of Net MR[2].MC[3].MUL_mul_15_35_n_77  ( M2 )
Bounds : ( 75.225, 39.925 ) ( 75.375, 39.975 )


EndOfLine: ( EndOfLine Spacing ) Regular Wire of Net MR[2].MC[3].MUL_mul_15_35_n_77 & Pin of Cell MR[2].MC[3].MUL_mul_15_35_g501  ( M1 )
Bounds : ( 75.090, 39.825 ) ( 75.140, 39.875 )


EndOfLine: ( EndOfLine Spacing ) Regular Wire of Net MR[2].MC[3].MUL_mul_15_35_n_21 & Pin of Cell MR[2].MC[3].MUL_mul_15_35_g501  ( M1 )
Bounds : ( 75.225, 39.825 ) ( 75.275, 39.880 )


EndOfLine: ( EndOfLine Spacing ) Regular Wire of Net MR[2].MC[3].MUL_mul_15_35_n_47 & Pin of Cell MR[2].MC[3].MUL_mul_15_35_g482  ( M1 )
Bounds : ( 75.785, 39.825 ) ( 75.835, 39.875 )


SPACING: ( ParallelRunLength Spacing ) Regular Wire of Net MR[2].MC[3].MUL_mul_15_35_n_77 & Regular Wire of Net MR[2].MC[3].MUL_mul_15_35_n_21  ( M2 )
Bounds : ( 75.170, 39.910 ) ( 75.195, 39.925 )


SPACING: ( ParallelRunLength Spacing ) Regular Wire of Net MR[2].MC[3].MUL_mul_15_35_n_21 & Special Wire of Net VDD  ( M2 )
Bounds : ( 75.195, 39.865 ) ( 75.305, 39.910 )


MAR: ( Minimum Area ) Regular Wire of Net MR[2].MC[3].MUL_mul_15_35_n_47  ( M2 )
Bounds : ( 75.755, 39.925 ) ( 75.875, 39.955 )


SHORT: ( Metal Short ) Regular Wire of Net MR[2].MC[3].MUL_mul_15_35_n_77 & Regular Wire of Net MR[2].MC[3].MUL_mul_15_35_n_47  ( M2 )
Bounds : ( 75.755, 39.925 ) ( 75.875, 39.955 )


SHORT: ( Metal Short ) Regular Wire of Net MR[2].MC[3].MUL_mul_15_35_n_47 & Regular Wire of Net MR[2].MC[3].MUL_mul_15_35_n_77  ( M2 )
Bounds : ( 75.765, 39.925 ) ( 75.875, 39.975 )


SPACING: ( ParallelRunLength Spacing ) Regular Wire of Net MR[2].MC[3].MUL_mul_15_35_n_47 & Special Wire of Net VDD  ( M2 )
Bounds : ( 75.755, 39.865 ) ( 75.865, 39.905 )


MAR: ( Minimum Area ) Regular Wire of Net MR[2].MC[3].MUL_mul_15_35_n_47  ( M3 )
Bounds : ( 75.795, 39.895 ) ( 75.845, 40.055 )


MAR: ( Minimum Area ) Regular Wire of Net MR[2].MC[3].MUL_mul_15_35_n_77  ( M3 )
Bounds : ( 76.295, 39.895 ) ( 76.345, 40.205 )


MINSTEP: ( MinStep ) Regular Wire of Net MR[2].MC[3].MUL_mul_15_35_n_21  ( M1 )
Bounds : ( 75.255, 39.975 ) ( 75.290, 39.990 )


SHORT: ( Metal Short ) Regular Wire of Net MR[2].MC[3].MUL_mul_15_35_n_47 & Regular Wire of Net MR[2].MC[3].MUL_mul_15_35_n_71  ( M3 )
Bounds : ( 75.795, 39.895 ) ( 75.845, 40.055 )


EndOfLine: ( EndOfLine Spacing ) Regular Wire of Net n_4442 & Blockage of Cell g40000__5115  ( M1 )
Bounds : ( 80.755, 38.705 ) ( 80.755, 38.740 )


SPACING: ( ParallelRunLength Spacing ) Regular Wire of Net n_4442 & Blockage of Cell g40000__5115  ( M1 )
Bounds : ( 80.715, 38.595 ) ( 80.755, 38.705 )


SPACING: ( ParallelRunLength Spacing ) Regular Wire of Net n_4442 & Blockage of Cell g40000__5115  ( M1 )
Bounds : ( 80.755, 38.705 ) ( 80.755, 38.740 )


SPACING: ( ParallelRunLength Spacing ) Regular Wire of Net place_opt_net_FE_OFN62_place_opt_net_FE_DBTN0_n_2948 & Blockage of Cell g40000__5115  ( M1 )
Bounds : ( 80.890, 38.275 ) ( 80.895, 38.305 )


MAR: ( Minimum Area ) Regular Wire of Net place_opt_net_FE_OFN62_place_opt_net_FE_DBTN0_n_2948  ( M2 )
Bounds : ( 80.865, 38.325 ) ( 80.975, 38.385 )


MINSTEP: ( MinStep ) Regular Wire of Net place_opt_net_FE_OFN62_place_opt_net_FE_DBTN0_n_2948  ( M1 )
Bounds : ( 80.865, 38.305 ) ( 80.895, 38.325 )


MINSTEP: ( MinStep ) Regular Wire of Net place_opt_net_FE_OFN62_place_opt_net_FE_DBTN0_n_2948  ( M1 )
Bounds : ( 80.865, 38.395 ) ( 80.925, 38.415 )


MINSTEP: ( MinStep ) Regular Wire of Net MR[2].MC[3].MUL_mul_15_35_n_34  ( M1 )
Bounds : ( 80.865, 37.695 ) ( 80.895, 37.705 )


MAR: ( Minimum Area ) Regular Wire of Net MR[2].MC[3].MUL_mul_15_35_n_36  ( M2 )
Bounds : ( 78.345, 37.725 ) ( 78.475, 37.775 )


MINSTEP: ( MinStep ) Regular Wire of Net MR[2].MC[3].MUL_mul_15_35_n_36  ( M1 )
Bounds : ( 78.355, 37.775 ) ( 78.375, 37.805 )


MINSTEP: ( MinStep ) Regular Wire of Net MR[2].MC[3].MUL_mul_15_35_n_36  ( M1 )
Bounds : ( 78.425, 37.695 ) ( 78.465, 37.725 )


MINSTEP: ( MinStep ) Regular Wire of Net MR[2].MC[3].MUL_mul_15_35_n_75  ( M1 )
Bounds : ( 78.430, 38.075 ) ( 78.450, 38.090 )


MINSTEP: ( MinStep ) Regular Wire of Net MR[2].MC[3].MUL_mul_15_35_n_75  ( M1 )
Bounds : ( 78.430, 38.170 ) ( 78.465, 38.185 )


MINSTEP: ( MinStep ) Regular Wire of Net MR[2].MC[3].MUL_mul_15_35_n_75  ( M1 )
Bounds : ( 78.500, 38.075 ) ( 78.515, 38.090 )


MINSTEP: ( MinStep ) Regular Wire of Net MR[2].MC[3].MUL_mul_15_35_n_31  ( M1 )
Bounds : ( 78.615, 37.695 ) ( 78.655, 37.725 )


MINSTEP: ( MinStep ) Regular Wire of Net MR[2].MC[3].MUL_mul_15_35_n_31  ( M1 )
Bounds : ( 78.705, 37.775 ) ( 78.725, 37.805 )


MINSTEP: ( MinStep ) Regular Wire of Net MR[2].MC[3].MUL_mul_15_35_n_75  ( M2 )
Bounds : ( 78.420, 38.155 ) ( 78.450, 38.175 )


SHORT: ( Metal Short ) Regular Wire of Net MR[2].MC[3].MUL_mul_15_35_n_36 & Regular Wire of Net MR[2].MC[3].MUL_mul_15_35_n_31  ( M2 )
Bounds : ( 78.345, 37.725 ) ( 78.475, 37.775 )


EndOfLine: ( EndOfLine Spacing ) Regular Wire of Net MR[2].MC[3].MUL_mul_15_35_n_36 & Pin of Cell MR[2].MC[3].MUL_mul_15_35_g489  ( M1 )
Bounds : ( 78.375, 37.655 ) ( 78.415, 37.695 )


EndOfLine: ( EndOfLine Spacing ) Regular Wire of Net MR[2].MC[3].MUL_mul_15_35_n_36 & Pin of Cell MR[2].MC[3].MUL_mul_15_35_g489  ( M1 )
Bounds : ( 78.425, 37.805 ) ( 78.430, 37.835 )


EndOfLine: ( EndOfLine Spacing ) Regular Wire of Net MR[2].MC[3].MUL_mul_15_35_n_75 & Pin of Cell MR[2].MC[3].MUL_mul_15_35_g507  ( M1 )
Bounds : ( 78.450, 38.025 ) ( 78.500, 38.075 )


EndOfLine: ( EndOfLine Spacing ) Regular Wire of Net MR[2].MC[3].MUL_mul_15_35_n_31 & Pin of Cell MR[2].MC[3].MUL_mul_15_35_g507  ( M1 )
Bounds : ( 78.650, 37.805 ) ( 78.655, 37.830 )


EndOfLine: ( EndOfLine Spacing ) Regular Wire of Net MR[2].MC[3].MUL_mul_15_35_n_31 & Pin of Cell MR[2].MC[3].MUL_mul_15_35_g507  ( M1 )
Bounds : ( 78.695, 37.675 ) ( 78.705, 37.695 )


SPACING: ( ParallelRunLength Spacing ) Regular Wire of Net MR[2].MC[3].MUL_mul_15_35_n_36 & Pin of Cell MR[2].MC[3].MUL_mul_15_35_g489  ( M1 )
Bounds : ( 78.355, 37.775 ) ( 78.375, 37.805 )


SPACING: ( ParallelRunLength Spacing ) Regular Wire of Net MR[2].MC[3].MUL_mul_15_35_n_36 & Pin of Cell MR[2].MC[3].MUL_mul_15_35_g489  ( M1 )
Bounds : ( 78.375, 37.655 ) ( 78.415, 37.695 )


SPACING: ( ParallelRunLength Spacing ) Regular Wire of Net MR[2].MC[3].MUL_mul_15_35_n_36 & Pin of Cell MR[2].MC[3].MUL_mul_15_35_g489  ( M1 )
Bounds : ( 78.425, 37.695 ) ( 78.465, 37.725 )


SPACING: ( ParallelRunLength Spacing ) Regular Wire of Net MR[2].MC[3].MUL_mul_15_35_n_36 & Pin of Cell MR[2].MC[3].MUL_mul_15_35_g489  ( M1 )
Bounds : ( 78.425, 37.805 ) ( 78.430, 37.835 )


SPACING: ( ParallelRunLength Spacing ) Regular Wire of Net MR[2].MC[3].MUL_mul_15_35_n_31 & Pin of Cell MR[2].MC[3].MUL_mul_15_35_g507  ( M1 )
Bounds : ( 78.615, 37.695 ) ( 78.655, 37.725 )


SPACING: ( ParallelRunLength Spacing ) Regular Wire of Net MR[2].MC[3].MUL_mul_15_35_n_31 & Pin of Cell MR[2].MC[3].MUL_mul_15_35_g507  ( M1 )
Bounds : ( 78.650, 37.805 ) ( 78.655, 37.830 )


SPACING: ( ParallelRunLength Spacing ) Regular Wire of Net MR[2].MC[3].MUL_mul_15_35_n_31 & Pin of Cell MR[2].MC[3].MUL_mul_15_35_g507  ( M1 )
Bounds : ( 78.695, 37.675 ) ( 78.705, 37.695 )


SPACING: ( ParallelRunLength Spacing ) Regular Wire of Net MR[2].MC[3].MUL_mul_15_35_n_31 & Pin of Cell MR[2].MC[3].MUL_mul_15_35_g507  ( M1 )
Bounds : ( 78.705, 37.775 ) ( 78.725, 37.805 )


SPACING: ( ParallelRunLength Spacing ) Regular Wire of Net MR[2].MC[3].MUL_mul_15_35_n_75 & Special Wire of Net VDD  ( M2 )
Bounds : ( 78.420, 38.065 ) ( 78.530, 38.105 )


SPACING: ( ParallelRunLength Spacing ) Regular Wire of Net MR[2].MC[3].MUL_mul_15_35_n_30 & Pin of Cell MR[2].MC[3].MUL_mul_15_35_g488  ( M1 )
Bounds : ( 80.755, 37.405 ) ( 80.805, 37.425 )


SPACING: ( ParallelRunLength Spacing ) Regular Wire of Net MR[2].MC[3].MUL_mul_15_35_n_30 & Pin of Cell MR[2].MC[3].MUL_mul_15_35_g488  ( M1 )
Bounds : ( 80.750, 37.270 ) ( 80.755, 37.295 )


EndOfLine: ( EndOfLine Spacing ) Regular Wire of Net MR[2].MC[3].MUL_mul_15_35_n_30 & Pin of Cell MR[2].MC[3].MUL_mul_15_35_g488  ( M1 )
Bounds : ( 80.755, 37.405 ) ( 80.805, 37.425 )


EndOfLine: ( EndOfLine Spacing ) Regular Wire of Net MR[2].MC[3].MUL_mul_15_35_n_30 & Pin of Cell MR[2].MC[3].MUL_mul_15_35_g488  ( M1 )
Bounds : ( 80.750, 37.270 ) ( 80.755, 37.295 )


SHORT: ( Metal Short ) Regular Wire of Net n_4133 & Regular Wire of Net MR[2].MC[3].MUL_mul_15_35_n_30  ( M2 )
Bounds : ( 80.725, 37.325 ) ( 80.875, 37.375 )


MINSTEP: ( MinStep ) Regular Wire of Net MR[2].MC[3].MUL_mul_15_35_n_34  ( M1 )
Bounds : ( 80.865, 37.595 ) ( 80.895, 37.625 )


CUTSPACING: ( Same Layer Cut Spacing ) Regular Wire of Net n_4442  ( VIA3 )
Bounds : ( 80.545, 37.375 ) ( 80.595, 37.425 )


MAR: ( Minimum Area ) Regular Wire of Net MR[2].MC[3].MUL_mul_15_35_n_30  ( M2 )
Bounds : ( 80.725, 37.325 ) ( 80.875, 37.375 )


MAR: ( Minimum Area ) Regular Wire of Net MR[2].MC[3].MUL_mul_15_35_n_12  ( M2 )
Bounds : ( 80.665, 37.525 ) ( 80.835, 37.575 )


MAR: ( Minimum Area ) Regular Wire of Net n_4442  ( M2 )
Bounds : ( 78.765, 37.525 ) ( 78.875, 37.575 )


MAR: ( Minimum Area ) Regular Wire of Net n_4442  ( M3 )
Bounds : ( 78.795, 37.345 ) ( 78.845, 37.605 )


MINSTEP: ( MinStep ) Regular Wire of Net MR[2].MC[3].MUL_mul_15_35_n_35  ( M1 )
Bounds : ( 78.205, 37.395 ) ( 78.235, 37.405 )


MINSTEP: ( MinStep ) Regular Wire of Net MR[2].MC[3].MUL_mul_15_35_n_35  ( M1 )
Bounds : ( 78.205, 37.475 ) ( 78.235, 37.505 )


MINSTEP: ( MinStep ) Regular Wire of Net n_4133  ( M1 )
Bounds : ( 78.845, 37.295 ) ( 78.875, 37.325 )


MINSTEP: ( MinStep ) Regular Wire of Net n_4133  ( M1 )
Bounds : ( 78.845, 37.375 ) ( 78.875, 37.405 )


SHORT: ( Metal Short ) Regular Wire of Net n_4442 & Regular Wire of Net n_3958  ( M3 )
Bounds : ( 78.795, 37.345 ) ( 78.845, 37.605 )


EndOfLine: ( EndOfLine Spacing ) Regular Wire of Net MR[2].MC[3].MUL_mul_15_35_n_35 & Blockage of Cell MR[2].MC[3].MUL_mul_15_35_g489  ( M1 )
Bounds : ( 78.235, 37.350 ) ( 78.285, 37.395 )


EndOfLine: ( EndOfLine Spacing ) Regular Wire of Net MR[2].MC[3].MUL_mul_15_35_n_35 & Pin of Cell MR[2].MC[3].MUL_mul_15_35_g489  ( M1 )
Bounds : ( 78.235, 37.505 ) ( 78.285, 37.525 )


EndOfLine: ( EndOfLine Spacing ) Regular Wire of Net n_4133 & Pin of Cell MR[2].MC[3].MUL_mul_15_35_g507  ( M1 )
Bounds : ( 78.795, 37.405 ) ( 78.845, 37.445 )


EndOfLine: ( EndOfLine Spacing ) Regular Wire of Net n_4133 & Pin of Cell MR[2].MC[3].MUL_mul_15_35_g507  ( M1 )
Bounds : ( 78.845, 37.270 ) ( 78.850, 37.295 )


EndOfLine: ( EndOfLine Spacing ) Regular Wire of Net MR[2].MC[3].MUL_mul_15_35_n_35 & Regular Wire of Net n_4133  ( M2 )
Bounds : ( 78.315, 37.425 ) ( 78.365, 37.475 )


SPACING: ( ParallelRunLength Spacing ) Regular Wire of Net MR[2].MC[3].MUL_mul_15_35_n_35 & Blockage of Cell MR[2].MC[3].MUL_mul_15_35_g489  ( M1 )
Bounds : ( 78.235, 37.350 ) ( 78.285, 37.395 )


SPACING: ( ParallelRunLength Spacing ) Regular Wire of Net MR[2].MC[3].MUL_mul_15_35_n_35 & Pin of Cell MR[2].MC[3].MUL_mul_15_35_g489  ( M1 )
Bounds : ( 78.235, 37.505 ) ( 78.285, 37.525 )


SPACING: ( ParallelRunLength Spacing ) Regular Wire of Net MR[2].MC[3].MUL_mul_15_35_n_35 & Blockage of Cell MR[2].MC[3].MUL_mul_15_35_g489  ( M1 )
Bounds : ( 78.285, 37.350 ) ( 78.305, 37.395 )


SPACING: ( ParallelRunLength Spacing ) Regular Wire of Net n_4133 & Pin of Cell MR[2].MC[3].MUL_mul_15_35_g507  ( M1 )
Bounds : ( 78.795, 37.405 ) ( 78.845, 37.445 )


SPACING: ( ParallelRunLength Spacing ) Regular Wire of Net n_4133 & Pin of Cell MR[2].MC[3].MUL_mul_15_35_g507  ( M1 )
Bounds : ( 78.845, 37.270 ) ( 78.850, 37.295 )


MAR: ( Minimum Area ) Regular Wire of Net mo[2][3][4]  ( M2 )
Bounds : ( 78.420, 36.325 ) ( 78.575, 36.360 )


MAR: ( Minimum Area ) Regular Wire of Net mo[2][3][4]  ( M3 )
Bounds : ( 78.495, 36.245 ) ( 78.545, 36.405 )


MINSTEP: ( MinStep ) Regular Wire of Net MR[2].MC[3].MUL_n_19  ( M1 )
Bounds : ( 78.205, 36.505 ) ( 78.235, 36.525 )


MINSTEP: ( MinStep ) Regular Wire of Net MR[2].MC[3].MUL_n_19  ( M1 )
Bounds : ( 78.205, 36.595 ) ( 78.265, 36.615 )


MINSTEP: ( MinStep ) Regular Wire of Net MR[2].MC[3].MUL_n_19  ( M1 )
Bounds : ( 78.285, 36.505 ) ( 78.315, 36.525 )


MINSTEP: ( MinStep ) Regular Wire of Net mo[2][3][4]  ( M1 )
Bounds : ( 78.430, 36.280 ) ( 78.450, 36.295 )


MINSTEP: ( MinStep ) Regular Wire of Net mo[2][3][4]  ( M1 )
Bounds : ( 78.430, 36.375 ) ( 78.465, 36.390 )


MINSTEP: ( MinStep ) Regular Wire of Net mo[2][3][4]  ( M1 )
Bounds : ( 78.500, 36.280 ) ( 78.515, 36.295 )


MINSTEP: ( MinStep ) Regular Wire of Net xi[3][3][0]  ( M1 )
Bounds : ( 79.130, 36.105 ) ( 79.150, 36.120 )


MINSTEP: ( MinStep ) Regular Wire of Net xi[3][3][0]  ( M1 )
Bounds : ( 79.200, 36.105 ) ( 79.215, 36.120 )


MINSTEP: ( MinStep ) Regular Wire of Net MR[2].MC[3].MUL_n_19  ( M2 )
Bounds : ( 78.285, 36.525 ) ( 78.315, 36.535 )


MINSTEP: ( MinStep ) Regular Wire of Net mo[2][3][4]  ( M2 )
Bounds : ( 78.420, 36.360 ) ( 78.450, 36.375 )


MINSTEP: ( MinStep ) Regular Wire of Net mo[2][3][4]  ( M2 )
Bounds : ( 78.530, 36.310 ) ( 78.575, 36.325 )


EndOfLine: ( EndOfLine Spacing ) Regular Wire of Net MR[2].MC[3].MUL_n_19 & Blockage of Cell g39716__8246  ( M1 )
Bounds : ( 78.235, 36.475 ) ( 78.285, 36.505 )


EndOfLine: ( EndOfLine Spacing ) Regular Wire of Net mo[2][3][4] & Pin of Cell FILLTIE_2627  ( M1 )
Bounds : ( 78.450, 36.225 ) ( 78.500, 36.280 )


EndOfLine: ( EndOfLine Spacing ) Regular Wire of Net xi[3][3][0] & Pin of Cell g39967__5122  ( M1 )
Bounds : ( 79.150, 36.120 ) ( 79.200, 36.175 )


SPACING: ( ParallelRunLength Spacing ) Regular Wire of Net MR[2].MC[3].MUL_n_19 & Blockage of Cell g39716__8246  ( M1 )
Bounds : ( 78.230, 36.475 ) ( 78.235, 36.505 )


SPACING: ( ParallelRunLength Spacing ) Regular Wire of Net MR[2].MC[3].MUL_n_19 & Blockage of Cell g39716__8246  ( M1 )
Bounds : ( 78.235, 36.475 ) ( 78.285, 36.505 )


SPACING: ( ParallelRunLength Spacing ) Regular Wire of Net mo[2][3][4] & Blockage of Cell g39716__8246  ( M1 )
Bounds : ( 78.415, 36.390 ) ( 78.450, 36.425 )


SPACING: ( ParallelRunLength Spacing ) Regular Wire of Net mo[2][3][4] & Special Wire of Net VDD  ( M2 )
Bounds : ( 78.420, 36.265 ) ( 78.530, 36.310 )


SPACING: ( ParallelRunLength Spacing ) Regular Wire of Net xi[3][3][0] & Special Wire of Net VDD  ( M2 )
Bounds : ( 79.120, 36.090 ) ( 79.230, 36.135 )


MAR: ( Minimum Area ) Regular Wire of Net MR[2].MC[3].MUL_mul_15_35_n_13  ( M2 )
Bounds : ( 78.065, 37.725 ) ( 78.175, 37.775 )


CUTSPACING: ( Cut EolSpacing ) Regular Wire of Net MR[2].MC[3].MUL_mul_15_35_n_35 & Regular Wire of Net MR[2].MC[3].MUL_mul_15_35_n_31  ( VIA2 )
Bounds : ( 77.445, 37.775 ) ( 77.495, 37.825 )


CUTSPACING: ( Same Layer Cut Spacing ) Regular Wire of Net MR[2].MC[3].MUL_mul_15_35_n_35 & Regular Wire of Net MR[2].MC[3].MUL_mul_15_35_n_31  ( VIA2 )
Bounds : ( 77.445, 37.725 ) ( 77.495, 37.775 )


SHORT: ( Metal Short ) Regular Wire of Net MR[2].MC[3].MUL_mul_15_35_n_35 & Regular Wire of Net MR[2].MC[3].MUL_mul_15_35_n_31  ( M2 )
Bounds : ( 77.465, 37.725 ) ( 77.475, 37.775 )


SHORT: ( Metal Short ) Regular Wire of Net MR[2].MC[3].MUL_mul_15_35_n_13 & Regular Wire of Net MR[2].MC[3].MUL_mul_15_35_n_31  ( M2 )
Bounds : ( 78.065, 37.725 ) ( 78.175, 37.775 )


MAR: ( Minimum Area ) Regular Wire of Net MR[2].MC[3].MUL_mul_15_35_n_35  ( M2 )
Bounds : ( 77.365, 37.725 ) ( 77.475, 37.775 )


MAR: ( Minimum Area ) Regular Wire of Net MR[2].MC[3].MUL_mul_15_35_n_35  ( M3 )
Bounds : ( 77.395, 37.695 ) ( 77.445, 37.905 )


CUTSPACING: ( Cut EolSpacing ) Regular Wire of Net MR[2].MC[3].MUL_mul_15_35_n_35 & Regular Wire of Net MR[2].MC[3].MUL_mul_15_35_n_31  ( VIA2 )
Bounds : ( 77.395, 37.775 ) ( 77.445, 37.825 )


CUTSPACING: ( Same Layer Cut Spacing ) Regular Wire of Net MR[2].MC[3].MUL_mul_15_35_n_35  ( VIA2 )
Bounds : ( 77.395, 37.775 ) ( 77.445, 37.825 )


SHORT: ( Metal Short ) Regular Wire of Net ki[3][3][6] & Regular Wire of Net MR[2].MC[3].MUL_mul_15_35_n_28  ( M3 )
Bounds : ( 76.795, 38.295 ) ( 76.845, 38.705 )


MAR: ( Minimum Area ) Regular Wire of Net n_3834  ( M2 )
Bounds : ( 75.825, 38.625 ) ( 75.975, 38.675 )


MAR: ( Minimum Area ) Regular Wire of Net MR[2].MC[3].MUL_mul_15_35_n_13  ( M2 )
Bounds : ( 75.965, 38.225 ) ( 76.075, 38.275 )


MAR: ( Minimum Area ) Regular Wire of Net MR[2].MC[3].MUL_mul_15_35_n_69  ( M2 )
Bounds : ( 76.265, 38.125 ) ( 76.425, 38.155 )


MAR: ( Minimum Area ) Regular Wire of Net n_3834  ( M3 )
Bounds : ( 75.895, 38.595 ) ( 75.945, 38.805 )


CUTSPACING: ( Same Layer Cut Spacing ) Regular Wire of Net n_3834  ( VIA2 )
Bounds : ( 75.395, 38.675 ) ( 75.445, 38.725 )


CUTSPACING: ( Same Layer Cut Spacing ) Regular Wire of Net n_3834  ( VIA2 )
Bounds : ( 75.895, 38.675 ) ( 75.945, 38.725 )


MINSTEP: ( MinStep ) Regular Wire of Net MR[2].MC[3].MUL_mul_15_35_n_66  ( M1 )
Bounds : ( 75.210, 38.075 ) ( 75.230, 38.090 )


MINSTEP: ( MinStep ) Regular Wire of Net MR[2].MC[3].MUL_mul_15_35_n_66  ( M1 )
Bounds : ( 75.210, 38.170 ) ( 75.245, 38.185 )


MINSTEP: ( MinStep ) Regular Wire of Net MR[2].MC[3].MUL_mul_15_35_n_66  ( M1 )
Bounds : ( 75.280, 38.075 ) ( 75.295, 38.090 )


MINSTEP: ( MinStep ) Regular Wire of Net n_3834  ( M1 )
Bounds : ( 75.825, 38.595 ) ( 75.855, 38.625 )


MINSTEP: ( MinStep ) Regular Wire of Net n_3834  ( M1 )
Bounds : ( 75.825, 38.675 ) ( 75.855, 38.705 )


MINSTEP: ( MinStep ) Regular Wire of Net MR[2].MC[3].MUL_mul_15_35_n_69  ( M1 )
Bounds : ( 76.325, 38.075 ) ( 76.345, 38.090 )


MINSTEP: ( MinStep ) Regular Wire of Net MR[2].MC[3].MUL_mul_15_35_n_69  ( M1 )
Bounds : ( 76.375, 38.170 ) ( 76.410, 38.185 )


MINSTEP: ( MinStep ) Regular Wire of Net MR[2].MC[3].MUL_mul_15_35_n_69  ( M1 )
Bounds : ( 76.395, 38.075 ) ( 76.410, 38.090 )


MINSTEP: ( MinStep ) Regular Wire of Net MR[2].MC[3].MUL_mul_15_35_n_66  ( M2 )
Bounds : ( 75.200, 38.155 ) ( 75.230, 38.175 )


MINSTEP: ( MinStep ) Regular Wire of Net MR[2].MC[3].MUL_mul_15_35_n_69  ( M2 )
Bounds : ( 76.395, 38.155 ) ( 76.425, 38.175 )


SHORT: ( Metal Short ) Regular Wire of Net MR[2].MC[3].MUL_mul_15_35_n_66 & Regular Wire of Net MR[2].MC[3].MUL_mul_15_35_n_69  ( M2 )
Bounds : ( 76.265, 38.125 ) ( 76.425, 38.155 )


SHORT: ( Metal Short ) Regular Wire of Net MR[2].MC[3].MUL_mul_15_35_n_69 & Regular Wire of Net MR[2].MC[3].MUL_mul_15_35_n_66  ( M2 )
Bounds : ( 76.265, 38.125 ) ( 76.395, 38.175 )


SHORT: ( Metal Short ) Regular Wire of Net place_opt_net_FE_OFN46_MR_3__MC_6__MUL_mul_15_35_n_0 & Regular Wire of Net n_3834  ( M3 )
Bounds : ( 75.895, 38.595 ) ( 75.945, 38.805 )


EndOfLine: ( EndOfLine Spacing ) Regular Wire of Net MR[2].MC[3].MUL_mul_15_35_n_66 & Pin of Cell MR[3].MC[3].MUL_mul_15_35_retime_s5_76_reg  ( M1 )
Bounds : ( 75.230, 38.025 ) ( 75.280, 38.075 )


EndOfLine: ( EndOfLine Spacing ) Regular Wire of Net n_3834 & Pin of Cell MR[2].MC[3].MUL_mul_15_35_g523  ( M1 )
Bounds : ( 75.850, 38.705 ) ( 75.855, 38.730 )


EndOfLine: ( EndOfLine Spacing ) Regular Wire of Net n_3834 & Pin of Cell MR[2].MC[3].MUL_mul_15_35_g523  ( M1 )
Bounds : ( 75.855, 38.555 ) ( 75.905, 38.595 )


EndOfLine: ( EndOfLine Spacing ) Regular Wire of Net MR[2].MC[3].MUL_mul_15_35_n_69 & Pin of Cell MR[2].MC[3].MUL_mul_15_35_cdnfadd_004_1  ( M1 )
Bounds : ( 76.345, 38.025 ) ( 76.395, 38.075 )


SPACING: ( ParallelRunLength Spacing ) Regular Wire of Net n_3834 & Pin of Cell MR[2].MC[3].MUL_mul_15_35_g523  ( M1 )
Bounds : ( 75.850, 38.705 ) ( 75.855, 38.730 )


SPACING: ( ParallelRunLength Spacing ) Regular Wire of Net n_3834 & Pin of Cell MR[2].MC[3].MUL_mul_15_35_g523  ( M1 )
Bounds : ( 75.855, 38.555 ) ( 75.905, 38.595 )


SPACING: ( ParallelRunLength Spacing ) Regular Wire of Net MR[2].MC[3].MUL_mul_15_35_n_66 & Special Wire of Net VDD  ( M2 )
Bounds : ( 75.200, 38.065 ) ( 75.310, 38.105 )


SPACING: ( ParallelRunLength Spacing ) Regular Wire of Net MR[2].MC[3].MUL_mul_15_35_n_66 & Special Wire of Net VDD  ( M2 )
Bounds : ( 76.315, 38.065 ) ( 76.425, 38.105 )


MAR: ( Minimum Area ) Regular Wire of Net MR[2].MC[3].MUL_mul_15_35_n_13  ( M2 )
Bounds : ( 77.465, 37.325 ) ( 77.615, 37.375 )


MAR: ( Minimum Area ) Regular Wire of Net MR[2].MC[3].MUL_mul_15_35_n_13  ( M3 )
Bounds : ( 77.495, 37.195 ) ( 77.545, 37.405 )


CUTSPACING: ( Same Layer Cut Spacing ) Regular Wire of Net MR[2].MC[3].MUL_mul_15_35_n_13  ( VIA2 )
Bounds : ( 77.495, 37.275 ) ( 77.545, 37.325 )


MINSTEP: ( MinStep ) Regular Wire of Net MR[2].MC[3].MUL_mul_15_35_n_13  ( M1 )
Bounds : ( 77.585, 37.295 ) ( 77.615, 37.325 )


MINSTEP: ( MinStep ) Regular Wire of Net MR[2].MC[3].MUL_mul_15_35_n_13  ( M1 )
Bounds : ( 77.585, 37.375 ) ( 77.615, 37.405 )


SHORT: ( Metal Short ) Regular Wire of Net MR[2].MC[3].MUL_mul_15_35_n_31 & Regular Wire of Net place_opt_net_FE_OFN62_place_opt_net_FE_DBTN0_n_2948  ( M2 )
Bounds : ( 77.465, 37.525 ) ( 78.075, 37.575 )


EndOfLine: ( EndOfLine Spacing ) Regular Wire of Net MR[2].MC[3].MUL_mul_15_35_n_13 & Pin of Cell MR[2].MC[3].MUL_mul_15_35_g490  ( M1 )
Bounds : ( 77.535, 37.405 ) ( 77.585, 37.445 )


EndOfLine: ( EndOfLine Spacing ) Regular Wire of Net MR[2].MC[3].MUL_mul_15_35_n_13 & Pin of Cell MR[2].MC[3].MUL_mul_15_35_g490  ( M1 )
Bounds : ( 77.585, 37.270 ) ( 77.590, 37.295 )


EndOfLine: ( EndOfLine Spacing ) Regular Wire of Net place_opt_net_FE_OFN62_place_opt_net_FE_DBTN0_n_2948 & Blockage of Cell g39716__8246  ( M1 )
Bounds : ( 78.095, 36.905 ) ( 78.095, 36.940 )


SPACING: ( ParallelRunLength Spacing ) Regular Wire of Net MR[2].MC[3].MUL_mul_15_35_n_13 & Pin of Cell MR[2].MC[3].MUL_mul_15_35_g490  ( M1 )
Bounds : ( 77.535, 37.405 ) ( 77.585, 37.445 )


SPACING: ( ParallelRunLength Spacing ) Regular Wire of Net MR[2].MC[3].MUL_mul_15_35_n_13 & Pin of Cell MR[3].MC[3].MUL_mul_15_35_retime_s5_77_reg  ( M1 )
Bounds : ( 77.585, 37.270 ) ( 77.595, 37.295 )


SPACING: ( ParallelRunLength Spacing ) Regular Wire of Net place_opt_net_FE_OFN62_place_opt_net_FE_DBTN0_n_2948 & Blockage of Cell g39716__8246  ( M1 )
Bounds : ( 78.095, 36.905 ) ( 78.095, 36.940 )


MAR: ( Minimum Area ) Regular Wire of Net MR[3].MC[3].MUL_mul_15_35_n_89  ( M2 )
Bounds : ( 76.755, 37.525 ) ( 76.975, 37.575 )


SHORT: ( Metal Short ) Regular Wire of Net place_opt_net_FE_OFN62_place_opt_net_FE_DBTN0_n_2948 & Regular Wire of Net MR[3].MC[3].MUL_mul_15_35_n_89  ( M2 )
Bounds : ( 76.755, 37.525 ) ( 76.975, 37.575 )


MAR: ( Minimum Area ) Regular Wire of Net MR[3].MC[3].MUL_mul_15_35_n_91  ( M2 )
Bounds : ( 77.735, 36.625 ) ( 77.875, 36.675 )


SPACING: ( ParallelRunLength Spacing ) Regular Wire of Net place_opt_net_FE_OFN62_place_opt_net_FE_DBTN0_n_2948 & Blockage of Cell g39716__8246  ( M1 )
Bounds : ( 78.055, 36.795 ) ( 78.095, 36.905 )


EndOfLine: ( EndOfLine Spacing ) Regular Wire of Net MR[3].MC[3].MUL_mul_15_35_n_7 & Pin of Cell MR[3].MC[3].MUL_mul_15_35_retime_s5_50_reg  ( M1 )
Bounds : ( 75.705, 36.905 ) ( 75.715, 36.940 )


SPACING: ( ParallelRunLength Spacing ) Regular Wire of Net MR[3].MC[3].MUL_mul_15_35_n_7 & Pin of Cell MR[3].MC[3].MUL_mul_15_35_retime_s5_50_reg  ( M1 )
Bounds : ( 75.705, 36.905 ) ( 75.715, 36.940 )


SHORT: ( Metal Short ) Regular Wire of Net place_opt_net_FE_OFN46_MR_3__MC_6__MUL_mul_15_35_n_0 & Blockage of Cell MR[3].MC[3].MUL_mul_15_35_retime_s5_50_reg  ( M2 )
Bounds : ( 76.465, 36.525 ) ( 76.510, 36.575 )


CUTSPACING: ( Same Layer Cut Spacing ) Regular Wire of Net CTS_67 & Regular Wire of Net MR[3].MC[3].MUL_mul_15_35_n_7  ( VIA2 )
Bounds : ( 75.595, 36.775 ) ( 75.645, 36.825 )


MAR: ( Minimum Area ) Regular Wire of Net MR[3].MC[3].MUL_mul_15_35_n_7  ( M2 )
Bounds : ( 75.565, 36.825 ) ( 75.795, 36.875 )


MAR: ( Minimum Area ) Regular Wire of Net place_opt_net_FE_OFN46_MR_3__MC_6__MUL_mul_15_35_n_0  ( M3 )
Bounds : ( 75.695, 37.595 ) ( 75.745, 37.905 )


MAR: ( Minimum Area ) Regular Wire of Net MR[2].MC[3].MUL_mul_15_35_n_31  ( M3 )
Bounds : ( 77.495, 37.495 ) ( 77.545, 37.805 )


SHORT: ( Metal Short ) Regular Wire of Net MR[2].MC[3].MUL_mul_15_35_n_13 & Regular Wire of Net ki[3][3][7]  ( M3 )
Bounds : ( 78.095, 37.195 ) ( 78.145, 37.805 )


MAR: ( Minimum Area ) Regular Wire of Net MR[2].MC[3].MUL_n_19  ( M2 )
Bounds : ( 78.165, 36.535 ) ( 78.315, 36.575 )


MAR: ( Minimum Area ) Regular Wire of Net MR[2].MC[3].MUL_mul_15_35_n_35  ( M2 )
Bounds : ( 78.165, 37.425 ) ( 78.315, 37.475 )


MAR: ( Minimum Area ) Regular Wire of Net MR[2].MC[3].MUL_n_19  ( M3 )
Bounds : ( 78.195, 36.445 ) ( 78.245, 36.605 )


CUTSPACING: ( Cut EolSpacing ) Regular Wire of Net n_4133 & Regular Wire of Net MR[2].MC[3].MUL_mul_15_35_n_35  ( VIA2 )
Bounds : ( 78.195, 37.375 ) ( 78.245, 37.425 )


CUTSPACING: ( Same Layer Cut Spacing ) Regular Wire of Net n_4133 & Regular Wire of Net MR[2].MC[3].MUL_mul_15_35_n_35  ( VIA2 )
Bounds : ( 78.195, 37.375 ) ( 78.245, 37.425 )


MINSTEP: ( MinStep ) Regular Wire of Net MR[2].MC[3].MUL_n_19  ( M2 )
Bounds : ( 78.165, 36.575 ) ( 78.205, 36.585 )


SHORT: ( Metal Short ) Regular Wire of Net MR[2].MC[3].MUL_mul_15_35_n_35 & Regular Wire of Net n_4133  ( M3 )
Bounds : ( 78.195, 37.395 ) ( 78.245, 37.905 )


MAR: ( Minimum Area ) Regular Wire of Net MR[2].MC[3].MUL_mul_15_35_n_69  ( M3 )
Bounds : ( 77.195, 39.095 ) ( 77.245, 39.305 )


CUTSPACING: ( Same Layer Cut Spacing ) Regular Wire of Net MR[2].MC[3].MUL_mul_15_35_n_69  ( VIA2 )
Bounds : ( 77.195, 39.175 ) ( 77.245, 39.225 )


SHORT: ( Metal Short ) Regular Wire of Net MR[2].MC[3].MUL_mul_15_35_n_30 & Regular Wire of Net n_4442  ( M2 )
Bounds : ( 80.725, 35.925 ) ( 80.875, 35.975 )


MINSTEP: ( MinStep ) Regular Wire of Net MR[2].MC[3].MUL_mul_15_35_n_30  ( M1 )
Bounds : ( 80.805, 35.975 ) ( 80.825, 36.005 )


MINSTEP: ( MinStep ) Regular Wire of Net MR[2].MC[3].MUL_mul_15_35_n_30  ( M1 )
Bounds : ( 80.715, 35.895 ) ( 80.755, 35.925 )


MAR: ( Minimum Area ) Regular Wire of Net n_3915  ( M2 )
Bounds : ( 80.865, 35.725 ) ( 80.975, 35.775 )


MAR: ( Minimum Area ) Regular Wire of Net MR[2].MC[3].MUL_mul_15_35_n_30  ( M2 )
Bounds : ( 80.725, 35.925 ) ( 80.875, 35.975 )


EndOfLine: ( EndOfLine Spacing ) Regular Wire of Net MR[2].MC[3].MUL_mul_15_35_n_30 & Pin of Cell MR[2].MC[3].MUL_mul_15_35_g508  ( M1 )
Bounds : ( 80.750, 36.005 ) ( 80.755, 36.030 )


EndOfLine: ( EndOfLine Spacing ) Regular Wire of Net MR[2].MC[3].MUL_mul_15_35_n_30 & Pin of Cell MR[2].MC[3].MUL_mul_15_35_g508  ( M1 )
Bounds : ( 80.795, 35.875 ) ( 80.805, 35.895 )


SPACING: ( ParallelRunLength Spacing ) Regular Wire of Net MR[2].MC[3].MUL_mul_15_35_n_30 & Pin of Cell MR[2].MC[3].MUL_mul_15_35_g508  ( M1 )
Bounds : ( 80.715, 35.895 ) ( 80.755, 35.925 )


SPACING: ( ParallelRunLength Spacing ) Regular Wire of Net MR[2].MC[3].MUL_mul_15_35_n_30 & Pin of Cell MR[2].MC[3].MUL_mul_15_35_g508  ( M1 )
Bounds : ( 80.750, 36.005 ) ( 80.755, 36.030 )


SPACING: ( ParallelRunLength Spacing ) Regular Wire of Net MR[2].MC[3].MUL_mul_15_35_n_30 & Pin of Cell MR[2].MC[3].MUL_mul_15_35_g508  ( M1 )
Bounds : ( 80.795, 35.875 ) ( 80.805, 35.895 )


SPACING: ( ParallelRunLength Spacing ) Regular Wire of Net MR[2].MC[3].MUL_mul_15_35_n_30 & Pin of Cell MR[2].MC[3].MUL_mul_15_35_g508  ( M1 )
Bounds : ( 80.805, 35.975 ) ( 80.825, 36.005 )


MAR: ( Minimum Area ) Regular Wire of Net n_4133  ( M2 )
Bounds : ( 80.865, 35.525 ) ( 81.075, 35.575 )


SHORT: ( Metal Short ) Regular Wire of Net n_4133 & Regular Wire of Net n_4112  ( M2 )
Bounds : ( 80.865, 35.525 ) ( 81.075, 35.575 )


SHORT: ( Metal Short ) Regular Wire of Net place_opt_net_FE_OFN62_place_opt_net_FE_DBTN0_n_2948 & Regular Wire of Net ki[3][3][0]  ( M2 )
Bounds : ( 80.865, 34.725 ) ( 80.975, 34.775 )


SHORT: ( Metal Short ) Regular Wire of Net n_4112 & Regular Wire of Net place_opt_net_FE_OFN4_s_ready  ( M2 )
Bounds : ( 80.665, 35.025 ) ( 81.115, 35.075 )


MINSTEP: ( MinStep ) Regular Wire of Net ki[3][3][0]  ( M2 )
Bounds : ( 80.655, 34.560 ) ( 80.665, 34.575 )


MINSTEP: ( MinStep ) Regular Wire of Net place_opt_net_FE_OFN62_place_opt_net_FE_DBTN0_n_2948  ( M1 )
Bounds : ( 80.865, 34.705 ) ( 80.895, 34.725 )


MINSTEP: ( MinStep ) Regular Wire of Net ki[3][3][0]  ( M1 )
Bounds : ( 80.715, 34.575 ) ( 80.750, 34.590 )


MAR: ( Minimum Area ) Regular Wire of Net place_opt_net_FE_OFN62_place_opt_net_FE_DBTN0_n_2948  ( M2 )
Bounds : ( 80.865, 34.725 ) ( 80.975, 34.785 )


MAR: ( Minimum Area ) Regular Wire of Net ki[3][3][0]  ( M2 )
Bounds : ( 80.655, 34.525 ) ( 80.775, 34.560 )


SPACING: ( ParallelRunLength Spacing ) Regular Wire of Net ki[3][3][0] & Blockage of Cell g39899__5477  ( M1 )
Bounds : ( 80.735, 34.590 ) ( 80.765, 34.625 )


SPACING: ( ParallelRunLength Spacing ) Regular Wire of Net place_opt_net_FE_OFN62_place_opt_net_FE_DBTN0_n_2948 & Blockage of Cell g39899__5477  ( M1 )
Bounds : ( 80.895, 34.675 ) ( 80.945, 34.705 )


SPACING: ( ParallelRunLength Spacing ) Regular Wire of Net ki[3][3][0] & Regular Wire of Net place_opt_net_FE_OFN62_place_opt_net_FE_DBTN0_n_2948  ( M2 )
Bounds : ( 80.865, 34.785 ) ( 80.975, 34.825 )


VIAENCLOSURE: ( Enclosure ) Regular Wire of Net n_3958  ( VIA1 )
Bounds : ( 78.795, 35.525 ) ( 78.845, 35.575 )


MAR: ( Minimum Area ) Regular Wire of Net n_3958  ( M2 )
Bounds : ( 78.765, 35.525 ) ( 78.875, 35.575 )


MAR: ( Minimum Area ) Regular Wire of Net xi[3][3][0]  ( M2 )
Bounds : ( 79.120, 36.040 ) ( 79.275, 36.075 )


MINSTEP: ( MinStep ) Regular Wire of Net place_opt_net_FE_OFN62_place_opt_net_FE_DBTN0_n_2948  ( M1 )
Bounds : ( 78.905, 35.785 ) ( 78.965, 35.805 )


MINSTEP: ( MinStep ) Regular Wire of Net place_opt_net_FE_OFN62_place_opt_net_FE_DBTN0_n_2948  ( M1 )
Bounds : ( 78.905, 35.875 ) ( 78.935, 35.895 )


MINSTEP: ( MinStep ) Regular Wire of Net place_opt_net_FE_OFN62_place_opt_net_FE_DBTN0_n_2948  ( M1 )
Bounds : ( 78.985, 35.875 ) ( 79.015, 35.895 )


MINSTEP: ( MinStep ) Regular Wire of Net xi[3][3][0]  ( M1 )
Bounds : ( 79.130, 36.010 ) ( 79.165, 36.025 )


MINSTEP: ( MinStep ) Regular Wire of Net place_opt_net_FE_OFN62_place_opt_net_FE_DBTN0_n_2948  ( M2 )
Bounds : ( 78.865, 35.815 ) ( 78.905, 35.825 )


MINSTEP: ( MinStep ) Regular Wire of Net xi[3][3][0]  ( M2 )
Bounds : ( 79.120, 36.025 ) ( 79.150, 36.040 )


EndOfLine: ( EndOfLine Spacing ) Regular Wire of Net n_3958 & Blockage of Cell g39967__5122  ( M1 )
Bounds : ( 78.755, 35.525 ) ( 78.795, 35.575 )


EndOfLine: ( EndOfLine Spacing ) Regular Wire of Net place_opt_net_FE_OFN62_place_opt_net_FE_DBTN0_n_2948 & Blockage of Cell g39967__5122  ( M1 )
Bounds : ( 78.935, 35.895 ) ( 78.985, 35.925 )


SPACING: ( ParallelRunLength Spacing ) Regular Wire of Net n_3958 & Blockage of Cell g39967__5122  ( M1 )
Bounds : ( 78.755, 35.525 ) ( 78.795, 35.575 )


SPACING: ( ParallelRunLength Spacing ) Regular Wire of Net place_opt_net_FE_OFN62_place_opt_net_FE_DBTN0_n_2948 & Blockage of Cell g39967__5122  ( M1 )
Bounds : ( 78.930, 35.895 ) ( 78.935, 35.925 )


SPACING: ( ParallelRunLength Spacing ) Regular Wire of Net place_opt_net_FE_OFN62_place_opt_net_FE_DBTN0_n_2948 & Blockage of Cell g39967__5122  ( M1 )
Bounds : ( 78.935, 35.895 ) ( 78.985, 35.925 )


SPACING: ( ParallelRunLength Spacing ) Regular Wire of Net xi[3][3][0] & Blockage of Cell g39967__5122  ( M1 )
Bounds : ( 79.115, 35.975 ) ( 79.150, 36.010 )


MAR: ( Minimum Area ) Regular Wire of Net n_4133  ( M2 )
Bounds : ( 80.865, 33.725 ) ( 81.075, 33.775 )


MAR: ( Minimum Area ) Regular Wire of Net place_opt_net_FE_OFN62_place_opt_net_FE_DBTN0_n_2948  ( M2 )
Bounds : ( 80.865, 34.025 ) ( 81.115, 34.065 )


MINSTEP: ( MinStep ) Regular Wire of Net ki[3][3][0]  ( M1 )
Bounds : ( 80.665, 34.480 ) ( 80.685, 34.495 )


MINSTEP: ( MinStep ) Regular Wire of Net ki[3][3][0]  ( M1 )
Bounds : ( 80.735, 34.480 ) ( 80.750, 34.495 )


EndOfLine: ( EndOfLine Spacing ) Regular Wire of Net ki[3][3][0] & Pin of Cell g39897__7410  ( M1 )
Bounds : ( 80.685, 34.425 ) ( 80.735, 34.480 )


EndOfLine: ( EndOfLine Spacing ) Regular Wire of Net n_4133 & Blockage of Cell g39897__7410  ( M1 )
Bounds : ( 80.895, 33.660 ) ( 80.895, 33.695 )


SPACING: ( ParallelRunLength Spacing ) Regular Wire of Net n_4133 & Blockage of Cell g39897__7410  ( M1 )
Bounds : ( 80.855, 33.695 ) ( 80.895, 33.805 )


SPACING: ( ParallelRunLength Spacing ) Regular Wire of Net n_4133 & Blockage of Cell g39897__7410  ( M1 )
Bounds : ( 80.895, 33.660 ) ( 80.895, 33.695 )


SPACING: ( ParallelRunLength Spacing ) Regular Wire of Net ki[3][3][0] & Special Wire of Net VDD  ( M2 )
Bounds : ( 80.655, 34.465 ) ( 80.765, 34.510 )


MAR: ( Minimum Area ) Regular Wire of Net ki[3][3][0]  ( M3 )
Bounds : ( 80.695, 34.495 ) ( 80.745, 34.805 )


MINSTEP: ( MinStep ) Regular Wire of Net ki[3][3][0]  ( M2 )
Bounds : ( 80.765, 34.510 ) ( 80.775, 34.525 )


MAR: ( Minimum Area ) Regular Wire of Net place_opt_net_FE_OFN4_s_ready  ( M2 )
Bounds : ( 76.665, 34.925 ) ( 76.775, 34.975 )


MAR: ( Minimum Area ) Regular Wire of Net ki[3][3][6]  ( M2 )
Bounds : ( 76.765, 34.825 ) ( 76.915, 34.875 )


MAR: ( Minimum Area ) Regular Wire of Net MR[3].MC[3].MUL_mul_15_35_n_87  ( M2 )
Bounds : ( 77.865, 35.725 ) ( 77.985, 35.775 )


MAR: ( Minimum Area ) Regular Wire of Net place_opt_net_FE_OFN4_s_ready  ( M2 )
Bounds : ( 77.925, 34.925 ) ( 78.075, 34.975 )


MAR: ( Minimum Area ) Regular Wire of Net ki[3][3][7]  ( M2 )
Bounds : ( 78.065, 34.825 ) ( 78.175, 34.875 )


MAR: ( Minimum Area ) Regular Wire of Net place_opt_net_FE_OFN4_s_ready  ( M3 )
Bounds : ( 76.695, 34.895 ) ( 76.745, 35.105 )


MAR: ( Minimum Area ) Regular Wire of Net place_opt_net_FE_OFN4_s_ready  ( M3 )
Bounds : ( 77.995, 34.895 ) ( 78.045, 35.105 )


CUTSPACING: ( Cut EolSpacing ) Regular Wire of Net place_opt_net_FE_OFN4_s_ready & Regular Wire of Net ki[3][3][6]  ( VIA2 )
Bounds : ( 76.695, 34.975 ) ( 76.745, 35.025 )


CUTSPACING: ( Cut EolSpacing ) Regular Wire of Net place_opt_net_FE_OFN4_s_ready & Regular Wire of Net ki[3][3][7]  ( VIA2 )
Bounds : ( 78.045, 34.875 ) ( 78.095, 34.925 )


CUTSPACING: ( Cut EolSpacing ) Regular Wire of Net MR[3].MC[3].MUL_mul_15_35_n_91 & Regular Wire of Net MR[3].MC[3].MUL_mul_15_35_n_87  ( VIA3 )
Bounds : ( 77.845, 35.025 ) ( 77.895, 35.075 )


CUTSPACING: ( Same Layer Cut Spacing ) Regular Wire of Net place_opt_net_FE_OFN4_s_ready  ( VIA2 )
Bounds : ( 76.695, 34.975 ) ( 76.745, 35.025 )


CUTSPACING: ( Same Layer Cut Spacing ) Regular Wire of Net MR[3].MC[3].MUL_mul_15_35_n_91 & Regular Wire of Net MR[3].MC[3].MUL_mul_15_35_n_87  ( VIA2 )
Bounds : ( 77.845, 34.825 ) ( 77.895, 34.875 )


CUTSPACING: ( Same Layer Cut Spacing ) Regular Wire of Net place_opt_net_FE_OFN4_s_ready  ( VIA2 )
Bounds : ( 77.995, 34.975 ) ( 78.045, 35.025 )


MINSTEP: ( MinStep ) Regular Wire of Net ki[3][3][6]  ( M1 )
Bounds : ( 76.805, 34.895 ) ( 76.835, 34.905 )


MINSTEP: ( MinStep ) Regular Wire of Net ki[3][3][6]  ( M1 )
Bounds : ( 76.855, 34.775 ) ( 76.915, 34.825 )


MINSTEP: ( MinStep ) Regular Wire of Net ki[3][3][6]  ( M1 )
Bounds : ( 76.885, 34.895 ) ( 76.915, 34.905 )


MINSTEP: ( MinStep ) Regular Wire of Net MR[3].MC[3].MUL_mul_15_35_n_4  ( M1 )
Bounds : ( 77.495, 34.550 ) ( 77.545, 34.570 )


MINSTEP: ( MinStep ) Regular Wire of Net MR[3].MC[3].MUL_mul_15_35_n_4  ( M2 )
Bounds : ( 77.520, 34.540 ) ( 77.550, 34.575 )


SHORT: ( Metal Short ) Regular Wire of Net MR[3].MC[3].MUL_mul_15_35_n_89 & Regular Wire of Net place_opt_net_FE_OFN4_s_ready  ( M2 )
Bounds : ( 76.665, 34.925 ) ( 76.775, 34.975 )


SHORT: ( Metal Short ) Regular Wire of Net ki[3][3][6] & Regular Wire of Net MR[3].MC[3].MUL_mul_15_35_n_91  ( M2 )
Bounds : ( 76.765, 34.825 ) ( 76.915, 34.875 )


SHORT: ( Metal Short ) Regular Wire of Net MR[3].MC[3].MUL_mul_15_35_n_91 & Regular Wire of Net MR[3].MC[3].MUL_mul_15_35_n_87  ( M2 )
Bounds : ( 77.645, 34.825 ) ( 77.875, 34.875 )


EndOfLine: ( EndOfLine Spacing ) Regular Wire of Net ki[3][3][6] & Pin of Cell MR[3].MC[3].MUL_mul_15_35_g2300  ( M1 )
Bounds : ( 76.835, 34.905 ) ( 76.885, 34.955 )


SPACING: ( ParallelRunLength Spacing ) Regular Wire of Net ki[3][3][6] & Pin of Cell MR[3].MC[3].MUL_mul_15_35_g2300  ( M1 )
Bounds : ( 76.855, 34.775 ) ( 76.885, 34.795 )


SPACING: ( ParallelRunLength Spacing ) Regular Wire of Net MR[3].MC[3].MUL_mul_15_35_n_4 & Blockage of Cell MR[3].MC[3].MUL_mul_15_35_g2303  ( M1 )
Bounds : ( 77.520, 34.570 ) ( 77.545, 34.600 )


SPACING: ( ParallelRunLength Spacing ) Regular Wire of Net MR[3].MC[3].MUL_mul_15_35_n_4 & Pin of Cell MR[3].MC[3].MUL_mul_15_35_retime_s3_66_reg  ( M1 )
Bounds : ( 75.845, 35.460 ) ( 75.855, 35.495 )


EndOfLine: ( EndOfLine Spacing ) Regular Wire of Net MR[3].MC[3].MUL_mul_15_35_n_4 & Pin of Cell MR[3].MC[3].MUL_mul_15_35_retime_s3_66_reg  ( M1 )
Bounds : ( 75.845, 35.460 ) ( 75.855, 35.495 )


SHORT: ( Metal Short ) Regular Wire of Net MR[3].MC[3].MUL_mul_15_35_n_88 & Regular Wire of Net CTS_67  ( M3 )
Bounds : ( 75.695, 35.600 ) ( 75.745, 35.700 )


MAR: ( Minimum Area ) Regular Wire of Net MR[3].MC[3].MUL_mul_15_35_n_4  ( M2 )
Bounds : ( 75.825, 35.525 ) ( 75.975, 35.575 )


SPACING: ( ParallelRunLength Spacing ) Regular Wire of Net CTS_67 & Regular Wire of Net MR[3].MC[3].MUL_mul_15_35_n_4  ( M3 )
Bounds : ( 75.870, 35.600 ) ( 75.895, 35.605 )


SPACING: ( ParallelRunLength Spacing ) Regular Wire of Net MR[3].MC[3].MUL_mul_15_35_n_5 & Blockage of Cell MR[3].MC[3].MUL_mul_15_35_g2302  ( M1 )
Bounds : ( 75.755, 34.570 ) ( 75.780, 34.600 )


SPACING: ( ParallelRunLength Spacing ) Regular Wire of Net ki[3][3][5] & Pin of Cell MR[3].MC[3].MUL_mul_15_35_g2302  ( M1 )
Bounds : ( 75.155, 34.775 ) ( 75.185, 34.795 )


EndOfLine: ( EndOfLine Spacing ) Regular Wire of Net MR[3].MC[3].MUL_mul_15_35_n_5 & Special Wire of Net VDD  ( M2 )
Bounds : ( 75.860, 34.525 ) ( 75.865, 34.540 )


EndOfLine: ( EndOfLine Spacing ) Regular Wire of Net ki[3][3][5] & Pin of Cell MR[3].MC[3].MUL_mul_15_35_g2302  ( M1 )
Bounds : ( 75.155, 34.905 ) ( 75.205, 34.955 )


SHORT: ( Metal Short ) Regular Wire of Net MR[3].MC[3].MUL_mul_15_35_n_7 & Regular Wire of Net MR[3].MC[3].MUL_mul_15_35_n_89  ( M3 )
Bounds : ( 75.595, 34.795 ) ( 75.645, 35.005 )


SHORT: ( Metal Short ) Regular Wire of Net MR[3].MC[3].MUL_mul_15_35_n_7 & Regular Wire of Net MR[3].MC[3].MUL_mul_15_35_n_4  ( M2 )
Bounds : ( 76.165, 34.525 ) ( 76.275, 34.575 )


SHORT: ( Metal Short ) Regular Wire of Net MR[3].MC[3].MUL_mul_15_35_n_4 & Regular Wire of Net MR[3].MC[3].MUL_mul_15_35_n_7  ( M2 )
Bounds : ( 76.165, 34.525 ) ( 76.290, 34.540 )


MINSTEP: ( MinStep ) Regular Wire of Net MR[3].MC[3].MUL_mul_15_35_n_7 & Regular Wire of Net MR[3].MC[3].MUL_mul_15_35_n_4  ( M2 )
Bounds : ( 76.275, 34.540 ) ( 76.290, 34.575 )


MINSTEP: ( MinStep ) Regular Wire of Net MR[3].MC[3].MUL_mul_15_35_n_5  ( M2 )
Bounds : ( 75.830, 34.540 ) ( 75.860, 34.575 )


MINSTEP: ( MinStep ) Regular Wire of Net MR[3].MC[3].MUL_mul_15_35_n_7  ( M1 )
Bounds : ( 76.235, 34.550 ) ( 76.285, 34.570 )


MINSTEP: ( MinStep ) Regular Wire of Net MR[3].MC[3].MUL_mul_15_35_n_5  ( M1 )
Bounds : ( 75.755, 34.550 ) ( 75.805, 34.570 )


MINSTEP: ( MinStep ) Regular Wire of Net ki[3][3][5]  ( M1 )
Bounds : ( 75.205, 34.895 ) ( 75.235, 34.905 )


MINSTEP: ( MinStep ) Regular Wire of Net ki[3][3][5]  ( M1 )
Bounds : ( 75.125, 34.895 ) ( 75.155, 34.905 )


MINSTEP: ( MinStep ) Regular Wire of Net ki[3][3][5]  ( M1 )
Bounds : ( 75.125, 34.775 ) ( 75.185, 34.825 )


CUTSPACING: ( Same Layer Cut Spacing ) Regular Wire of Net MR[3].MC[3].MUL_mul_15_35_n_89  ( VIA2 )
Bounds : ( 75.595, 34.875 ) ( 75.645, 34.925 )


CUTSPACING: ( Same Layer Cut Spacing ) Regular Wire of Net MR[3].MC[3].MUL_mul_15_35_n_7 & Regular Wire of Net MR[3].MC[3].MUL_mul_15_35_n_89  ( VIA2 )
Bounds : ( 75.595, 34.775 ) ( 75.645, 34.825 )


CUTSPACING: ( Same Layer Cut Spacing ) Regular Wire of Net place_opt_net_FE_OFN4_s_ready  ( VIA2 )
Bounds : ( 75.295, 34.975 ) ( 75.345, 35.025 )


CUTSPACING: ( Cut EolSpacing ) Regular Wire of Net MR[3].MC[3].MUL_mul_15_35_n_7 & Regular Wire of Net MR[3].MC[3].MUL_mul_15_35_n_89  ( VIA2 )
Bounds : ( 75.595, 34.775 ) ( 75.645, 34.825 )


CUTSPACING: ( Cut EolSpacing ) Regular Wire of Net place_opt_net_FE_OFN4_s_ready & Regular Wire of Net ki[3][3][5]  ( VIA2 )
Bounds : ( 75.295, 34.975 ) ( 75.345, 35.025 )


MAR: ( Minimum Area ) Regular Wire of Net MR[3].MC[3].MUL_mul_15_35_n_89  ( M3 )
Bounds : ( 75.595, 34.795 ) ( 75.645, 35.005 )


MAR: ( Minimum Area ) Regular Wire of Net place_opt_net_FE_OFN4_s_ready  ( M3 )
Bounds : ( 75.295, 34.895 ) ( 75.345, 35.105 )


MAR: ( Minimum Area ) Regular Wire of Net ki[3][3][5]  ( M3 )
Bounds : ( 75.195, 34.595 ) ( 75.245, 34.905 )


MAR: ( Minimum Area ) Regular Wire of Net MR[3].MC[3].MUL_mul_15_35_n_7  ( M2 )
Bounds : ( 76.165, 34.525 ) ( 76.290, 34.540 )


MAR: ( Minimum Area ) Regular Wire of Net MR[3].MC[3].MUL_mul_15_35_n_89  ( M2 )
Bounds : ( 75.545, 34.825 ) ( 75.675, 34.875 )


MAR: ( Minimum Area ) Regular Wire of Net place_opt_net_FE_OFN4_s_ready  ( M2 )
Bounds : ( 75.265, 34.925 ) ( 75.375, 34.975 )


MAR: ( Minimum Area ) Regular Wire of Net ki[3][3][5]  ( M2 )
Bounds : ( 75.125, 34.825 ) ( 75.275, 34.875 )


SPACING: ( ParallelRunLength Spacing ) Regular Wire of Net MR[3].MC[3].MUL_mul_15_35_n_7 & Blockage of Cell MR[3].MC[3].MUL_mul_15_35_g2300  ( M1 )
Bounds : ( 76.260, 34.570 ) ( 76.285, 34.600 )


SPACING: ( ParallelRunLength Spacing ) Regular Wire of Net MR[3].MC[3].MUL_mul_15_35_n_5 & Regular Wire of Net MR[3].MC[3].MUL_mul_15_35_n_4  ( M2 )
Bounds : ( 75.830, 34.525 ) ( 75.865, 34.575 )


SHORT: ( Metal Short ) Regular Wire of Net place_opt_net_FE_OFN46_MR_3__MC_6__MUL_mul_15_35_n_0 & Blockage of Cell MR[3].MC[3].MUL_mul_15_35_retime_s3_66_reg  ( M2 )
Bounds : ( 76.465, 35.825 ) ( 76.650, 35.875 )


CUTSPACING: ( Cut EolSpacing ) Regular Wire of Net MR[3].MC[3].MUL_mul_15_35_n_5 & Pin of Cell MR[3].MC[3].MUL_mul_15_35_g2302  ( VIA1 )
Bounds : ( 75.785, 34.425 ) ( 75.830, 34.490 )


CUTSPACING: ( Cut EolSpacing ) Regular Wire of Net MR[3].MC[3].MUL_mul_15_35_n_7 & Pin of Cell MR[3].MC[3].MUL_mul_15_35_g2300  ( VIA1 )
Bounds : ( 76.210, 34.425 ) ( 76.255, 34.490 )


CUTSPACING: ( Cut EolSpacing ) Regular Wire of Net MR[3].MC[3].MUL_mul_15_35_n_4 & Pin of Cell MR[3].MC[3].MUL_mul_15_35_g2303  ( VIA1 )
Bounds : ( 77.470, 34.425 ) ( 77.515, 34.490 )


CUTSPACING: ( Same Layer Cut Spacing ) Regular Wire of Net MR[3].MC[3].MUL_mul_15_35_n_5 & Pin of Cell MR[3].MC[3].MUL_mul_15_35_g2302  ( VIA1 )
Bounds : ( 75.785, 34.425 ) ( 75.830, 34.490 )


CUTSPACING: ( Same Layer Cut Spacing ) Regular Wire of Net MR[3].MC[3].MUL_mul_15_35_n_7 & Pin of Cell MR[3].MC[3].MUL_mul_15_35_g2300  ( VIA1 )
Bounds : ( 76.210, 34.425 ) ( 76.255, 34.490 )


CUTSPACING: ( Same Layer Cut Spacing ) Regular Wire of Net MR[3].MC[3].MUL_mul_15_35_n_4 & Pin of Cell MR[3].MC[3].MUL_mul_15_35_g2303  ( VIA1 )
Bounds : ( 77.470, 34.425 ) ( 77.515, 34.490 )


MINSTEP: ( MinStep ) Regular Wire of Net MR[3].MC[3].MUL_mul_15_35_n_5  ( M1 )
Bounds : ( 75.755, 34.460 ) ( 75.780, 34.480 )


MINSTEP: ( MinStep ) Regular Wire of Net MR[3].MC[3].MUL_mul_15_35_n_5  ( M1 )
Bounds : ( 75.830, 34.460 ) ( 75.855, 34.480 )


MINSTEP: ( MinStep ) Regular Wire of Net MR[3].MC[3].MUL_mul_15_35_n_7  ( M1 )
Bounds : ( 76.185, 34.460 ) ( 76.210, 34.480 )


MINSTEP: ( MinStep ) Regular Wire of Net MR[3].MC[3].MUL_mul_15_35_n_7  ( M1 )
Bounds : ( 76.260, 34.460 ) ( 76.285, 34.480 )


MINSTEP: ( MinStep ) Regular Wire of Net MR[3].MC[3].MUL_mul_15_35_n_4  ( M1 )
Bounds : ( 77.445, 34.460 ) ( 77.470, 34.480 )


MINSTEP: ( MinStep ) Regular Wire of Net MR[3].MC[3].MUL_mul_15_35_n_4  ( M1 )
Bounds : ( 77.520, 34.460 ) ( 77.545, 34.480 )


EndOfLine: ( EndOfLine Spacing ) Regular Wire of Net MR[3].MC[3].MUL_mul_15_35_n_5 & Pin of Cell MR[3].MC[3].MUL_mul_15_35_g2302  ( M1 )
Bounds : ( 75.780, 34.425 ) ( 75.830, 34.460 )


EndOfLine: ( EndOfLine Spacing ) Regular Wire of Net MR[3].MC[3].MUL_mul_15_35_n_7 & Pin of Cell MR[3].MC[3].MUL_mul_15_35_g2300  ( M1 )
Bounds : ( 76.210, 34.425 ) ( 76.260, 34.460 )


EndOfLine: ( EndOfLine Spacing ) Regular Wire of Net MR[3].MC[3].MUL_mul_15_35_n_4 & Pin of Cell MR[3].MC[3].MUL_mul_15_35_g2303  ( M1 )
Bounds : ( 77.470, 34.425 ) ( 77.520, 34.460 )


SPACING: ( ParallelRunLength Spacing ) Regular Wire of Net MR[3].MC[3].MUL_mul_15_35_n_5 & Pin of Cell MR[3].MC[3].MUL_mul_15_35_g2302  ( M1 )
Bounds : ( 75.780, 34.425 ) ( 75.830, 34.460 )


SPACING: ( ParallelRunLength Spacing ) Regular Wire of Net MR[3].MC[3].MUL_mul_15_35_n_7 & Pin of Cell MR[3].MC[3].MUL_mul_15_35_g2300  ( M1 )
Bounds : ( 76.210, 34.425 ) ( 76.260, 34.460 )


SPACING: ( ParallelRunLength Spacing ) Regular Wire of Net MR[3].MC[3].MUL_mul_15_35_n_4 & Pin of Cell MR[3].MC[3].MUL_mul_15_35_g2303  ( M1 )
Bounds : ( 77.470, 34.425 ) ( 77.520, 34.460 )


SPACING: ( ParallelRunLength Spacing ) Regular Wire of Net MR[3].MC[3].MUL_mul_15_35_n_5 & Special Wire of Net VDD  ( M2 )
Bounds : ( 75.750, 34.465 ) ( 75.860, 34.490 )


SPACING: ( ParallelRunLength Spacing ) Regular Wire of Net MR[3].MC[3].MUL_mul_15_35_n_7 & Special Wire of Net VDD  ( M2 )
Bounds : ( 76.180, 34.465 ) ( 76.290, 34.490 )


SPACING: ( ParallelRunLength Spacing ) Regular Wire of Net MR[3].MC[3].MUL_mul_15_35_n_4 & Special Wire of Net VDD  ( M2 )
Bounds : ( 77.440, 34.465 ) ( 77.550, 34.490 )


MAR: ( Minimum Area ) Regular Wire of Net MR[3].MC[3].MUL_mul_15_35_n_7  ( M3 )
Bounds : ( 76.195, 34.495 ) ( 76.245, 34.805 )


MINSTEP: ( MinStep ) Regular Wire of Net MR[3].MC[3].MUL_mul_15_35_n_7 & Regular Wire of Net MR[3].MC[3].MUL_mul_15_35_n_4  ( M2 )
Bounds : ( 76.165, 34.490 ) ( 76.180, 34.525 )


MAR: ( Minimum Area ) Regular Wire of Net xi[3][3][0]  ( M3 )
Bounds : ( 79.195, 35.995 ) ( 79.245, 36.155 )


MINSTEP: ( MinStep ) Regular Wire of Net xi[3][3][0]  ( M2 )
Bounds : ( 79.230, 36.075 ) ( 79.275, 36.090 )


SHORT: ( Metal Short ) Regular Wire of Net MR[3].MC[3].MUL_mul_15_35_n_7 & Regular Wire of Net CTS_67  ( M3 )
Bounds : ( 75.595, 35.600 ) ( 75.645, 36.855 )


SPACING: ( ParallelRunLength Spacing ) Regular Wire of Net MR[3].MC[3].MUL_mul_15_35_n_7 & Regular Wire of Net CTS_67  ( M3 )
Bounds : ( 75.670, 35.700 ) ( 75.695, 36.255 )


MAR: ( Minimum Area ) Regular Wire of Net n_4539  ( M2 )
Bounds : ( 73.865, 39.325 ) ( 73.975, 39.375 )


MAR: ( Minimum Area ) Regular Wire of Net MR[2].MC[3].MUL_mul_15_35_n_8  ( M2 )
Bounds : ( 74.005, 39.525 ) ( 74.275, 39.575 )


MAR: ( Minimum Area ) Regular Wire of Net MR[2].MC[3].MUL_mul_15_35_n_70  ( M2 )
Bounds : ( 74.355, 39.645 ) ( 74.475, 39.675 )


MAR: ( Minimum Area ) Regular Wire of Net MR[2].MC[3].MUL_mul_15_35_n_70  ( M3 )
Bounds : ( 74.395, 39.545 ) ( 74.445, 39.705 )


MINSTEP: ( MinStep ) Regular Wire of Net MR[2].MC[3].MUL_mul_15_35_n_8  ( M1 )
Bounds : ( 74.015, 39.575 ) ( 74.035, 39.605 )


MINSTEP: ( MinStep ) Regular Wire of Net MR[2].MC[3].MUL_mul_15_35_n_8  ( M1 )
Bounds : ( 74.085, 39.495 ) ( 74.125, 39.525 )


MINSTEP: ( MinStep ) Regular Wire of Net MR[2].MC[3].MUL_mul_15_35_n_70  ( M1 )
Bounds : ( 74.365, 39.710 ) ( 74.385, 39.725 )


MINSTEP: ( MinStep ) Regular Wire of Net MR[2].MC[3].MUL_mul_15_35_n_70  ( M1 )
Bounds : ( 74.415, 39.615 ) ( 74.450, 39.630 )


MINSTEP: ( MinStep ) Regular Wire of Net MR[2].MC[3].MUL_mul_15_35_n_70  ( M1 )
Bounds : ( 74.435, 39.710 ) ( 74.450, 39.725 )


MINSTEP: ( MinStep ) Regular Wire of Net MR[2].MC[3].MUL_mul_15_35_n_70  ( M2 )
Bounds : ( 74.355, 39.625 ) ( 74.365, 39.645 )


MINSTEP: ( MinStep ) Regular Wire of Net MR[2].MC[3].MUL_mul_15_35_n_70  ( M2 )
Bounds : ( 74.465, 39.675 ) ( 74.475, 39.695 )


SHORT: ( Metal Short ) Regular Wire of Net MR[2].MC[3].MUL_mul_15_35_n_64 & Regular Wire of Net MR[2].MC[3].MUL_mul_15_35_n_70  ( M2 )
Bounds : ( 74.355, 39.645 ) ( 74.475, 39.675 )


SHORT: ( Metal Short ) Regular Wire of Net MR[2].MC[3].MUL_mul_15_35_n_64 & Regular Wire of Net MR[2].MC[3].MUL_mul_15_35_n_70  ( M2 )
Bounds : ( 74.365, 39.625 ) ( 74.475, 39.675 )


EndOfLine: ( EndOfLine Spacing ) Regular Wire of Net MR[2].MC[3].MUL_mul_15_35_n_8 & Pin of Cell MR[2].MC[3].MUL_mul_15_35_g513  ( M1 )
Bounds : ( 74.035, 39.475 ) ( 74.045, 39.495 )


EndOfLine: ( EndOfLine Spacing ) Regular Wire of Net MR[2].MC[3].MUL_mul_15_35_n_8 & Pin of Cell MR[2].MC[3].MUL_mul_15_35_g513  ( M1 )
Bounds : ( 74.085, 39.605 ) ( 74.090, 39.630 )


EndOfLine: ( EndOfLine Spacing ) Regular Wire of Net MR[2].MC[3].MUL_mul_15_35_n_70 & Pin of Cell MR[2].MC[3].MUL_mul_15_35_cdnfadd_005_1  ( M1 )
Bounds : ( 74.385, 39.725 ) ( 74.435, 39.775 )


SPACING: ( ParallelRunLength Spacing ) Regular Wire of Net MR[2].MC[3].MUL_mul_15_35_n_8 & Pin of Cell MR[2].MC[3].MUL_mul_15_35_g513  ( M1 )
Bounds : ( 74.015, 39.575 ) ( 74.035, 39.605 )


SPACING: ( ParallelRunLength Spacing ) Regular Wire of Net MR[2].MC[3].MUL_mul_15_35_n_8 & Pin of Cell MR[2].MC[3].MUL_mul_15_35_g513  ( M1 )
Bounds : ( 74.035, 39.475 ) ( 74.045, 39.495 )


SPACING: ( ParallelRunLength Spacing ) Regular Wire of Net MR[2].MC[3].MUL_mul_15_35_n_8 & Pin of Cell MR[2].MC[3].MUL_mul_15_35_g513  ( M1 )
Bounds : ( 74.085, 39.495 ) ( 74.125, 39.525 )


SPACING: ( ParallelRunLength Spacing ) Regular Wire of Net MR[2].MC[3].MUL_mul_15_35_n_8 & Pin of Cell MR[2].MC[3].MUL_mul_15_35_g513  ( M1 )
Bounds : ( 74.085, 39.605 ) ( 74.090, 39.630 )


SPACING: ( ParallelRunLength Spacing ) Regular Wire of Net MR[2].MC[3].MUL_mul_15_35_n_64 & Special Wire of Net VDD  ( M2 )
Bounds : ( 74.355, 39.695 ) ( 74.465, 39.735 )


MINSTEP: ( MinStep ) Regular Wire of Net MR[2].MC[3].MUL_mul_15_35_n_11  ( M1 )
Bounds : ( 72.685, 39.995 ) ( 72.705, 40.025 )


SPACING: ( ParallelRunLength Spacing ) Regular Wire of Net MR[2].MC[3].MUL_mul_15_35_n_18 & Blockage of Cell MR[2].MC[3].MUL_mul_15_35_g504  ( M1 )
Bounds : ( 72.255, 39.990 ) ( 72.290, 40.025 )


SPACING: ( ParallelRunLength Spacing ) Regular Wire of Net MR[2].MC[3].MUL_mul_15_35_n_11 & Pin of Cell MR[2].MC[3].MUL_mul_15_35_g510  ( M1 )
Bounds : ( 72.685, 39.995 ) ( 72.705, 40.025 )


VIAENCLOSURE: ( EnclosureEdge ) Regular Wire of Net MR[2].MC[3].MUL_mul_15_35_n_18  ( VIA1 )
Bounds : ( 72.290, 39.910 ) ( 72.340, 39.960 )


MAR: ( Minimum Area ) Regular Wire of Net MR[2].MC[3].MUL_mul_15_35_n_18  ( M2 )
Bounds : ( 72.260, 39.925 ) ( 72.375, 39.960 )


MAR: ( Minimum Area ) Regular Wire of Net MR[2].MC[3].MUL_mul_15_35_n_71  ( M2 )
Bounds : ( 72.955, 39.925 ) ( 73.075, 39.955 )


MINSTEP: ( MinStep ) Regular Wire of Net MR[2].MC[3].MUL_mul_15_35_n_18  ( M1 )
Bounds : ( 72.270, 39.880 ) ( 72.290, 39.895 )


MINSTEP: ( MinStep ) Regular Wire of Net MR[2].MC[3].MUL_mul_15_35_n_18  ( M1 )
Bounds : ( 72.340, 39.880 ) ( 72.355, 39.895 )


MINSTEP: ( MinStep ) Regular Wire of Net MR[2].MC[3].MUL_mul_15_35_n_71  ( M1 )
Bounds : ( 72.965, 39.875 ) ( 72.985, 39.890 )


MINSTEP: ( MinStep ) Regular Wire of Net MR[2].MC[3].MUL_mul_15_35_n_71  ( M1 )
Bounds : ( 73.015, 39.970 ) ( 73.050, 39.985 )


MINSTEP: ( MinStep ) Regular Wire of Net MR[2].MC[3].MUL_mul_15_35_n_71  ( M1 )
Bounds : ( 73.035, 39.875 ) ( 73.050, 39.890 )


MINSTEP: ( MinStep ) Regular Wire of Net MR[2].MC[3].MUL_mul_15_35_n_64  ( M1 )
Bounds : ( 73.250, 39.615 ) ( 73.285, 39.630 )


MINSTEP: ( MinStep ) Regular Wire of Net MR[2].MC[3].MUL_mul_15_35_n_64  ( M1 )
Bounds : ( 73.250, 39.710 ) ( 73.270, 39.725 )


MINSTEP: ( MinStep ) Regular Wire of Net MR[2].MC[3].MUL_mul_15_35_n_64  ( M1 )
Bounds : ( 73.320, 39.710 ) ( 73.335, 39.725 )


MINSTEP: ( MinStep ) Regular Wire of Net MR[2].MC[3].MUL_mul_15_35_n_18 & Regular Wire of Net MR[2].MC[3].MUL_mul_15_35_n_62  ( M2 )
Bounds : ( 72.260, 39.960 ) ( 72.265, 39.975 )


MINSTEP: ( MinStep ) Regular Wire of Net MR[2].MC[3].MUL_mul_15_35_n_18 & Regular Wire of Net MR[2].MC[3].MUL_mul_15_35_n_62  ( M2 )
Bounds : ( 72.370, 39.910 ) ( 72.375, 39.925 )


MINSTEP: ( MinStep ) Regular Wire of Net MR[2].MC[3].MUL_mul_15_35_n_71 & Regular Wire of Net MR[2].MC[3].MUL_mul_15_35_n_62  ( M2 )
Bounds : ( 72.955, 39.955 ) ( 72.965, 39.975 )


MINSTEP: ( MinStep ) Regular Wire of Net MR[2].MC[3].MUL_mul_15_35_n_71 & Regular Wire of Net MR[2].MC[3].MUL_mul_15_35_n_62  ( M2 )
Bounds : ( 73.065, 39.905 ) ( 73.075, 39.925 )


MINSTEP: ( MinStep ) Regular Wire of Net MR[2].MC[3].MUL_mul_15_35_n_64  ( M2 )
Bounds : ( 73.240, 39.625 ) ( 73.270, 39.645 )


SHORT: ( Metal Short ) Regular Wire of Net MR[2].MC[3].MUL_mul_15_35_n_62 & Regular Wire of Net MR[2].MC[3].MUL_mul_15_35_n_18  ( M2 )
Bounds : ( 72.260, 39.925 ) ( 72.375, 39.960 )


SHORT: ( Metal Short ) Regular Wire of Net MR[2].MC[3].MUL_mul_15_35_n_18 & Regular Wire of Net MR[2].MC[3].MUL_mul_15_35_n_62  ( M2 )
Bounds : ( 72.265, 39.925 ) ( 72.375, 39.975 )


SHORT: ( Metal Short ) Regular Wire of Net MR[2].MC[3].MUL_mul_15_35_n_62 & Regular Wire of Net MR[2].MC[3].MUL_mul_15_35_n_71  ( M2 )
Bounds : ( 72.955, 39.925 ) ( 73.075, 39.955 )


SHORT: ( Metal Short ) Regular Wire of Net MR[2].MC[3].MUL_mul_15_35_n_71 & Regular Wire of Net MR[2].MC[3].MUL_mul_15_35_n_62  ( M2 )
Bounds : ( 72.965, 39.925 ) ( 73.075, 39.975 )


EndOfLine: ( EndOfLine Spacing ) Regular Wire of Net MR[2].MC[3].MUL_mul_15_35_n_18 & Pin of Cell MR[2].MC[3].MUL_mul_15_35_cdnfadd_005_0  ( M1 )
Bounds : ( 72.290, 39.825 ) ( 72.340, 39.880 )


EndOfLine: ( EndOfLine Spacing ) Regular Wire of Net MR[2].MC[3].MUL_mul_15_35_n_71 & Pin of Cell MR[2].MC[3].MUL_mul_15_35_cdnfadd_006_1  ( M1 )
Bounds : ( 72.985, 39.825 ) ( 73.035, 39.875 )


EndOfLine: ( EndOfLine Spacing ) Regular Wire of Net MR[2].MC[3].MUL_mul_15_35_n_64 & Pin of Cell MR[2].MC[3].MUL_mul_15_35_cdnfadd_006_1  ( M1 )
Bounds : ( 73.270, 39.725 ) ( 73.320, 39.775 )


SPACING: ( ParallelRunLength Spacing ) Regular Wire of Net MR[2].MC[3].MUL_mul_15_35_n_18 & Special Wire of Net VDD  ( M2 )
Bounds : ( 72.260, 39.865 ) ( 72.370, 39.910 )


SPACING: ( ParallelRunLength Spacing ) Regular Wire of Net MR[2].MC[3].MUL_mul_15_35_n_71 & Special Wire of Net VDD  ( M2 )
Bounds : ( 72.955, 39.865 ) ( 73.065, 39.905 )


SPACING: ( ParallelRunLength Spacing ) Regular Wire of Net MR[2].MC[3].MUL_mul_15_35_n_64 & Special Wire of Net VDD  ( M2 )
Bounds : ( 73.240, 39.695 ) ( 73.350, 39.735 )


MAR: ( Minimum Area ) Regular Wire of Net MR[2].MC[3].MUL_mul_15_35_n_71  ( M3 )
Bounds : ( 72.995, 39.845 ) ( 73.045, 40.005 )


MINSTEP: ( MinStep ) Regular Wire of Net MR[2].MC[3].MUL_mul_15_35_n_18  ( M1 )
Bounds : ( 72.270, 39.975 ) ( 72.305, 39.990 )


EndOfLine: ( EndOfLine Spacing ) Regular Wire of Net MR[2].MC[3].MUL_mul_15_35_n_11 & Pin of Cell MR[2].MC[3].MUL_mul_15_35_g510  ( M1 )
Bounds : ( 72.630, 39.970 ) ( 72.635, 39.995 )


SPACING: ( ParallelRunLength Spacing ) Regular Wire of Net MR[2].MC[3].MUL_mul_15_35_n_11 & Pin of Cell MR[2].MC[3].MUL_mul_15_35_g510  ( M1 )
Bounds : ( 72.630, 39.970 ) ( 72.635, 39.995 )


MAR: ( Minimum Area ) Regular Wire of Net MR[2].MC[3].MUL_mul_15_35_n_63  ( M2 )
Bounds : ( 71.665, 39.925 ) ( 71.810, 39.955 )


MINSTEP: ( MinStep ) Regular Wire of Net MR[2].MC[3].MUL_mul_15_35_n_65  ( M1 )
Bounds : ( 71.195, 39.615 ) ( 71.230, 39.630 )


MINSTEP: ( MinStep ) Regular Wire of Net MR[2].MC[3].MUL_mul_15_35_n_65  ( M1 )
Bounds : ( 71.215, 39.710 ) ( 71.230, 39.725 )


MINSTEP: ( MinStep ) Regular Wire of Net MR[2].MC[3].MUL_mul_15_35_n_63  ( M1 )
Bounds : ( 71.710, 39.875 ) ( 71.730, 39.890 )


MINSTEP: ( MinStep ) Regular Wire of Net MR[2].MC[3].MUL_mul_15_35_n_63  ( M1 )
Bounds : ( 71.710, 39.970 ) ( 71.745, 39.985 )


MINSTEP: ( MinStep ) Regular Wire of Net MR[2].MC[3].MUL_mul_15_35_n_63  ( M1 )
Bounds : ( 71.780, 39.875 ) ( 71.795, 39.890 )


MINSTEP: ( MinStep ) Regular Wire of Net MR[2].MC[3].MUL_mul_15_35_n_65  ( M2 )
Bounds : ( 71.245, 39.675 ) ( 71.275, 39.695 )


MINSTEP: ( MinStep ) Regular Wire of Net MR[2].MC[3].MUL_mul_15_35_n_63  ( M2 )
Bounds : ( 71.665, 39.905 ) ( 71.700, 39.925 )


MINSTEP: ( MinStep ) Regular Wire of Net MR[2].MC[3].MUL_mul_15_35_n_63  ( M2 )
Bounds : ( 71.780, 39.955 ) ( 71.810, 39.975 )


SHORT: ( Metal Short ) Regular Wire of Net MR[2].MC[3].MUL_mul_15_35_n_65 & Regular Wire of Net n_4539  ( M2 )
Bounds : ( 71.165, 39.625 ) ( 71.275, 39.675 )


SHORT: ( Metal Short ) Regular Wire of Net MR[2].MC[3].MUL_mul_15_35_n_62 & Regular Wire of Net MR[2].MC[3].MUL_mul_15_35_n_63  ( M2 )
Bounds : ( 71.665, 39.925 ) ( 71.810, 39.955 )


SHORT: ( Metal Short ) Regular Wire of Net MR[2].MC[3].MUL_mul_15_35_n_63 & Regular Wire of Net MR[2].MC[3].MUL_mul_15_35_n_62  ( M2 )
Bounds : ( 71.665, 39.925 ) ( 71.780, 39.975 )


EndOfLine: ( EndOfLine Spacing ) Regular Wire of Net MR[2].MC[3].MUL_mul_15_35_n_65 & Pin of Cell MR[2].MC[3].MUL_mul_15_35_cdnfadd_005_0  ( M1 )
Bounds : ( 71.165, 39.725 ) ( 71.215, 39.775 )


EndOfLine: ( EndOfLine Spacing ) Regular Wire of Net MR[2].MC[3].MUL_mul_15_35_n_63 & Pin of Cell MR[2].MC[3].MUL_mul_15_35_cdnfadd_005_0  ( M1 )
Bounds : ( 71.730, 39.825 ) ( 71.780, 39.875 )


SPACING: ( ParallelRunLength Spacing ) Regular Wire of Net MR[2].MC[3].MUL_mul_15_35_n_62 & Special Wire of Net VDD  ( M2 )
Bounds : ( 71.700, 39.865 ) ( 71.810, 39.905 )


MAR: ( Minimum Area ) Regular Wire of Net MR[2].MC[3].MUL_mul_15_35_n_23  ( M2 )
Bounds : ( 70.465, 39.525 ) ( 70.615, 39.575 )


MAR: ( Minimum Area ) Regular Wire of Net n_4539  ( M2 )
Bounds : ( 70.645, 39.325 ) ( 70.775, 39.375 )


MINSTEP: ( MinStep ) Regular Wire of Net MR[2].MC[3].MUL_mul_15_35_n_23  ( M1 )
Bounds : ( 70.495, 39.495 ) ( 70.535, 39.525 )


MINSTEP: ( MinStep ) Regular Wire of Net MR[2].MC[3].MUL_mul_15_35_n_23  ( M1 )
Bounds : ( 70.585, 39.575 ) ( 70.605, 39.605 )


EndOfLine: ( EndOfLine Spacing ) Regular Wire of Net MR[2].MC[3].MUL_mul_15_35_n_23 & Pin of Cell MR[2].MC[3].MUL_mul_15_35_g499  ( M1 )
Bounds : ( 70.530, 39.605 ) ( 70.535, 39.630 )


EndOfLine: ( EndOfLine Spacing ) Regular Wire of Net MR[2].MC[3].MUL_mul_15_35_n_23 & Pin of Cell MR[2].MC[3].MUL_mul_15_35_g499  ( M1 )
Bounds : ( 70.575, 39.475 ) ( 70.585, 39.495 )


EndOfLine: ( EndOfLine Spacing ) Regular Wire of Net n_3834 & Pin of Cell MR[2].MC[3].MUL_mul_15_35_g499  ( M1 )
Bounds : ( 70.675, 39.205 ) ( 70.725, 39.245 )


SPACING: ( ParallelRunLength Spacing ) Regular Wire of Net MR[2].MC[3].MUL_mul_15_35_n_23 & Pin of Cell MR[2].MC[3].MUL_mul_15_35_g499  ( M1 )
Bounds : ( 70.495, 39.495 ) ( 70.535, 39.525 )


SPACING: ( ParallelRunLength Spacing ) Regular Wire of Net MR[2].MC[3].MUL_mul_15_35_n_23 & Pin of Cell FILLTIE_2663  ( M1 )
Bounds : ( 70.530, 39.605 ) ( 70.535, 39.630 )


SPACING: ( ParallelRunLength Spacing ) Regular Wire of Net MR[2].MC[3].MUL_mul_15_35_n_23 & Pin of Cell MR[2].MC[3].MUL_mul_15_35_g499  ( M1 )
Bounds : ( 70.575, 39.475 ) ( 70.585, 39.495 )


SPACING: ( ParallelRunLength Spacing ) Regular Wire of Net MR[2].MC[3].MUL_mul_15_35_n_23 & Pin of Cell MR[2].MC[3].MUL_mul_15_35_g499  ( M1 )
Bounds : ( 70.585, 39.575 ) ( 70.605, 39.605 )


SPACING: ( ParallelRunLength Spacing ) Regular Wire of Net n_3834 & Pin of Cell MR[2].MC[3].MUL_mul_15_35_g499  ( M1 )
Bounds : ( 70.675, 39.205 ) ( 70.725, 39.245 )


SHORT: ( Metal Short ) Regular Wire of Net n_4539 & Regular Wire of Net MR[2].MC[3].MUL_mul_15_35_n_65  ( M2 )
Bounds : ( 71.135, 39.645 ) ( 71.275, 39.675 )


MINSTEP: ( MinStep ) Regular Wire of Net MR[2].MC[3].MUL_mul_15_35_n_65  ( M2 )
Bounds : ( 71.135, 39.625 ) ( 71.165, 39.645 )


MINSTEP: ( MinStep ) Regular Wire of Net MR[2].MC[3].MUL_mul_15_35_n_65  ( M1 )
Bounds : ( 71.145, 39.710 ) ( 71.165, 39.725 )


MAR: ( Minimum Area ) Regular Wire of Net MR[2].MC[3].MUL_mul_15_35_n_65  ( M2 )
Bounds : ( 71.135, 39.645 ) ( 71.275, 39.675 )


SPACING: ( ParallelRunLength Spacing ) Regular Wire of Net n_4539 & Special Wire of Net VDD  ( M2 )
Bounds : ( 71.135, 39.695 ) ( 71.245, 39.735 )


MINSTEP: ( MinStep ) Regular Wire of Net MR[2].MC[3].MUL_mul_15_35_n_62  ( M1 )
Bounds : ( 69.605, 39.875 ) ( 69.625, 39.890 )


MINSTEP: ( MinStep ) Regular Wire of Net MR[2].MC[3].MUL_mul_15_35_n_62  ( M1 )
Bounds : ( 69.655, 39.970 ) ( 69.690, 39.985 )


MINSTEP: ( MinStep ) Regular Wire of Net MR[2].MC[3].MUL_mul_15_35_n_62  ( M1 )
Bounds : ( 69.675, 39.875 ) ( 69.690, 39.890 )


MINSTEP: ( MinStep ) Regular Wire of Net MR[2].MC[3].MUL_mul_15_35_n_62  ( M2 )
Bounds : ( 69.595, 39.955 ) ( 69.625, 39.975 )


EndOfLine: ( EndOfLine Spacing ) Regular Wire of Net MR[2].MC[3].MUL_mul_15_35_n_62 & Pin of Cell MR[2].MC[3].MUL_mul_15_35_cdnfadd_006_0  ( M1 )
Bounds : ( 69.625, 39.825 ) ( 69.675, 39.875 )


SPACING: ( ParallelRunLength Spacing ) Regular Wire of Net MR[2].MC[3].MUL_mul_15_35_n_62 & Special Wire of Net VDD  ( M2 )
Bounds : ( 69.595, 39.865 ) ( 69.705, 39.905 )


MAR: ( Minimum Area ) Regular Wire of Net n_4284  ( M2 )
Bounds : ( 73.865, 39.125 ) ( 73.975, 39.175 )


CUTSPACING: ( Same Layer Cut Spacing ) Regular Wire of Net n_4539 & Regular Wire of Net n_4284  ( VIA2 )
Bounds : ( 73.895, 39.075 ) ( 73.945, 39.125 )


SHORT: ( Metal Short ) Regular Wire of Net n_4284 & Regular Wire of Net MR[2].MC[3].MUL_mul_15_35_n_67  ( M2 )
Bounds : ( 73.865, 39.125 ) ( 73.975, 39.175 )


MAR: ( Minimum Area ) Regular Wire of Net MR[2].MC[3].MUL_mul_15_35_n_7  ( M3 )
Bounds : ( 73.595, 38.095 ) ( 73.645, 38.405 )


CUTSPACING: ( Cut EolSpacing ) Regular Wire of Net MR[3].MC[3].MUL_mul_15_35_n_3 & Pin of Cell MR[2].MC[3].MUL_mul_15_35_cdnfadd_004_0  ( VIA1 )
Bounds : ( 73.550, 37.910 ) ( 73.595, 37.975 )


CUTSPACING: ( Same Layer Cut Spacing ) Regular Wire of Net MR[3].MC[3].MUL_mul_15_35_n_3 & Pin of Cell MR[2].MC[3].MUL_mul_15_35_cdnfadd_004_0  ( VIA1 )
Bounds : ( 73.550, 37.910 ) ( 73.595, 37.975 )


CUTSPACING: ( Same Layer Cut Spacing ) Regular Wire of Net MR[3].MC[3].MUL_mul_15_35_n_3 & Regular Wire of Net place_opt_net_FE_OFN46_MR_3__MC_6__MUL_mul_15_35_n_0  ( VIA2 )
Bounds : ( 73.745, 37.825 ) ( 73.795, 37.875 )


MINSTEP: ( MinStep ) Regular Wire of Net MR[3].MC[3].MUL_mul_15_35_n_3  ( M1 )
Bounds : ( 73.525, 37.920 ) ( 73.550, 37.940 )


MINSTEP: ( MinStep ) Regular Wire of Net MR[3].MC[3].MUL_mul_15_35_n_3  ( M1 )
Bounds : ( 73.575, 37.830 ) ( 73.625, 37.850 )


MINSTEP: ( MinStep ) Regular Wire of Net MR[3].MC[3].MUL_mul_15_35_n_3  ( M1 )
Bounds : ( 73.600, 37.920 ) ( 73.625, 37.940 )


MINSTEP: ( MinStep ) Regular Wire of Net MR[3].MC[3].MUL_mul_15_35_n_3  ( M2 )
Bounds : ( 73.520, 37.825 ) ( 73.550, 37.860 )


SHORT: ( Metal Short ) Regular Wire of Net place_opt_net_FE_OFN46_MR_3__MC_6__MUL_mul_15_35_n_0 & Regular Wire of Net MR[3].MC[3].MUL_mul_15_35_n_3  ( M2 )
Bounds : ( 73.765, 37.825 ) ( 73.775, 37.875 )


EndOfLine: ( EndOfLine Spacing ) Regular Wire of Net MR[3].MC[3].MUL_mul_15_35_n_3 & Pin of Cell MR[2].MC[3].MUL_mul_15_35_cdnfadd_004_0  ( M1 )
Bounds : ( 73.550, 37.940 ) ( 73.600, 37.975 )


SPACING: ( ParallelRunLength Spacing ) Regular Wire of Net MR[3].MC[3].MUL_mul_15_35_n_3 & Pin of Cell MR[2].MC[3].MUL_mul_15_35_cdnfadd_004_0  ( M1 )
Bounds : ( 73.550, 37.940 ) ( 73.600, 37.975 )


SPACING: ( ParallelRunLength Spacing ) Regular Wire of Net MR[3].MC[3].MUL_mul_15_35_n_3 & Blockage of Cell MR[3].MC[3].MUL_mul_15_35_g2304  ( M1 )
Bounds : ( 73.600, 37.800 ) ( 73.625, 37.830 )


SPACING: ( ParallelRunLength Spacing ) Regular Wire of Net MR[3].MC[3].MUL_mul_15_35_n_3 & Special Wire of Net VDD  ( M2 )
Bounds : ( 73.520, 37.910 ) ( 73.630, 37.935 )


CUTSPACING: ( Same Layer Cut Spacing ) Regular Wire of Net n_3902  ( VIA2 )
Bounds : ( 72.845, 38.425 ) ( 72.895, 38.475 )


SHORT: ( Metal Short ) Regular Wire of Net MR[2].MC[3].MUL_mul_15_35_n_67 & Regular Wire of Net MR[2].MC[3].MUL_mul_15_35_n_65  ( M2 )
Bounds : ( 73.065, 39.125 ) ( 73.475, 39.175 )


EndOfLine: ( EndOfLine Spacing ) Regular Wire of Net n_3915 & Blockage of Cell MR[2].MC[3].MUL_mul_15_35_g503  ( M1 )
Bounds : ( 72.125, 38.705 ) ( 72.125, 38.740 )


EndOfLine: ( EndOfLine Spacing ) Regular Wire of Net n_3915 & Blockage of Cell MR[2].MC[3].MUL_mul_15_35_g514  ( M1 )
Bounds : ( 72.635, 38.705 ) ( 72.635, 38.740 )


SPACING: ( ParallelRunLength Spacing ) Regular Wire of Net n_3915 & Blockage of Cell MR[2].MC[3].MUL_mul_15_35_g503  ( M1 )
Bounds : ( 72.125, 38.595 ) ( 72.165, 38.705 )


SPACING: ( ParallelRunLength Spacing ) Regular Wire of Net n_3915 & Blockage of Cell MR[2].MC[3].MUL_mul_15_35_g503  ( M1 )
Bounds : ( 72.125, 38.705 ) ( 72.125, 38.740 )


SPACING: ( ParallelRunLength Spacing ) Regular Wire of Net n_3915 & Blockage of Cell MR[2].MC[3].MUL_mul_15_35_g514  ( M1 )
Bounds : ( 72.595, 38.595 ) ( 72.635, 38.705 )


SPACING: ( ParallelRunLength Spacing ) Regular Wire of Net n_3915 & Blockage of Cell MR[2].MC[3].MUL_mul_15_35_g514  ( M1 )
Bounds : ( 72.635, 38.705 ) ( 72.635, 38.740 )


EndOfLine: ( EndOfLine Spacing ) Regular Wire of Net n_3902 & Blockage of Cell MR[2].MC[3].MUL_mul_15_35_g514  ( M1 )
Bounds : ( 72.775, 38.275 ) ( 72.825, 38.305 )


SHORT: ( Metal Short ) Regular Wire of Net MR[2].MC[3].MUL_mul_15_35_n_67 & Regular Wire of Net MR[2].MC[3].MUL_mul_15_35_n_7  ( M2 )
Bounds : ( 73.065, 38.125 ) ( 73.175, 38.175 )


SHORT: ( Metal Short ) Regular Wire of Net MR[2].MC[3].MUL_mul_15_35_n_7 & Regular Wire of Net MR[2].MC[3].MUL_mul_15_35_n_67  ( M2 )
Bounds : ( 73.065, 38.125 ) ( 73.205, 38.155 )


MINSTEP: ( MinStep ) Regular Wire of Net MR[2].MC[3].MUL_mul_15_35_n_67 & Regular Wire of Net MR[2].MC[3].MUL_mul_15_35_n_7  ( M2 )
Bounds : ( 73.175, 38.155 ) ( 73.205, 38.175 )


MINSTEP: ( MinStep ) Regular Wire of Net MR[2].MC[3].MUL_mul_15_35_n_67 & Regular Wire of Net MR[2].MC[3].MUL_mul_15_35_n_7  ( M2 )
Bounds : ( 73.065, 38.105 ) ( 73.095, 38.125 )


MINSTEP: ( MinStep ) Regular Wire of Net MR[2].MC[3].MUL_mul_15_35_n_7  ( M2 )
Bounds : ( 72.960, 38.160 ) ( 72.990, 38.175 )


MINSTEP: ( MinStep ) Regular Wire of Net n_3902  ( M2 )
Bounds : ( 72.855, 38.375 ) ( 72.875, 38.385 )


MINSTEP: ( MinStep ) Regular Wire of Net n_3902  ( M2 )
Bounds : ( 72.745, 38.325 ) ( 72.765, 38.335 )


MINSTEP: ( MinStep ) Regular Wire of Net MR[2].MC[3].MUL_mul_15_35_n_67  ( M1 )
Bounds : ( 73.175, 38.075 ) ( 73.190, 38.090 )


MINSTEP: ( MinStep ) Regular Wire of Net MR[2].MC[3].MUL_mul_15_35_n_67  ( M1 )
Bounds : ( 73.155, 38.170 ) ( 73.190, 38.185 )


MINSTEP: ( MinStep ) Regular Wire of Net MR[2].MC[3].MUL_mul_15_35_n_67  ( M1 )
Bounds : ( 73.105, 38.075 ) ( 73.125, 38.090 )


MINSTEP: ( MinStep ) Regular Wire of Net MR[2].MC[3].MUL_mul_15_35_n_7  ( M1 )
Bounds : ( 73.040, 38.080 ) ( 73.055, 38.095 )


MINSTEP: ( MinStep ) Regular Wire of Net MR[2].MC[3].MUL_mul_15_35_n_7  ( M1 )
Bounds : ( 72.970, 38.175 ) ( 73.005, 38.190 )


MINSTEP: ( MinStep ) Regular Wire of Net MR[2].MC[3].MUL_mul_15_35_n_7  ( M1 )
Bounds : ( 72.970, 38.080 ) ( 72.990, 38.095 )


MINSTEP: ( MinStep ) Regular Wire of Net n_3902  ( M1 )
Bounds : ( 72.825, 38.305 ) ( 72.855, 38.325 )


MINSTEP: ( MinStep ) Regular Wire of Net n_3902  ( M1 )
Bounds : ( 72.745, 38.395 ) ( 72.805, 38.415 )


MINSTEP: ( MinStep ) Regular Wire of Net n_3902  ( M1 )
Bounds : ( 72.745, 38.305 ) ( 72.775, 38.325 )


CUTSPACING: ( Cut EolSpacing ) Regular Wire of Net MR[2].MC[3].MUL_mul_15_35_n_7 & Regular Wire of Net MR[2].MC[3].MUL_mul_15_35_n_67  ( VIA1 )
Bounds : ( 73.040, 38.110 ) ( 73.125, 38.155 )


MAR: ( Minimum Area ) Regular Wire of Net MR[2].MC[3].MUL_mul_15_35_n_67  ( M2 )
Bounds : ( 73.065, 38.125 ) ( 73.205, 38.155 )


MAR: ( Minimum Area ) Regular Wire of Net n_3902  ( M2 )
Bounds : ( 72.745, 38.335 ) ( 72.875, 38.375 )


SPACING: ( ParallelRunLength Spacing ) Regular Wire of Net n_3902 & Blockage of Cell MR[2].MC[3].MUL_mul_15_35_g514  ( M1 )
Bounds : ( 72.770, 38.275 ) ( 72.775, 38.305 )


SPACING: ( ParallelRunLength Spacing ) Regular Wire of Net n_3902 & Blockage of Cell MR[2].MC[3].MUL_mul_15_35_g514  ( M1 )
Bounds : ( 72.775, 38.275 ) ( 72.825, 38.305 )


SPACING: ( ParallelRunLength Spacing ) Regular Wire of Net MR[2].MC[3].MUL_mul_15_35_n_7 & Blockage of Cell MR[2].MC[3].MUL_mul_15_35_g514  ( M1 )
Bounds : ( 72.955, 38.190 ) ( 72.990, 38.225 )


SPACING: ( ParallelRunLength Spacing ) Regular Wire of Net MR[2].MC[3].MUL_mul_15_35_n_67 & Special Wire of Net VDD  ( M2 )
Bounds : ( 72.960, 38.065 ) ( 73.070, 38.110 )


SPACING: ( ParallelRunLength Spacing ) Regular Wire of Net MR[2].MC[3].MUL_mul_15_35_n_67  ( M2 )
Bounds : ( 73.070, 38.110 ) ( 73.095, 38.125 )


SPACING: ( ParallelRunLength Spacing ) Regular Wire of Net MR[2].MC[3].MUL_mul_15_35_n_67 & Special Wire of Net VDD  ( M2 )
Bounds : ( 73.095, 38.065 ) ( 73.205, 38.105 )


MINSTEP: ( MinStep ) Regular Wire of Net MR[2].MC[3].MUL_mul_15_35_n_4  ( M2 )
Bounds : ( 73.475, 37.825 ) ( 73.490, 37.840 )


MINSTEP: ( MinStep ) Regular Wire of Net MR[2].MC[3].MUL_mul_15_35_n_4  ( M2 )
Bounds : ( 73.365, 37.875 ) ( 73.380, 37.890 )


MINSTEP: ( MinStep ) Regular Wire of Net n_3834  ( M1 )
Bounds : ( 73.165, 37.675 ) ( 73.195, 37.695 )


MAR: ( Minimum Area ) Regular Wire of Net MR[2].MC[3].MUL_mul_15_35_n_4  ( M2 )
Bounds : ( 73.365, 37.840 ) ( 73.490, 37.875 )


MINSTEP: ( MinStep ) Regular Wire of Net n_3834  ( M1 )
Bounds : ( 73.245, 37.675 ) ( 73.275, 37.695 )


MINSTEP: ( MinStep ) Regular Wire of Net MR[2].MC[3].MUL_mul_15_35_n_4  ( M1 )
Bounds : ( 73.390, 37.810 ) ( 73.425, 37.825 )


MINSTEP: ( MinStep ) Regular Wire of Net MR[2].MC[3].MUL_mul_15_35_n_4  ( M1 )
Bounds : ( 73.390, 37.905 ) ( 73.410, 37.920 )


MINSTEP: ( MinStep ) Regular Wire of Net MR[2].MC[3].MUL_mul_15_35_n_4  ( M1 )
Bounds : ( 73.460, 37.905 ) ( 73.475, 37.920 )


EndOfLine: ( EndOfLine Spacing ) Regular Wire of Net n_3834 & Blockage of Cell MR[2].MC[3].MUL_mul_15_35_g517  ( M1 )
Bounds : ( 73.195, 37.695 ) ( 73.245, 37.725 )


EndOfLine: ( EndOfLine Spacing ) Regular Wire of Net MR[2].MC[3].MUL_mul_15_35_n_4 & Pin of Cell MR[3].MC[3].MUL_mul_15_35_g2304  ( M1 )
Bounds : ( 73.410, 37.920 ) ( 73.460, 37.975 )


SPACING: ( ParallelRunLength Spacing ) Regular Wire of Net n_3834 & Blockage of Cell MR[2].MC[3].MUL_mul_15_35_g517  ( M1 )
Bounds : ( 73.190, 37.695 ) ( 73.195, 37.725 )


SPACING: ( ParallelRunLength Spacing ) Regular Wire of Net n_3834 & Blockage of Cell MR[2].MC[3].MUL_mul_15_35_g517  ( M1 )
Bounds : ( 73.195, 37.695 ) ( 73.245, 37.725 )


SPACING: ( ParallelRunLength Spacing ) Regular Wire of Net MR[2].MC[3].MUL_mul_15_35_n_4 & Blockage of Cell MR[2].MC[3].MUL_mul_15_35_g517  ( M1 )
Bounds : ( 73.375, 37.775 ) ( 73.410, 37.810 )


SPACING: ( ParallelRunLength Spacing ) Regular Wire of Net MR[2].MC[3].MUL_mul_15_35_n_4 & Special Wire of Net VDD  ( M2 )
Bounds : ( 73.380, 37.890 ) ( 73.490, 37.935 )


EndOfLine: ( EndOfLine Spacing ) Regular Wire of Net MR[2].MC[3].MUL_mul_15_35_n_7 & Pin of Cell MR[2].MC[3].MUL_mul_15_35_cdnfadd_004_0  ( M1 )
Bounds : ( 72.990, 38.025 ) ( 73.040, 38.080 )


EndOfLine: ( EndOfLine Spacing ) Regular Wire of Net MR[2].MC[3].MUL_mul_15_35_n_67 & Pin of Cell MR[2].MC[3].MUL_mul_15_35_cdnfadd_004_0  ( M1 )
Bounds : ( 73.125, 38.025 ) ( 73.175, 38.075 )


MINSTEP: ( MinStep ) Regular Wire of Net place_opt_net_FE_OFN62_place_opt_net_FE_DBTN0_n_2948  ( M2 )
Bounds : ( 72.275, 37.665 ) ( 72.295, 37.675 )


MAR: ( Minimum Area ) Regular Wire of Net ki[3][3][3]  ( M2 )
Bounds : ( 72.365, 37.840 ) ( 72.510, 37.875 )


CUTSPACING: ( Cut EolSpacing ) Regular Wire of Net n_3834 & Regular Wire of Net place_opt_net_FE_OFN62_place_opt_net_FE_DBTN0_n_2948  ( VIA2 )
Bounds : ( 72.145, 37.675 ) ( 72.195, 37.725 )


CUTSPACING: ( Cut EolSpacing ) Regular Wire of Net place_opt_net_FE_OFN62_place_opt_net_FE_DBTN0_n_2948 & Regular Wire of Net n_3834  ( VIA2 )
Bounds : ( 72.195, 37.675 ) ( 72.245, 37.725 )


CUTSPACING: ( Same Layer Cut Spacing ) Regular Wire of Net place_opt_net_FE_OFN62_place_opt_net_FE_DBTN0_n_2948  ( VIA2 )
Bounds : ( 72.195, 37.675 ) ( 72.245, 37.725 )


MINSTEP: ( MinStep ) Regular Wire of Net n_3858  ( M1 )
Bounds : ( 71.955, 38.395 ) ( 72.015, 38.415 )


MINSTEP: ( MinStep ) Regular Wire of Net n_3858  ( M1 )
Bounds : ( 71.985, 38.305 ) ( 72.015, 38.325 )


MINSTEP: ( MinStep ) Regular Wire of Net place_opt_net_FE_OFN62_place_opt_net_FE_DBTN0_n_2948  ( M1 )
Bounds : ( 72.185, 37.675 ) ( 72.215, 37.695 )


MINSTEP: ( MinStep ) Regular Wire of Net place_opt_net_FE_OFN62_place_opt_net_FE_DBTN0_n_2948  ( M1 )
Bounds : ( 72.265, 37.675 ) ( 72.295, 37.695 )


MINSTEP: ( MinStep ) Regular Wire of Net ki[3][3][3]  ( M1 )
Bounds : ( 72.410, 37.810 ) ( 72.445, 37.825 )


MINSTEP: ( MinStep ) Regular Wire of Net ki[3][3][3]  ( M1 )
Bounds : ( 72.410, 37.905 ) ( 72.430, 37.920 )


MINSTEP: ( MinStep ) Regular Wire of Net ki[3][3][3]  ( M1 )
Bounds : ( 72.480, 37.905 ) ( 72.495, 37.920 )


MINSTEP: ( MinStep ) Regular Wire of Net ki[3][3][3]  ( M2 )
Bounds : ( 72.365, 37.875 ) ( 72.400, 37.890 )


MINSTEP: ( MinStep ) Regular Wire of Net ki[3][3][3]  ( M2 )
Bounds : ( 72.480, 37.825 ) ( 72.510, 37.840 )


EndOfLine: ( EndOfLine Spacing ) Regular Wire of Net place_opt_net_FE_OFN62_place_opt_net_FE_DBTN0_n_2948 & Blockage of Cell g39896__1666  ( M1 )
Bounds : ( 72.215, 37.695 ) ( 72.265, 37.725 )


EndOfLine: ( EndOfLine Spacing ) Regular Wire of Net ki[3][3][3] & Pin of Cell MR[2].MC[3].MUL_mul_15_35_g514  ( M1 )
Bounds : ( 72.430, 37.920 ) ( 72.480, 37.975 )


SPACING: ( ParallelRunLength Spacing ) Regular Wire of Net n_3858 & Blockage of Cell MR[2].MC[3].MUL_mul_15_35_g503  ( M1 )
Bounds : ( 71.985, 38.275 ) ( 71.990, 38.305 )


SPACING: ( ParallelRunLength Spacing ) Regular Wire of Net place_opt_net_FE_OFN62_place_opt_net_FE_DBTN0_n_2948 & Blockage of Cell g39896__1666  ( M1 )
Bounds : ( 72.210, 37.695 ) ( 72.215, 37.725 )


SPACING: ( ParallelRunLength Spacing ) Regular Wire of Net place_opt_net_FE_OFN62_place_opt_net_FE_DBTN0_n_2948 & Blockage of Cell g39896__1666  ( M1 )
Bounds : ( 72.215, 37.695 ) ( 72.265, 37.725 )


SPACING: ( ParallelRunLength Spacing ) Regular Wire of Net ki[3][3][3] & Blockage of Cell g39896__1666  ( M1 )
Bounds : ( 72.395, 37.775 ) ( 72.430, 37.810 )


SPACING: ( ParallelRunLength Spacing ) Regular Wire of Net ki[3][3][3] & Special Wire of Net VDD  ( M2 )
Bounds : ( 72.400, 37.890 ) ( 72.510, 37.935 )


MAR: ( Minimum Area ) Regular Wire of Net n_3902  ( M3 )
Bounds : ( 72.795, 38.295 ) ( 72.845, 38.505 )


CUTSPACING: ( Cut EolSpacing ) Regular Wire of Net n_3902  ( VIA2 )
Bounds : ( 72.795, 38.375 ) ( 72.845, 38.425 )


CUTSPACING: ( Cut EolSpacing ) Regular Wire of Net n_3902  ( VIA2 )
Bounds : ( 72.845, 38.375 ) ( 72.895, 38.425 )


CUTSPACING: ( Same Layer Cut Spacing ) Regular Wire of Net n_3902  ( VIA2 )
Bounds : ( 72.795, 38.375 ) ( 72.845, 38.425 )


SPACING: ( ParallelRunLength Spacing ) Regular Wire of Net n_3902  ( M2 )
Bounds : ( 72.745, 38.385 ) ( 72.855, 38.425 )


EndOfLine: ( EndOfLine Spacing ) Regular Wire of Net MR[2].MC[3].MUL_mul_15_35_n_4 & Regular Wire of Net MR[3].MC[3].MUL_mul_15_35_n_3  ( M2 )
Bounds : ( 73.490, 37.860 ) ( 73.520, 37.890 )


SPACING: ( ParallelRunLength Spacing ) Regular Wire of Net MR[2].MC[3].MUL_mul_15_35_n_4 & Regular Wire of Net MR[3].MC[3].MUL_mul_15_35_n_3  ( M2 )
Bounds : ( 73.490, 37.860 ) ( 73.520, 37.890 )


SHORT: ( Metal Short ) Regular Wire of Net MR[3].MC[3].MUL_mul_15_35_n_88 & Regular Wire of Net place_opt_net_FE_OFN62_place_opt_net_FE_DBTN0_n_2948  ( M2 )
Bounds : ( 73.725, 37.525 ) ( 73.875, 37.575 )


MINSTEP: ( MinStep ) Regular Wire of Net ki[3][3][3]  ( M1 )
Bounds : ( 74.225, 37.495 ) ( 74.255, 37.505 )


MINSTEP: ( MinStep ) Regular Wire of Net ki[3][3][3]  ( M1 )
Bounds : ( 74.195, 37.575 ) ( 74.255, 37.625 )


MINSTEP: ( MinStep ) Regular Wire of Net ki[3][3][3]  ( M1 )
Bounds : ( 74.145, 37.495 ) ( 74.175, 37.505 )


CUTSPACING: ( Same Layer Cut Spacing ) Regular Wire of Net MR[3].MC[3].MUL_mul_15_35_n_5 & Regular Wire of Net CTS_67  ( VIA2 )
Bounds : ( 74.695, 37.375 ) ( 74.745, 37.425 )


MAR: ( Minimum Area ) Regular Wire of Net ki[3][3][3]  ( M3 )
Bounds : ( 74.195, 37.295 ) ( 74.245, 37.605 )


MAR: ( Minimum Area ) Regular Wire of Net MR[3].MC[3].MUL_mul_15_35_n_88  ( M3 )
Bounds : ( 73.795, 37.445 ) ( 73.845, 37.605 )


MAR: ( Minimum Area ) Regular Wire of Net MR[3].MC[3].MUL_mul_15_35_n_5  ( M2 )
Bounds : ( 74.665, 37.325 ) ( 74.815, 37.375 )


MAR: ( Minimum Area ) Regular Wire of Net ki[3][3][3]  ( M2 )
Bounds : ( 74.145, 37.525 ) ( 74.275, 37.575 )


MAR: ( Minimum Area ) Regular Wire of Net place_opt_net_FE_OFN4_s_ready  ( M2 )
Bounds : ( 73.965, 37.425 ) ( 74.115, 37.475 )


MAR: ( Minimum Area ) Regular Wire of Net MR[3].MC[3].MUL_mul_15_35_n_88  ( M2 )
Bounds : ( 73.725, 37.525 ) ( 73.875, 37.575 )


SHORT: ( Metal Short ) Regular Wire of Net ki[3][3][3] & Regular Wire of Net place_opt_net_FE_OFN62_place_opt_net_FE_DBTN0_n_2948  ( M2 )
Bounds : ( 74.145, 37.525 ) ( 74.275, 37.575 )


SHORT: ( Metal Short ) Regular Wire of Net place_opt_net_FE_OFN46_MR_3__MC_6__MUL_mul_15_35_n_0 & Regular Wire of Net MR[3].MC[3].MUL_mul_15_35_n_88  ( M3 )
Bounds : ( 73.795, 37.445 ) ( 73.845, 37.605 )


SHORT: ( Metal Short ) Regular Wire of Net CTS_67 & Regular Wire of Net MR[3].MC[3].MUL_mul_15_35_n_5  ( M3 )
Bounds : ( 74.695, 36.745 ) ( 74.745, 37.405 )


EndOfLine: ( EndOfLine Spacing ) Regular Wire of Net ki[3][3][3] & Pin of Cell MR[3].MC[3].MUL_mul_15_35_g2304  ( M1 )
Bounds : ( 74.175, 37.445 ) ( 74.225, 37.495 )


EndOfLine: ( EndOfLine Spacing ) Regular Wire of Net MR[3].MC[3].MUL_mul_15_35_n_5 & Pin of Cell MR[3].MC[3].MUL_mul_15_35_retime_s5_76_reg  ( M1 )
Bounds : ( 74.725, 37.260 ) ( 74.735, 37.295 )


EndOfLine: ( EndOfLine Spacing ) Regular Wire of Net place_opt_net_FE_OFN46_MR_3__MC_6__MUL_mul_15_35_n_0 & Blockage of Cell MR[3].MC[3].MUL_mul_15_35_retime_s5_77_reg  ( M2 )
Bounds : ( 73.710, 36.525 ) ( 73.765, 36.575 )


SPACING: ( ParallelRunLength Spacing ) Regular Wire of Net ki[3][3][3] & Pin of Cell MR[3].MC[3].MUL_mul_15_35_g2304  ( M1 )
Bounds : ( 74.195, 37.605 ) ( 74.225, 37.625 )


SPACING: ( ParallelRunLength Spacing ) Regular Wire of Net MR[3].MC[3].MUL_mul_15_35_n_5 & Pin of Cell MR[3].MC[3].MUL_mul_15_35_retime_s5_76_reg  ( M1 )
Bounds : ( 74.725, 37.260 ) ( 74.735, 37.295 )


SPACING: ( ParallelRunLength Spacing ) Regular Wire of Net place_opt_net_FE_OFN4_s_ready & Regular Wire of Net CTS_67  ( M3 )
Bounds : ( 74.645, 36.745 ) ( 74.670, 36.905 )


SPACING: ( ParallelRunLength Spacing ) Regular Wire of Net n_4442 & Blockage of Cell MR[2].MC[3].MUL_mul_15_35_g517  ( M1 )
Bounds : ( 73.055, 37.260 ) ( 73.055, 37.295 )


SPACING: ( ParallelRunLength Spacing ) Regular Wire of Net n_4442 & Blockage of Cell MR[2].MC[3].MUL_mul_15_35_g517  ( M1 )
Bounds : ( 73.015, 37.295 ) ( 73.055, 37.405 )


SPACING: ( ParallelRunLength Spacing ) Regular Wire of Net MR[3].MC[3].MUL_mul_15_35_n_3 & Pin of Cell MR[3].MC[3].MUL_mul_15_35_retime_s5_77_reg  ( M1 )
Bounds : ( 72.905, 36.905 ) ( 72.915, 36.940 )


SPACING: ( ParallelRunLength Spacing ) Regular Wire of Net n_3834 & Blockage of Cell g39896__1666  ( M1 )
Bounds : ( 72.075, 37.260 ) ( 72.075, 37.295 )


SPACING: ( ParallelRunLength Spacing ) Regular Wire of Net n_3834 & Blockage of Cell g39896__1666  ( M1 )
Bounds : ( 72.035, 37.295 ) ( 72.075, 37.405 )


EndOfLine: ( EndOfLine Spacing ) Regular Wire of Net n_4442 & Blockage of Cell MR[2].MC[3].MUL_mul_15_35_g517  ( M1 )
Bounds : ( 73.055, 37.260 ) ( 73.055, 37.295 )


EndOfLine: ( EndOfLine Spacing ) Regular Wire of Net MR[3].MC[3].MUL_mul_15_35_n_3 & Pin of Cell MR[3].MC[3].MUL_mul_15_35_retime_s5_77_reg  ( M1 )
Bounds : ( 72.905, 36.905 ) ( 72.915, 36.940 )


EndOfLine: ( EndOfLine Spacing ) Regular Wire of Net n_3834 & Blockage of Cell g39896__1666  ( M1 )
Bounds : ( 72.075, 37.260 ) ( 72.075, 37.295 )


MAR: ( Minimum Area ) Regular Wire of Net n_3834  ( M2 )
Bounds : ( 72.045, 37.325 ) ( 72.175, 37.375 )


MAR: ( Minimum Area ) Regular Wire of Net n_4442  ( M2 )
Bounds : ( 73.025, 37.325 ) ( 73.175, 37.375 )


MAR: ( Minimum Area ) Regular Wire of Net n_4442  ( M3 )
Bounds : ( 73.095, 37.295 ) ( 73.145, 37.455 )


CUTSPACING: ( Cut EolSpacing ) Regular Wire of Net MR[3].MC[3].MUL_mul_15_35_n_3 & Regular Wire of Net CTS_67  ( VIA2 )
Bounds : ( 72.895, 36.875 ) ( 72.945, 36.925 )


CUTSPACING: ( Same Layer Cut Spacing ) Regular Wire of Net MR[3].MC[3].MUL_mul_15_35_n_3  ( VIA2 )
Bounds : ( 72.895, 36.875 ) ( 72.945, 36.925 )


CUTSPACING: ( Same Layer Cut Spacing ) Regular Wire of Net n_4442  ( VIA3 )
Bounds : ( 73.045, 37.375 ) ( 73.095, 37.425 )


MINSTEP: ( MinStep ) Regular Wire of Net place_opt_net_FE_OFN62_place_opt_net_FE_DBTN0_n_2948  ( M1 )
Bounds : ( 72.185, 37.585 ) ( 72.245, 37.605 )


MINSTEP: ( MinStep ) Regular Wire of Net n_3834  ( M1 )
Bounds : ( 73.165, 37.585 ) ( 73.225, 37.605 )


SHORT: ( Metal Short ) Regular Wire of Net ki[3][3][3] & Regular Wire of Net n_4442  ( M2 )
Bounds : ( 73.025, 37.325 ) ( 73.175, 37.375 )


SPACING: ( ParallelRunLength Spacing ) Regular Wire of Net MR[3].MC[3].MUL_mul_15_35_n_8 & Pin of Cell MR[3].MC[3].MUL_mul_15_35_g2299  ( M1 )
Bounds : ( 72.280, 36.225 ) ( 72.330, 36.260 )


SPACING: ( ParallelRunLength Spacing ) Regular Wire of Net MR[3].MC[3].MUL_mul_15_35_n_8 & Blockage of Cell MR[3].MC[3].MUL_mul_15_35_g2299  ( M1 )
Bounds : ( 72.255, 36.370 ) ( 72.280, 36.400 )


EndOfLine: ( EndOfLine Spacing ) Regular Wire of Net MR[3].MC[3].MUL_mul_15_35_n_8 & Pin of Cell MR[3].MC[3].MUL_mul_15_35_g2299  ( M1 )
Bounds : ( 72.280, 36.225 ) ( 72.330, 36.260 )


MAR: ( Minimum Area ) Regular Wire of Net MR[3].MC[3].MUL_mul_15_35_n_90  ( M2 )
Bounds : ( 71.965, 36.625 ) ( 72.155, 36.675 )


CUTSPACING: ( Cut EolSpacing ) Regular Wire of Net MR[3].MC[3].MUL_mul_15_35_n_8 & Pin of Cell MR[3].MC[3].MUL_mul_15_35_g2299  ( VIA1 )
Bounds : ( 72.285, 36.225 ) ( 72.330, 36.290 )


CUTSPACING: ( Same Layer Cut Spacing ) Regular Wire of Net MR[3].MC[3].MUL_mul_15_35_n_8 & Pin of Cell MR[3].MC[3].MUL_mul_15_35_g2299  ( VIA1 )
Bounds : ( 72.285, 36.225 ) ( 72.330, 36.290 )


MINSTEP: ( MinStep ) Regular Wire of Net MR[3].MC[3].MUL_mul_15_35_n_8  ( M1 )
Bounds : ( 72.255, 36.260 ) ( 72.280, 36.280 )


MINSTEP: ( MinStep ) Regular Wire of Net MR[3].MC[3].MUL_mul_15_35_n_8  ( M1 )
Bounds : ( 72.255, 36.350 ) ( 72.305, 36.370 )


MINSTEP: ( MinStep ) Regular Wire of Net MR[3].MC[3].MUL_mul_15_35_n_8  ( M1 )
Bounds : ( 72.330, 36.260 ) ( 72.355, 36.280 )


MINSTEP: ( MinStep ) Regular Wire of Net MR[3].MC[3].MUL_mul_15_35_n_8  ( M2 )
Bounds : ( 72.250, 36.340 ) ( 72.280, 36.375 )


SPACING: ( ParallelRunLength Spacing ) Regular Wire of Net MR[3].MC[3].MUL_mul_15_35_n_8 & Special Wire of Net VDD  ( M2 )
Bounds : ( 72.250, 36.265 ) ( 72.360, 36.290 )


SPACING: ( ParallelRunLength Spacing ) Regular Wire of Net CTS_67 & Regular Wire of Net MR[3].MC[3].MUL_mul_15_35_n_3  ( M3 )
Bounds : ( 72.870, 36.795 ) ( 72.895, 36.855 )


SHORT: ( Metal Short ) Regular Wire of Net MR[3].MC[3].MUL_mul_15_35_n_3 & Regular Wire of Net place_opt_net_FE_OFN4_s_ready  ( M2 )
Bounds : ( 72.865, 36.825 ) ( 72.995, 36.875 )


MAR: ( Minimum Area ) Regular Wire of Net MR[3].MC[3].MUL_mul_15_35_n_3  ( M3 )
Bounds : ( 72.895, 36.795 ) ( 72.945, 37.005 )


MAR: ( Minimum Area ) Regular Wire of Net MR[3].MC[3].MUL_mul_15_35_n_3  ( M2 )
Bounds : ( 72.865, 36.825 ) ( 72.995, 36.875 )


MAR: ( Minimum Area ) Regular Wire of Net place_opt_net_FE_OFN62_place_opt_net_FE_DBTN0_n_2948  ( M3 )
Bounds : ( 72.195, 37.595 ) ( 72.245, 37.805 )


CUTSPACING: ( Same Layer Cut Spacing ) Regular Wire of Net n_3834 & Regular Wire of Net place_opt_net_FE_OFN62_place_opt_net_FE_DBTN0_n_2948  ( VIA2 )
Bounds : ( 72.145, 37.625 ) ( 72.195, 37.675 )


SHORT: ( Metal Short ) Regular Wire of Net n_3834 & Regular Wire of Net n_3858  ( M3 )
Bounds : ( 72.095, 37.295 ) ( 72.145, 37.705 )


MINSTEP: ( MinStep ) Regular Wire of Net n_3834  ( M1 )
Bounds : ( 70.725, 39.095 ) ( 70.755, 39.125 )


CUTSPACING: ( Same Layer Cut Spacing ) Regular Wire of Net n_4442  ( VIA2 )
Bounds : ( 71.595, 38.675 ) ( 71.645, 38.725 )


CUTSPACING: ( Same Layer Cut Spacing ) Regular Wire of Net n_3834 & Regular Wire of Net MR[2].MC[3].MUL_mul_15_35_n_65  ( VIA2 )
Bounds : ( 71.195, 39.075 ) ( 71.245, 39.125 )


CUTSPACING: ( Same Layer Cut Spacing ) Regular Wire of Net n_3834  ( VIA2 )
Bounds : ( 70.695, 39.075 ) ( 70.745, 39.125 )


MAR: ( Minimum Area ) Regular Wire of Net n_3834  ( M2 )
Bounds : ( 70.645, 39.125 ) ( 70.775, 39.175 )


SHORT: ( Metal Short ) Regular Wire of Net MR[2].MC[3].MUL_mul_15_35_n_65 & Regular Wire of Net n_3834  ( M3 )
Bounds : ( 71.195, 39.095 ) ( 71.245, 39.105 )


EndOfLine: ( EndOfLine Spacing ) Regular Wire of Net n_3834 & Pin of Cell MR[2].MC[3].MUL_mul_15_35_g499  ( M1 )
Bounds : ( 70.725, 39.070 ) ( 70.730, 39.095 )


EndOfLine: ( EndOfLine Spacing ) Regular Wire of Net n_4442 & Blockage of Cell MR[2].MC[3].MUL_mul_15_35_g512  ( M1 )
Bounds : ( 71.235, 38.705 ) ( 71.235, 38.740 )


SPACING: ( ParallelRunLength Spacing ) Regular Wire of Net n_3834 & Pin of Cell MR[2].MC[3].MUL_mul_15_35_g499  ( M1 )
Bounds : ( 70.725, 39.070 ) ( 70.730, 39.095 )


SPACING: ( ParallelRunLength Spacing ) Regular Wire of Net n_4442 & Blockage of Cell MR[2].MC[3].MUL_mul_15_35_g512  ( M1 )
Bounds : ( 71.195, 38.595 ) ( 71.235, 38.705 )


SPACING: ( ParallelRunLength Spacing ) Regular Wire of Net n_4442 & Blockage of Cell MR[2].MC[3].MUL_mul_15_35_g512  ( M1 )
Bounds : ( 71.235, 38.705 ) ( 71.235, 38.740 )


SPACING: ( ParallelRunLength Spacing ) Regular Wire of Net MR[2].MC[3].MUL_mul_15_35_n_19 & Special Wire of Net VDD  ( M2 )
Bounds : ( 71.695, 38.065 ) ( 71.805, 38.110 )


SPACING: ( ParallelRunLength Spacing ) Regular Wire of Net MR[2].MC[3].MUL_mul_15_35_n_19  ( M2 )
Bounds : ( 71.670, 38.110 ) ( 71.695, 38.125 )


SPACING: ( ParallelRunLength Spacing ) Regular Wire of Net MR[2].MC[3].MUL_mul_15_35_n_9 & Regular Wire of Net MR[2].MC[3].MUL_mul_15_35_n_19  ( M2 )
Bounds : ( 71.640, 38.160 ) ( 71.665, 38.175 )


SPACING: ( ParallelRunLength Spacing ) Regular Wire of Net MR[2].MC[3].MUL_mul_15_35_n_19 & Special Wire of Net VDD  ( M2 )
Bounds : ( 71.560, 38.065 ) ( 71.670, 38.110 )


SPACING: ( ParallelRunLength Spacing ) Regular Wire of Net MR[2].MC[3].MUL_mul_15_35_n_19 & Blockage of Cell MR[2].MC[3].MUL_mul_15_35_g503  ( M1 )
Bounds : ( 71.775, 38.190 ) ( 71.805, 38.225 )


SHORT: ( Metal Short ) Regular Wire of Net MR[2].MC[3].MUL_mul_15_35_n_9 & Regular Wire of Net MR[2].MC[3].MUL_mul_15_35_n_19  ( M2 )
Bounds : ( 71.665, 38.125 ) ( 71.670, 38.160 )


MINSTEP: ( MinStep ) Regular Wire of Net n_3858  ( M2 )
Bounds : ( 71.905, 38.325 ) ( 71.935, 38.335 )


MINSTEP: ( MinStep ) Regular Wire of Net MR[2].MC[3].MUL_mul_15_35_n_19  ( M2 )
Bounds : ( 71.775, 38.160 ) ( 71.805, 38.175 )


MINSTEP: ( MinStep ) Regular Wire of Net MR[2].MC[3].MUL_mul_15_35_n_9  ( M2 )
Bounds : ( 71.640, 38.160 ) ( 71.670, 38.175 )


MINSTEP: ( MinStep ) Regular Wire of Net n_3858  ( M1 )
Bounds : ( 71.905, 38.305 ) ( 71.935, 38.325 )


MINSTEP: ( MinStep ) Regular Wire of Net MR[2].MC[3].MUL_mul_15_35_n_19  ( M1 )
Bounds : ( 71.775, 38.080 ) ( 71.790, 38.095 )


MINSTEP: ( MinStep ) Regular Wire of Net MR[2].MC[3].MUL_mul_15_35_n_19  ( M1 )
Bounds : ( 71.755, 38.175 ) ( 71.790, 38.190 )


MAR: ( Minimum Area ) Regular Wire of Net MR[2].MC[3].MUL_mul_15_35_n_19  ( M2 )
Bounds : ( 71.665, 38.125 ) ( 71.805, 38.160 )


CUTSPACING: ( Cut EolSpacing ) Regular Wire of Net MR[2].MC[3].MUL_mul_15_35_n_9 & Regular Wire of Net MR[2].MC[3].MUL_mul_15_35_n_19  ( VIA1 )
Bounds : ( 71.640, 38.110 ) ( 71.725, 38.160 )


MINSTEP: ( MinStep ) Regular Wire of Net MR[2].MC[3].MUL_mul_15_35_n_9  ( M1 )
Bounds : ( 71.570, 38.080 ) ( 71.590, 38.095 )


MINSTEP: ( MinStep ) Regular Wire of Net MR[2].MC[3].MUL_mul_15_35_n_9  ( M1 )
Bounds : ( 71.570, 38.175 ) ( 71.605, 38.190 )


MINSTEP: ( MinStep ) Regular Wire of Net MR[2].MC[3].MUL_mul_15_35_n_9  ( M1 )
Bounds : ( 71.640, 38.080 ) ( 71.655, 38.095 )


MINSTEP: ( MinStep ) Regular Wire of Net MR[2].MC[3].MUL_mul_15_35_n_19  ( M1 )
Bounds : ( 71.705, 38.080 ) ( 71.725, 38.095 )


MINSTEP: ( MinStep ) Regular Wire of Net MR[2].MC[3].MUL_mul_15_35_n_19 & Regular Wire of Net MR[2].MC[3].MUL_mul_15_35_n_9  ( M2 )
Bounds : ( 71.665, 38.110 ) ( 71.695, 38.125 )


SPACING: ( ParallelRunLength Spacing ) Regular Wire of Net n_3902 & Blockage of Cell MR[2].MC[3].MUL_mul_15_35_g512  ( M1 )
Bounds : ( 71.375, 38.275 ) ( 71.425, 38.305 )


SPACING: ( ParallelRunLength Spacing ) Regular Wire of Net n_3902 & Blockage of Cell MR[2].MC[3].MUL_mul_15_35_g512  ( M1 )
Bounds : ( 71.370, 38.275 ) ( 71.375, 38.305 )


EndOfLine: ( EndOfLine Spacing ) Regular Wire of Net n_3902 & Blockage of Cell MR[2].MC[3].MUL_mul_15_35_g512  ( M1 )
Bounds : ( 71.375, 38.275 ) ( 71.425, 38.305 )


MINSTEP: ( MinStep ) Regular Wire of Net n_3902  ( M2 )
Bounds : ( 71.455, 38.375 ) ( 71.475, 38.385 )


MINSTEP: ( MinStep ) Regular Wire of Net n_3902  ( M2 )
Bounds : ( 71.345, 38.325 ) ( 71.365, 38.335 )


MAR: ( Minimum Area ) Regular Wire of Net n_3902  ( M2 )
Bounds : ( 71.345, 38.335 ) ( 71.475, 38.375 )


MINSTEP: ( MinStep ) Regular Wire of Net n_3902  ( M1 )
Bounds : ( 71.345, 38.305 ) ( 71.375, 38.325 )


MINSTEP: ( MinStep ) Regular Wire of Net n_3902  ( M1 )
Bounds : ( 71.345, 38.395 ) ( 71.405, 38.415 )


MINSTEP: ( MinStep ) Regular Wire of Net n_3902  ( M1 )
Bounds : ( 71.425, 38.305 ) ( 71.455, 38.325 )


MAR: ( Minimum Area ) Regular Wire of Net MR[2].MC[3].MUL_mul_15_35_n_9  ( M2 )
Bounds : ( 71.465, 38.125 ) ( 71.670, 38.160 )


SPACING: ( ParallelRunLength Spacing ) Regular Wire of Net MR[2].MC[3].MUL_mul_15_35_n_9 & Blockage of Cell MR[2].MC[3].MUL_mul_15_35_g512  ( M1 )
Bounds : ( 71.555, 38.190 ) ( 71.590, 38.225 )


MINSTEP: ( MinStep ) Regular Wire of Net place_opt_net_FE_OFN62_place_opt_net_FE_DBTN0_n_2948  ( M1 )
Bounds : ( 71.705, 37.675 ) ( 71.735, 37.695 )


MINSTEP: ( MinStep ) Regular Wire of Net place_opt_net_FE_OFN62_place_opt_net_FE_DBTN0_n_2948  ( M1 )
Bounds : ( 71.625, 37.675 ) ( 71.655, 37.695 )


MINSTEP: ( MinStep ) Regular Wire of Net ki[3][3][4]  ( M1 )
Bounds : ( 71.850, 37.810 ) ( 71.885, 37.825 )


MINSTEP: ( MinStep ) Regular Wire of Net ki[3][3][4]  ( M1 )
Bounds : ( 71.850, 37.905 ) ( 71.870, 37.920 )


MINSTEP: ( MinStep ) Regular Wire of Net ki[3][3][4]  ( M1 )
Bounds : ( 71.920, 37.905 ) ( 71.935, 37.920 )


MINSTEP: ( MinStep ) Regular Wire of Net place_opt_net_FE_OFN62_place_opt_net_FE_DBTN0_n_2948  ( M2 )
Bounds : ( 71.625, 37.665 ) ( 71.655, 37.675 )


EndOfLine: ( EndOfLine Spacing ) Regular Wire of Net place_opt_net_FE_OFN62_place_opt_net_FE_DBTN0_n_2948 & Blockage of Cell g39895__2346  ( M1 )
Bounds : ( 71.655, 37.695 ) ( 71.705, 37.725 )


EndOfLine: ( EndOfLine Spacing ) Regular Wire of Net ki[3][3][4] & Pin of Cell MR[2].MC[3].MUL_mul_15_35_g503  ( M1 )
Bounds : ( 71.870, 37.920 ) ( 71.920, 37.975 )


SPACING: ( ParallelRunLength Spacing ) Regular Wire of Net place_opt_net_FE_OFN62_place_opt_net_FE_DBTN0_n_2948 & Blockage of Cell g39895__2346  ( M1 )
Bounds : ( 71.650, 37.695 ) ( 71.655, 37.725 )


SPACING: ( ParallelRunLength Spacing ) Regular Wire of Net place_opt_net_FE_OFN62_place_opt_net_FE_DBTN0_n_2948 & Blockage of Cell g39895__2346  ( M1 )
Bounds : ( 71.655, 37.695 ) ( 71.705, 37.725 )


SPACING: ( ParallelRunLength Spacing ) Regular Wire of Net ki[3][3][4] & Blockage of Cell g39895__2346  ( M1 )
Bounds : ( 71.835, 37.775 ) ( 71.870, 37.810 )


EndOfLine: ( EndOfLine Spacing ) Regular Wire of Net MR[2].MC[3].MUL_mul_15_35_n_9 & Pin of Cell MR[2].MC[3].MUL_mul_15_35_g503  ( M1 )
Bounds : ( 71.590, 38.025 ) ( 71.640, 38.080 )


EndOfLine: ( EndOfLine Spacing ) Regular Wire of Net MR[2].MC[3].MUL_mul_15_35_n_19 & Pin of Cell MR[2].MC[3].MUL_mul_15_35_g503  ( M1 )
Bounds : ( 71.725, 38.025 ) ( 71.775, 38.080 )


CUTSPACING: ( Cut EolSpacing ) Regular Wire of Net n_3902 & Regular Wire of Net MR[2].MC[3].MUL_mul_15_35_n_9  ( VIA2 )
Bounds : ( 71.395, 38.375 ) ( 71.445, 38.425 )


CUTSPACING: ( Same Layer Cut Spacing ) Regular Wire of Net n_3902  ( VIA2 )
Bounds : ( 71.395, 38.375 ) ( 71.445, 38.425 )


SPACING: ( ParallelRunLength Spacing ) Regular Wire of Net n_3902  ( M2 )
Bounds : ( 71.365, 38.385 ) ( 71.455, 38.425 )


MINSTEP: ( MinStep ) Regular Wire of Net ki[3][3][4]  ( M1 )
Bounds : ( 71.705, 36.695 ) ( 71.735, 36.705 )


MINSTEP: ( MinStep ) Regular Wire of Net place_opt_net_FE_OFN62_place_opt_net_FE_DBTN0_n_2948  ( M1 )
Bounds : ( 71.625, 37.585 ) ( 71.685, 37.605 )


MINSTEP: ( MinStep ) Regular Wire of Net ki[3][3][4]  ( M1 )
Bounds : ( 71.625, 36.695 ) ( 71.655, 36.705 )


MINSTEP: ( MinStep ) Regular Wire of Net ki[3][3][4]  ( M1 )
Bounds : ( 71.625, 36.575 ) ( 71.685, 36.625 )


CUTSPACING: ( Same Layer Cut Spacing ) Regular Wire of Net place_opt_net_FE_OFN4_s_ready  ( VIA2 )
Bounds : ( 71.795, 36.775 ) ( 71.845, 36.825 )


CUTSPACING: ( Same Layer Cut Spacing ) Regular Wire of Net ki[3][3][4] & Regular Wire of Net place_opt_net_FE_OFN4_s_ready  ( VIA2 )
Bounds : ( 71.795, 36.675 ) ( 71.845, 36.725 )


MAR: ( Minimum Area ) Regular Wire of Net place_opt_net_FE_OFN4_s_ready  ( M3 )
Bounds : ( 71.795, 36.695 ) ( 71.845, 36.905 )


MAR: ( Minimum Area ) Regular Wire of Net place_opt_net_FE_OFN4_s_ready  ( M2 )
Bounds : ( 71.765, 36.725 ) ( 71.875, 36.775 )


MAR: ( Minimum Area ) Regular Wire of Net ki[3][3][4]  ( M2 )
Bounds : ( 71.625, 36.625 ) ( 71.875, 36.675 )


MAR: ( Minimum Area ) Regular Wire of Net n_3902  ( M2 )
Bounds : ( 71.365, 37.325 ) ( 71.595, 37.375 )


SHORT: ( Metal Short ) Regular Wire of Net ki[3][3][4] & Regular Wire of Net place_opt_net_FE_OFN4_s_ready  ( M3 )
Bounds : ( 71.795, 36.695 ) ( 71.845, 36.905 )


EndOfLine: ( EndOfLine Spacing ) Regular Wire of Net n_3902 & Blockage of Cell g39895__2346  ( M1 )
Bounds : ( 71.515, 37.260 ) ( 71.515, 37.295 )


EndOfLine: ( EndOfLine Spacing ) Regular Wire of Net ki[3][3][4] & Pin of Cell MR[3].MC[3].MUL_mul_15_35_g2299  ( M1 )
Bounds : ( 71.655, 36.705 ) ( 71.705, 36.755 )


SPACING: ( ParallelRunLength Spacing ) Regular Wire of Net n_3902 & Blockage of Cell g39895__2346  ( M1 )
Bounds : ( 71.475, 37.295 ) ( 71.515, 37.405 )


SPACING: ( ParallelRunLength Spacing ) Regular Wire of Net n_3902 & Blockage of Cell g39895__2346  ( M1 )
Bounds : ( 71.515, 37.260 ) ( 71.515, 37.295 )


SPACING: ( ParallelRunLength Spacing ) Regular Wire of Net ki[3][3][4] & Pin of Cell MR[3].MC[3].MUL_mul_15_35_g2299  ( M1 )
Bounds : ( 71.655, 36.575 ) ( 71.685, 36.595 )


MAR: ( Minimum Area ) Regular Wire of Net ki[3][3][4]  ( M2 )
Bounds : ( 71.765, 37.840 ) ( 71.950, 37.875 )


MINSTEP: ( MinStep ) Regular Wire of Net ki[3][3][4]  ( M2 )
Bounds : ( 71.920, 37.825 ) ( 71.950, 37.840 )


SHORT: ( Metal Short ) Regular Wire of Net n_3834 & Regular Wire of Net place_opt_net_FE_OFN62_place_opt_net_FE_DBTN0_n_2948  ( M2 )
Bounds : ( 71.625, 37.625 ) ( 72.295, 37.665 )


SHORT: ( Metal Short ) Regular Wire of Net place_opt_net_FE_OFN62_place_opt_net_FE_DBTN0_n_2948 & Regular Wire of Net n_3834  ( M2 )
Bounds : ( 71.655, 37.625 ) ( 72.275, 37.675 )


EndOfLine: ( EndOfLine Spacing ) Regular Wire of Net n_3858 & Blockage of Cell MR[2].MC[3].MUL_mul_15_35_g503  ( M1 )
Bounds : ( 71.935, 38.275 ) ( 71.985, 38.305 )


SPACING: ( ParallelRunLength Spacing ) Regular Wire of Net n_3858 & Blockage of Cell MR[2].MC[3].MUL_mul_15_35_g503  ( M1 )
Bounds : ( 71.935, 38.275 ) ( 71.985, 38.305 )


SPACING: ( ParallelRunLength Spacing ) Regular Wire of Net ki[3][3][4] & Special Wire of Net VDD  ( M2 )
Bounds : ( 71.840, 37.890 ) ( 71.950, 37.935 )


SPACING: ( ParallelRunLength Spacing ) Regular Wire of Net n_3858 & Regular Wire of Net n_3902  ( M2 )
Bounds : ( 71.905, 38.385 ) ( 72.015, 38.425 )


MAR: ( Minimum Area ) Regular Wire of Net n_3834  ( M3 )
Bounds : ( 70.695, 38.995 ) ( 70.745, 39.205 )


MAR: ( Minimum Area ) Regular Wire of Net MR[2].MC[3].MUL_mul_15_35_n_67  ( M3 )
Bounds : ( 74.695, 39.095 ) ( 74.745, 39.305 )


CUTSPACING: ( Same Layer Cut Spacing ) Regular Wire of Net MR[2].MC[3].MUL_mul_15_35_n_67  ( VIA2 )
Bounds : ( 74.695, 39.175 ) ( 74.745, 39.225 )


MINSTEP: ( MinStep ) Regular Wire of Net n_3834  ( M1 )
Bounds : ( 70.725, 39.175 ) ( 70.755, 39.205 )


SHORT: ( Metal Short ) Regular Wire of Net n_4539 & Regular Wire of Net n_4284  ( M3 )
Bounds : ( 73.895, 39.045 ) ( 73.945, 39.405 )


SHORT: ( Metal Short ) Regular Wire of Net MR[2].MC[3].MUL_mul_15_35_n_67 & Regular Wire of Net CTS_67  ( M3 )
Bounds : ( 74.695, 39.095 ) ( 74.745, 39.305 )


MAR: ( Minimum Area ) Regular Wire of Net place_opt_net_FE_OFN62_place_opt_net_FE_DBTN0_n_2948  ( M2 )
Bounds : ( 73.565, 34.735 ) ( 73.695, 34.775 )


MAR: ( Minimum Area ) Regular Wire of Net ki[3][3][5]  ( M2 )
Bounds : ( 73.765, 34.525 ) ( 73.910, 34.560 )


MAR: ( Minimum Area ) Regular Wire of Net ki[3][3][5]  ( M3 )
Bounds : ( 73.795, 34.495 ) ( 73.845, 34.705 )


CUTSPACING: ( Same Layer Cut Spacing ) Regular Wire of Net ki[3][3][5]  ( VIA2 )
Bounds : ( 73.795, 34.575 ) ( 73.845, 34.625 )


MINSTEP: ( MinStep ) Regular Wire of Net place_opt_net_FE_OFN62_place_opt_net_FE_DBTN0_n_2948  ( M1 )
Bounds : ( 73.585, 34.705 ) ( 73.615, 34.725 )


MINSTEP: ( MinStep ) Regular Wire of Net place_opt_net_FE_OFN62_place_opt_net_FE_DBTN0_n_2948  ( M1 )
Bounds : ( 73.585, 34.795 ) ( 73.645, 34.815 )


MINSTEP: ( MinStep ) Regular Wire of Net place_opt_net_FE_OFN62_place_opt_net_FE_DBTN0_n_2948  ( M1 )
Bounds : ( 73.665, 34.705 ) ( 73.695, 34.725 )


MINSTEP: ( MinStep ) Regular Wire of Net ki[3][3][5]  ( M1 )
Bounds : ( 73.810, 34.480 ) ( 73.830, 34.495 )


MINSTEP: ( MinStep ) Regular Wire of Net ki[3][3][5]  ( M1 )
Bounds : ( 73.810, 34.575 ) ( 73.845, 34.590 )


MINSTEP: ( MinStep ) Regular Wire of Net ki[3][3][5]  ( M1 )
Bounds : ( 73.880, 34.480 ) ( 73.895, 34.495 )


MINSTEP: ( MinStep ) Regular Wire of Net place_opt_net_FE_OFN62_place_opt_net_FE_DBTN0_n_2948  ( M2 )
Bounds : ( 73.565, 34.775 ) ( 73.585, 34.785 )


MINSTEP: ( MinStep ) Regular Wire of Net place_opt_net_FE_OFN62_place_opt_net_FE_DBTN0_n_2948  ( M2 )
Bounds : ( 73.675, 34.725 ) ( 73.695, 34.735 )


MINSTEP: ( MinStep ) Regular Wire of Net ki[3][3][5]  ( M2 )
Bounds : ( 73.765, 34.510 ) ( 73.800, 34.525 )


MINSTEP: ( MinStep ) Regular Wire of Net ki[3][3][5]  ( M2 )
Bounds : ( 73.880, 34.560 ) ( 73.910, 34.575 )


EndOfLine: ( EndOfLine Spacing ) Regular Wire of Net MR[3].MC[3].MUL_mul_15_35_n_8 & Pin of Cell MR[3].MC[3].MUL_mul_15_35_retime_s5_51_reg  ( M1 )
Bounds : ( 72.765, 35.460 ) ( 72.775, 35.495 )


EndOfLine: ( EndOfLine Spacing ) Regular Wire of Net n_3858 & Blockage of Cell g39894__2883  ( M1 )
Bounds : ( 73.475, 35.105 ) ( 73.475, 35.140 )


EndOfLine: ( EndOfLine Spacing ) Regular Wire of Net place_opt_net_FE_OFN62_place_opt_net_FE_DBTN0_n_2948 & Blockage of Cell g39894__2883  ( M1 )
Bounds : ( 73.615, 34.675 ) ( 73.665, 34.705 )


EndOfLine: ( EndOfLine Spacing ) Regular Wire of Net ki[3][3][5] & Pin of Cell g39894__2883  ( M1 )
Bounds : ( 73.830, 34.425 ) ( 73.880, 34.480 )


SPACING: ( ParallelRunLength Spacing ) Regular Wire of Net MR[3].MC[3].MUL_mul_15_35_n_8 & Pin of Cell MR[3].MC[3].MUL_mul_15_35_retime_s5_51_reg  ( M1 )
Bounds : ( 72.765, 35.460 ) ( 72.775, 35.495 )


SPACING: ( ParallelRunLength Spacing ) Regular Wire of Net n_3858 & Blockage of Cell g39894__2883  ( M1 )
Bounds : ( 73.435, 34.995 ) ( 73.475, 35.105 )


SPACING: ( ParallelRunLength Spacing ) Regular Wire of Net n_3858 & Blockage of Cell g39894__2883  ( M1 )
Bounds : ( 73.475, 35.105 ) ( 73.475, 35.140 )


SPACING: ( ParallelRunLength Spacing ) Regular Wire of Net place_opt_net_FE_OFN62_place_opt_net_FE_DBTN0_n_2948 & Blockage of Cell g39894__2883  ( M1 )
Bounds : ( 73.610, 34.675 ) ( 73.615, 34.705 )


SPACING: ( ParallelRunLength Spacing ) Regular Wire of Net place_opt_net_FE_OFN62_place_opt_net_FE_DBTN0_n_2948 & Blockage of Cell g39894__2883  ( M1 )
Bounds : ( 73.615, 34.675 ) ( 73.665, 34.705 )


SPACING: ( ParallelRunLength Spacing ) Regular Wire of Net ki[3][3][5] & Blockage of Cell g39894__2883  ( M1 )
Bounds : ( 73.795, 34.590 ) ( 73.830, 34.625 )


SPACING: ( ParallelRunLength Spacing ) Regular Wire of Net ki[3][3][5] & Special Wire of Net VDD  ( M2 )
Bounds : ( 73.800, 34.465 ) ( 73.910, 34.510 )


MAR: ( Minimum Area ) Regular Wire of Net n_516  ( M2 )
Bounds : ( 51.765, 39.925 ) ( 51.920, 39.940 )


CUTSPACING: ( Cut EolSpacing ) Regular Wire of Net n_516 & Pin of Cell cts_opt_inst_FE_RC_4_0  ( VIA1 )
Bounds : ( 51.845, 39.825 ) ( 51.890, 39.890 )


CUTSPACING: ( Same Layer Cut Spacing ) Regular Wire of Net n_516 & Pin of Cell cts_opt_inst_FE_RC_4_0  ( VIA1 )
Bounds : ( 51.845, 39.825 ) ( 51.890, 39.890 )


MINSTEP: ( MinStep ) Regular Wire of Net n_516  ( M1 )
Bounds : ( 51.815, 39.860 ) ( 51.840, 39.880 )


MINSTEP: ( MinStep ) Regular Wire of Net n_516  ( M1 )
Bounds : ( 51.815, 39.950 ) ( 51.865, 39.970 )


MINSTEP: ( MinStep ) Regular Wire of Net n_516  ( M1 )
Bounds : ( 51.890, 39.860 ) ( 51.915, 39.880 )


MINSTEP: ( MinStep ) Regular Wire of Net n_516  ( M2 )
Bounds : ( 51.765, 39.890 ) ( 51.810, 39.925 )


MINSTEP: ( MinStep ) Regular Wire of Net n_516  ( M2 )
Bounds : ( 51.890, 39.940 ) ( 51.920, 39.975 )


EndOfLine: ( EndOfLine Spacing ) Regular Wire of Net n_516 & Pin of Cell cts_opt_inst_FE_RC_4_0  ( M1 )
Bounds : ( 51.840, 39.825 ) ( 51.890, 39.860 )


SPACING: ( ParallelRunLength Spacing ) Regular Wire of Net n_516 & Blockage of Cell cts_opt_inst_FE_RC_4_0  ( M1 )
Bounds : ( 51.815, 39.970 ) ( 51.840, 40.000 )


SPACING: ( ParallelRunLength Spacing ) Regular Wire of Net n_516 & Pin of Cell cts_opt_inst_FE_RC_4_0  ( M1 )
Bounds : ( 51.840, 39.825 ) ( 51.890, 39.860 )


SPACING: ( ParallelRunLength Spacing ) Regular Wire of Net n_516 & Special Wire of Net VDD  ( M2 )
Bounds : ( 51.810, 39.865 ) ( 51.920, 39.890 )


MAR: ( Minimum Area ) Regular Wire of Net MR[3].MC[3].MUL_mul_15_35_n_88  ( M2 )
Bounds : ( 74.935, 36.625 ) ( 75.075, 36.675 )


MINSTEP: ( MinStep ) Regular Wire of Net MR[2].MC[3].MUL_mul_15_35_n_77  ( M1 )
Bounds : ( 75.070, 39.875 ) ( 75.090, 39.890 )


MINSTEP: ( MinStep ) Regular Wire of Net MR[2].MC[3].MUL_mul_15_35_n_77  ( M1 )
Bounds : ( 75.070, 39.970 ) ( 75.105, 39.985 )


MINSTEP: ( MinStep ) Regular Wire of Net MR[2].MC[3].MUL_mul_15_35_n_77  ( M2 )
Bounds : ( 75.060, 39.955 ) ( 75.090, 39.975 )


SPACING: ( ParallelRunLength Spacing ) Regular Wire of Net MR[2].MC[3].MUL_mul_15_35_n_77 & Special Wire of Net VDD  ( M2 )
Bounds : ( 75.060, 39.865 ) ( 75.170, 39.905 )


SHORT: ( Metal Short ) Regular Wire of Net TRI_K_buffer[3][7][7] & Regular Wire of Net TRI_K_buffer[3][7][5]  ( M2 )
Bounds : ( 48.865, 39.325 ) ( 49.005, 39.375 )


CUTSPACING: ( Same Layer Cut Spacing ) Regular Wire of Net TRI_K_buffer[3][7][5]  ( VIA2 )
Bounds : ( 48.895, 39.275 ) ( 48.945, 39.325 )


CUTSPACING: ( Same Layer Cut Spacing ) Regular Wire of Net TRI_K_buffer[3][7][5]  ( VIA2 )
Bounds : ( 48.845, 39.225 ) ( 48.895, 39.275 )


CUTSPACING: ( Cut EolSpacing ) Regular Wire of Net TRI_K_buffer[3][7][5]  ( VIA2 )
Bounds : ( 48.895, 39.275 ) ( 48.945, 39.325 )


CUTSPACING: ( Cut EolSpacing ) Regular Wire of Net TRI_K_buffer[3][7][5]  ( VIA2 )
Bounds : ( 48.845, 39.275 ) ( 48.895, 39.325 )


MAR: ( Minimum Area ) Regular Wire of Net place_opt_net_FE_OFN30_MR_3__MC_6__MUL_mul_15_35_n_0  ( M3 )
Bounds : ( 47.795, 39.395 ) ( 47.845, 39.705 )


MAR: ( Minimum Area ) Regular Wire of Net TRI_K_buffer[3][7][5]  ( M2 )
Bounds : ( 48.865, 39.325 ) ( 49.005, 39.375 )


MAR: ( Minimum Area ) Regular Wire of Net place_opt_net_FE_OFN30_MR_3__MC_6__MUL_mul_15_35_n_0  ( M3 )
Bounds : ( 45.295, 39.395 ) ( 45.345, 39.705 )


SHORT: ( Metal Short ) Regular Wire of Net place_opt_net_FE_OFN30_MR_3__MC_6__MUL_mul_15_35_n_0 & Regular Wire of Net place_opt_net_FE_OFN12_AR_3__AC_7__ACC_add_31_50_n_0  ( M3 )
Bounds : ( 45.295, 39.395 ) ( 45.345, 39.705 )


SHORT: ( Metal Short ) Regular Wire of Net CTS_107 & Regular Wire of Net TRI_K_buffer[3][7][7]  ( M3 )
Bounds : ( 46.395, 39.245 ) ( 46.445, 39.405 )


VIAENCLOSURE: ( EnclosureEdge ) Regular Wire of Net n_488  ( VIA1 )
Bounds : ( 47.090, 37.840 ) ( 47.140, 37.890 )


MAR: ( Minimum Area ) Regular Wire of Net n_488  ( M2 )
Bounds : ( 47.060, 37.840 ) ( 47.175, 37.875 )


MAR: ( Minimum Area ) Regular Wire of Net place_opt_net_FE_OFN12_AR_3__AC_7__ACC_add_31_50_n_0  ( M2 )
Bounds : ( 47.825, 38.525 ) ( 47.975, 38.575 )


MAR: ( Minimum Area ) Regular Wire of Net place_opt_net_FE_OFN12_AR_3__AC_7__ACC_add_31_50_n_0  ( M3 )
Bounds : ( 47.895, 38.495 ) ( 47.945, 38.705 )


CUTSPACING: ( Same Layer Cut Spacing ) Regular Wire of Net place_opt_net_FE_OFN82_AR_3__AC_7__ACC_add_31_50_n_0 & Regular Wire of Net place_opt_net_FE_OFN12_AR_3__AC_7__ACC_add_31_50_n_0  ( VIA1 )
Bounds : ( 47.815, 38.475 ) ( 47.855, 38.525 )


CUTSPACING: ( Same Layer Cut Spacing ) Regular Wire of Net place_opt_net_FE_OFN12_AR_3__AC_7__ACC_add_31_50_n_0  ( VIA2 )
Bounds : ( 47.895, 38.575 ) ( 47.945, 38.625 )


MINSTEP: ( MinStep ) Regular Wire of Net n_488  ( M1 )
Bounds : ( 47.070, 37.810 ) ( 47.105, 37.825 )


MINSTEP: ( MinStep ) Regular Wire of Net n_488  ( M1 )
Bounds : ( 47.070, 37.905 ) ( 47.090, 37.920 )


MINSTEP: ( MinStep ) Regular Wire of Net n_741  ( M1 )
Bounds : ( 47.070, 38.080 ) ( 47.090, 38.095 )


MINSTEP: ( MinStep ) Regular Wire of Net n_741  ( M1 )
Bounds : ( 47.070, 38.175 ) ( 47.105, 38.190 )


MINSTEP: ( MinStep ) Regular Wire of Net n_488  ( M1 )
Bounds : ( 47.140, 37.905 ) ( 47.155, 37.920 )


MINSTEP: ( MinStep ) Regular Wire of Net n_741  ( M1 )
Bounds : ( 47.140, 38.080 ) ( 47.155, 38.095 )


MINSTEP: ( MinStep ) Regular Wire of Net n_488  ( M2 )
Bounds : ( 47.060, 37.825 ) ( 47.065, 37.840 )


MINSTEP: ( MinStep ) Regular Wire of Net n_741  ( M2 )
Bounds : ( 47.140, 38.160 ) ( 47.170, 38.175 )


MINSTEP: ( MinStep ) Regular Wire of Net n_488  ( M2 )
Bounds : ( 47.170, 37.875 ) ( 47.175, 37.890 )


SHORT: ( Metal Short ) Regular Wire of Net TRI_K_buffer[3][7][5] & Regular Wire of Net place_opt_net_FE_OFN12_AR_3__AC_7__ACC_add_31_50_n_0  ( M2 )
Bounds : ( 47.825, 38.525 ) ( 47.975, 38.575 )


SHORT: ( Metal Short ) Regular Wire of Net TRI_K_buffer[3][7][2] & Regular Wire of Net place_opt_net_FE_OFN12_AR_3__AC_7__ACC_add_31_50_n_0  ( M3 )
Bounds : ( 47.895, 38.495 ) ( 47.945, 38.705 )


EndOfLine: ( EndOfLine Spacing ) Regular Wire of Net n_488 & Pin of Cell g44217  ( M1 )
Bounds : ( 47.090, 37.920 ) ( 47.140, 37.975 )


EndOfLine: ( EndOfLine Spacing ) Regular Wire of Net n_741 & Pin of Cell g44217  ( M1 )
Bounds : ( 47.090, 38.025 ) ( 47.140, 38.080 )


EndOfLine: ( EndOfLine Spacing ) Regular Wire of Net place_opt_net_FE_OFN12_AR_3__AC_7__ACC_add_31_50_n_0 & Pin of Cell place_opt_inst_FE_OFC167_AR_3__AC_7__ACC_add_31_50_n_0  ( M1 )
Bounds : ( 47.835, 38.605 ) ( 47.855, 38.625 )


SPACING: ( ParallelRunLength Spacing ) Regular Wire of Net n_488 & Blockage of Cell g44470  ( M1 )
Bounds : ( 47.055, 37.775 ) ( 47.090, 37.810 )


SPACING: ( ParallelRunLength Spacing ) Regular Wire of Net n_741 & Blockage of Cell g44217  ( M1 )
Bounds : ( 47.055, 38.190 ) ( 47.090, 38.225 )


SPACING: ( ParallelRunLength Spacing ) Regular Wire of Net place_opt_net_FE_OFN12_AR_3__AC_7__ACC_add_31_50_n_0 & Pin of Cell place_opt_inst_FE_OFC167_AR_3__AC_7__ACC_add_31_50_n_0  ( M1 )
Bounds : ( 47.815, 38.495 ) ( 47.855, 38.605 )


SPACING: ( ParallelRunLength Spacing ) Regular Wire of Net place_opt_net_FE_OFN12_AR_3__AC_7__ACC_add_31_50_n_0 & Pin of Cell place_opt_inst_FE_OFC167_AR_3__AC_7__ACC_add_31_50_n_0  ( M1 )
Bounds : ( 47.835, 38.605 ) ( 47.855, 38.625 )


SPACING: ( ParallelRunLength Spacing ) Regular Wire of Net place_opt_net_FE_OFN12_AR_3__AC_7__ACC_add_31_50_n_0 & Pin of Cell place_opt_inst_FE_OFC167_AR_3__AC_7__ACC_add_31_50_n_0  ( M1 )
Bounds : ( 47.905, 38.605 ) ( 47.915, 38.630 )


SPACING: ( ParallelRunLength Spacing ) Regular Wire of Net n_488 & Special Wire of Net VDD  ( M2 )
Bounds : ( 47.060, 37.890 ) ( 47.170, 37.935 )


SPACING: ( ParallelRunLength Spacing ) Regular Wire of Net n_741 & Special Wire of Net VDD  ( M2 )
Bounds : ( 47.060, 38.065 ) ( 47.170, 38.110 )


EndOfLine: ( EndOfLine Spacing ) Regular Wire of Net TRI_K_buffer[2][7][5] & Regular Wire of Net place_opt_net_FE_OFN12_AR_3__AC_7__ACC_add_31_50_n_0  ( M2 )
Bounds : ( 46.395, 38.625 ) ( 46.465, 38.675 )


EndOfLine: ( EndOfLine Spacing ) Regular Wire of Net n_741 & Pin of Cell retime_s1_155_reg  ( M1 )
Bounds : ( 46.865, 39.060 ) ( 46.875, 39.095 )


EndOfLine: ( EndOfLine Spacing ) Regular Wire of Net TRI_K_buffer[2][7][5] & Pin of Cell g44217  ( M1 )
Bounds : ( 46.310, 38.705 ) ( 46.315, 38.730 )


EndOfLine: ( EndOfLine Spacing ) Regular Wire of Net TRI_K_buffer[2][7][7] & Pin of Cell g44421  ( M1 )
Bounds : ( 45.525, 38.705 ) ( 45.530, 38.730 )


SHORT: ( Metal Short ) Regular Wire of Net TRI_K_buffer[3][7][5] & Regular Wire of Net place_opt_net_FE_OFN82_AR_3__AC_7__ACC_add_31_50_n_0  ( M2 )
Bounds : ( 46.665, 38.425 ) ( 46.815, 38.475 )


MAR: ( Minimum Area ) Regular Wire of Net TRI_K_buffer[2][7][5]  ( M2 )
Bounds : ( 46.265, 38.625 ) ( 46.395, 38.675 )


MAR: ( Minimum Area ) Regular Wire of Net place_opt_net_FE_OFN12_AR_3__AC_7__ACC_add_31_50_n_0  ( M2 )
Bounds : ( 46.425, 38.425 ) ( 46.575, 38.475 )


MAR: ( Minimum Area ) Regular Wire of Net TRI_K_buffer[3][7][5]  ( M2 )
Bounds : ( 46.665, 38.425 ) ( 46.815, 38.475 )


MAR: ( Minimum Area ) Regular Wire of Net TRI_K_buffer[2][7][5]  ( M3 )
Bounds : ( 46.295, 38.595 ) ( 46.345, 38.805 )


MAR: ( Minimum Area ) Regular Wire of Net TRI_K_buffer[3][7][5]  ( M3 )
Bounds : ( 46.695, 38.395 ) ( 46.745, 38.605 )


CUTSPACING: ( Same Layer Cut Spacing ) Regular Wire of Net TRI_K_buffer[2][7][5]  ( VIA2 )
Bounds : ( 46.295, 38.675 ) ( 46.345, 38.725 )


CUTSPACING: ( Same Layer Cut Spacing ) Regular Wire of Net place_opt_net_FE_OFN12_AR_3__AC_7__ACC_add_31_50_n_0  ( VIA2 )
Bounds : ( 46.495, 38.375 ) ( 46.545, 38.425 )


CUTSPACING: ( Same Layer Cut Spacing ) Regular Wire of Net TRI_K_buffer[3][7][5]  ( VIA2 )
Bounds : ( 46.695, 38.475 ) ( 46.745, 38.525 )


SHORT: ( Metal Short ) Regular Wire of Net place_opt_net_FE_OFN12_AR_3__AC_7__ACC_add_31_50_n_0 & Regular Wire of Net place_opt_net_FE_OFN82_AR_3__AC_7__ACC_add_31_50_n_0  ( M2 )
Bounds : ( 46.425, 38.425 ) ( 46.575, 38.475 )


SPACING: ( ParallelRunLength Spacing ) Regular Wire of Net TRI_K_buffer[2][7][7] & Pin of Cell g44421  ( M1 )
Bounds : ( 45.525, 38.705 ) ( 45.530, 38.730 )


SPACING: ( ParallelRunLength Spacing ) Regular Wire of Net TRI_K_buffer[2][7][5] & Pin of Cell FILLTIE_2649  ( M1 )
Bounds : ( 46.305, 38.705 ) ( 46.315, 38.730 )


SPACING: ( ParallelRunLength Spacing ) Regular Wire of Net n_741 & Pin of Cell FILLTIE_2649  ( M1 )
Bounds : ( 46.865, 39.060 ) ( 46.875, 39.095 )


SPACING: ( ParallelRunLength Spacing ) Regular Wire of Net n_537 & Blockage of Cell g44421  ( M1 )
Bounds : ( 44.755, 38.190 ) ( 44.785, 38.225 )


SPACING: ( ParallelRunLength Spacing ) Regular Wire of Net n_537 & Pin of Cell retime_s2_168_reg  ( M1 )
Bounds : ( 44.345, 39.060 ) ( 44.355, 39.095 )


EndOfLine: ( EndOfLine Spacing ) Regular Wire of Net n_537 & Pin of Cell g44421  ( M1 )
Bounds : ( 44.705, 38.025 ) ( 44.755, 38.080 )


EndOfLine: ( EndOfLine Spacing ) Regular Wire of Net n_537 & Pin of Cell retime_s2_168_reg  ( M1 )
Bounds : ( 44.345, 39.060 ) ( 44.355, 39.095 )


MAR: ( Minimum Area ) Regular Wire of Net n_537  ( M2 )
Bounds : ( 44.325, 39.125 ) ( 44.575, 39.175 )


MAR: ( Minimum Area ) Regular Wire of Net TRI_K_buffer[3][7][7]  ( M2 )
Bounds : ( 45.025, 38.425 ) ( 45.175, 38.475 )


CUTSPACING: ( Cut EolSpacing ) Regular Wire of Net place_opt_net_FE_OFN30_MR_3__MC_6__MUL_mul_15_35_n_0 & Regular Wire of Net TRI_K_buffer[3][7][7]  ( VIA2 )
Bounds : ( 45.045, 39.075 ) ( 45.095, 39.125 )


CUTSPACING: ( Same Layer Cut Spacing ) Regular Wire of Net place_opt_net_FE_OFN12_AR_3__AC_7__ACC_add_31_50_n_0  ( VIA2 )
Bounds : ( 45.295, 38.375 ) ( 45.345, 38.425 )


MINSTEP: ( MinStep ) Regular Wire of Net n_537  ( M1 )
Bounds : ( 44.685, 38.080 ) ( 44.705, 38.095 )


MINSTEP: ( MinStep ) Regular Wire of Net n_537  ( M1 )
Bounds : ( 44.735, 38.175 ) ( 44.770, 38.190 )


MINSTEP: ( MinStep ) Regular Wire of Net n_537  ( M1 )
Bounds : ( 44.755, 38.080 ) ( 44.770, 38.095 )


MINSTEP: ( MinStep ) Regular Wire of Net n_537  ( M2 )
Bounds : ( 44.755, 38.160 ) ( 44.785, 38.175 )


SHORT: ( Metal Short ) Regular Wire of Net TRI_K_buffer[3][7][7] & Regular Wire of Net place_opt_net_FE_OFN82_AR_3__AC_7__ACC_add_31_50_n_0  ( M2 )
Bounds : ( 45.165, 38.425 ) ( 45.175, 38.475 )


SPACING: ( ParallelRunLength Spacing ) Regular Wire of Net n_537 & Special Wire of Net VDD  ( M2 )
Bounds : ( 44.675, 38.065 ) ( 44.785, 38.110 )


SHORT: ( Metal Short ) Regular Wire of Net place_opt_net_FE_OFN82_AR_3__AC_7__ACC_add_31_50_n_0 & Regular Wire of Net place_opt_net_FE_OFN12_AR_3__AC_7__ACC_add_31_50_n_0  ( M2 )
Bounds : ( 45.265, 38.425 ) ( 45.415, 38.475 )


MAR: ( Minimum Area ) Regular Wire of Net place_opt_net_FE_OFN12_AR_3__AC_7__ACC_add_31_50_n_0  ( M2 )
Bounds : ( 45.265, 38.425 ) ( 45.415, 38.475 )


SHORT: ( Metal Short ) Regular Wire of Net place_opt_net_FE_OFN79_AR_3__AC_7__ACC_add_31_50_n_0 & Regular Wire of Net place_opt_net_FE_OFN12_AR_3__AC_7__ACC_add_31_50_n_0  ( M2 )
Bounds : ( 46.565, 37.525 ) ( 46.575, 37.575 )


CUTSPACING: ( Same Layer Cut Spacing ) Regular Wire of Net place_opt_net_FE_OFN12_AR_3__AC_7__ACC_add_31_50_n_0 & Regular Wire of Net place_opt_net_FE_OFN79_AR_3__AC_7__ACC_add_31_50_n_0  ( VIA2 )
Bounds : ( 46.545, 37.525 ) ( 46.595, 37.575 )


CUTSPACING: ( Same Layer Cut Spacing ) Regular Wire of Net place_opt_net_FE_OFN12_AR_3__AC_7__ACC_add_31_50_n_0 & Regular Wire of Net place_opt_net_FE_OFN79_AR_3__AC_7__ACC_add_31_50_n_0  ( VIA1 )
Bounds : ( 46.505, 36.675 ) ( 46.545, 36.725 )


CUTSPACING: ( Cut EolSpacing ) Regular Wire of Net place_opt_net_FE_OFN12_AR_3__AC_7__ACC_add_31_50_n_0 & Regular Wire of Net place_opt_net_FE_OFN79_AR_3__AC_7__ACC_add_31_50_n_0  ( VIA2 )
Bounds : ( 46.545, 36.675 ) ( 46.595, 36.725 )


CUTSPACING: ( Cut EolSpacing ) Regular Wire of Net place_opt_net_FE_OFN12_AR_3__AC_7__ACC_add_31_50_n_0 & Regular Wire of Net place_opt_net_FE_OFN79_AR_3__AC_7__ACC_add_31_50_n_0  ( VIA1 )
Bounds : ( 46.505, 36.675 ) ( 46.545, 36.725 )


MAR: ( Minimum Area ) Regular Wire of Net place_opt_net_FE_OFN79_AR_3__AC_7__ACC_add_31_50_n_0  ( M2 )
Bounds : ( 46.565, 37.525 ) ( 46.675, 37.575 )


MAR: ( Minimum Area ) Regular Wire of Net place_opt_net_FE_OFN79_AR_3__AC_7__ACC_add_31_50_n_0  ( M2 )
Bounds : ( 46.515, 36.625 ) ( 46.675, 36.675 )


MAR: ( Minimum Area ) Regular Wire of Net place_opt_net_FE_OFN12_AR_3__AC_7__ACC_add_31_50_n_0  ( M2 )
Bounds : ( 46.425, 37.525 ) ( 46.575, 37.575 )


MAR: ( Minimum Area ) Regular Wire of Net place_opt_net_FE_OFN12_AR_3__AC_7__ACC_add_31_50_n_0  ( M2 )
Bounds : ( 46.425, 36.725 ) ( 46.575, 36.775 )


MAR: ( Minimum Area ) Regular Wire of Net TRI_K_buffer[2][7][2]  ( M2 )
Bounds : ( 46.265, 37.325 ) ( 46.395, 37.375 )


EndOfLine: ( EndOfLine Spacing ) Regular Wire of Net TRI_K_buffer[2][7][2] & Pin of Cell g44470  ( M1 )
Bounds : ( 46.310, 37.270 ) ( 46.315, 37.295 )


EndOfLine: ( EndOfLine Spacing ) Regular Wire of Net place_opt_net_FE_OFN12_AR_3__AC_7__ACC_add_31_50_n_0 & Pin of Cell place_opt_inst_FE_OFC166_AR_3__AC_7__ACC_add_31_50_n_0  ( M1 )
Bounds : ( 46.505, 36.805 ) ( 46.525, 36.825 )


EndOfLine: ( EndOfLine Spacing ) Regular Wire of Net place_opt_net_FE_OFN79_AR_3__AC_7__ACC_add_31_50_n_0 & Regular Wire of Net TRI_K_buffer[3][7][2]  ( M2 )
Bounds : ( 46.675, 37.525 ) ( 46.705, 37.575 )


SPACING: ( ParallelRunLength Spacing ) Regular Wire of Net TRI_K_buffer[2][7][2] & Pin of Cell g44470  ( M1 )
Bounds : ( 46.310, 37.270 ) ( 46.315, 37.295 )


SPACING: ( ParallelRunLength Spacing ) Regular Wire of Net place_opt_net_FE_OFN12_AR_3__AC_7__ACC_add_31_50_n_0 & Pin of Cell place_opt_inst_FE_OFC166_AR_3__AC_7__ACC_add_31_50_n_0  ( M1 )
Bounds : ( 46.445, 36.805 ) ( 46.455, 36.830 )


SPACING: ( ParallelRunLength Spacing ) Regular Wire of Net place_opt_net_FE_OFN12_AR_3__AC_7__ACC_add_31_50_n_0 & Pin of Cell place_opt_inst_FE_OFC166_AR_3__AC_7__ACC_add_31_50_n_0  ( M1 )
Bounds : ( 46.505, 36.695 ) ( 46.545, 36.805 )


SPACING: ( ParallelRunLength Spacing ) Regular Wire of Net place_opt_net_FE_OFN12_AR_3__AC_7__ACC_add_31_50_n_0 & Pin of Cell place_opt_inst_FE_OFC166_AR_3__AC_7__ACC_add_31_50_n_0  ( M1 )
Bounds : ( 46.505, 36.805 ) ( 46.525, 36.825 )


SPACING: ( ParallelRunLength Spacing ) Regular Wire of Net place_opt_net_FE_OFN79_AR_3__AC_7__ACC_add_31_50_n_0 & Regular Wire of Net TRI_K_buffer[3][7][2]  ( M2 )
Bounds : ( 46.675, 37.525 ) ( 46.705, 37.575 )


MAR: ( Minimum Area ) Regular Wire of Net n_741  ( M2 )
Bounds : ( 46.845, 39.125 ) ( 46.975, 39.175 )


MAR: ( Minimum Area ) Regular Wire of Net TRI_K_buffer[3][7][7]  ( M3 )
Bounds : ( 46.395, 39.095 ) ( 46.445, 39.405 )


MAR: ( Minimum Area ) Regular Wire of Net TRI_K_buffer[3][7][5]  ( M3 )
Bounds : ( 48.895, 39.195 ) ( 48.945, 39.405 )


SPACING: ( ParallelRunLength Spacing ) Regular Wire of Net CTS_107 & Regular Wire of Net n_741  ( M3 )
Bounds : ( 46.870, 39.185 ) ( 46.895, 39.205 )


CUTSPACING: ( Same Layer Cut Spacing ) Regular Wire of Net place_opt_net_FE_OFN30_MR_3__MC_6__MUL_mul_15_35_n_0  ( VIA2 )
Bounds : ( 43.295, 39.375 ) ( 43.345, 39.425 )


CUTSPACING: ( Cut EolSpacing ) Regular Wire of Net place_opt_net_FE_OFN30_MR_3__MC_6__MUL_mul_15_35_n_0  ( VIA2 )
Bounds : ( 39.395, 39.375 ) ( 39.445, 39.425 )


CUTSPACING: ( Cut EolSpacing ) Regular Wire of Net place_opt_net_FE_OFN30_MR_3__MC_6__MUL_mul_15_35_n_0  ( VIA2 )
Bounds : ( 39.445, 39.375 ) ( 39.495, 39.425 )


CUTSPACING: ( Same Layer Cut Spacing ) Regular Wire of Net place_opt_net_FE_OFN30_MR_3__MC_6__MUL_mul_15_35_n_0  ( VIA2 )
Bounds : ( 39.395, 39.375 ) ( 39.445, 39.425 )


CUTSPACING: ( Same Layer Cut Spacing ) Regular Wire of Net place_opt_net_FE_OFN30_MR_3__MC_6__MUL_mul_15_35_n_0  ( VIA2 )
Bounds : ( 39.445, 39.425 ) ( 39.495, 39.475 )


MAR: ( Minimum Area ) Regular Wire of Net TRI_K_buffer[2][7][7]  ( M2 )
Bounds : ( 40.495, 39.325 ) ( 40.675, 39.375 )


SHORT: ( Metal Short ) Regular Wire of Net place_opt_net_FE_OFN30_MR_3__MC_6__MUL_mul_15_35_n_0 & Regular Wire of Net TRI_K_buffer[2][7][7]  ( M2 )
Bounds : ( 40.495, 39.325 ) ( 40.675, 39.375 )


MAR: ( Minimum Area ) Regular Wire of Net n_1114  ( M2 )
Bounds : ( 40.865, 37.840 ) ( 41.010, 37.875 )


MINSTEP: ( MinStep ) Regular Wire of Net n_1114  ( M1 )
Bounds : ( 40.910, 37.810 ) ( 40.945, 37.825 )


MINSTEP: ( MinStep ) Regular Wire of Net n_1114  ( M1 )
Bounds : ( 40.910, 37.905 ) ( 40.930, 37.920 )


MINSTEP: ( MinStep ) Regular Wire of Net n_1114  ( M1 )
Bounds : ( 40.980, 37.905 ) ( 40.995, 37.920 )


MINSTEP: ( MinStep ) Regular Wire of Net n_1114  ( M2 )
Bounds : ( 40.865, 37.875 ) ( 40.900, 37.890 )


MINSTEP: ( MinStep ) Regular Wire of Net n_1114  ( M2 )
Bounds : ( 40.980, 37.825 ) ( 41.010, 37.840 )


EndOfLine: ( EndOfLine Spacing ) Regular Wire of Net n_1114 & Pin of Cell g43838  ( M1 )
Bounds : ( 40.930, 37.920 ) ( 40.980, 37.975 )


EndOfLine: ( EndOfLine Spacing ) Regular Wire of Net n_1174 & Pin of Cell retime_s1_24_reg  ( M1 )
Bounds : ( 41.685, 39.060 ) ( 41.695, 39.095 )


SPACING: ( ParallelRunLength Spacing ) Regular Wire of Net n_1114 & Blockage of Cell g43838  ( M1 )
Bounds : ( 40.895, 37.775 ) ( 40.930, 37.810 )


SPACING: ( ParallelRunLength Spacing ) Regular Wire of Net n_1174 & Pin of Cell retime_s1_24_reg  ( M1 )
Bounds : ( 41.685, 39.060 ) ( 41.695, 39.095 )


SPACING: ( ParallelRunLength Spacing ) Regular Wire of Net n_1114 & Special Wire of Net VDD  ( M2 )
Bounds : ( 40.900, 37.890 ) ( 41.010, 37.935 )


CUTSPACING: ( Same Layer Cut Spacing ) Regular Wire of Net place_opt_net_FE_OFN110_AR_3__AC_7__ACC_add_31_50_n_0  ( VIA2 )
Bounds : ( 40.695, 37.575 ) ( 40.745, 37.625 )


EndOfLine: ( EndOfLine Spacing ) Regular Wire of Net place_opt_net_FE_OFN110_AR_3__AC_7__ACC_add_31_50_n_0 & Regular Wire of Net TRI_K_buffer[2][7][4]  ( M2 )
Bounds : ( 40.795, 36.625 ) ( 40.825, 36.675 )


SPACING: ( ParallelRunLength Spacing ) Regular Wire of Net place_opt_net_FE_OFN110_AR_3__AC_7__ACC_add_31_50_n_0 & Regular Wire of Net TRI_K_buffer[2][7][4]  ( M2 )
Bounds : ( 40.795, 36.625 ) ( 40.825, 36.675 )


MAR: ( Minimum Area ) Regular Wire of Net n_1174  ( M2 )
Bounds : ( 41.165, 36.325 ) ( 41.290, 36.360 )


MINSTEP: ( MinStep ) Regular Wire of Net n_1174  ( M1 )
Bounds : ( 41.190, 36.280 ) ( 41.210, 36.295 )


MINSTEP: ( MinStep ) Regular Wire of Net n_1174  ( M1 )
Bounds : ( 41.190, 36.375 ) ( 41.225, 36.390 )


MINSTEP: ( MinStep ) Regular Wire of Net n_1174  ( M1 )
Bounds : ( 41.260, 36.280 ) ( 41.275, 36.295 )


MINSTEP: ( MinStep ) Regular Wire of Net n_1174  ( M2 )
Bounds : ( 41.165, 36.310 ) ( 41.180, 36.325 )


MINSTEP: ( MinStep ) Regular Wire of Net n_1174  ( M2 )
Bounds : ( 41.275, 36.360 ) ( 41.290, 36.375 )


EndOfLine: ( EndOfLine Spacing ) Regular Wire of Net n_1174 & Pin of Cell g43778  ( M1 )
Bounds : ( 41.210, 36.225 ) ( 41.260, 36.280 )


SPACING: ( ParallelRunLength Spacing ) Regular Wire of Net n_1174 & Blockage of Cell g43778  ( M1 )
Bounds : ( 41.175, 36.390 ) ( 41.210, 36.425 )


SPACING: ( ParallelRunLength Spacing ) Regular Wire of Net n_1174 & Special Wire of Net VDD  ( M2 )
Bounds : ( 41.180, 36.265 ) ( 41.290, 36.310 )


MAR: ( Minimum Area ) Regular Wire of Net n_1173  ( M2 )
Bounds : ( 38.445, 38.625 ) ( 38.675, 38.675 )


MAR: ( Minimum Area ) Regular Wire of Net n_1158  ( M2 )
Bounds : ( 38.445, 39.125 ) ( 38.575, 39.175 )


MINSTEP: ( MinStep ) Regular Wire of Net n_1173  ( M1 )
Bounds : ( 38.950, 37.810 ) ( 38.985, 37.825 )


MINSTEP: ( MinStep ) Regular Wire of Net n_1173  ( M1 )
Bounds : ( 38.950, 37.905 ) ( 38.970, 37.920 )


MINSTEP: ( MinStep ) Regular Wire of Net n_1173  ( M1 )
Bounds : ( 39.020, 37.905 ) ( 39.035, 37.920 )


MINSTEP: ( MinStep ) Regular Wire of Net n_1173  ( M2 )
Bounds : ( 39.020, 37.825 ) ( 39.050, 37.840 )


EndOfLine: ( EndOfLine Spacing ) Regular Wire of Net n_1173 & Pin of Cell retime_s1_27_reg  ( M1 )
Bounds : ( 38.465, 38.705 ) ( 38.475, 38.740 )


EndOfLine: ( EndOfLine Spacing ) Regular Wire of Net n_1158 & Pin of Cell retime_s1_101_reg  ( M1 )
Bounds : ( 38.465, 39.060 ) ( 38.475, 39.095 )


EndOfLine: ( EndOfLine Spacing ) Regular Wire of Net n_1173 & Pin of Cell retime_s1_27_reg  ( M1 )
Bounds : ( 38.970, 37.920 ) ( 39.020, 37.975 )


SPACING: ( ParallelRunLength Spacing ) Regular Wire of Net n_1173 & Pin of Cell retime_s1_27_reg  ( M1 )
Bounds : ( 38.465, 38.705 ) ( 38.475, 38.740 )


SPACING: ( ParallelRunLength Spacing ) Regular Wire of Net n_1158 & Pin of Cell retime_s1_27_reg  ( M1 )
Bounds : ( 38.465, 39.060 ) ( 38.475, 39.095 )


SPACING: ( ParallelRunLength Spacing ) Regular Wire of Net n_1173 & Blockage of Cell g43779  ( M1 )
Bounds : ( 38.935, 37.775 ) ( 38.970, 37.810 )


SPACING: ( ParallelRunLength Spacing ) Regular Wire of Net n_1173 & Pin of Cell ENDCAP__41  ( M2 )
Bounds : ( 38.940, 37.890 ) ( 39.050, 37.935 )


SPACING: ( ParallelRunLength Spacing ) Regular Wire of Net n_1173 & Regular Wire of Net CTS_108  ( M3 )
Bounds : ( 38.645, 38.500 ) ( 38.670, 38.705 )


SPACING: ( ParallelRunLength Spacing ) Regular Wire of Net CTS_108 & Regular Wire of Net TRI_K_buffer[2][7][6]  ( M3 )
Bounds : ( 38.770, 38.500 ) ( 38.795, 38.505 )


SPACING: ( ParallelRunLength Spacing ) Regular Wire of Net place_opt_net_FE_OFN12_AR_3__AC_7__ACC_add_31_50_n_0 & Pin of Cell g43778  ( M1 )
Bounds : ( 40.430, 36.905 ) ( 40.435, 36.930 )


SPACING: ( ParallelRunLength Spacing ) Regular Wire of Net place_opt_net_FE_OFN12_AR_3__AC_7__ACC_add_31_50_n_0 & Pin of Cell g43838  ( M1 )
Bounds : ( 40.150, 37.270 ) ( 40.155, 37.295 )


EndOfLine: ( EndOfLine Spacing ) Regular Wire of Net place_opt_net_FE_OFN12_AR_3__AC_7__ACC_add_31_50_n_0 & Regular Wire of Net sk_data[0][5]  ( M3 )
Bounds : ( 40.295, 37.405 ) ( 40.345, 37.445 )


EndOfLine: ( EndOfLine Spacing ) Regular Wire of Net sk_data[0][5] & Regular Wire of Net place_opt_net_FE_OFN110_AR_3__AC_7__ACC_add_31_50_n_0  ( M2 )
Bounds : ( 40.375, 37.525 ) ( 40.405, 37.575 )


EndOfLine: ( EndOfLine Spacing ) Regular Wire of Net place_opt_net_FE_OFN12_AR_3__AC_7__ACC_add_31_50_n_0 & Pin of Cell g43778  ( M1 )
Bounds : ( 40.430, 36.905 ) ( 40.435, 36.930 )


EndOfLine: ( EndOfLine Spacing ) Regular Wire of Net place_opt_net_FE_OFN12_AR_3__AC_7__ACC_add_31_50_n_0 & Pin of Cell g43838  ( M1 )
Bounds : ( 40.150, 37.270 ) ( 40.155, 37.295 )


SHORT: ( Metal Short ) Regular Wire of Net TRI_K_buffer[2][7][2] & Regular Wire of Net sk_data[0][4]  ( M2 )
Bounds : ( 40.545, 36.625 ) ( 40.575, 36.675 )


CUTSPACING: ( Same Layer Cut Spacing ) Regular Wire of Net TRI_K_buffer[2][7][2] & Regular Wire of Net sk_data[0][4]  ( VIA2 )
Bounds : ( 40.545, 36.625 ) ( 40.595, 36.675 )


MAR: ( Minimum Area ) Regular Wire of Net sk_data[0][5]  ( M3 )
Bounds : ( 40.295, 37.445 ) ( 40.345, 37.605 )


MAR: ( Minimum Area ) Regular Wire of Net sk_data[0][5]  ( M2 )
Bounds : ( 40.265, 37.525 ) ( 40.375, 37.575 )


MAR: ( Minimum Area ) Regular Wire of Net place_opt_net_FE_OFN12_AR_3__AC_7__ACC_add_31_50_n_0  ( M2 )
Bounds : ( 40.265, 36.825 ) ( 40.515, 36.875 )


SPACING: ( ParallelRunLength Spacing ) Regular Wire of Net sk_data[0][5] & Regular Wire of Net place_opt_net_FE_OFN110_AR_3__AC_7__ACC_add_31_50_n_0  ( M2 )
Bounds : ( 40.375, 37.525 ) ( 40.405, 37.575 )


SPACING: ( ParallelRunLength Spacing ) Regular Wire of Net place_opt_net_FE_OFN12_AR_3__AC_7__ACC_add_31_50_n_0 & Regular Wire of Net sk_data[0][5]  ( M3 )
Bounds : ( 40.295, 37.405 ) ( 40.345, 37.445 )


SPACING: ( ParallelRunLength Spacing ) Regular Wire of Net sk_data[0][6] & Regular Wire of Net place_opt_net_FE_OFN110_AR_3__AC_7__ACC_add_31_50_n_0  ( M2 )
Bounds : ( 38.415, 37.525 ) ( 38.445, 37.575 )


SPACING: ( ParallelRunLength Spacing ) Regular Wire of Net n_1149 & Blockage of Cell g43803  ( M1 )
Bounds : ( 38.935, 36.390 ) ( 38.970, 36.425 )


EndOfLine: ( EndOfLine Spacing ) Regular Wire of Net sk_data[0][6] & Regular Wire of Net place_opt_net_FE_OFN110_AR_3__AC_7__ACC_add_31_50_n_0  ( M2 )
Bounds : ( 38.415, 37.525 ) ( 38.445, 37.575 )


EndOfLine: ( EndOfLine Spacing ) Regular Wire of Net n_1149 & Pin of Cell g43803  ( M1 )
Bounds : ( 38.970, 36.225 ) ( 39.020, 36.280 )


SHORT: ( Metal Short ) Regular Wire of Net place_opt_net_FE_OFN110_AR_3__AC_7__ACC_add_31_50_n_0 & Regular Wire of Net TRI_K_buffer[2][7][6]  ( M2 )
Bounds : ( 38.585, 37.525 ) ( 38.775, 37.575 )


SHORT: ( Metal Short ) Regular Wire of Net TRI_K_buffer[2][7][2] & Regular Wire of Net place_opt_net_FE_OFN110_AR_3__AC_7__ACC_add_31_50_n_0  ( M2 )
Bounds : ( 38.585, 36.625 ) ( 38.775, 36.675 )


SHORT: ( Metal Short ) Regular Wire of Net place_opt_net_FE_OFN110_AR_3__AC_7__ACC_add_31_50_n_0 & Regular Wire of Net sk_data[0][2]  ( M2 )
Bounds : ( 38.445, 36.625 ) ( 38.475, 36.675 )


MINSTEP: ( MinStep ) Regular Wire of Net n_1149  ( M2 )
Bounds : ( 39.050, 36.310 ) ( 39.075, 36.325 )


MINSTEP: ( MinStep ) Regular Wire of Net n_1149  ( M2 )
Bounds : ( 38.940, 36.360 ) ( 38.965, 36.375 )


MINSTEP: ( MinStep ) Regular Wire of Net n_1149  ( M1 )
Bounds : ( 39.020, 36.280 ) ( 39.035, 36.295 )


MINSTEP: ( MinStep ) Regular Wire of Net n_1149  ( M1 )
Bounds : ( 38.950, 36.375 ) ( 38.985, 36.390 )


MINSTEP: ( MinStep ) Regular Wire of Net n_1149  ( M1 )
Bounds : ( 38.950, 36.280 ) ( 38.970, 36.295 )


CUTSPACING: ( Same Layer Cut Spacing ) Regular Wire of Net place_opt_net_FE_OFN110_AR_3__AC_7__ACC_add_31_50_n_0 & Regular Wire of Net TRI_K_buffer[2][7][6]  ( VIA2 )
Bounds : ( 38.745, 37.525 ) ( 38.795, 37.575 )


CUTSPACING: ( Same Layer Cut Spacing ) Regular Wire of Net place_opt_net_FE_OFN110_AR_3__AC_7__ACC_add_31_50_n_0  ( VIA2 )
Bounds : ( 38.495, 37.575 ) ( 38.545, 37.625 )


MAR: ( Minimum Area ) Regular Wire of Net n_1149  ( M2 )
Bounds : ( 38.940, 36.325 ) ( 39.075, 36.360 )


MAR: ( Minimum Area ) Regular Wire of Net sk_data[0][2]  ( M2 )
Bounds : ( 38.305, 36.625 ) ( 38.475, 36.675 )


MAR: ( Minimum Area ) Regular Wire of Net sk_data[0][6]  ( M2 )
Bounds : ( 38.265, 37.525 ) ( 38.415, 37.575 )


MAR: ( Minimum Area ) Regular Wire of Net place_opt_net_FE_OFN12_AR_3__AC_7__ACC_add_31_50_n_0  ( M2 )
Bounds : ( 38.165, 36.825 ) ( 38.275, 36.875 )


SPACING: ( ParallelRunLength Spacing ) Regular Wire of Net n_1149 & Special Wire of Net VDD  ( M2 )
Bounds : ( 38.940, 36.265 ) ( 39.050, 36.310 )


CUTSPACING: ( Same Layer Cut Spacing ) Regular Wire of Net sk_data[0][4] & Regular Wire of Net place_opt_net_FE_OFN110_AR_3__AC_7__ACC_add_31_50_n_0  ( VIA2 )
Bounds : ( 40.645, 36.625 ) ( 40.695, 36.675 )


SHORT: ( Metal Short ) Regular Wire of Net place_opt_net_FE_OFN110_AR_3__AC_7__ACC_add_31_50_n_0 & Regular Wire of Net TRI_K_buffer[2][7][5]  ( M2 )
Bounds : ( 40.545, 37.525 ) ( 40.775, 37.575 )


SHORT: ( Metal Short ) Regular Wire of Net place_opt_net_FE_OFN110_AR_3__AC_7__ACC_add_31_50_n_0 & Regular Wire of Net sk_data[0][4]  ( M2 )
Bounds : ( 40.665, 36.625 ) ( 40.675, 36.675 )


MAR: ( Minimum Area ) Regular Wire of Net sk_data[0][4]  ( M2 )
Bounds : ( 40.545, 36.625 ) ( 40.795, 36.675 )


SHORT: ( Metal Short ) Regular Wire of Net place_opt_net_FE_OFN110_AR_3__AC_7__ACC_add_31_50_n_0 & Regular Wire of Net n_1158  ( M3 )
Bounds : ( 38.495, 39.095 ) ( 38.545, 39.455 )


MAR: ( Minimum Area ) Regular Wire of Net TRI_K_buffer[2][7][4]  ( M2 )
Bounds : ( 43.665, 39.325 ) ( 43.825, 39.375 )


SPACING: ( ParallelRunLength Spacing ) Regular Wire of Net n_1103 & Blockage of Cell g43849  ( M1 )
Bounds : ( 27.595, 39.990 ) ( 27.630, 40.025 )


MAR: ( Minimum Area ) Regular Wire of Net sk_data[0][7]  ( M2 )
Bounds : ( 27.065, 39.325 ) ( 27.215, 39.375 )


MAR: ( Minimum Area ) Regular Wire of Net place_opt_net_FE_OFN110_AR_3__AC_7__ACC_add_31_50_n_0  ( M2 )
Bounds : ( 27.245, 39.325 ) ( 27.475, 39.375 )


MAR: ( Minimum Area ) Regular Wire of Net TRI_K_buffer[2][7][7]  ( M2 )
Bounds : ( 27.365, 39.325 ) ( 27.495, 39.375 )


MAR: ( Minimum Area ) Regular Wire of Net n_1158  ( M2 )
Bounds : ( 27.740, 39.640 ) ( 27.875, 39.675 )


MAR: ( Minimum Area ) Regular Wire of Net TRI_K_buffer[2][7][7]  ( M3 )
Bounds : ( 27.395, 39.245 ) ( 27.445, 39.405 )


SHORT: ( Cut Short ) Regular Wire of Net place_opt_net_FE_OFN110_AR_3__AC_7__ACC_add_31_50_n_0 & Regular Wire of Net TRI_K_buffer[2][7][7]  ( VIA2 )
Bounds : ( 27.395, 39.325 ) ( 27.445, 39.375 )


MINSTEP: ( MinStep ) Regular Wire of Net n_1103  ( M1 )
Bounds : ( 27.610, 39.880 ) ( 27.630, 39.895 )


MINSTEP: ( MinStep ) Regular Wire of Net n_1103  ( M1 )
Bounds : ( 27.680, 39.880 ) ( 27.695, 39.895 )


MINSTEP: ( MinStep ) Regular Wire of Net n_1158  ( M1 )
Bounds : ( 27.750, 39.610 ) ( 27.785, 39.625 )


MINSTEP: ( MinStep ) Regular Wire of Net n_1158  ( M1 )
Bounds : ( 27.750, 39.705 ) ( 27.770, 39.720 )


MINSTEP: ( MinStep ) Regular Wire of Net n_1158  ( M1 )
Bounds : ( 27.820, 39.705 ) ( 27.835, 39.720 )


MINSTEP: ( MinStep ) Regular Wire of Net n_1103  ( M2 )
Bounds : ( 27.680, 39.960 ) ( 27.710, 39.975 )


MINSTEP: ( MinStep ) Regular Wire of Net n_1158  ( M2 )
Bounds : ( 27.740, 39.625 ) ( 27.765, 39.640 )


MINSTEP: ( MinStep ) Regular Wire of Net n_1158  ( M2 )
Bounds : ( 27.850, 39.675 ) ( 27.875, 39.690 )


SHORT: ( Metal Short ) Regular Wire of Net TRI_K_buffer[2][7][7] & Regular Wire of Net place_opt_net_FE_OFN110_AR_3__AC_7__ACC_add_31_50_n_0  ( M2 )
Bounds : ( 27.365, 39.325 ) ( 27.475, 39.375 )


SHORT: ( Metal Short ) Regular Wire of Net TRI_K_buffer[2][7][7] & Regular Wire of Net place_opt_net_FE_OFN110_AR_3__AC_7__ACC_add_31_50_n_0  ( M3 )
Bounds : ( 27.395, 39.295 ) ( 27.445, 39.405 )


EndOfLine: ( EndOfLine Spacing ) Regular Wire of Net n_1103 & Pin of Cell g43794  ( M1 )
Bounds : ( 27.630, 39.825 ) ( 27.680, 39.880 )


EndOfLine: ( EndOfLine Spacing ) Regular Wire of Net n_1158 & Pin of Cell g43794  ( M1 )
Bounds : ( 27.770, 39.720 ) ( 27.820, 39.775 )


EndOfLine: ( EndOfLine Spacing ) Regular Wire of Net sk_data[0][7] & Regular Wire of Net place_opt_net_FE_OFN110_AR_3__AC_7__ACC_add_31_50_n_0  ( M2 )
Bounds : ( 27.215, 39.325 ) ( 27.245, 39.375 )


SPACING: ( ParallelRunLength Spacing ) Regular Wire of Net n_1158 & Blockage of Cell g43794  ( M1 )
Bounds : ( 27.735, 39.575 ) ( 27.770, 39.610 )


SPACING: ( ParallelRunLength Spacing ) Regular Wire of Net sk_data[0][7] & Regular Wire of Net place_opt_net_FE_OFN110_AR_3__AC_7__ACC_add_31_50_n_0  ( M2 )
Bounds : ( 27.215, 39.325 ) ( 27.245, 39.375 )


SPACING: ( ParallelRunLength Spacing ) Regular Wire of Net n_1103 & Pin of Cell ENDCAP__45  ( M2 )
Bounds : ( 27.600, 39.865 ) ( 27.710, 39.910 )


SPACING: ( ParallelRunLength Spacing ) Regular Wire of Net n_1158 & Pin of Cell ENDCAP__45  ( M2 )
Bounds : ( 27.740, 39.690 ) ( 27.850, 39.735 )


MINSTEP: ( MinStep ) Regular Wire of Net n_1103  ( M1 )
Bounds : ( 27.610, 39.975 ) ( 27.645, 39.990 )


MAR: ( Minimum Area ) Regular Wire of Net place_opt_net_FE_OFN12_AR_3__AC_7__ACC_add_31_50_n_0  ( M2 )
Bounds : ( 26.865, 39.125 ) ( 27.075, 39.175 )


EndOfLine: ( EndOfLine Spacing ) Regular Wire of Net place_opt_net_FE_OFN12_AR_3__AC_7__ACC_add_31_50_n_0 & Pin of Cell g43794  ( M1 )
Bounds : ( 26.990, 39.070 ) ( 26.995, 39.095 )


SPACING: ( ParallelRunLength Spacing ) Regular Wire of Net place_opt_net_FE_OFN12_AR_3__AC_7__ACC_add_31_50_n_0 & Pin of Cell g43794  ( M1 )
Bounds : ( 26.990, 39.070 ) ( 26.995, 39.095 )


SHORT: ( Metal Short ) Special Wire of Net VDD & Routing Blockage  ( M2 )
Bounds : ( 28.020, 36.135 ) ( 32.020, 36.265 )


SHORT: ( Metal Short ) Special Wire of Net GND & Routing Blockage  ( M2 )
Bounds : ( 28.020, 37.035 ) ( 32.020, 37.165 )


SHORT: ( Metal Short ) Special Wire of Net VDD & Routing Blockage  ( M2 )
Bounds : ( 28.020, 37.935 ) ( 32.020, 38.065 )


SHORT: ( Metal Short ) Special Wire of Net GND & Routing Blockage  ( M2 )
Bounds : ( 28.020, 38.835 ) ( 32.020, 38.965 )


SHORT: ( Metal Short ) Special Wire of Net VDD & Routing Blockage  ( M2 )
Bounds : ( 28.020, 39.735 ) ( 32.020, 39.865 )


SHORT: ( Metal Short ) Special Wire of Net GND & Routing Blockage  ( M2 )
Bounds : ( 28.020, 29.835 ) ( 32.020, 29.965 )


SHORT: ( Metal Short ) Special Wire of Net VDD & Routing Blockage  ( M2 )
Bounds : ( 28.020, 30.735 ) ( 32.020, 30.865 )


SHORT: ( Metal Short ) Special Wire of Net GND & Routing Blockage  ( M2 )
Bounds : ( 28.020, 31.635 ) ( 32.020, 31.765 )


SHORT: ( Metal Short ) Special Wire of Net VDD & Routing Blockage  ( M2 )
Bounds : ( 28.020, 32.535 ) ( 32.020, 32.665 )


SHORT: ( Metal Short ) Special Wire of Net GND & Routing Blockage  ( M2 )
Bounds : ( 28.020, 33.435 ) ( 32.020, 33.565 )


SHORT: ( Metal Short ) Special Wire of Net VDD & Routing Blockage  ( M2 )
Bounds : ( 28.020, 34.335 ) ( 32.020, 34.465 )


SHORT: ( Metal Short ) Special Wire of Net GND & Routing Blockage  ( M2 )
Bounds : ( 28.020, 35.235 ) ( 32.020, 35.365 )


SHORT: ( Metal Short ) Special Wire of Net GND & Routing Blockage  ( M2 )
Bounds : ( 34.020, 29.835 ) ( 38.020, 29.965 )


SHORT: ( Metal Short ) Special Wire of Net VDD & Routing Blockage  ( M2 )
Bounds : ( 34.020, 30.735 ) ( 38.020, 30.865 )


SHORT: ( Metal Short ) Special Wire of Net GND & Routing Blockage  ( M2 )
Bounds : ( 34.020, 31.635 ) ( 38.020, 31.765 )


SHORT: ( Metal Short ) Special Wire of Net VDD & Routing Blockage  ( M2 )
Bounds : ( 34.020, 32.535 ) ( 38.020, 32.665 )


SHORT: ( Metal Short ) Special Wire of Net GND & Routing Blockage  ( M2 )
Bounds : ( 34.020, 33.435 ) ( 38.020, 33.565 )


SHORT: ( Metal Short ) Special Wire of Net VDD & Routing Blockage  ( M2 )
Bounds : ( 34.020, 34.335 ) ( 38.020, 34.465 )


SHORT: ( Metal Short ) Special Wire of Net GND & Routing Blockage  ( M2 )
Bounds : ( 34.020, 35.235 ) ( 38.020, 35.365 )


SHORT: ( Metal Short ) Special Wire of Net VDD & Routing Blockage  ( M2 )
Bounds : ( 34.020, 36.135 ) ( 38.020, 36.265 )


SHORT: ( Metal Short ) Special Wire of Net GND & Routing Blockage  ( M2 )
Bounds : ( 34.020, 37.035 ) ( 38.020, 37.165 )


SHORT: ( Metal Short ) Special Wire of Net VDD & Routing Blockage  ( M2 )
Bounds : ( 34.020, 37.935 ) ( 38.020, 38.065 )


SHORT: ( Metal Short ) Special Wire of Net GND & Routing Blockage  ( M2 )
Bounds : ( 34.020, 38.835 ) ( 38.020, 38.965 )


SHORT: ( Metal Short ) Special Wire of Net VDD & Routing Blockage  ( M2 )
Bounds : ( 34.020, 39.735 ) ( 38.020, 39.865 )


MAR: ( Minimum Area ) Regular Wire of Net sk_data[1][7]  ( M5 )
Bounds : ( 0.095, 31.745 ) ( 0.145, 31.955 )


CUTSPACING: ( Cut EolSpacing ) Regular Wire of Net sk_data[1][7] & Regular Wire of Net sk_data[0][5]  ( VIA4 )
Bounds : ( 0.095, 31.825 ) ( 0.145, 31.875 )


CUTSPACING: ( Same Layer Cut Spacing ) Regular Wire of Net sk_data[1][7]  ( VIA4 )
Bounds : ( 0.095, 31.825 ) ( 0.145, 31.875 )


SHORT: ( Metal Short ) Special Wire of Net GND & Routing Blockage  ( M2 )
Bounds : ( 28.020, 24.435 ) ( 32.020, 24.565 )


SHORT: ( Metal Short ) Special Wire of Net VDD & Routing Blockage  ( M2 )
Bounds : ( 28.020, 25.335 ) ( 32.020, 25.465 )


SHORT: ( Metal Short ) Special Wire of Net GND & Routing Blockage  ( M2 )
Bounds : ( 28.020, 26.235 ) ( 32.020, 26.365 )


SHORT: ( Metal Short ) Special Wire of Net VDD & Routing Blockage  ( M2 )
Bounds : ( 28.020, 27.135 ) ( 32.020, 27.265 )


SHORT: ( Metal Short ) Special Wire of Net GND & Routing Blockage  ( M2 )
Bounds : ( 28.020, 28.035 ) ( 32.020, 28.165 )


SHORT: ( Metal Short ) Special Wire of Net VDD & Routing Blockage  ( M2 )
Bounds : ( 28.020, 28.935 ) ( 32.020, 29.065 )


SHORT: ( Metal Short ) Special Wire of Net VDD & Routing Blockage  ( M2 )
Bounds : ( 28.020, 19.935 ) ( 32.020, 20.065 )


SHORT: ( Metal Short ) Special Wire of Net GND & Routing Blockage  ( M2 )
Bounds : ( 28.020, 20.835 ) ( 32.020, 20.965 )


SHORT: ( Metal Short ) Special Wire of Net VDD & Routing Blockage  ( M2 )
Bounds : ( 28.020, 21.735 ) ( 32.020, 21.865 )


SHORT: ( Metal Short ) Special Wire of Net GND & Routing Blockage  ( M2 )
Bounds : ( 28.020, 22.635 ) ( 32.020, 22.765 )


SHORT: ( Metal Short ) Special Wire of Net VDD & Routing Blockage  ( M2 )
Bounds : ( 28.020, 23.535 ) ( 32.020, 23.665 )


SHORT: ( Metal Short ) Special Wire of Net VDD & Routing Blockage  ( M2 )
Bounds : ( 34.020, 19.935 ) ( 38.020, 20.065 )


SHORT: ( Metal Short ) Special Wire of Net GND & Routing Blockage  ( M2 )
Bounds : ( 34.020, 20.835 ) ( 38.020, 20.965 )


SHORT: ( Metal Short ) Special Wire of Net VDD & Routing Blockage  ( M2 )
Bounds : ( 34.020, 21.735 ) ( 38.020, 21.865 )


SHORT: ( Metal Short ) Special Wire of Net GND & Routing Blockage  ( M2 )
Bounds : ( 34.020, 22.635 ) ( 38.020, 22.765 )


SHORT: ( Metal Short ) Special Wire of Net VDD & Routing Blockage  ( M2 )
Bounds : ( 34.020, 23.535 ) ( 38.020, 23.665 )


SHORT: ( Metal Short ) Special Wire of Net GND & Routing Blockage  ( M2 )
Bounds : ( 34.020, 24.435 ) ( 38.020, 24.565 )


SHORT: ( Metal Short ) Special Wire of Net VDD & Routing Blockage  ( M2 )
Bounds : ( 34.020, 25.335 ) ( 38.020, 25.465 )


SHORT: ( Metal Short ) Special Wire of Net GND & Routing Blockage  ( M2 )
Bounds : ( 34.020, 26.235 ) ( 38.020, 26.365 )


SHORT: ( Metal Short ) Special Wire of Net VDD & Routing Blockage  ( M2 )
Bounds : ( 34.020, 27.135 ) ( 38.020, 27.265 )


SHORT: ( Metal Short ) Special Wire of Net GND & Routing Blockage  ( M2 )
Bounds : ( 34.020, 28.035 ) ( 38.020, 28.165 )


SHORT: ( Metal Short ) Special Wire of Net VDD & Routing Blockage  ( M2 )
Bounds : ( 34.020, 28.935 ) ( 38.020, 29.065 )


MAR: ( Minimum Area ) Regular Wire of Net sk_data[0][4]  ( M5 )
Bounds : ( 0.095, 21.745 ) ( 0.145, 22.055 )


SHORT: ( Out Of Die ) Regular Wire of Net sk_data[1][7]  ( M4 )
Bounds : ( -0.025, 31.775 ) ( 0.000, 31.825 )


SHORT: ( Out Of Die ) Regular Wire of Net sk_data[1][6]  ( M4 )
Bounds : ( -0.025, 33.775 ) ( 0.000, 33.825 )


SHORT: ( Out Of Die ) Regular Wire of Net sk_data[1][5]  ( M4 )
Bounds : ( -0.025, 35.775 ) ( 0.000, 35.825 )


SHORT: ( Out Of Die ) Regular Wire of Net sk_data[1][4]  ( M4 )
Bounds : ( -0.025, 37.775 ) ( 0.000, 37.825 )


SHORT: ( Out Of Die ) Regular Wire of Net sk_data[1][3]  ( M4 )
Bounds : ( -0.025, 39.775 ) ( 0.000, 39.825 )


SHORT: ( Out Of Die ) Regular Wire of Net sk_data[0][7]  ( M4 )
Bounds : ( -0.025, 15.775 ) ( 0.000, 15.825 )


SHORT: ( Out Of Die ) Regular Wire of Net sk_data[0][6]  ( M4 )
Bounds : ( -0.025, 17.775 ) ( 0.000, 17.825 )


SHORT: ( Out Of Die ) Regular Wire of Net sk_data[0][5]  ( M4 )
Bounds : ( -0.025, 19.775 ) ( 0.000, 19.825 )


SHORT: ( Out Of Die ) Regular Wire of Net sk_data[0][4]  ( M4 )
Bounds : ( -0.025, 21.775 ) ( 0.000, 21.825 )


SHORT: ( Out Of Die ) Regular Wire of Net sk_data[0][3]  ( M4 )
Bounds : ( -0.025, 23.775 ) ( 0.000, 23.825 )


SHORT: ( Out Of Die ) Regular Wire of Net sk_data[0][2]  ( M4 )
Bounds : ( -0.025, 25.775 ) ( 0.000, 25.825 )


SHORT: ( Out Of Die ) Regular Wire of Net sk_data[0][1]  ( M4 )
Bounds : ( -0.025, 27.775 ) ( 0.000, 27.825 )


SHORT: ( Out Of Die ) Regular Wire of Net sk_data[0][0]  ( M4 )
Bounds : ( -0.025, 29.775 ) ( 0.000, 29.825 )


  Total Violations : 1000 Viols.
