###############################################################
#  Generated by:      Cadence Innovus 23.13-s082_1
#  OS:                Linux x86_64(Host ID mun)
#  Generated on:      Tue Jun 24 07:50:44 2025
#  Design:            axis_sa
#  Command:           check_drc -out_file /work/axis-systolic-array/run/work/../../tcl/asic/reports/pnr/5_post_cts_hold/drc_report.rpt
###############################################################

CUTSPACING: ( Same Layer Cut Spacing ) Regular Wire of Net CTS_107 & Regular Wire of Net TRI_K_buffer[2][7][7]  ( VIA2 )
Bounds : ( 42.115, 39.275 ) ( 42.145, 39.325 )


CUTSPACING: ( Cut EolSpacing ) Regular Wire of Net place_opt_net_FE_OFN30_MR_3__MC_6__MUL_mul_15_35_n_0  ( VIA2 )
Bounds : ( 39.395, 39.375 ) ( 39.445, 39.425 )


CUTSPACING: ( Cut EolSpacing ) Regular Wire of Net place_opt_net_FE_OFN30_MR_3__MC_6__MUL_mul_15_35_n_0  ( VIA2 )
Bounds : ( 39.445, 39.375 ) ( 39.495, 39.425 )


SHORT: ( Cut Short ) Regular Wire of Net cts_opt_net_FE_PHN1165_n_776 & Regular Wire of Net cts_opt_net_FE_PHN1288_n_754  ( VIA3 )
Bounds : ( 38.475, 39.640 ) ( 38.525, 39.690 )


CUTSPACING: ( Same Layer Cut Spacing ) Regular Wire of Net place_opt_net_FE_OFN30_MR_3__MC_6__MUL_mul_15_35_n_0  ( VIA2 )
Bounds : ( 39.395, 39.375 ) ( 39.445, 39.425 )


CUTSPACING: ( Same Layer Cut Spacing ) Regular Wire of Net place_opt_net_FE_OFN30_MR_3__MC_6__MUL_mul_15_35_n_0  ( VIA2 )
Bounds : ( 39.445, 39.425 ) ( 39.495, 39.475 )


SHORT: ( Metal Short ) Regular Wire of Net TRI_K_buffer[2][7][7] & Regular Wire of Net place_opt_net_FE_OFN30_MR_3__MC_6__MUL_mul_15_35_n_0  ( M2 )
Bounds : ( 40.495, 39.325 ) ( 42.195, 39.375 )


MINSTEP: ( MinStep ) Regular Wire of Net cts_opt_net_FE_PHN485_TRI_K_buffer_2_7_2  ( M1 )
Bounds : ( 42.237, 37.905 ) ( 42.255, 37.920 )


SPACING: ( ParallelRunLength Spacing ) Regular Wire of Net TRI_K_buffer[2][7][7] & Pin of Cell FILLTIE_2649  ( M1 )
Bounds : ( 42.165, 38.705 ) ( 42.175, 38.735 )


SPACING: ( ParallelRunLength Spacing ) Regular Wire of Net n_1174 & Pin of Cell FILLTIE_2649  ( M1 )
Bounds : ( 41.685, 39.060 ) ( 41.695, 39.095 )


SPACING: ( ParallelRunLength Spacing ) Regular Wire of Net TRI_K_buffer[2][7][3] & Pin of Cell cts_opt_inst_FE_PHC307_TRI_K_buffer_2_7_3  ( M1 )
Bounds : ( 40.905, 38.705 ) ( 40.910, 38.735 )


EndOfLine: ( EndOfLine Spacing ) Regular Wire of Net TRI_K_buffer[2][7][7] & Pin of Cell cts_opt_inst_FE_PHC326_TRI_K_buffer_2_7_7  ( M1 )
Bounds : ( 42.165, 38.705 ) ( 42.170, 38.735 )


EndOfLine: ( EndOfLine Spacing ) Regular Wire of Net n_1174 & Pin of Cell retime_s1_24_reg  ( M1 )
Bounds : ( 41.685, 39.060 ) ( 41.695, 39.095 )


EndOfLine: ( EndOfLine Spacing ) Regular Wire of Net TRI_K_buffer[2][7][3] & Pin of Cell cts_opt_inst_FE_PHC307_TRI_K_buffer_2_7_3  ( M1 )
Bounds : ( 40.905, 38.705 ) ( 40.910, 38.735 )


MAR: ( Minimum Area ) Regular Wire of Net TRI_K_buffer[2][7][3]  ( M2 )
Bounds : ( 40.825, 38.625 ) ( 40.935, 38.675 )


MAR: ( Minimum Area ) Regular Wire of Net TRI_K_buffer[2][7][7]  ( M2 )
Bounds : ( 42.085, 38.625 ) ( 42.195, 38.675 )


MINSTEP: ( MinStep ) Regular Wire of Net TRI_K_buffer[2][7][3]  ( M1 )
Bounds : ( 40.905, 38.595 ) ( 40.935, 38.625 )


MINSTEP: ( MinStep ) Regular Wire of Net TRI_K_buffer[2][7][3]  ( M1 )
Bounds : ( 40.905, 38.675 ) ( 40.935, 38.705 )


MINSTEP: ( MinStep ) Regular Wire of Net TRI_K_buffer[2][7][7]  ( M1 )
Bounds : ( 42.165, 38.595 ) ( 42.195, 38.625 )


MINSTEP: ( MinStep ) Regular Wire of Net TRI_K_buffer[2][7][7]  ( M1 )
Bounds : ( 42.165, 38.675 ) ( 42.195, 38.705 )


SPACING: ( ParallelRunLength Spacing ) Regular Wire of Net n_1114 & Blockage of Cell g43838  ( M1 )
Bounds : ( 40.895, 37.775 ) ( 40.930, 37.810 )


EndOfLine: ( EndOfLine Spacing ) Regular Wire of Net cts_opt_net_FE_PHN307_TRI_K_buffer_2_7_3 & Pin of Cell cts_opt_inst_FE_PHC326_TRI_K_buffer_2_7_7  ( M1 )
Bounds : ( 41.768, 38.025 ) ( 41.818, 38.080 )


EndOfLine: ( EndOfLine Spacing ) Regular Wire of Net n_1114 & Pin of Cell cts_opt_inst_FE_PHC485_TRI_K_buffer_2_7_2  ( M1 )
Bounds : ( 40.930, 37.920 ) ( 40.980, 37.975 )


MINSTEP: ( MinStep ) Regular Wire of Net n_1114  ( M2 )
Bounds : ( 40.980, 37.825 ) ( 41.010, 37.840 )


MINSTEP: ( MinStep ) Regular Wire of Net n_1114  ( M2 )
Bounds : ( 40.865, 37.875 ) ( 40.900, 37.890 )


OFFGRID: ( Off Grid or Wrong Way ) Regular Wire of Net cts_opt_net_FE_PHN307_TRI_K_buffer_2_7_3  ( M2 )
Bounds : ( 41.737, 38.110 ) ( 41.787, 38.160 )


OFFGRID: ( Off Grid or Wrong Way ) Regular Wire of Net cts_opt_net_FE_PHN485_TRI_K_buffer_2_7_2  ( M2 )
Bounds : ( 42.158, 37.840 ) ( 42.208, 37.890 )


MAR: ( Minimum Area ) Regular Wire of Net n_1114  ( M2 )
Bounds : ( 40.865, 37.840 ) ( 41.010, 37.875 )


MAR: ( Minimum Area ) Regular Wire of Net cts_opt_net_FE_PHN307_TRI_K_buffer_2_7_3  ( M2 )
Bounds : ( 41.737, 38.110 ) ( 41.847, 38.160 )


MINSTEP: ( MinStep ) Regular Wire of Net n_1114  ( M1 )
Bounds : ( 40.910, 37.810 ) ( 40.945, 37.825 )


MINSTEP: ( MinStep ) Regular Wire of Net n_1114  ( M1 )
Bounds : ( 40.910, 37.905 ) ( 40.930, 37.920 )


MINSTEP: ( MinStep ) Regular Wire of Net n_1114  ( M1 )
Bounds : ( 40.980, 37.905 ) ( 40.995, 37.920 )


MINSTEP: ( MinStep ) Regular Wire of Net cts_opt_net_FE_PHN307_TRI_K_buffer_2_7_3  ( M1 )
Bounds : ( 41.750, 38.080 ) ( 41.768, 38.095 )


MINSTEP: ( MinStep ) Regular Wire of Net cts_opt_net_FE_PHN307_TRI_K_buffer_2_7_3  ( M1 )
Bounds : ( 41.750, 38.175 ) ( 41.785, 38.190 )


MINSTEP: ( MinStep ) Regular Wire of Net cts_opt_net_FE_PHN307_TRI_K_buffer_2_7_3  ( M1 )
Bounds : ( 41.818, 38.080 ) ( 41.835, 38.095 )


MINSTEP: ( MinStep ) Regular Wire of Net cts_opt_net_FE_PHN485_TRI_K_buffer_2_7_2  ( M1 )
Bounds : ( 42.170, 37.810 ) ( 42.205, 37.825 )


MINSTEP: ( MinStep ) Regular Wire of Net cts_opt_net_FE_PHN485_TRI_K_buffer_2_7_2  ( M1 )
Bounds : ( 42.170, 37.905 ) ( 42.188, 37.920 )


SPACING: ( ParallelRunLength Spacing ) Regular Wire of Net n_1114 & Special Wire of Net VDD  ( M2 )
Bounds : ( 40.900, 37.890 ) ( 41.010, 37.935 )


SPACING: ( ParallelRunLength Spacing ) Regular Wire of Net cts_opt_net_FE_PHN307_TRI_K_buffer_2_7_3 & Special Wire of Net VDD  ( M2 )
Bounds : ( 41.737, 38.065 ) ( 41.847, 38.110 )


OFFGRID: ( Off Grid or Wrong Way ) Regular Wire of Net cts_opt_net_FE_PHN307_TRI_K_buffer_2_7_3  ( M1 )
Bounds : ( 41.768, 38.080 ) ( 41.818, 38.805 )


MAR: ( Minimum Area ) Regular Wire of Net cts_opt_net_FE_PHN485_TRI_K_buffer_2_7_2  ( M2 )
Bounds : ( 42.158, 37.840 ) ( 42.268, 37.890 )


EndOfLine: ( EndOfLine Spacing ) Regular Wire of Net cts_opt_net_FE_PHN485_TRI_K_buffer_2_7_2 & Pin of Cell cts_opt_inst_FE_PHC326_TRI_K_buffer_2_7_7  ( M1 )
Bounds : ( 42.188, 37.920 ) ( 42.237, 37.975 )


SPACING: ( ParallelRunLength Spacing ) Regular Wire of Net cts_opt_net_FE_PHN485_TRI_K_buffer_2_7_2 & Special Wire of Net VDD  ( M2 )
Bounds : ( 42.158, 37.890 ) ( 42.268, 37.935 )


MINSTEP: ( MinStep ) Regular Wire of Net n_770  ( M1 )
Bounds : ( 42.725, 37.295 ) ( 42.755, 37.325 )


MINSTEP: ( MinStep ) Regular Wire of Net n_770  ( M1 )
Bounds : ( 42.725, 37.375 ) ( 42.755, 37.405 )


EndOfLine: ( EndOfLine Spacing ) Regular Wire of Net n_770 & Pin of Cell cts_opt_inst_FE_PHC1055_n_770  ( M1 )
Bounds : ( 42.725, 37.265 ) ( 42.730, 37.295 )


SPACING: ( ParallelRunLength Spacing ) Regular Wire of Net n_770 & Pin of Cell cts_opt_inst_FE_PHC1055_n_770  ( M1 )
Bounds : ( 42.725, 37.265 ) ( 42.730, 37.295 )


OFFGRID: ( Off Grid or Wrong Way ) Regular Wire of Net cts_opt_net_FE_PHN1090_n_864  ( M2 )
Bounds : ( 42.438, 36.310 ) ( 42.487, 36.360 )


MAR: ( Minimum Area ) Regular Wire of Net cts_opt_net_FE_PHN1090_n_864  ( M2 )
Bounds : ( 42.438, 36.310 ) ( 42.548, 36.360 )


MINSTEP: ( MinStep ) Regular Wire of Net cts_opt_net_FE_PHN1090_n_864  ( M1 )
Bounds : ( 42.450, 36.280 ) ( 42.467, 36.295 )


MINSTEP: ( MinStep ) Regular Wire of Net cts_opt_net_FE_PHN1090_n_864  ( M1 )
Bounds : ( 42.450, 36.375 ) ( 42.485, 36.390 )


MINSTEP: ( MinStep ) Regular Wire of Net cts_opt_net_FE_PHN1090_n_864  ( M1 )
Bounds : ( 42.518, 36.280 ) ( 42.535, 36.295 )


MINSTEP: ( MinStep ) Regular Wire of Net cts_opt_net_FE_PHN1093_n_507  ( M1 )
Bounds : ( 42.730, 36.105 ) ( 42.748, 36.120 )


EndOfLine: ( EndOfLine Spacing ) Regular Wire of Net cts_opt_net_FE_PHN1090_n_864 & Pin of Cell cts_opt_inst_FE_PHC1090_n_864  ( M1 )
Bounds : ( 42.467, 36.225 ) ( 42.518, 36.280 )


EndOfLine: ( EndOfLine Spacing ) Regular Wire of Net cts_opt_net_FE_PHN1093_n_507 & Pin of Cell cts_opt_inst_FE_PHC1213_n_881  ( M1 )
Bounds : ( 42.748, 36.120 ) ( 42.798, 36.175 )


SPACING: ( ParallelRunLength Spacing ) Regular Wire of Net cts_opt_net_FE_PHN1090_n_864 & Special Wire of Net VDD  ( M2 )
Bounds : ( 42.438, 36.265 ) ( 42.548, 36.310 )


SPACING: ( ParallelRunLength Spacing ) Regular Wire of Net cts_opt_net_FE_PHN1093_n_507 & Special Wire of Net VDD  ( M2 )
Bounds : ( 42.717, 36.090 ) ( 42.827, 36.135 )


OFFGRID: ( Off Grid or Wrong Way ) Regular Wire of Net cts_opt_net_FE_PHN1090_n_864  ( M1 )
Bounds : ( 42.467, 36.280 ) ( 42.518, 37.005 )


CUTSPACING: ( Cut EolSpacing ) Regular Wire of Net place_opt_net_FE_OFN110_AR_3__AC_7__ACC_add_31_50_n_0 & Regular Wire of Net n_594  ( VIA2 )
Bounds : ( 40.695, 37.575 ) ( 40.745, 37.625 )


CUTSPACING: ( Same Layer Cut Spacing ) Regular Wire of Net place_opt_net_FE_OFN110_AR_3__AC_7__ACC_add_31_50_n_0  ( VIA2 )
Bounds : ( 40.695, 37.575 ) ( 40.745, 37.625 )


OFFGRID: ( Off Grid or Wrong Way ) Regular Wire of Net cts_opt_net_FE_PHN485_TRI_K_buffer_2_7_2  ( M2 )
Bounds : ( 42.158, 37.325 ) ( 42.208, 37.375 )


MAR: ( Minimum Area ) Regular Wire of Net cts_opt_net_FE_PHN2404_TRI_K_buffer_2_7_4  ( M2 )
Bounds : ( 40.825, 36.625 ) ( 40.935, 36.675 )


MAR: ( Minimum Area ) Regular Wire of Net n_1174  ( M2 )
Bounds : ( 41.165, 36.325 ) ( 41.290, 36.360 )


MAR: ( Minimum Area ) Regular Wire of Net TRI_K_buffer[2][7][2]  ( M2 )
Bounds : ( 41.245, 37.325 ) ( 41.355, 37.375 )


MINSTEP: ( MinStep ) Regular Wire of Net n_1174  ( M1 )
Bounds : ( 41.190, 36.280 ) ( 41.210, 36.295 )


MINSTEP: ( MinStep ) Regular Wire of Net n_1174  ( M1 )
Bounds : ( 41.190, 36.375 ) ( 41.225, 36.390 )


MINSTEP: ( MinStep ) Regular Wire of Net n_1174  ( M1 )
Bounds : ( 41.260, 36.280 ) ( 41.275, 36.295 )


MINSTEP: ( MinStep ) Regular Wire of Net TRI_K_buffer[2][7][2]  ( M1 )
Bounds : ( 41.325, 37.295 ) ( 41.355, 37.325 )


MINSTEP: ( MinStep ) Regular Wire of Net TRI_K_buffer[2][7][2]  ( M1 )
Bounds : ( 41.325, 37.375 ) ( 41.355, 37.405 )


MINSTEP: ( MinStep ) Regular Wire of Net cts_opt_net_FE_PHN498_TRI_K_buffer_2_7_6  ( M1 )
Bounds : ( 41.470, 36.105 ) ( 41.487, 36.120 )


MINSTEP: ( MinStep ) Regular Wire of Net cts_opt_net_FE_PHN498_TRI_K_buffer_2_7_6  ( M1 )
Bounds : ( 41.537, 36.105 ) ( 41.555, 36.120 )


MINSTEP: ( MinStep ) Regular Wire of Net n_864  ( M1 )
Bounds : ( 41.605, 36.795 ) ( 41.635, 36.825 )


MINSTEP: ( MinStep ) Regular Wire of Net n_864  ( M1 )
Bounds : ( 41.605, 36.875 ) ( 41.635, 36.905 )


MINSTEP: ( MinStep ) Regular Wire of Net n_1174  ( M2 )
Bounds : ( 41.165, 36.310 ) ( 41.180, 36.325 )


MINSTEP: ( MinStep ) Regular Wire of Net n_1174  ( M2 )
Bounds : ( 41.275, 36.360 ) ( 41.290, 36.375 )


SHORT: ( Metal Short ) Regular Wire of Net cts_opt_net_FE_PHN2404_TRI_K_buffer_2_7_4 & Regular Wire of Net cts_opt_net_FE_PHN485_TRI_K_buffer_2_7_2  ( M2 )
Bounds : ( 40.825, 36.625 ) ( 40.935, 36.675 )


EndOfLine: ( EndOfLine Spacing ) Regular Wire of Net n_1174 & Pin of Cell cts_opt_inst_FE_PHC1090_n_864  ( M1 )
Bounds : ( 41.210, 36.225 ) ( 41.260, 36.280 )


EndOfLine: ( EndOfLine Spacing ) Regular Wire of Net TRI_K_buffer[2][7][2] & Pin of Cell cts_opt_inst_FE_PHC485_TRI_K_buffer_2_7_2  ( M1 )
Bounds : ( 41.325, 37.265 ) ( 41.330, 37.295 )


EndOfLine: ( EndOfLine Spacing ) Regular Wire of Net cts_opt_net_FE_PHN498_TRI_K_buffer_2_7_6 & Pin of Cell cts_opt_inst_FE_PHC1090_n_864  ( M1 )
Bounds : ( 41.487, 36.120 ) ( 41.537, 36.175 )


EndOfLine: ( EndOfLine Spacing ) Regular Wire of Net n_864 & Pin of Cell cts_opt_inst_FE_PHC1090_n_864  ( M1 )
Bounds : ( 41.605, 36.905 ) ( 41.610, 36.935 )


SPACING: ( ParallelRunLength Spacing ) Regular Wire of Net n_1174 & Blockage of Cell g43778  ( M1 )
Bounds : ( 41.175, 36.390 ) ( 41.210, 36.425 )


SPACING: ( ParallelRunLength Spacing ) Regular Wire of Net TRI_K_buffer[2][7][2] & Pin of Cell cts_opt_inst_FE_PHC485_TRI_K_buffer_2_7_2  ( M1 )
Bounds : ( 41.325, 37.265 ) ( 41.330, 37.295 )


SPACING: ( ParallelRunLength Spacing ) Regular Wire of Net n_864 & Pin of Cell cts_opt_inst_FE_PHC1090_n_864  ( M1 )
Bounds : ( 41.605, 36.905 ) ( 41.610, 36.935 )


SPACING: ( ParallelRunLength Spacing ) Regular Wire of Net n_1174 & Special Wire of Net VDD  ( M2 )
Bounds : ( 41.180, 36.265 ) ( 41.290, 36.310 )


OFFGRID: ( Off Grid or Wrong Way ) Regular Wire of Net cts_opt_net_FE_PHN485_TRI_K_buffer_2_7_2  ( M2 )
Bounds : ( 42.217, 36.625 ) ( 42.268, 36.675 )


SPACING: ( ParallelRunLength Spacing ) Regular Wire of Net sk_data[0][4] & Regular Wire of Net place_opt_net_FE_OFN110_AR_3__AC_7__ACC_add_31_50_n_0  ( M3 )
Bounds : ( 40.693, 36.595 ) ( 40.695, 37.705 )


OFFGRID: ( Off Grid or Wrong Way ) Regular Wire of Net cts_opt_net_FE_PHN485_TRI_K_buffer_2_7_2  ( M1 )
Bounds : ( 42.188, 37.195 ) ( 42.237, 37.920 )


OFFGRID: ( Off Grid or Wrong Way ) Regular Wire of Net cts_opt_net_FE_PHN485_TRI_K_buffer_2_7_2  ( M3 )
Bounds : ( 42.188, 36.595 ) ( 42.237, 37.920 )


SPACING: ( ParallelRunLength Spacing ) Regular Wire of Net n_1034 & Regular Wire of Net cts_opt_net_FE_PHN485_TRI_K_buffer_2_7_2  ( M3 )
Bounds : ( 42.165, 36.595 ) ( 42.188, 37.920 )


SPACING: ( ParallelRunLength Spacing ) Regular Wire of Net cts_opt_net_FE_PHN485_TRI_K_buffer_2_7_2 & Regular Wire of Net cts_opt_net_FE_PHN1306_n_841  ( M3 )
Bounds : ( 42.237, 36.595 ) ( 42.255, 37.920 )


OFFGRID: ( Off Grid or Wrong Way ) Regular Wire of Net cts_opt_net_FE_PHN2264_TRI_K_buffer_2_7_6  ( M2 )
Bounds : ( 39.357, 37.840 ) ( 39.408, 37.890 )


MAR: ( Minimum Area ) Regular Wire of Net n_1173  ( M2 )
Bounds : ( 38.445, 38.625 ) ( 38.675, 38.675 )


MAR: ( Minimum Area ) Regular Wire of Net n_1158  ( M2 )
Bounds : ( 38.445, 39.125 ) ( 38.575, 39.175 )


MAR: ( Minimum Area ) Regular Wire of Net cts_opt_net_FE_PHN2264_TRI_K_buffer_2_7_6  ( M2 )
Bounds : ( 39.357, 37.840 ) ( 39.467, 37.890 )


MAR: ( Minimum Area ) Regular Wire of Net TRI_K_buffer[2][7][6]  ( M2 )
Bounds : ( 40.495, 38.425 ) ( 40.655, 38.475 )


SHORT: ( Cut Short ) Regular Wire of Net cts_opt_net_FE_PHN1572_n_513 & Regular Wire of Net cts_opt_net_FE_PHN1193_n_831  ( VIA3 )
Bounds : ( 38.475, 37.840 ) ( 38.525, 37.890 )


SHORT: ( Cut Short ) Regular Wire of Net cts_opt_net_FE_PHN1337_n_830 & Regular Wire of Net cts_opt_net_FE_PHN1170_n_814  ( VIA3 )
Bounds : ( 38.475, 38.110 ) ( 38.525, 38.160 )


MINSTEP: ( MinStep ) Regular Wire of Net n_1173  ( M1 )
Bounds : ( 38.950, 37.810 ) ( 38.985, 37.825 )


MINSTEP: ( MinStep ) Regular Wire of Net n_1173  ( M1 )
Bounds : ( 38.950, 37.905 ) ( 38.970, 37.920 )


MINSTEP: ( MinStep ) Regular Wire of Net n_1173  ( M1 )
Bounds : ( 39.020, 37.905 ) ( 39.035, 37.920 )


MINSTEP: ( MinStep ) Regular Wire of Net cts_opt_net_FE_PHN2264_TRI_K_buffer_2_7_6  ( M1 )
Bounds : ( 39.370, 37.810 ) ( 39.405, 37.825 )


MINSTEP: ( MinStep ) Regular Wire of Net cts_opt_net_FE_PHN2264_TRI_K_buffer_2_7_6  ( M1 )
Bounds : ( 39.370, 37.905 ) ( 39.388, 37.920 )


MINSTEP: ( MinStep ) Regular Wire of Net cts_opt_net_FE_PHN2264_TRI_K_buffer_2_7_6  ( M1 )
Bounds : ( 39.438, 37.905 ) ( 39.455, 37.920 )


MINSTEP: ( MinStep ) Regular Wire of Net n_1173  ( M2 )
Bounds : ( 39.020, 37.825 ) ( 39.050, 37.840 )


EndOfLine: ( EndOfLine Spacing ) Regular Wire of Net n_1173 & Pin of Cell retime_s1_27_reg  ( M1 )
Bounds : ( 38.465, 38.705 ) ( 38.475, 38.740 )


EndOfLine: ( EndOfLine Spacing ) Regular Wire of Net n_1158 & Pin of Cell retime_s1_101_reg  ( M1 )
Bounds : ( 38.465, 39.060 ) ( 38.475, 39.095 )


EndOfLine: ( EndOfLine Spacing ) Regular Wire of Net n_1173 & Pin of Cell retime_s1_27_reg  ( M1 )
Bounds : ( 38.970, 37.920 ) ( 39.020, 37.975 )


EndOfLine: ( EndOfLine Spacing ) Regular Wire of Net cts_opt_net_FE_PHN2264_TRI_K_buffer_2_7_6 & Pin of Cell retime_s1_27_reg  ( M1 )
Bounds : ( 39.388, 37.920 ) ( 39.438, 37.975 )


SPACING: ( ParallelRunLength Spacing ) Regular Wire of Net n_1173 & Pin of Cell retime_s1_27_reg  ( M1 )
Bounds : ( 38.465, 38.705 ) ( 38.475, 38.740 )


SPACING: ( ParallelRunLength Spacing ) Regular Wire of Net n_1158 & Pin of Cell retime_s1_27_reg  ( M1 )
Bounds : ( 38.465, 39.060 ) ( 38.475, 39.095 )


SPACING: ( ParallelRunLength Spacing ) Regular Wire of Net n_1173 & Blockage of Cell g43779  ( M1 )
Bounds : ( 38.935, 37.775 ) ( 38.970, 37.810 )


SPACING: ( ParallelRunLength Spacing ) Regular Wire of Net n_1173 & Pin of Cell ENDCAP__41  ( M2 )
Bounds : ( 38.940, 37.890 ) ( 39.050, 37.935 )


SPACING: ( ParallelRunLength Spacing ) Regular Wire of Net cts_opt_net_FE_PHN2264_TRI_K_buffer_2_7_6 & Pin of Cell ENDCAP__41  ( M2 )
Bounds : ( 39.357, 37.890 ) ( 39.467, 37.935 )


SPACING: ( ParallelRunLength Spacing ) Regular Wire of Net n_1173 & Regular Wire of Net CTS_108  ( M3 )
Bounds : ( 38.645, 38.500 ) ( 38.670, 38.705 )


SPACING: ( ParallelRunLength Spacing ) Regular Wire of Net place_opt_net_FE_OFN12_AR_3__AC_7__ACC_add_31_50_n_0 & Pin of Cell g43803  ( M1 )
Bounds : ( 40.145, 37.270 ) ( 40.155, 37.295 )


SPACING: ( ParallelRunLength Spacing ) Regular Wire of Net n_870 & Pin of Cell cts_opt_inst_FE_PHC1132_n_870  ( M1 )
Bounds : ( 39.365, 36.905 ) ( 39.370, 36.935 )


SPACING: ( ParallelRunLength Spacing ) Regular Wire of Net cts_opt_net_FE_PHN498_TRI_K_buffer_2_7_6 & Blockage of Cell cts_opt_inst_FE_PHC2264_TRI_K_buffer_2_7_6  ( M1 )
Bounds : ( 39.135, 37.395 ) ( 39.175, 37.505 )


EndOfLine: ( EndOfLine Spacing ) Regular Wire of Net cts_opt_net_FE_PHN1132_n_870 & Regular Wire of Net place_opt_net_FE_OFN12_AR_3__AC_7__ACC_add_31_50_n_0  ( M3 )
Bounds : ( 40.295, 37.405 ) ( 40.345, 37.445 )


EndOfLine: ( EndOfLine Spacing ) Regular Wire of Net sk_data[0][5] & Regular Wire of Net place_opt_net_FE_OFN110_AR_3__AC_7__ACC_add_31_50_n_0  ( M2 )
Bounds : ( 40.375, 37.525 ) ( 40.405, 37.575 )


EndOfLine: ( EndOfLine Spacing ) Regular Wire of Net place_opt_net_FE_OFN12_AR_3__AC_7__ACC_add_31_50_n_0 & Pin of Cell g43778  ( M1 )
Bounds : ( 40.430, 36.905 ) ( 40.435, 36.930 )


EndOfLine: ( EndOfLine Spacing ) Regular Wire of Net place_opt_net_FE_OFN12_AR_3__AC_7__ACC_add_31_50_n_0 & Pin of Cell g43838  ( M1 )
Bounds : ( 40.150, 37.270 ) ( 40.155, 37.295 )


EndOfLine: ( EndOfLine Spacing ) Regular Wire of Net n_870 & Pin of Cell cts_opt_inst_FE_PHC1132_n_870  ( M1 )
Bounds : ( 39.365, 36.905 ) ( 39.370, 36.935 )


MINSTEP: ( MinStep ) Regular Wire of Net n_870  ( M1 )
Bounds : ( 39.365, 36.875 ) ( 39.395, 36.905 )


CUTSPACING: ( Same Layer Cut Spacing ) Regular Wire of Net place_opt_net_FE_OFN12_AR_3__AC_7__ACC_add_31_50_n_0 & Regular Wire of Net cts_opt_net_FE_PHN498_TRI_K_buffer_2_7_6  ( VIA2 )
Bounds : ( 40.145, 37.375 ) ( 40.155, 37.425 )


CUTSPACING: ( Cut EolSpacing ) Regular Wire of Net place_opt_net_FE_OFN12_AR_3__AC_7__ACC_add_31_50_n_0 & Regular Wire of Net cts_opt_net_FE_PHN498_TRI_K_buffer_2_7_6  ( VIA2 )
Bounds : ( 40.145, 37.375 ) ( 40.155, 37.425 )


MAR: ( Minimum Area ) Regular Wire of Net sk_data[0][5]  ( M3 )
Bounds : ( 40.295, 37.445 ) ( 40.345, 37.605 )


MAR: ( Minimum Area ) Regular Wire of Net sk_data[0][5]  ( M2 )
Bounds : ( 40.265, 37.525 ) ( 40.375, 37.575 )


OFFGRID: ( Off Grid or Wrong Way ) Regular Wire of Net cts_opt_net_FE_PHN2264_TRI_K_buffer_2_7_6  ( M2 )
Bounds : ( 39.417, 37.525 ) ( 39.467, 37.575 )


SPACING: ( ParallelRunLength Spacing ) Regular Wire of Net place_opt_net_FE_OFN12_AR_3__AC_7__ACC_add_31_50_n_0 & Pin of Cell g43778  ( M1 )
Bounds : ( 40.430, 36.905 ) ( 40.435, 36.930 )


SPACING: ( ParallelRunLength Spacing ) Regular Wire of Net sk_data[0][5] & Regular Wire of Net place_opt_net_FE_OFN110_AR_3__AC_7__ACC_add_31_50_n_0  ( M2 )
Bounds : ( 40.375, 37.525 ) ( 40.405, 37.575 )


SPACING: ( ParallelRunLength Spacing ) Regular Wire of Net cts_opt_net_FE_PHN1132_n_870 & Regular Wire of Net sk_data[0][5]  ( M3 )
Bounds : ( 40.278, 37.445 ) ( 40.295, 37.605 )


SPACING: ( ParallelRunLength Spacing ) Regular Wire of Net place_opt_net_FE_OFN12_AR_3__AC_7__ACC_add_31_50_n_0 & Regular Wire of Net sk_data[0][5]  ( M3 )
Bounds : ( 40.295, 37.405 ) ( 40.345, 37.445 )


EndOfLine: ( EndOfLine Spacing ) Regular Wire of Net cts_opt_net_FE_PHN1132_n_870 & Pin of Cell cts_opt_inst_FE_PHC498_TRI_K_buffer_2_7_6  ( M1 )
Bounds : ( 40.228, 36.225 ) ( 40.278, 36.280 )


EndOfLine: ( EndOfLine Spacing ) Regular Wire of Net cts_opt_net_FE_PHN2404_TRI_K_buffer_2_7_4 & Pin of Cell cts_opt_inst_FE_PHC498_TRI_K_buffer_2_7_6  ( M1 )
Bounds : ( 40.228, 36.120 ) ( 40.278, 36.175 )


EndOfLine: ( EndOfLine Spacing ) Regular Wire of Net cts_opt_net_FE_PHN1267_n_1037 & Pin of Cell cts_opt_inst_FE_PHC2404_TRI_K_buffer_2_7_4  ( M1 )
Bounds : ( 39.807, 36.120 ) ( 39.857, 36.175 )


MINSTEP: ( MinStep ) Regular Wire of Net cts_opt_net_FE_PHN1132_n_870  ( M1 )
Bounds : ( 40.278, 36.280 ) ( 40.295, 36.295 )


MINSTEP: ( MinStep ) Regular Wire of Net cts_opt_net_FE_PHN2404_TRI_K_buffer_2_7_4  ( M1 )
Bounds : ( 40.278, 36.105 ) ( 40.295, 36.120 )


MINSTEP: ( MinStep ) Regular Wire of Net cts_opt_net_FE_PHN1132_n_870  ( M1 )
Bounds : ( 40.210, 36.375 ) ( 40.245, 36.390 )


MINSTEP: ( MinStep ) Regular Wire of Net cts_opt_net_FE_PHN1132_n_870  ( M1 )
Bounds : ( 40.210, 36.280 ) ( 40.228, 36.295 )


MINSTEP: ( MinStep ) Regular Wire of Net cts_opt_net_FE_PHN2404_TRI_K_buffer_2_7_4  ( M1 )
Bounds : ( 40.210, 36.105 ) ( 40.228, 36.120 )


MINSTEP: ( MinStep ) Regular Wire of Net cts_opt_net_FE_PHN1267_n_1037  ( M1 )
Bounds : ( 39.857, 36.105 ) ( 39.875, 36.120 )


MINSTEP: ( MinStep ) Regular Wire of Net cts_opt_net_FE_PHN1267_n_1037  ( M1 )
Bounds : ( 39.790, 36.105 ) ( 39.807, 36.120 )


MINSTEP: ( MinStep ) Regular Wire of Net n_870  ( M1 )
Bounds : ( 39.365, 36.795 ) ( 39.395, 36.825 )


MAR: ( Minimum Area ) Regular Wire of Net cts_opt_net_FE_PHN1132_n_870  ( M2 )
Bounds : ( 40.197, 36.310 ) ( 40.307, 36.360 )


OFFGRID: ( Off Grid or Wrong Way ) Regular Wire of Net cts_opt_net_FE_PHN1132_n_870  ( M2 )
Bounds : ( 40.197, 36.310 ) ( 40.248, 36.360 )


SPACING: ( ParallelRunLength Spacing ) Regular Wire of Net cts_opt_net_FE_PHN1267_n_1037 & Pin of Cell ENDCAP__35  ( M2 )
Bounds : ( 39.778, 36.090 ) ( 39.888, 36.135 )


SPACING: ( ParallelRunLength Spacing ) Regular Wire of Net cts_opt_net_FE_PHN1132_n_870 & Pin of Cell ENDCAP__35  ( M2 )
Bounds : ( 40.197, 36.265 ) ( 40.307, 36.310 )


OFFGRID: ( Off Grid or Wrong Way ) Regular Wire of Net cts_opt_net_FE_PHN1132_n_870  ( M1 )
Bounds : ( 40.228, 36.280 ) ( 40.278, 37.005 )


MAR: ( Minimum Area ) Regular Wire of Net place_opt_net_FE_OFN12_AR_3__AC_7__ACC_add_31_50_n_0  ( M2 )
Bounds : ( 40.265, 36.825 ) ( 40.515, 36.875 )


SHORT: ( Metal Short ) Regular Wire of Net n_870 & Regular Wire of Net place_opt_net_FE_OFN12_AR_3__AC_7__ACC_add_31_50_n_0  ( M2 )
Bounds : ( 40.265, 36.825 ) ( 40.515, 36.875 )


SPACING: ( ParallelRunLength Spacing ) Regular Wire of Net cts_opt_net_FE_PHN1132_n_870 & Regular Wire of Net place_opt_net_FE_OFN12_AR_3__AC_7__ACC_add_31_50_n_0  ( M3 )
Bounds : ( 40.278, 36.795 ) ( 40.295, 37.405 )


MAR: ( Minimum Area ) Regular Wire of Net place_opt_net_FE_OFN12_AR_3__AC_7__ACC_add_31_50_n_0  ( M2 )
Bounds : ( 38.165, 36.825 ) ( 38.275, 36.875 )


MAR: ( Minimum Area ) Regular Wire of Net sk_data[0][6]  ( M2 )
Bounds : ( 38.265, 37.525 ) ( 38.415, 37.575 )


MAR: ( Minimum Area ) Regular Wire of Net sk_data[0][2]  ( M2 )
Bounds : ( 38.305, 36.625 ) ( 38.475, 36.675 )


MAR: ( Minimum Area ) Regular Wire of Net n_1149  ( M2 )
Bounds : ( 38.940, 36.325 ) ( 39.075, 36.360 )


CUTSPACING: ( Same Layer Cut Spacing ) Regular Wire of Net place_opt_net_FE_OFN110_AR_3__AC_7__ACC_add_31_50_n_0  ( VIA2 )
Bounds : ( 38.495, 37.575 ) ( 38.545, 37.625 )


MINSTEP: ( MinStep ) Regular Wire of Net n_1149  ( M1 )
Bounds : ( 38.950, 36.280 ) ( 38.970, 36.295 )


MINSTEP: ( MinStep ) Regular Wire of Net n_1149  ( M1 )
Bounds : ( 38.950, 36.375 ) ( 38.985, 36.390 )


MINSTEP: ( MinStep ) Regular Wire of Net n_1149  ( M1 )
Bounds : ( 39.020, 36.280 ) ( 39.035, 36.295 )


MINSTEP: ( MinStep ) Regular Wire of Net n_1149  ( M2 )
Bounds : ( 38.940, 36.360 ) ( 38.965, 36.375 )


MINSTEP: ( MinStep ) Regular Wire of Net n_1149  ( M2 )
Bounds : ( 39.050, 36.310 ) ( 39.075, 36.325 )


SHORT: ( Metal Short ) Regular Wire of Net place_opt_net_FE_OFN110_AR_3__AC_7__ACC_add_31_50_n_0 & Regular Wire of Net sk_data[0][2]  ( M2 )
Bounds : ( 38.445, 36.625 ) ( 38.475, 36.675 )


SHORT: ( Metal Short ) Regular Wire of Net place_opt_net_FE_OFN110_AR_3__AC_7__ACC_add_31_50_n_0 & Regular Wire of Net cts_opt_net_FE_PHN485_TRI_K_buffer_2_7_2  ( M2 )
Bounds : ( 38.585, 36.625 ) ( 38.775, 36.675 )


SHORT: ( Metal Short ) Regular Wire of Net cts_opt_net_FE_PHN2264_TRI_K_buffer_2_7_6 & Regular Wire of Net place_opt_net_FE_OFN110_AR_3__AC_7__ACC_add_31_50_n_0  ( M2 )
Bounds : ( 38.585, 37.525 ) ( 38.775, 37.575 )


EndOfLine: ( EndOfLine Spacing ) Regular Wire of Net n_1149 & Pin of Cell cts_opt_inst_FE_PHC1267_n_1037  ( M1 )
Bounds : ( 38.970, 36.225 ) ( 39.020, 36.280 )


EndOfLine: ( EndOfLine Spacing ) Regular Wire of Net sk_data[0][6] & Regular Wire of Net place_opt_net_FE_OFN110_AR_3__AC_7__ACC_add_31_50_n_0  ( M2 )
Bounds : ( 38.415, 37.525 ) ( 38.445, 37.575 )


SPACING: ( ParallelRunLength Spacing ) Regular Wire of Net n_1149 & Blockage of Cell g43803  ( M1 )
Bounds : ( 38.935, 36.390 ) ( 38.970, 36.425 )


SPACING: ( ParallelRunLength Spacing ) Regular Wire of Net sk_data[0][6] & Regular Wire of Net place_opt_net_FE_OFN110_AR_3__AC_7__ACC_add_31_50_n_0  ( M2 )
Bounds : ( 38.415, 37.525 ) ( 38.445, 37.575 )


SPACING: ( ParallelRunLength Spacing ) Regular Wire of Net n_1149 & Pin of Cell ENDCAP__35  ( M2 )
Bounds : ( 38.940, 36.265 ) ( 39.050, 36.310 )


OFFGRID: ( Off Grid or Wrong Way ) Regular Wire of Net cts_opt_net_FE_PHN2264_TRI_K_buffer_2_7_6  ( M1 )
Bounds : ( 39.388, 37.295 ) ( 39.438, 37.920 )


OFFGRID: ( Off Grid or Wrong Way ) Regular Wire of Net cts_opt_net_FE_PHN2264_TRI_K_buffer_2_7_6  ( M3 )
Bounds : ( 39.388, 37.495 ) ( 39.438, 37.920 )


SPACING: ( ParallelRunLength Spacing ) Regular Wire of Net TRI_K_buffer[2][7][6] & Regular Wire of Net sk_data[0][4]  ( M3 )
Bounds : ( 40.625, 36.705 ) ( 40.643, 38.505 )


CUTSPACING: ( Same Layer Cut Spacing ) Regular Wire of Net sk_data[0][4] & Regular Wire of Net place_opt_net_FE_OFN110_AR_3__AC_7__ACC_add_31_50_n_0  ( VIA2 )
Bounds : ( 40.645, 36.625 ) ( 40.695, 36.675 )


SHORT: ( Metal Short ) Regular Wire of Net cts_opt_net_FE_PHN503_TRI_K_buffer_2_7_5 & Regular Wire of Net place_opt_net_FE_OFN110_AR_3__AC_7__ACC_add_31_50_n_0  ( M2 )
Bounds : ( 40.545, 37.525 ) ( 40.775, 37.575 )


SPACING: ( ParallelRunLength Spacing ) Regular Wire of Net cts_opt_net_FE_PHN498_TRI_K_buffer_2_7_6 & Pin of Cell ENDCAP__35  ( M2 )
Bounds : ( 40.125, 36.090 ) ( 41.568, 36.135 )


SHORT: ( Metal Short ) Regular Wire of Net cts_opt_net_FE_PHN485_TRI_K_buffer_2_7_2 & Regular Wire of Net sk_data[0][4]  ( M2 )
Bounds : ( 40.545, 36.625 ) ( 40.795, 36.675 )


MAR: ( Minimum Area ) Regular Wire of Net sk_data[0][4]  ( M2 )
Bounds : ( 40.545, 36.625 ) ( 40.795, 36.675 )


SHORT: ( Metal Short ) Regular Wire of Net n_1158 & Regular Wire of Net place_opt_net_FE_OFN110_AR_3__AC_7__ACC_add_31_50_n_0  ( M3 )
Bounds : ( 38.495, 39.095 ) ( 38.545, 39.455 )


SHORT: ( Metal Short ) Regular Wire of Net place_opt_net_FE_OFN12_AR_3__AC_7__ACC_add_31_50_n_0 & Regular Wire of Net cts_opt_net_FE_PHN1273_n_1029  ( M3 )
Bounds : ( 40.095, 37.295 ) ( 40.138, 41.305 )


SPACING: ( ParallelRunLength Spacing ) Regular Wire of Net cts_opt_net_FE_PHN498_TRI_K_buffer_2_7_6 & Regular Wire of Net cts_opt_net_FE_PHN1132_n_870  ( M3 )
Bounds : ( 40.205, 36.280 ) ( 40.228, 41.005 )


SPACING: ( ParallelRunLength Spacing ) Regular Wire of Net cts_opt_net_FE_PHN1273_n_1029 & Regular Wire of Net cts_opt_net_FE_PHN498_TRI_K_buffer_2_7_6  ( M3 )
Bounds : ( 40.145, 37.425 ) ( 40.155, 41.005 )


SHORT: ( Metal Short ) Regular Wire of Net n_1114 & Regular Wire of Net TRI_K_buffer[2][7][3]  ( M3 )
Bounds : ( 40.895, 38.595 ) ( 40.905, 40.305 )


SHORT: ( Metal Short ) Regular Wire of Net n_599 & Regular Wire of Net n_1114  ( M3 )
Bounds : ( 40.928, 37.795 ) ( 40.945, 40.505 )


SHORT: ( Metal Short ) Regular Wire of Net cts_opt_net_FE_PHN307_TRI_K_buffer_2_7_3 & Regular Wire of Net cts_opt_net_FE_PHN1179_n_1034  ( M3 )
Bounds : ( 41.768, 38.080 ) ( 41.818, 41.205 )


SPACING: ( ParallelRunLength Spacing ) Regular Wire of Net n_1035 & Regular Wire of Net n_1174  ( M3 )
Bounds : ( 41.185, 36.295 ) ( 41.195, 39.205 )


SPACING: ( ParallelRunLength Spacing ) Regular Wire of Net n_1174 & Regular Wire of Net TRI_K_buffer[2][7][2]  ( M3 )
Bounds : ( 41.245, 37.295 ) ( 41.275, 39.205 )


SHORT: ( Metal Short ) Regular Wire of Net n_815 & Regular Wire of Net n_1149  ( M3 )
Bounds : ( 39.035, 36.295 ) ( 39.045, 42.305 )


SHORT: ( Metal Short ) Regular Wire of Net cts_opt_net_FE_PHN1090_n_864 & Regular Wire of Net cts_opt_net_FE_PHN1482_n_707  ( M3 )
Bounds : ( 42.467, 36.280 ) ( 42.518, 42.305 )


SHORT: ( Metal Short ) Regular Wire of Net n_864 & Regular Wire of Net n_870  ( M2 )
Bounds : ( 41.525, 36.825 ) ( 44.228, 36.875 )


SHORT: ( Metal Short ) Regular Wire of Net n_770 & Regular Wire of Net cts_opt_net_FE_PHN485_TRI_K_buffer_2_7_2  ( M2 )
Bounds : ( 42.645, 37.325 ) ( 46.048, 37.375 )


MINSTEP: ( MinStep ) Regular Wire of Net n_507  ( M1 )
Bounds : ( 41.885, 35.575 ) ( 41.915, 35.605 )


MINSTEP: ( MinStep ) Regular Wire of Net n_507  ( M1 )
Bounds : ( 41.885, 35.495 ) ( 41.915, 35.525 )


MINSTEP: ( MinStep ) Regular Wire of Net cts_opt_net_FE_PHN1179_n_1034  ( M1 )
Bounds : ( 41.750, 34.575 ) ( 41.785, 34.590 )


MINSTEP: ( MinStep ) Regular Wire of Net cts_opt_net_FE_PHN498_TRI_K_buffer_2_7_6  ( M1 )
Bounds : ( 41.470, 36.010 ) ( 41.505, 36.025 )


MINSTEP: ( MinStep ) Regular Wire of Net n_1034  ( M1 )
Bounds : ( 40.905, 35.075 ) ( 40.935, 35.105 )


MINSTEP: ( MinStep ) Regular Wire of Net n_1034  ( M1 )
Bounds : ( 40.905, 34.995 ) ( 40.935, 35.025 )


MINSTEP: ( MinStep ) Regular Wire of Net n_731  ( M1 )
Bounds : ( 42.165, 34.995 ) ( 42.195, 35.025 )


MINSTEP: ( MinStep ) Regular Wire of Net n_731  ( M1 )
Bounds : ( 42.165, 35.075 ) ( 42.195, 35.105 )


MINSTEP: ( MinStep ) Regular Wire of Net cts_opt_net_FE_PHN1093_n_507  ( M1 )
Bounds : ( 42.730, 36.010 ) ( 42.765, 36.025 )


SHORT: ( Metal Short ) Regular Wire of Net n_1037 & Regular Wire of Net n_507  ( M2 )
Bounds : ( 41.805, 35.525 ) ( 42.895, 35.575 )


SHORT: ( Metal Short ) Regular Wire of Net n_731 & Regular Wire of Net n_1034  ( M2 )
Bounds : ( 42.085, 35.025 ) ( 42.195, 35.075 )


EndOfLine: ( EndOfLine Spacing ) Regular Wire of Net n_1034 & Pin of Cell cts_opt_inst_FE_PHC1179_n_1034  ( M1 )
Bounds : ( 40.905, 35.105 ) ( 40.910, 35.135 )


EndOfLine: ( EndOfLine Spacing ) Regular Wire of Net n_507 & Pin of Cell cts_opt_inst_FE_PHC1093_n_507  ( M1 )
Bounds : ( 41.885, 35.465 ) ( 41.890, 35.495 )


EndOfLine: ( EndOfLine Spacing ) Regular Wire of Net n_731 & Pin of Cell cts_opt_inst_FE_PHC1146_n_731  ( M1 )
Bounds : ( 42.165, 35.105 ) ( 42.170, 35.135 )


SPACING: ( ParallelRunLength Spacing ) Regular Wire of Net n_1034 & Pin of Cell cts_opt_inst_FE_PHC1179_n_1034  ( M1 )
Bounds : ( 40.905, 35.105 ) ( 40.910, 35.135 )


SPACING: ( ParallelRunLength Spacing ) Regular Wire of Net n_507 & Pin of Cell cts_opt_inst_FE_PHC1093_n_507  ( M1 )
Bounds : ( 41.885, 35.465 ) ( 41.890, 35.495 )


SPACING: ( ParallelRunLength Spacing ) Regular Wire of Net n_731 & Pin of Cell cts_opt_inst_FE_PHC1146_n_731  ( M1 )
Bounds : ( 42.165, 35.105 ) ( 42.170, 35.135 )


MINSTEP: ( MinStep ) Regular Wire of Net cts_opt_net_FE_PHN1306_n_841  ( M1 )
Bounds : ( 42.235, 33.695 ) ( 42.255, 33.725 )


EndOfLine: ( EndOfLine Spacing ) Regular Wire of Net cts_opt_net_FE_PHN1306_n_841 & Pin of Cell cts_opt_inst_FE_PHC1306_n_841  ( M1 )
Bounds : ( 42.305, 33.660 ) ( 42.315, 33.695 )


SPACING: ( ParallelRunLength Spacing ) Regular Wire of Net cts_opt_net_FE_PHN1306_n_841 & Pin of Cell cts_opt_inst_FE_PHC1306_n_841  ( M1 )
Bounds : ( 42.235, 33.695 ) ( 42.255, 33.725 )


SPACING: ( ParallelRunLength Spacing ) Regular Wire of Net cts_opt_net_FE_PHN1306_n_841 & Pin of Cell cts_opt_inst_FE_PHC1306_n_841  ( M1 )
Bounds : ( 42.305, 33.660 ) ( 42.315, 33.695 )


EndOfLine: ( EndOfLine Spacing ) Regular Wire of Net cts_opt_net_FE_PHN1354_n_902 & Pin of Cell cts_opt_inst_FE_PHC1354_n_902  ( M1 )
Bounds : ( 42.165, 33.305 ) ( 42.175, 33.340 )


EndOfLine: ( EndOfLine Spacing ) Regular Wire of Net cts_opt_net_FE_PHN1179_n_1034 & Pin of Cell cts_opt_inst_FE_PHC1306_n_841  ( M1 )
Bounds : ( 41.768, 34.425 ) ( 41.818, 34.480 )


EndOfLine: ( EndOfLine Spacing ) Regular Wire of Net n_841 & Pin of Cell cts_opt_inst_FE_PHC1306_n_841  ( M1 )
Bounds : ( 41.325, 33.665 ) ( 41.330, 33.695 )


EndOfLine: ( EndOfLine Spacing ) Regular Wire of Net n_902 & Pin of Cell cts_opt_inst_FE_PHC1354_n_902  ( M1 )
Bounds : ( 41.185, 33.305 ) ( 41.190, 33.335 )


EndOfLine: ( EndOfLine Spacing ) Regular Wire of Net cts_opt_net_FE_PHN1455_n_569 & Pin of Cell cts_opt_inst_FE_PHC1306_n_841  ( M1 )
Bounds : ( 40.928, 34.320 ) ( 40.978, 34.375 )


SHORT: ( Metal Short ) Regular Wire of Net cts_opt_net_FE_PHN1354_n_902 & Regular Wire of Net n_902  ( M2 )
Bounds : ( 42.085, 33.225 ) ( 42.195, 33.275 )


SHORT: ( Metal Short ) Regular Wire of Net n_841 & Regular Wire of Net n_569  ( M2 )
Bounds : ( 41.245, 33.725 ) ( 41.568, 33.775 )


OFFGRID: ( Off Grid or Wrong Way ) Regular Wire of Net n_594  ( M2 )
Bounds : ( 40.673, 33.225 ) ( 40.722, 33.275 )


OFFGRID: ( Off Grid or Wrong Way ) Regular Wire of Net cts_opt_net_FE_PHN1455_n_569  ( M1 )
Bounds : ( 40.928, 33.595 ) ( 40.978, 34.320 )


OFFGRID: ( Off Grid or Wrong Way ) Regular Wire of Net cts_opt_net_FE_PHN1455_n_569  ( M2 )
Bounds : ( 40.897, 34.240 ) ( 40.947, 34.290 )


OFFGRID: ( Off Grid or Wrong Way ) Regular Wire of Net n_841  ( M2 )
Bounds : ( 41.518, 33.725 ) ( 41.568, 33.775 )


MAR: ( Minimum Area ) Regular Wire of Net cts_opt_net_FE_PHN1354_n_902  ( M2 )
Bounds : ( 42.085, 33.225 ) ( 42.195, 33.275 )


MINSTEP: ( MinStep ) Regular Wire of Net cts_opt_net_FE_PHN1455_n_569  ( M1 )
Bounds : ( 40.910, 34.210 ) ( 40.945, 34.225 )


MINSTEP: ( MinStep ) Regular Wire of Net cts_opt_net_FE_PHN1455_n_569  ( M1 )
Bounds : ( 40.910, 34.305 ) ( 40.928, 34.320 )


MINSTEP: ( MinStep ) Regular Wire of Net cts_opt_net_FE_PHN1455_n_569  ( M1 )
Bounds : ( 40.978, 34.305 ) ( 40.995, 34.320 )


MINSTEP: ( MinStep ) Regular Wire of Net n_902  ( M1 )
Bounds : ( 41.185, 33.195 ) ( 41.215, 33.225 )


MINSTEP: ( MinStep ) Regular Wire of Net n_902  ( M1 )
Bounds : ( 41.185, 33.275 ) ( 41.215, 33.305 )


MINSTEP: ( MinStep ) Regular Wire of Net n_841  ( M1 )
Bounds : ( 41.325, 33.695 ) ( 41.355, 33.725 )


MINSTEP: ( MinStep ) Regular Wire of Net n_841  ( M1 )
Bounds : ( 41.325, 33.775 ) ( 41.355, 33.805 )


MINSTEP: ( MinStep ) Regular Wire of Net cts_opt_net_FE_PHN1179_n_1034  ( M1 )
Bounds : ( 41.750, 34.480 ) ( 41.768, 34.495 )


MINSTEP: ( MinStep ) Regular Wire of Net cts_opt_net_FE_PHN1179_n_1034  ( M1 )
Bounds : ( 41.818, 34.480 ) ( 41.835, 34.495 )


MINSTEP: ( MinStep ) Regular Wire of Net cts_opt_net_FE_PHN1354_n_902  ( M1 )
Bounds : ( 42.095, 33.275 ) ( 42.115, 33.305 )


SPACING: ( ParallelRunLength Spacing ) Regular Wire of Net n_902 & Pin of Cell cts_opt_inst_FE_PHC1354_n_902  ( M1 )
Bounds : ( 41.185, 33.305 ) ( 41.190, 33.335 )


SPACING: ( ParallelRunLength Spacing ) Regular Wire of Net n_841 & Pin of Cell cts_opt_inst_FE_PHC1306_n_841  ( M1 )
Bounds : ( 41.325, 33.665 ) ( 41.330, 33.695 )


SPACING: ( ParallelRunLength Spacing ) Regular Wire of Net cts_opt_net_FE_PHN1354_n_902 & Pin of Cell cts_opt_inst_FE_PHC1354_n_902  ( M1 )
Bounds : ( 42.095, 33.275 ) ( 42.115, 33.305 )


SPACING: ( ParallelRunLength Spacing ) Regular Wire of Net cts_opt_net_FE_PHN1354_n_902 & Pin of Cell cts_opt_inst_FE_PHC1354_n_902  ( M1 )
Bounds : ( 42.165, 33.305 ) ( 42.175, 33.340 )


SPACING: ( ParallelRunLength Spacing ) Regular Wire of Net cts_opt_net_FE_PHN1455_n_569 & Special Wire of Net VDD  ( M2 )
Bounds : ( 40.897, 34.290 ) ( 41.915, 34.335 )


SPACING: ( ParallelRunLength Spacing ) Regular Wire of Net cts_opt_net_FE_PHN1179_n_1034 & Special Wire of Net VDD  ( M2 )
Bounds : ( 41.737, 34.465 ) ( 41.847, 34.510 )


MAR: ( Minimum Area ) Regular Wire of Net cts_opt_net_FE_PHN1306_n_841  ( M2 )
Bounds : ( 42.225, 33.725 ) ( 42.335, 33.775 )


OFFGRID: ( Off Grid or Wrong Way ) Regular Wire of Net cts_opt_net_FE_PHN1179_n_1034  ( M1 )
Bounds : ( 41.768, 34.480 ) ( 41.818, 35.205 )


OFFGRID: ( Off Grid or Wrong Way ) Regular Wire of Net cts_opt_net_FE_PHN1179_n_1034  ( M2 )
Bounds : ( 41.737, 34.510 ) ( 41.787, 34.560 )


MAR: ( Minimum Area ) Regular Wire of Net cts_opt_net_FE_PHN1179_n_1034  ( M2 )
Bounds : ( 41.737, 34.510 ) ( 41.847, 34.560 )


MAR: ( Minimum Area ) Regular Wire of Net n_1029  ( M2 )
Bounds : ( 39.145, 35.025 ) ( 39.255, 35.075 )


MAR: ( Minimum Area ) Regular Wire of Net TRI_K_buffer[2][7][6]  ( M2 )
Bounds : ( 40.545, 35.525 ) ( 40.655, 35.575 )


SHORT: ( Cut Short ) Regular Wire of Net cts_opt_net_FE_PHN1475_n_892 & Regular Wire of Net cts_opt_net_FE_PHN1509_n_901  ( VIA3 )
Bounds : ( 38.475, 35.025 ) ( 38.525, 35.075 )


MINSTEP: ( MinStep ) Regular Wire of Net n_1037  ( M1 )
Bounds : ( 38.945, 35.495 ) ( 38.975, 35.525 )


MINSTEP: ( MinStep ) Regular Wire of Net n_1037  ( M1 )
Bounds : ( 38.945, 35.575 ) ( 38.975, 35.605 )


MINSTEP: ( MinStep ) Regular Wire of Net n_1029  ( M1 )
Bounds : ( 39.225, 34.995 ) ( 39.255, 35.025 )


MINSTEP: ( MinStep ) Regular Wire of Net n_1029  ( M1 )
Bounds : ( 39.225, 35.075 ) ( 39.255, 35.105 )


MINSTEP: ( MinStep ) Regular Wire of Net cts_opt_net_FE_PHN1267_n_1037  ( M1 )
Bounds : ( 39.790, 36.010 ) ( 39.825, 36.025 )


MINSTEP: ( MinStep ) Regular Wire of Net cts_opt_net_FE_PHN1273_n_1029  ( M1 )
Bounds : ( 40.070, 34.575 ) ( 40.105, 34.590 )


MINSTEP: ( MinStep ) Regular Wire of Net cts_opt_net_FE_PHN2404_TRI_K_buffer_2_7_4  ( M1 )
Bounds : ( 40.210, 36.010 ) ( 40.245, 36.025 )


MINSTEP: ( MinStep ) Regular Wire of Net TRI_K_buffer[2][7][6]  ( M1 )
Bounds : ( 40.625, 35.495 ) ( 40.655, 35.525 )


MINSTEP: ( MinStep ) Regular Wire of Net TRI_K_buffer[2][7][6]  ( M1 )
Bounds : ( 40.625, 35.575 ) ( 40.655, 35.605 )


SHORT: ( Metal Short ) Regular Wire of Net TRI_K_buffer[2][7][6] & Regular Wire of Net n_1037  ( M2 )
Bounds : ( 40.545, 35.525 ) ( 40.655, 35.575 )


EndOfLine: ( EndOfLine Spacing ) Regular Wire of Net n_1037 & Pin of Cell cts_opt_inst_FE_PHC1267_n_1037  ( M1 )
Bounds : ( 38.945, 35.465 ) ( 38.950, 35.495 )


EndOfLine: ( EndOfLine Spacing ) Regular Wire of Net n_1029 & Pin of Cell cts_opt_inst_FE_PHC1273_n_1029  ( M1 )
Bounds : ( 39.225, 35.105 ) ( 39.230, 35.135 )


EndOfLine: ( EndOfLine Spacing ) Regular Wire of Net TRI_K_buffer[2][7][6] & Pin of Cell cts_opt_inst_FE_PHC498_TRI_K_buffer_2_7_6  ( M1 )
Bounds : ( 40.625, 35.465 ) ( 40.630, 35.495 )


SPACING: ( ParallelRunLength Spacing ) Regular Wire of Net n_1037 & Pin of Cell cts_opt_inst_FE_PHC1267_n_1037  ( M1 )
Bounds : ( 38.945, 35.465 ) ( 38.950, 35.495 )


SPACING: ( ParallelRunLength Spacing ) Regular Wire of Net n_1029 & Pin of Cell cts_opt_inst_FE_PHC1273_n_1029  ( M1 )
Bounds : ( 39.225, 35.105 ) ( 39.230, 35.135 )


SPACING: ( ParallelRunLength Spacing ) Regular Wire of Net cts_opt_net_FE_PHN488_TRI_K_buffer_2_7_4 & Blockage of Cell cts_opt_inst_FE_PHC2404_TRI_K_buffer_2_7_4  ( M1 )
Bounds : ( 39.975, 35.595 ) ( 40.015, 35.705 )


SPACING: ( ParallelRunLength Spacing ) Regular Wire of Net TRI_K_buffer[2][7][6] & Pin of Cell cts_opt_inst_FE_PHC498_TRI_K_buffer_2_7_6  ( M1 )
Bounds : ( 40.625, 35.465 ) ( 40.630, 35.495 )


SPACING: ( ParallelRunLength Spacing ) Regular Wire of Net cts_opt_net_FE_PHN1273_n_1029 & Pin of Cell ENDCAP__33  ( M2 )
Bounds : ( 40.057, 34.465 ) ( 40.167, 34.510 )


SPACING: ( ParallelRunLength Spacing ) Regular Wire of Net cts_opt_net_FE_PHN1277_n_1035 & Pin of Cell ENDCAP__33  ( M2 )
Bounds : ( 39.638, 34.290 ) ( 39.748, 34.335 )


SPACING: ( ParallelRunLength Spacing ) Regular Wire of Net cts_opt_net_FE_PHN1451_n_594 & Pin of Cell cts_opt_inst_FE_PHC1451_n_594  ( M1 )
Bounds : ( 40.485, 33.305 ) ( 40.495, 33.340 )


SPACING: ( ParallelRunLength Spacing ) Regular Wire of Net cts_opt_net_FE_PHN1451_n_594 & Pin of Cell cts_opt_inst_FE_PHC1451_n_594  ( M1 )
Bounds : ( 40.415, 33.275 ) ( 40.435, 33.305 )


SPACING: ( ParallelRunLength Spacing ) Regular Wire of Net n_569 & Pin of Cell cts_opt_inst_FE_PHC1455_n_569  ( M1 )
Bounds : ( 40.065, 33.665 ) ( 40.070, 33.695 )


SPACING: ( ParallelRunLength Spacing ) Regular Wire of Net n_594 & Pin of Cell cts_opt_inst_FE_PHC1451_n_594  ( M1 )
Bounds : ( 39.505, 33.305 ) ( 39.515, 33.335 )


EndOfLine: ( EndOfLine Spacing ) Regular Wire of Net cts_opt_net_FE_PHN1451_n_594 & Pin of Cell cts_opt_inst_FE_PHC1451_n_594  ( M1 )
Bounds : ( 40.485, 33.305 ) ( 40.495, 33.340 )


EndOfLine: ( EndOfLine Spacing ) Regular Wire of Net cts_opt_net_FE_PHN1273_n_1029 & Pin of Cell cts_opt_inst_FE_PHC1455_n_569  ( M1 )
Bounds : ( 40.088, 34.425 ) ( 40.138, 34.480 )


EndOfLine: ( EndOfLine Spacing ) Regular Wire of Net n_569 & Pin of Cell cts_opt_inst_FE_PHC1455_n_569  ( M1 )
Bounds : ( 40.065, 33.665 ) ( 40.070, 33.695 )


EndOfLine: ( EndOfLine Spacing ) Regular Wire of Net cts_opt_net_FE_PHN1277_n_1035 & Pin of Cell cts_opt_inst_FE_PHC1273_n_1029  ( M1 )
Bounds : ( 39.667, 34.320 ) ( 39.717, 34.375 )


EndOfLine: ( EndOfLine Spacing ) Regular Wire of Net n_594 & Pin of Cell cts_opt_inst_FE_PHC1451_n_594  ( M1 )
Bounds : ( 39.505, 33.305 ) ( 39.510, 33.335 )


SHORT: ( Metal Short ) Regular Wire of Net n_594 & Regular Wire of Net cts_opt_net_FE_PHN1451_n_594  ( M2 )
Bounds : ( 40.405, 33.225 ) ( 40.515, 33.275 )


MINSTEP: ( MinStep ) Regular Wire of Net cts_opt_net_FE_PHN1451_n_594  ( M1 )
Bounds : ( 40.415, 33.275 ) ( 40.435, 33.305 )


MINSTEP: ( MinStep ) Regular Wire of Net cts_opt_net_FE_PHN1273_n_1029  ( M1 )
Bounds : ( 40.138, 34.480 ) ( 40.155, 34.495 )


MINSTEP: ( MinStep ) Regular Wire of Net cts_opt_net_FE_PHN1273_n_1029  ( M1 )
Bounds : ( 40.070, 34.480 ) ( 40.088, 34.495 )


MINSTEP: ( MinStep ) Regular Wire of Net n_569  ( M1 )
Bounds : ( 40.065, 33.775 ) ( 40.095, 33.805 )


MINSTEP: ( MinStep ) Regular Wire of Net n_569  ( M1 )
Bounds : ( 40.065, 33.695 ) ( 40.095, 33.725 )


MINSTEP: ( MinStep ) Regular Wire of Net cts_opt_net_FE_PHN1277_n_1035  ( M1 )
Bounds : ( 39.717, 34.305 ) ( 39.735, 34.320 )


MINSTEP: ( MinStep ) Regular Wire of Net cts_opt_net_FE_PHN1277_n_1035  ( M1 )
Bounds : ( 39.650, 34.305 ) ( 39.667, 34.320 )


MINSTEP: ( MinStep ) Regular Wire of Net cts_opt_net_FE_PHN1277_n_1035  ( M1 )
Bounds : ( 39.650, 34.210 ) ( 39.685, 34.225 )


MINSTEP: ( MinStep ) Regular Wire of Net n_594  ( M1 )
Bounds : ( 39.505, 33.275 ) ( 39.535, 33.305 )


MINSTEP: ( MinStep ) Regular Wire of Net n_594  ( M1 )
Bounds : ( 39.505, 33.195 ) ( 39.535, 33.225 )


MAR: ( Minimum Area ) Regular Wire of Net cts_opt_net_FE_PHN1451_n_594  ( M2 )
Bounds : ( 40.405, 33.225 ) ( 40.515, 33.275 )


MAR: ( Minimum Area ) Regular Wire of Net cts_opt_net_FE_PHN1277_n_1035  ( M2 )
Bounds : ( 39.638, 34.240 ) ( 39.748, 34.290 )


OFFGRID: ( Off Grid or Wrong Way ) Regular Wire of Net cts_opt_net_FE_PHN1277_n_1035  ( M2 )
Bounds : ( 39.638, 34.240 ) ( 39.688, 34.290 )


OFFGRID: ( Off Grid or Wrong Way ) Regular Wire of Net cts_opt_net_FE_PHN1277_n_1035  ( M1 )
Bounds : ( 39.667, 33.595 ) ( 39.717, 34.320 )


SPACING: ( ParallelRunLength Spacing ) Regular Wire of Net n_1035 & Pin of Cell cts_opt_inst_FE_PHC1277_n_1035  ( M1 )
Bounds : ( 38.805, 33.665 ) ( 38.810, 33.695 )


EndOfLine: ( EndOfLine Spacing ) Regular Wire of Net n_1035 & Pin of Cell cts_opt_inst_FE_PHC1277_n_1035  ( M1 )
Bounds : ( 38.805, 33.665 ) ( 38.810, 33.695 )


MINSTEP: ( MinStep ) Regular Wire of Net n_1035  ( M1 )
Bounds : ( 38.805, 33.775 ) ( 38.835, 33.805 )


MINSTEP: ( MinStep ) Regular Wire of Net n_1035  ( M1 )
Bounds : ( 38.805, 33.695 ) ( 38.835, 33.725 )


OFFGRID: ( Off Grid or Wrong Way ) Regular Wire of Net cts_opt_net_FE_PHN1273_n_1029  ( M1 )
Bounds : ( 40.088, 34.480 ) ( 40.138, 35.205 )


OFFGRID: ( Off Grid or Wrong Way ) Regular Wire of Net cts_opt_net_FE_PHN1273_n_1029  ( M2 )
Bounds : ( 40.057, 34.510 ) ( 40.107, 34.560 )


MAR: ( Minimum Area ) Regular Wire of Net cts_opt_net_FE_PHN1273_n_1029  ( M2 )
Bounds : ( 40.057, 34.510 ) ( 40.167, 34.560 )


SHORT: ( Metal Short ) Regular Wire of Net n_1035 & Regular Wire of Net n_569  ( M2 )
Bounds : ( 39.985, 33.725 ) ( 41.215, 33.775 )


OFFGRID: ( Off Grid or Wrong Way ) Regular Wire of Net cts_opt_net_FE_PHN1482_n_707  ( M1 )
Bounds : ( 42.467, 31.795 ) ( 42.518, 32.520 )


OFFGRID: ( Off Grid or Wrong Way ) Regular Wire of Net cts_opt_net_FE_PHN1482_n_707  ( M2 )
Bounds : ( 42.438, 32.440 ) ( 42.487, 32.490 )


MAR: ( Minimum Area ) Regular Wire of Net cts_opt_net_FE_PHN1482_n_707  ( M2 )
Bounds : ( 42.438, 32.440 ) ( 42.548, 32.490 )


MINSTEP: ( MinStep ) Regular Wire of Net cts_opt_net_FE_PHN1482_n_707  ( M1 )
Bounds : ( 42.450, 32.410 ) ( 42.485, 32.425 )


MINSTEP: ( MinStep ) Regular Wire of Net cts_opt_net_FE_PHN1482_n_707  ( M1 )
Bounds : ( 42.450, 32.505 ) ( 42.467, 32.520 )


MINSTEP: ( MinStep ) Regular Wire of Net cts_opt_net_FE_PHN1482_n_707  ( M1 )
Bounds : ( 42.518, 32.505 ) ( 42.535, 32.520 )


EndOfLine: ( EndOfLine Spacing ) Regular Wire of Net cts_opt_net_FE_PHN1482_n_707 & Pin of Cell cts_opt_inst_FE_PHC1354_n_902  ( M1 )
Bounds : ( 42.467, 32.520 ) ( 42.518, 32.575 )


SPACING: ( ParallelRunLength Spacing ) Regular Wire of Net cts_opt_net_FE_PHN1482_n_707 & Special Wire of Net VDD  ( M2 )
Bounds : ( 42.438, 32.490 ) ( 42.548, 32.535 )


EndOfLine: ( EndOfLine Spacing ) Regular Wire of Net n_889 & Pin of Cell cts_opt_inst_FE_PHC1508_n_889  ( M1 )
Bounds : ( 41.185, 31.505 ) ( 41.190, 31.535 )


SHORT: ( Metal Short ) Regular Wire of Net n_707 & Regular Wire of Net n_485  ( M2 )
Bounds : ( 41.525, 31.925 ) ( 41.568, 31.975 )


OFFGRID: ( Off Grid or Wrong Way ) Regular Wire of Net cts_opt_net_FE_PHN1529_n_599  ( M1 )
Bounds : ( 41.208, 31.795 ) ( 41.257, 32.520 )


OFFGRID: ( Off Grid or Wrong Way ) Regular Wire of Net n_599  ( M2 )
Bounds : ( 40.958, 31.925 ) ( 41.007, 31.975 )


OFFGRID: ( Off Grid or Wrong Way ) Regular Wire of Net cts_opt_net_FE_PHN1529_n_599  ( M2 )
Bounds : ( 41.178, 32.440 ) ( 41.228, 32.490 )


OFFGRID: ( Off Grid or Wrong Way ) Regular Wire of Net n_485  ( M2 )
Bounds : ( 41.518, 31.925 ) ( 41.568, 31.975 )


OFFGRID: ( Off Grid or Wrong Way ) Regular Wire of Net n_889  ( M2 )
Bounds : ( 41.938, 31.425 ) ( 41.987, 31.475 )


MAR: ( Minimum Area ) Regular Wire of Net n_707  ( M2 )
Bounds : ( 41.525, 31.925 ) ( 41.635, 31.975 )


CUTSPACING: ( Same Layer Cut Spacing ) Regular Wire of Net n_485 & Regular Wire of Net n_707  ( VIA2 )
Bounds : ( 41.537, 31.925 ) ( 41.555, 31.975 )


MINSTEP: ( MinStep ) Regular Wire of Net n_889  ( M1 )
Bounds : ( 41.185, 31.395 ) ( 41.215, 31.425 )


MINSTEP: ( MinStep ) Regular Wire of Net n_889  ( M1 )
Bounds : ( 41.185, 31.475 ) ( 41.215, 31.505 )


MINSTEP: ( MinStep ) Regular Wire of Net cts_opt_net_FE_PHN1529_n_599  ( M1 )
Bounds : ( 41.190, 32.410 ) ( 41.225, 32.425 )


MINSTEP: ( MinStep ) Regular Wire of Net cts_opt_net_FE_PHN1529_n_599  ( M1 )
Bounds : ( 41.190, 32.505 ) ( 41.208, 32.520 )


MINSTEP: ( MinStep ) Regular Wire of Net cts_opt_net_FE_PHN1529_n_599  ( M1 )
Bounds : ( 41.257, 32.505 ) ( 41.275, 32.520 )


MINSTEP: ( MinStep ) Regular Wire of Net n_707  ( M1 )
Bounds : ( 41.605, 31.895 ) ( 41.635, 31.925 )


MINSTEP: ( MinStep ) Regular Wire of Net n_707  ( M1 )
Bounds : ( 41.605, 31.975 ) ( 41.635, 32.005 )


MINSTEP: ( MinStep ) Regular Wire of Net cts_opt_net_FE_PHN1508_n_889  ( M1 )
Bounds : ( 42.095, 31.475 ) ( 42.115, 31.505 )


EndOfLine: ( EndOfLine Spacing ) Regular Wire of Net cts_opt_net_FE_PHN1529_n_599 & Pin of Cell cts_opt_inst_FE_PHC1354_n_902  ( M1 )
Bounds : ( 41.208, 32.520 ) ( 41.257, 32.575 )


EndOfLine: ( EndOfLine Spacing ) Regular Wire of Net n_707 & Pin of Cell cts_opt_inst_FE_PHC1482_n_707  ( M1 )
Bounds : ( 41.605, 31.865 ) ( 41.610, 31.895 )


EndOfLine: ( EndOfLine Spacing ) Regular Wire of Net cts_opt_net_FE_PHN1508_n_889 & Pin of Cell cts_opt_inst_FE_PHC1508_n_889  ( M1 )
Bounds : ( 42.165, 31.505 ) ( 42.175, 31.540 )


SPACING: ( ParallelRunLength Spacing ) Regular Wire of Net n_889 & Pin of Cell cts_opt_inst_FE_PHC1508_n_889  ( M1 )
Bounds : ( 41.185, 31.505 ) ( 41.190, 31.535 )


SPACING: ( ParallelRunLength Spacing ) Regular Wire of Net n_707 & Pin of Cell cts_opt_inst_FE_PHC1482_n_707  ( M1 )
Bounds : ( 41.605, 31.865 ) ( 41.610, 31.895 )


SPACING: ( ParallelRunLength Spacing ) Regular Wire of Net cts_opt_net_FE_PHN1508_n_889 & Pin of Cell cts_opt_inst_FE_PHC1508_n_889  ( M1 )
Bounds : ( 42.095, 31.475 ) ( 42.115, 31.505 )


SPACING: ( ParallelRunLength Spacing ) Regular Wire of Net cts_opt_net_FE_PHN1508_n_889 & Pin of Cell cts_opt_inst_FE_PHC1508_n_889  ( M1 )
Bounds : ( 42.165, 31.505 ) ( 42.175, 31.540 )


SPACING: ( ParallelRunLength Spacing ) Regular Wire of Net cts_opt_net_FE_PHN1529_n_599 & Special Wire of Net VDD  ( M2 )
Bounds : ( 41.178, 32.490 ) ( 42.055, 32.535 )


MINSTEP: ( MinStep ) Regular Wire of Net n_527  ( M1 )
Bounds : ( 42.165, 30.175 ) ( 42.195, 30.205 )


MINSTEP: ( MinStep ) Regular Wire of Net n_527  ( M1 )
Bounds : ( 42.165, 30.095 ) ( 42.195, 30.125 )


MINSTEP: ( MinStep ) Regular Wire of Net cts_opt_net_FE_PHN1629_n_787  ( M1 )
Bounds : ( 41.395, 30.095 ) ( 41.415, 30.125 )


EndOfLine: ( EndOfLine Spacing ) Regular Wire of Net cts_opt_net_FE_PHN1629_n_787 & Pin of Cell cts_opt_inst_FE_PHC1629_n_787  ( M1 )
Bounds : ( 41.465, 30.060 ) ( 41.475, 30.095 )


EndOfLine: ( EndOfLine Spacing ) Regular Wire of Net n_527 & Pin of Cell cts_opt_inst_FE_PHC1510_n_527  ( M1 )
Bounds : ( 42.165, 30.065 ) ( 42.170, 30.095 )


SPACING: ( ParallelRunLength Spacing ) Regular Wire of Net cts_opt_net_FE_PHN1629_n_787 & Pin of Cell cts_opt_inst_FE_PHC1629_n_787  ( M1 )
Bounds : ( 41.395, 30.095 ) ( 41.415, 30.125 )


SPACING: ( ParallelRunLength Spacing ) Regular Wire of Net cts_opt_net_FE_PHN1629_n_787 & Pin of Cell cts_opt_inst_FE_PHC1629_n_787  ( M1 )
Bounds : ( 41.465, 30.060 ) ( 41.475, 30.095 )


SPACING: ( ParallelRunLength Spacing ) Regular Wire of Net n_527 & Pin of Cell cts_opt_inst_FE_PHC1510_n_527  ( M1 )
Bounds : ( 42.165, 30.065 ) ( 42.170, 30.095 )


EndOfLine: ( EndOfLine Spacing ) Regular Wire of Net n_485 & Pin of Cell cts_opt_inst_FE_PHC1458_n_485  ( M1 )
Bounds : ( 38.805, 31.865 ) ( 38.810, 31.895 )


OFFGRID: ( Off Grid or Wrong Way ) Regular Wire of Net cts_opt_net_FE_PHN1458_n_485  ( M1 )
Bounds : ( 39.667, 31.795 ) ( 39.717, 32.520 )


OFFGRID: ( Off Grid or Wrong Way ) Regular Wire of Net cts_opt_net_FE_PHN1458_n_485  ( M2 )
Bounds : ( 39.638, 32.440 ) ( 39.688, 32.490 )


MAR: ( Minimum Area ) Regular Wire of Net n_815  ( M2 )
Bounds : ( 39.005, 31.425 ) ( 39.115, 31.475 )


MAR: ( Minimum Area ) Regular Wire of Net cts_opt_net_FE_PHN1458_n_485  ( M2 )
Bounds : ( 39.638, 32.440 ) ( 39.748, 32.490 )


MINSTEP: ( MinStep ) Regular Wire of Net n_485  ( M1 )
Bounds : ( 38.805, 31.895 ) ( 38.835, 31.925 )


MINSTEP: ( MinStep ) Regular Wire of Net n_485  ( M1 )
Bounds : ( 38.805, 31.975 ) ( 38.835, 32.005 )


MINSTEP: ( MinStep ) Regular Wire of Net n_815  ( M1 )
Bounds : ( 39.085, 31.395 ) ( 39.115, 31.425 )


MINSTEP: ( MinStep ) Regular Wire of Net n_815  ( M1 )
Bounds : ( 39.085, 31.475 ) ( 39.115, 31.505 )


MINSTEP: ( MinStep ) Regular Wire of Net cts_opt_net_FE_PHN1458_n_485  ( M1 )
Bounds : ( 39.650, 32.410 ) ( 39.685, 32.425 )


MINSTEP: ( MinStep ) Regular Wire of Net cts_opt_net_FE_PHN1458_n_485  ( M1 )
Bounds : ( 39.650, 32.505 ) ( 39.667, 32.520 )


MINSTEP: ( MinStep ) Regular Wire of Net cts_opt_net_FE_PHN1458_n_485  ( M1 )
Bounds : ( 39.717, 32.505 ) ( 39.735, 32.520 )


MINSTEP: ( MinStep ) Regular Wire of Net n_599  ( M1 )
Bounds : ( 40.345, 31.895 ) ( 40.375, 31.925 )


MINSTEP: ( MinStep ) Regular Wire of Net n_599  ( M1 )
Bounds : ( 40.345, 31.975 ) ( 40.375, 32.005 )


EndOfLine: ( EndOfLine Spacing ) Regular Wire of Net n_815 & Pin of Cell cts_opt_inst_FE_PHC1536_n_815  ( M1 )
Bounds : ( 39.085, 31.505 ) ( 39.090, 31.535 )


EndOfLine: ( EndOfLine Spacing ) Regular Wire of Net cts_opt_net_FE_PHN1458_n_485 & Pin of Cell cts_opt_inst_FE_PHC1451_n_594  ( M1 )
Bounds : ( 39.667, 32.520 ) ( 39.717, 32.575 )


EndOfLine: ( EndOfLine Spacing ) Regular Wire of Net n_599 & Pin of Cell cts_opt_inst_FE_PHC1529_n_599  ( M1 )
Bounds : ( 40.345, 31.865 ) ( 40.350, 31.895 )


SPACING: ( ParallelRunLength Spacing ) Regular Wire of Net n_485 & Pin of Cell cts_opt_inst_FE_PHC1458_n_485  ( M1 )
Bounds : ( 38.805, 31.865 ) ( 38.810, 31.895 )


SPACING: ( ParallelRunLength Spacing ) Regular Wire of Net n_815 & Pin of Cell cts_opt_inst_FE_PHC1536_n_815  ( M1 )
Bounds : ( 39.085, 31.505 ) ( 39.090, 31.535 )


SPACING: ( ParallelRunLength Spacing ) Regular Wire of Net n_599 & Pin of Cell cts_opt_inst_FE_PHC1529_n_599  ( M1 )
Bounds : ( 40.345, 31.865 ) ( 40.350, 31.895 )


SPACING: ( ParallelRunLength Spacing ) Regular Wire of Net cts_opt_net_FE_PHN1458_n_485 & Pin of Cell ENDCAP__29  ( M2 )
Bounds : ( 39.638, 32.490 ) ( 39.748, 32.535 )


OFFGRID: ( Off Grid or Wrong Way ) Regular Wire of Net n_740  ( M2 )
Bounds : ( 39.833, 30.125 ) ( 39.882, 30.175 )


OFFGRID: ( Off Grid or Wrong Way ) Regular Wire of Net cts_opt_net_FE_PHN1536_n_815  ( M2 )
Bounds : ( 39.917, 30.910 ) ( 39.967, 30.960 )


MAR: ( Minimum Area ) Regular Wire of Net cts_opt_net_FE_PHN1641_n_740  ( M2 )
Bounds : ( 39.705, 30.125 ) ( 39.815, 30.175 )


MAR: ( Minimum Area ) Regular Wire of Net cts_opt_net_FE_PHN1536_n_815  ( M2 )
Bounds : ( 39.917, 30.910 ) ( 40.028, 30.960 )


CUTSPACING: ( Same Layer Cut Spacing ) Regular Wire of Net cts_opt_net_FE_PHN1641_n_740 & Regular Wire of Net n_740  ( VIA2 )
Bounds : ( 39.785, 30.125 ) ( 39.803, 30.175 )


MINSTEP: ( MinStep ) Regular Wire of Net n_740  ( M1 )
Bounds : ( 38.805, 30.095 ) ( 38.835, 30.125 )


MINSTEP: ( MinStep ) Regular Wire of Net n_740  ( M1 )
Bounds : ( 38.805, 30.175 ) ( 38.835, 30.205 )


MINSTEP: ( MinStep ) Regular Wire of Net cts_opt_net_FE_PHN1641_n_740  ( M1 )
Bounds : ( 39.715, 30.095 ) ( 39.735, 30.125 )


MINSTEP: ( MinStep ) Regular Wire of Net cts_opt_net_FE_PHN1536_n_815  ( M1 )
Bounds : ( 39.930, 30.880 ) ( 39.947, 30.895 )


MINSTEP: ( MinStep ) Regular Wire of Net cts_opt_net_FE_PHN1536_n_815  ( M1 )
Bounds : ( 39.930, 30.975 ) ( 39.965, 30.990 )


MINSTEP: ( MinStep ) Regular Wire of Net cts_opt_net_FE_PHN1536_n_815  ( M1 )
Bounds : ( 39.998, 30.880 ) ( 40.015, 30.895 )


MINSTEP: ( MinStep ) Regular Wire of Net n_787  ( M1 )
Bounds : ( 40.485, 30.095 ) ( 40.515, 30.125 )


MINSTEP: ( MinStep ) Regular Wire of Net n_787  ( M1 )
Bounds : ( 40.485, 30.175 ) ( 40.515, 30.205 )


SHORT: ( Metal Short ) Regular Wire of Net cts_opt_net_FE_PHN1641_n_740 & Regular Wire of Net n_740  ( M2 )
Bounds : ( 39.705, 30.125 ) ( 39.815, 30.175 )


EndOfLine: ( EndOfLine Spacing ) Regular Wire of Net n_740 & Pin of Cell cts_opt_inst_FE_PHC1641_n_740  ( M1 )
Bounds : ( 38.805, 30.065 ) ( 38.810, 30.095 )


EndOfLine: ( EndOfLine Spacing ) Regular Wire of Net cts_opt_net_FE_PHN1641_n_740 & Pin of Cell cts_opt_inst_FE_PHC1641_n_740  ( M1 )
Bounds : ( 39.785, 30.060 ) ( 39.795, 30.095 )


EndOfLine: ( EndOfLine Spacing ) Regular Wire of Net cts_opt_net_FE_PHN1536_n_815 & Pin of Cell cts_opt_inst_FE_PHC1641_n_740  ( M1 )
Bounds : ( 39.947, 30.825 ) ( 39.998, 30.880 )


EndOfLine: ( EndOfLine Spacing ) Regular Wire of Net n_787 & Pin of Cell cts_opt_inst_FE_PHC1629_n_787  ( M1 )
Bounds : ( 40.485, 30.065 ) ( 40.490, 30.095 )


SPACING: ( ParallelRunLength Spacing ) Regular Wire of Net n_740 & Pin of Cell cts_opt_inst_FE_PHC1657_n_851  ( M1 )
Bounds : ( 38.805, 30.065 ) ( 38.810, 30.095 )


SPACING: ( ParallelRunLength Spacing ) Regular Wire of Net cts_opt_net_FE_PHN1641_n_740 & Pin of Cell cts_opt_inst_FE_PHC1641_n_740  ( M1 )
Bounds : ( 39.715, 30.095 ) ( 39.735, 30.125 )


SPACING: ( ParallelRunLength Spacing ) Regular Wire of Net cts_opt_net_FE_PHN1641_n_740 & Pin of Cell cts_opt_inst_FE_PHC1657_n_851  ( M1 )
Bounds : ( 39.785, 30.060 ) ( 39.795, 30.095 )


SPACING: ( ParallelRunLength Spacing ) Regular Wire of Net n_787 & Pin of Cell cts_opt_inst_FE_PHC1629_n_787  ( M1 )
Bounds : ( 40.485, 30.065 ) ( 40.490, 30.095 )


SPACING: ( ParallelRunLength Spacing ) Regular Wire of Net cts_opt_net_FE_PHN1536_n_815 & Pin of Cell ENDCAP__25  ( M2 )
Bounds : ( 39.917, 30.865 ) ( 40.028, 30.910 )


OFFGRID: ( Off Grid or Wrong Way ) Regular Wire of Net cts_opt_net_FE_PHN1536_n_815  ( M1 )
Bounds : ( 39.947, 30.880 ) ( 39.998, 31.605 )


SHORT: ( Metal Short ) Regular Wire of Net n_485 & Regular Wire of Net n_599  ( M2 )
Bounds : ( 40.265, 31.925 ) ( 41.007, 31.975 )


SPACING: ( ParallelRunLength Spacing ) Regular Wire of Net n_599 & Regular Wire of Net n_585  ( M3 )
Bounds : ( 40.978, 31.895 ) ( 40.995, 41.520 )


SPACING: ( ParallelRunLength Spacing ) Regular Wire of Net cts_opt_net_FE_PHN2404_TRI_K_buffer_2_7_4 & Regular Wire of Net n_599  ( M3 )
Bounds : ( 40.905, 36.010 ) ( 40.928, 36.705 )


SHORT: ( Metal Short ) Regular Wire of Net n_841 & Regular Wire of Net cts_opt_net_FE_PHN1529_n_599  ( M3 )
Bounds : ( 41.975, 33.695 ) ( 42.025, 41.005 )


OFFGRID: ( Off Grid or Wrong Way ) Regular Wire of Net cts_opt_net_FE_PHN498_TRI_K_buffer_2_7_6  ( M1 )
Bounds : ( 41.487, 35.395 ) ( 41.537, 36.120 )


OFFGRID: ( Off Grid or Wrong Way ) Regular Wire of Net cts_opt_net_FE_PHN1093_n_507  ( M1 )
Bounds : ( 42.748, 35.395 ) ( 42.798, 36.120 )


OFFGRID: ( Off Grid or Wrong Way ) Regular Wire of Net cts_opt_net_FE_PHN498_TRI_K_buffer_2_7_6  ( M2 )
Bounds : ( 41.518, 36.040 ) ( 41.568, 36.090 )


OFFGRID: ( Off Grid or Wrong Way ) Regular Wire of Net cts_opt_net_FE_PHN1093_n_507  ( M2 )
Bounds : ( 42.717, 36.040 ) ( 42.768, 36.090 )


OFFGRID: ( Off Grid or Wrong Way ) Regular Wire of Net n_599  ( M3 )
Bounds : ( 40.928, 31.895 ) ( 40.978, 41.520 )


MAR: ( Minimum Area ) Regular Wire of Net cts_opt_net_FE_PHN1093_n_507  ( M2 )
Bounds : ( 42.717, 36.040 ) ( 42.827, 36.090 )


SHORT: ( Metal Short ) Regular Wire of Net n_707 & Regular Wire of Net cts_opt_net_FE_PHN1668_n_848  ( M3 )
Bounds : ( 41.555, 31.895 ) ( 41.605, 41.790 )


OFFGRID: ( Off Grid or Wrong Way ) Regular Wire of Net cts_opt_net_FE_PHN1267_n_1037  ( M1 )
Bounds : ( 39.807, 35.395 ) ( 39.857, 36.120 )


OFFGRID: ( Off Grid or Wrong Way ) Regular Wire of Net cts_opt_net_FE_PHN2404_TRI_K_buffer_2_7_4  ( M1 )
Bounds : ( 40.228, 35.495 ) ( 40.278, 36.120 )


OFFGRID: ( Off Grid or Wrong Way ) Regular Wire of Net cts_opt_net_FE_PHN1267_n_1037  ( M2 )
Bounds : ( 39.778, 36.040 ) ( 39.827, 36.090 )


OFFGRID: ( Off Grid or Wrong Way ) Regular Wire of Net cts_opt_net_FE_PHN2404_TRI_K_buffer_2_7_4  ( M2 )
Bounds : ( 40.197, 36.040 ) ( 40.248, 36.090 )


MAR: ( Minimum Area ) Regular Wire of Net cts_opt_net_FE_PHN1267_n_1037  ( M2 )
Bounds : ( 39.778, 36.040 ) ( 39.888, 36.090 )


SHORT: ( Metal Short ) Regular Wire of Net cts_opt_net_FE_PHN1458_n_485 & Regular Wire of Net sk_data[0][1]  ( M3 )
Bounds : ( 39.695, 32.410 ) ( 39.717, 41.205 )


SHORT: ( Metal Short ) Regular Wire of Net sk_data[0][4] & Regular Wire of Net TRI_K_buffer[2][7][6]  ( M3 )
Bounds : ( 40.595, 35.495 ) ( 40.625, 36.705 )


SHORT: ( Metal Short ) Regular Wire of Net sk_data[0][4] & Regular Wire of Net n_594  ( M3 )
Bounds : ( 40.643, 33.195 ) ( 40.645, 36.705 )


SPACING: ( ParallelRunLength Spacing ) Regular Wire of Net sk_data[0][2] & Regular Wire of Net cts_opt_net_FE_PHN1201_n_905  ( M3 )
Bounds : ( 38.445, 31.395 ) ( 38.475, 36.705 )


SPACING: ( ParallelRunLength Spacing ) Regular Wire of Net place_opt_net_FE_OFN12_AR_3__AC_7__ACC_add_31_50_n_0 & Regular Wire of Net cts_opt_net_FE_PHN498_TRI_K_buffer_2_7_6  ( M3 )
Bounds : ( 40.138, 36.010 ) ( 40.155, 41.005 )


SHORT: ( Metal Short ) Regular Wire of Net cts_opt_net_FE_PHN2404_TRI_K_buffer_2_7_4 & Regular Wire of Net cts_opt_net_FE_PHN498_TRI_K_buffer_2_7_6  ( M2 )
Bounds : ( 40.197, 36.040 ) ( 40.935, 36.090 )


OFFGRID: ( Off Grid or Wrong Way ) Regular Wire of Net cts_opt_net_FE_PHN1151_n_563  ( M1 )
Bounds : ( 33.787, 39.880 ) ( 33.838, 40.605 )


OFFGRID: ( Off Grid or Wrong Way ) Regular Wire of Net cts_opt_net_FE_PHN1165_n_776  ( M2 )
Bounds : ( 33.478, 39.640 ) ( 33.528, 39.690 )


OFFGRID: ( Off Grid or Wrong Way ) Regular Wire of Net cts_opt_net_FE_PHN1151_n_563  ( M2 )
Bounds : ( 33.757, 39.910 ) ( 33.807, 39.960 )


OFFGRID: ( Off Grid or Wrong Way ) Regular Wire of Net cts_opt_net_FE_PHN1151_n_563  ( M3 )
Bounds : ( 33.787, 39.880 ) ( 33.838, 39.990 )


OFFGRID: ( Off Grid or Wrong Way ) Regular Wire of Net cts_opt_net_FE_PHN1165_n_776  ( M4 )
Bounds : ( 33.478, 39.640 ) ( 33.528, 39.690 )


OFFGRID: ( Off Grid or Wrong Way ) Regular Wire of Net cts_opt_net_FE_PHN1151_n_563  ( M4 )
Bounds : ( 33.757, 39.910 ) ( 33.807, 39.960 )


MAR: ( Minimum Area ) Regular Wire of Net cts_opt_net_FE_PHN1165_n_776  ( M2 )
Bounds : ( 33.478, 39.640 ) ( 33.588, 39.690 )


MAR: ( Minimum Area ) Regular Wire of Net cts_opt_net_FE_PHN1151_n_563  ( M2 )
Bounds : ( 33.757, 39.910 ) ( 33.868, 39.960 )


MAR: ( Minimum Area ) Regular Wire of Net cts_opt_net_FE_PHN1165_n_776  ( M3 )
Bounds : ( 33.507, 39.610 ) ( 33.557, 39.720 )


MAR: ( Minimum Area ) Regular Wire of Net cts_opt_net_FE_PHN1151_n_563  ( M3 )
Bounds : ( 33.787, 39.880 ) ( 33.838, 39.990 )


MINSTEP: ( MinStep ) Regular Wire of Net cts_opt_net_FE_PHN1165_n_776  ( M1 )
Bounds : ( 33.490, 39.610 ) ( 33.525, 39.625 )


MINSTEP: ( MinStep ) Regular Wire of Net cts_opt_net_FE_PHN1165_n_776  ( M1 )
Bounds : ( 33.490, 39.705 ) ( 33.507, 39.720 )


MINSTEP: ( MinStep ) Regular Wire of Net cts_opt_net_FE_PHN1165_n_776  ( M1 )
Bounds : ( 33.557, 39.705 ) ( 33.575, 39.720 )


MINSTEP: ( MinStep ) Regular Wire of Net cts_opt_net_FE_PHN1151_n_563  ( M1 )
Bounds : ( 33.770, 39.880 ) ( 33.787, 39.895 )


MINSTEP: ( MinStep ) Regular Wire of Net cts_opt_net_FE_PHN1151_n_563  ( M1 )
Bounds : ( 33.770, 39.975 ) ( 33.805, 39.990 )


MINSTEP: ( MinStep ) Regular Wire of Net cts_opt_net_FE_PHN1151_n_563  ( M1 )
Bounds : ( 33.838, 39.880 ) ( 33.855, 39.895 )


SHORT: ( Metal Short ) Regular Wire of Net n_776 & Regular Wire of Net cts_opt_net_FE_PHN1165_n_776  ( M3 )
Bounds : ( 33.507, 39.610 ) ( 33.557, 39.720 )


EndOfLine: ( EndOfLine Spacing ) Regular Wire of Net cts_opt_net_FE_PHN1165_n_776 & Pin of Cell FILLTIE_2660  ( M1 )
Bounds : ( 33.507, 39.720 ) ( 33.557, 39.775 )


EndOfLine: ( EndOfLine Spacing ) Regular Wire of Net cts_opt_net_FE_PHN1151_n_563 & Pin of Cell FILLTIE_2660  ( M1 )
Bounds : ( 33.787, 39.825 ) ( 33.838, 39.880 )


SPACING: ( ParallelRunLength Spacing ) Regular Wire of Net cts_opt_net_FE_PHN1165_n_776 & Pin of Cell ENDCAP__45  ( M2 )
Bounds : ( 33.478, 39.690 ) ( 33.588, 39.735 )


SPACING: ( ParallelRunLength Spacing ) Regular Wire of Net cts_opt_net_FE_PHN1151_n_563 & Pin of Cell ENDCAP__45  ( M2 )
Bounds : ( 33.757, 39.865 ) ( 33.868, 39.910 )


SPACING: ( ParallelRunLength Spacing ) Regular Wire of Net n_513 & Regular Wire of Net cts_opt_net_FE_PHN1151_n_563  ( M3 )
Bounds : ( 33.765, 39.880 ) ( 33.787, 39.990 )


SPACING: ( ParallelRunLength Spacing ) Regular Wire of Net cts_opt_net_FE_PHN1193_n_831 & Pin of Cell ENDCAP__41  ( M2 )
Bounds : ( 33.478, 37.890 ) ( 33.588, 37.935 )


SPACING: ( ParallelRunLength Spacing ) Regular Wire of Net n_814 & Pin of Cell cts_opt_inst_FE_PHC1170_n_814  ( M1 )
Bounds : ( 32.925, 38.705 ) ( 32.930, 38.735 )


EndOfLine: ( EndOfLine Spacing ) Regular Wire of Net cts_opt_net_FE_PHN1170_n_814 & Pin of Cell FILLTIE_2636  ( M1 )
Bounds : ( 33.787, 38.025 ) ( 33.838, 38.080 )


EndOfLine: ( EndOfLine Spacing ) Regular Wire of Net cts_opt_net_FE_PHN1193_n_831 & Pin of Cell FILLTIE_2636  ( M1 )
Bounds : ( 33.507, 37.920 ) ( 33.557, 37.975 )


EndOfLine: ( EndOfLine Spacing ) Regular Wire of Net n_814 & Pin of Cell cts_opt_inst_FE_PHC1170_n_814  ( M1 )
Bounds : ( 32.925, 38.705 ) ( 32.930, 38.735 )


MINSTEP: ( MinStep ) Regular Wire of Net cts_opt_net_FE_PHN1170_n_814  ( M1 )
Bounds : ( 33.838, 38.080 ) ( 33.855, 38.095 )


MINSTEP: ( MinStep ) Regular Wire of Net cts_opt_net_FE_PHN1170_n_814  ( M1 )
Bounds : ( 33.770, 38.175 ) ( 33.805, 38.190 )


MINSTEP: ( MinStep ) Regular Wire of Net cts_opt_net_FE_PHN1170_n_814  ( M1 )
Bounds : ( 33.770, 38.080 ) ( 33.787, 38.095 )


MINSTEP: ( MinStep ) Regular Wire of Net cts_opt_net_FE_PHN1193_n_831  ( M1 )
Bounds : ( 33.557, 37.905 ) ( 33.575, 37.920 )


MINSTEP: ( MinStep ) Regular Wire of Net cts_opt_net_FE_PHN1193_n_831  ( M1 )
Bounds : ( 33.490, 37.905 ) ( 33.507, 37.920 )


MINSTEP: ( MinStep ) Regular Wire of Net cts_opt_net_FE_PHN1193_n_831  ( M1 )
Bounds : ( 33.490, 37.810 ) ( 33.525, 37.825 )


MINSTEP: ( MinStep ) Regular Wire of Net n_814  ( M1 )
Bounds : ( 32.925, 38.595 ) ( 32.955, 38.625 )


MAR: ( Minimum Area ) Regular Wire of Net cts_opt_net_FE_PHN1170_n_814  ( M3 )
Bounds : ( 33.787, 38.080 ) ( 33.838, 38.190 )


MAR: ( Minimum Area ) Regular Wire of Net cts_opt_net_FE_PHN1193_n_831  ( M3 )
Bounds : ( 33.507, 37.810 ) ( 33.557, 37.920 )


MAR: ( Minimum Area ) Regular Wire of Net cts_opt_net_FE_PHN1170_n_814  ( M2 )
Bounds : ( 33.757, 38.110 ) ( 33.868, 38.160 )


MAR: ( Minimum Area ) Regular Wire of Net cts_opt_net_FE_PHN1193_n_831  ( M2 )
Bounds : ( 33.478, 37.840 ) ( 33.588, 37.890 )


OFFGRID: ( Off Grid or Wrong Way ) Regular Wire of Net cts_opt_net_FE_PHN1170_n_814  ( M4 )
Bounds : ( 33.757, 38.110 ) ( 33.807, 38.160 )


OFFGRID: ( Off Grid or Wrong Way ) Regular Wire of Net cts_opt_net_FE_PHN1572_n_513  ( M4 )
Bounds : ( 33.478, 37.840 ) ( 33.528, 37.890 )


OFFGRID: ( Off Grid or Wrong Way ) Regular Wire of Net cts_opt_net_FE_PHN1170_n_814  ( M3 )
Bounds : ( 33.787, 38.080 ) ( 33.838, 38.190 )


OFFGRID: ( Off Grid or Wrong Way ) Regular Wire of Net cts_opt_net_FE_PHN1193_n_831  ( M3 )
Bounds : ( 33.507, 37.810 ) ( 33.557, 37.920 )


OFFGRID: ( Off Grid or Wrong Way ) Regular Wire of Net cts_opt_net_FE_PHN1170_n_814  ( M2 )
Bounds : ( 33.757, 38.110 ) ( 33.807, 38.160 )


OFFGRID: ( Off Grid or Wrong Way ) Regular Wire of Net n_776  ( M2 )
Bounds : ( 33.537, 39.125 ) ( 33.588, 39.175 )


OFFGRID: ( Off Grid or Wrong Way ) Regular Wire of Net cts_opt_net_FE_PHN1193_n_831  ( M2 )
Bounds : ( 33.478, 37.840 ) ( 33.528, 37.890 )


OFFGRID: ( Off Grid or Wrong Way ) Regular Wire of Net n_814  ( M2 )
Bounds : ( 33.118, 38.625 ) ( 33.167, 38.675 )


OFFGRID: ( Off Grid or Wrong Way ) Regular Wire of Net cts_opt_net_FE_PHN1170_n_814  ( M1 )
Bounds : ( 33.787, 38.080 ) ( 33.838, 38.805 )


MINSTEP: ( MinStep ) Regular Wire of Net n_814  ( M1 )
Bounds : ( 32.925, 38.675 ) ( 32.955, 38.705 )


SPACING: ( ParallelRunLength Spacing ) Regular Wire of Net cts_opt_net_FE_PHN1170_n_814 & Pin of Cell ENDCAP__41  ( M2 )
Bounds : ( 33.757, 38.065 ) ( 33.868, 38.110 )


SPACING: ( ParallelRunLength Spacing ) Regular Wire of Net n_892 & Regular Wire of Net cts_opt_net_FE_PHN1193_n_831  ( M3 )
Bounds : ( 33.485, 37.810 ) ( 33.507, 37.920 )


SPACING: ( ParallelRunLength Spacing ) Regular Wire of Net n_513 & Regular Wire of Net cts_opt_net_FE_PHN1170_n_814  ( M3 )
Bounds : ( 33.765, 38.080 ) ( 33.787, 38.190 )


SPACING: ( ParallelRunLength Spacing ) Regular Wire of Net n_776 & Pin of Cell cts_opt_inst_FE_PHC1165_n_776  ( M1 )
Bounds : ( 32.645, 39.065 ) ( 32.650, 39.095 )


EndOfLine: ( EndOfLine Spacing ) Regular Wire of Net n_776 & Pin of Cell cts_opt_inst_FE_PHC1165_n_776  ( M1 )
Bounds : ( 32.645, 39.065 ) ( 32.650, 39.095 )


MINSTEP: ( MinStep ) Regular Wire of Net n_776  ( M1 )
Bounds : ( 32.645, 39.095 ) ( 32.675, 39.125 )


OFFGRID: ( Off Grid or Wrong Way ) Regular Wire of Net n_536  ( M4 )
Bounds : ( 32.272, 39.125 ) ( 32.322, 39.175 )


OFFGRID: ( Off Grid or Wrong Way ) Regular Wire of Net cts_opt_net_FE_PHN1201_n_905  ( M1 )
Bounds : ( 33.787, 36.280 ) ( 33.838, 37.005 )


OFFGRID: ( Off Grid or Wrong Way ) Regular Wire of Net n_905  ( M2 )
Bounds : ( 33.118, 36.825 ) ( 33.167, 36.875 )


OFFGRID: ( Off Grid or Wrong Way ) Regular Wire of Net n_831  ( M2 )
Bounds : ( 33.397, 37.325 ) ( 33.447, 37.375 )


OFFGRID: ( Off Grid or Wrong Way ) Regular Wire of Net cts_opt_net_FE_PHN1201_n_905  ( M2 )
Bounds : ( 33.757, 36.310 ) ( 33.807, 36.360 )


OFFGRID: ( Off Grid or Wrong Way ) Regular Wire of Net cts_opt_net_FE_PHN1201_n_905  ( M3 )
Bounds : ( 33.787, 36.280 ) ( 33.838, 36.390 )


OFFGRID: ( Off Grid or Wrong Way ) Regular Wire of Net n_738  ( M4 )
Bounds : ( 32.272, 36.825 ) ( 32.322, 36.875 )


OFFGRID: ( Off Grid or Wrong Way ) Regular Wire of Net cts_opt_net_FE_PHN1201_n_905  ( M4 )
Bounds : ( 33.757, 36.310 ) ( 33.807, 36.360 )


MAR: ( Minimum Area ) Regular Wire of Net cts_opt_net_FE_PHN1201_n_905  ( M2 )
Bounds : ( 33.757, 36.310 ) ( 33.868, 36.360 )


MAR: ( Minimum Area ) Regular Wire of Net cts_opt_net_FE_PHN1201_n_905  ( M3 )
Bounds : ( 33.787, 36.280 ) ( 33.838, 36.390 )


MINSTEP: ( MinStep ) Regular Wire of Net n_831  ( M1 )
Bounds : ( 32.645, 37.295 ) ( 32.675, 37.325 )


MINSTEP: ( MinStep ) Regular Wire of Net n_831  ( M1 )
Bounds : ( 32.645, 37.375 ) ( 32.675, 37.405 )


MINSTEP: ( MinStep ) Regular Wire of Net n_905  ( M1 )
Bounds : ( 32.925, 36.795 ) ( 32.955, 36.825 )


MINSTEP: ( MinStep ) Regular Wire of Net n_905  ( M1 )
Bounds : ( 32.925, 36.875 ) ( 32.955, 36.905 )


MINSTEP: ( MinStep ) Regular Wire of Net cts_opt_net_FE_PHN1576_n_1047  ( M1 )
Bounds : ( 33.490, 36.105 ) ( 33.507, 36.120 )


MINSTEP: ( MinStep ) Regular Wire of Net cts_opt_net_FE_PHN1576_n_1047  ( M1 )
Bounds : ( 33.557, 36.105 ) ( 33.575, 36.120 )


MINSTEP: ( MinStep ) Regular Wire of Net cts_opt_net_FE_PHN1201_n_905  ( M1 )
Bounds : ( 33.770, 36.280 ) ( 33.787, 36.295 )


MINSTEP: ( MinStep ) Regular Wire of Net cts_opt_net_FE_PHN1201_n_905  ( M1 )
Bounds : ( 33.770, 36.375 ) ( 33.805, 36.390 )


MINSTEP: ( MinStep ) Regular Wire of Net cts_opt_net_FE_PHN1201_n_905  ( M1 )
Bounds : ( 33.838, 36.280 ) ( 33.855, 36.295 )


EndOfLine: ( EndOfLine Spacing ) Regular Wire of Net n_831 & Pin of Cell cts_opt_inst_FE_PHC1193_n_831  ( M1 )
Bounds : ( 32.645, 37.265 ) ( 32.650, 37.295 )


EndOfLine: ( EndOfLine Spacing ) Regular Wire of Net n_905 & Pin of Cell cts_opt_inst_FE_PHC1201_n_905  ( M1 )
Bounds : ( 32.925, 36.905 ) ( 32.930, 36.935 )


EndOfLine: ( EndOfLine Spacing ) Regular Wire of Net cts_opt_net_FE_PHN1576_n_1047 & Pin of Cell FILLTIE_2612  ( M1 )
Bounds : ( 33.507, 36.120 ) ( 33.557, 36.175 )


EndOfLine: ( EndOfLine Spacing ) Regular Wire of Net cts_opt_net_FE_PHN1201_n_905 & Pin of Cell FILLTIE_2612  ( M1 )
Bounds : ( 33.787, 36.225 ) ( 33.838, 36.280 )


SPACING: ( ParallelRunLength Spacing ) Regular Wire of Net n_831 & Pin of Cell cts_opt_inst_FE_PHC1193_n_831  ( M1 )
Bounds : ( 32.645, 37.265 ) ( 32.650, 37.295 )


SPACING: ( ParallelRunLength Spacing ) Regular Wire of Net n_905 & Pin of Cell cts_opt_inst_FE_PHC1201_n_905  ( M1 )
Bounds : ( 32.925, 36.905 ) ( 32.930, 36.935 )


SPACING: ( ParallelRunLength Spacing ) Regular Wire of Net cts_opt_net_FE_PHN1576_n_1047 & Pin of Cell ENDCAP__35  ( M2 )
Bounds : ( 33.478, 36.090 ) ( 33.588, 36.135 )


SPACING: ( ParallelRunLength Spacing ) Regular Wire of Net cts_opt_net_FE_PHN1201_n_905 & Pin of Cell ENDCAP__35  ( M2 )
Bounds : ( 33.757, 36.265 ) ( 33.868, 36.310 )


OFFGRID: ( Off Grid or Wrong Way ) Regular Wire of Net cts_opt_net_FE_PHN1193_n_831  ( M1 )
Bounds : ( 33.507, 37.195 ) ( 33.557, 37.920 )


OFFGRID: ( Off Grid or Wrong Way ) Regular Wire of Net cts_opt_net_FE_PHN1165_n_776  ( M1 )
Bounds : ( 33.507, 38.995 ) ( 33.557, 39.720 )


MINSTEP: ( MinStep ) Regular Wire of Net n_776  ( M1 )
Bounds : ( 32.645, 39.175 ) ( 32.675, 39.205 )


SPACING: ( ParallelRunLength Spacing ) Regular Wire of Net n_1103 & Blockage of Cell g43849  ( M1 )
Bounds : ( 27.595, 39.990 ) ( 27.630, 40.025 )


EndOfLine: ( EndOfLine Spacing ) Regular Wire of Net n_1158 & Pin of Cell g43794  ( M1 )
Bounds : ( 27.770, 39.720 ) ( 27.820, 39.775 )


EndOfLine: ( EndOfLine Spacing ) Regular Wire of Net n_1103 & Pin of Cell g43794  ( M1 )
Bounds : ( 27.630, 39.825 ) ( 27.680, 39.880 )


SHORT: ( Metal Short ) Regular Wire of Net cts_opt_net_FE_PHN326_TRI_K_buffer_2_7_7 & Regular Wire of Net place_opt_net_FE_OFN110_AR_3__AC_7__ACC_add_31_50_n_0  ( M3 )
Bounds : ( 27.415, 39.295 ) ( 27.445, 39.405 )


SHORT: ( Metal Short ) Regular Wire of Net place_opt_net_FE_OFN110_AR_3__AC_7__ACC_add_31_50_n_0 & Regular Wire of Net cts_opt_net_FE_PHN326_TRI_K_buffer_2_7_7  ( M2 )
Bounds : ( 27.385, 39.325 ) ( 27.475, 39.375 )


MINSTEP: ( MinStep ) Regular Wire of Net n_1158  ( M2 )
Bounds : ( 27.850, 39.675 ) ( 27.875, 39.690 )


MINSTEP: ( MinStep ) Regular Wire of Net n_1158  ( M2 )
Bounds : ( 27.740, 39.625 ) ( 27.765, 39.640 )


MINSTEP: ( MinStep ) Regular Wire of Net n_1103  ( M2 )
Bounds : ( 27.680, 39.960 ) ( 27.710, 39.975 )


MINSTEP: ( MinStep ) Regular Wire of Net n_1158  ( M1 )
Bounds : ( 27.820, 39.705 ) ( 27.835, 39.720 )


MINSTEP: ( MinStep ) Regular Wire of Net n_1158  ( M1 )
Bounds : ( 27.750, 39.705 ) ( 27.770, 39.720 )


MINSTEP: ( MinStep ) Regular Wire of Net n_1158  ( M1 )
Bounds : ( 27.750, 39.610 ) ( 27.785, 39.625 )


MINSTEP: ( MinStep ) Regular Wire of Net n_1103  ( M1 )
Bounds : ( 27.680, 39.880 ) ( 27.695, 39.895 )


MINSTEP: ( MinStep ) Regular Wire of Net n_1103  ( M1 )
Bounds : ( 27.610, 39.880 ) ( 27.630, 39.895 )


SHORT: ( Cut Short ) Regular Wire of Net place_opt_net_FE_OFN110_AR_3__AC_7__ACC_add_31_50_n_0 & Regular Wire of Net cts_opt_net_FE_PHN326_TRI_K_buffer_2_7_7  ( VIA2 )
Bounds : ( 27.415, 39.325 ) ( 27.445, 39.375 )


MAR: ( Minimum Area ) Regular Wire of Net cts_opt_net_FE_PHN326_TRI_K_buffer_2_7_7  ( M3 )
Bounds : ( 27.415, 39.295 ) ( 27.465, 39.405 )


MAR: ( Minimum Area ) Regular Wire of Net n_1158  ( M2 )
Bounds : ( 27.740, 39.640 ) ( 27.875, 39.675 )


MAR: ( Minimum Area ) Regular Wire of Net cts_opt_net_FE_PHN326_TRI_K_buffer_2_7_7  ( M2 )
Bounds : ( 27.385, 39.325 ) ( 27.495, 39.375 )


SPACING: ( ParallelRunLength Spacing ) Regular Wire of Net n_1158 & Blockage of Cell g43794  ( M1 )
Bounds : ( 27.735, 39.575 ) ( 27.770, 39.610 )


SPACING: ( ParallelRunLength Spacing ) Regular Wire of Net n_1103 & Pin of Cell ENDCAP__45  ( M2 )
Bounds : ( 27.600, 39.865 ) ( 27.710, 39.910 )


SPACING: ( ParallelRunLength Spacing ) Regular Wire of Net n_1158 & Special Wire of Net VDD  ( M2 )
Bounds : ( 27.740, 39.690 ) ( 27.850, 39.735 )


EndOfLine: ( EndOfLine Spacing ) Regular Wire of Net cts_opt_net_FE_PHN1205_n_536 & Pin of Cell cts_opt_inst_FE_PHC1205_n_536  ( M1 )
Bounds : ( 26.788, 39.720 ) ( 26.837, 39.775 )


EndOfLine: ( EndOfLine Spacing ) Regular Wire of Net cts_opt_net_FE_PHN1186_n_587 & Pin of Cell cts_opt_inst_FE_PHC1205_n_536  ( M1 )
Bounds : ( 26.647, 39.825 ) ( 26.698, 39.880 )


SHORT: ( Metal Short ) Regular Wire of Net n_1103 & Regular Wire of Net cts_opt_net_FE_PHN1186_n_587  ( M2 )
Bounds : ( 26.618, 39.925 ) ( 26.728, 39.960 )


MINSTEP: ( MinStep ) Regular Wire of Net cts_opt_net_FE_PHN1205_n_536  ( M1 )
Bounds : ( 26.837, 39.705 ) ( 26.855, 39.720 )


MINSTEP: ( MinStep ) Regular Wire of Net cts_opt_net_FE_PHN1205_n_536  ( M1 )
Bounds : ( 26.770, 39.705 ) ( 26.788, 39.720 )


MINSTEP: ( MinStep ) Regular Wire of Net cts_opt_net_FE_PHN1205_n_536  ( M1 )
Bounds : ( 26.770, 39.610 ) ( 26.805, 39.625 )


MINSTEP: ( MinStep ) Regular Wire of Net cts_opt_net_FE_PHN1186_n_587  ( M1 )
Bounds : ( 26.698, 39.880 ) ( 26.715, 39.895 )


MINSTEP: ( MinStep ) Regular Wire of Net cts_opt_net_FE_PHN1186_n_587  ( M1 )
Bounds : ( 26.630, 39.880 ) ( 26.647, 39.895 )


MAR: ( Minimum Area ) Regular Wire of Net sk_data[0][7]  ( M2 )
Bounds : ( 27.065, 39.325 ) ( 27.215, 39.375 )


MAR: ( Minimum Area ) Regular Wire of Net cts_opt_net_FE_PHN1205_n_536  ( M2 )
Bounds : ( 26.757, 39.640 ) ( 26.868, 39.690 )


MAR: ( Minimum Area ) Regular Wire of Net cts_opt_net_FE_PHN1186_n_587  ( M2 )
Bounds : ( 26.618, 39.910 ) ( 26.728, 39.960 )


OFFGRID: ( Off Grid or Wrong Way ) Regular Wire of Net cts_opt_net_FE_PHN1205_n_536  ( M2 )
Bounds : ( 26.757, 39.640 ) ( 26.808, 39.690 )


OFFGRID: ( Off Grid or Wrong Way ) Regular Wire of Net n_1103  ( M2 )
Bounds : ( 26.618, 39.910 ) ( 26.667, 39.960 )


EndOfLine: ( EndOfLine Spacing ) Regular Wire of Net sk_data[0][7] & Regular Wire of Net place_opt_net_FE_OFN110_AR_3__AC_7__ACC_add_31_50_n_0  ( M2 )
Bounds : ( 27.215, 39.325 ) ( 27.245, 39.375 )


SPACING: ( ParallelRunLength Spacing ) Regular Wire of Net n_1103 & Pin of Cell ENDCAP__45  ( M2 )
Bounds : ( 26.618, 39.865 ) ( 26.728, 39.910 )


SPACING: ( ParallelRunLength Spacing ) Regular Wire of Net cts_opt_net_FE_PHN1205_n_536 & Pin of Cell ENDCAP__45  ( M2 )
Bounds : ( 26.757, 39.690 ) ( 26.868, 39.735 )


SPACING: ( ParallelRunLength Spacing ) Regular Wire of Net sk_data[0][7] & Regular Wire of Net place_opt_net_FE_OFN110_AR_3__AC_7__ACC_add_31_50_n_0  ( M2 )
Bounds : ( 27.215, 39.325 ) ( 27.245, 39.375 )


MAR: ( Minimum Area ) Regular Wire of Net place_opt_net_FE_OFN110_AR_3__AC_7__ACC_add_31_50_n_0  ( M2 )
Bounds : ( 27.245, 39.325 ) ( 27.475, 39.375 )


OFFGRID: ( Off Grid or Wrong Way ) Regular Wire of Net cts_opt_net_FE_PHN1186_n_587  ( M1 )
Bounds : ( 26.647, 39.880 ) ( 26.698, 40.605 )


MINSTEP: ( MinStep ) Regular Wire of Net cts_opt_net_FE_PHN1186_n_587  ( M1 )
Bounds : ( 26.630, 39.975 ) ( 26.665, 39.990 )


MINSTEP: ( MinStep ) Regular Wire of Net n_1103  ( M1 )
Bounds : ( 27.610, 39.975 ) ( 27.645, 39.990 )


OFFGRID: ( Off Grid or Wrong Way ) Regular Wire of Net cts_opt_net_FE_PHN1288_n_754  ( M2 )
Bounds : ( 25.497, 39.640 ) ( 25.548, 39.690 )


OFFGRID: ( Off Grid or Wrong Way ) Regular Wire of Net cts_opt_net_FE_PHN1288_n_754  ( M3 )
Bounds : ( 25.528, 39.610 ) ( 25.577, 39.720 )


OFFGRID: ( Off Grid or Wrong Way ) Regular Wire of Net cts_opt_net_FE_PHN1288_n_754  ( M4 )
Bounds : ( 25.497, 39.640 ) ( 25.548, 39.690 )


MAR: ( Minimum Area ) Regular Wire of Net cts_opt_net_FE_PHN1288_n_754  ( M2 )
Bounds : ( 25.497, 39.640 ) ( 25.608, 39.690 )


MAR: ( Minimum Area ) Regular Wire of Net cts_opt_net_FE_PHN1288_n_754  ( M3 )
Bounds : ( 25.528, 39.610 ) ( 25.577, 39.720 )


MINSTEP: ( MinStep ) Regular Wire of Net cts_opt_net_FE_PHN1288_n_754  ( M1 )
Bounds : ( 25.510, 39.610 ) ( 25.545, 39.625 )


MINSTEP: ( MinStep ) Regular Wire of Net cts_opt_net_FE_PHN1288_n_754  ( M1 )
Bounds : ( 25.510, 39.705 ) ( 25.528, 39.720 )


MINSTEP: ( MinStep ) Regular Wire of Net cts_opt_net_FE_PHN1288_n_754  ( M1 )
Bounds : ( 25.577, 39.705 ) ( 25.595, 39.720 )


EndOfLine: ( EndOfLine Spacing ) Regular Wire of Net cts_opt_net_FE_PHN1288_n_754 & Pin of Cell cts_opt_inst_FE_PHC1205_n_536  ( M1 )
Bounds : ( 25.528, 39.720 ) ( 25.577, 39.775 )


SPACING: ( ParallelRunLength Spacing ) Regular Wire of Net cts_opt_net_FE_PHN1288_n_754 & Pin of Cell ENDCAP__45  ( M2 )
Bounds : ( 25.497, 39.690 ) ( 25.608, 39.735 )


MAR: ( Minimum Area ) Regular Wire of Net n_830  ( M2 )
Bounds : ( 26.825, 38.625 ) ( 26.935, 38.675 )


MAR: ( Minimum Area ) Regular Wire of Net place_opt_net_FE_OFN12_AR_3__AC_7__ACC_add_31_50_n_0  ( M2 )
Bounds : ( 26.865, 39.125 ) ( 27.075, 39.175 )


MAR: ( Minimum Area ) Regular Wire of Net n_830  ( M3 )
Bounds : ( 26.855, 38.595 ) ( 26.905, 38.705 )


MINSTEP: ( MinStep ) Regular Wire of Net n_830  ( M1 )
Bounds : ( 26.905, 38.595 ) ( 26.935, 38.625 )


MINSTEP: ( MinStep ) Regular Wire of Net n_830  ( M1 )
Bounds : ( 26.905, 38.675 ) ( 26.935, 38.705 )


EndOfLine: ( EndOfLine Spacing ) Regular Wire of Net n_830 & Pin of Cell cts_opt_inst_FE_PHC1337_n_830  ( M1 )
Bounds : ( 26.905, 38.705 ) ( 26.910, 38.735 )


EndOfLine: ( EndOfLine Spacing ) Regular Wire of Net place_opt_net_FE_OFN12_AR_3__AC_7__ACC_add_31_50_n_0 & Pin of Cell g43794  ( M1 )
Bounds : ( 26.990, 39.070 ) ( 26.995, 39.095 )


SPACING: ( ParallelRunLength Spacing ) Regular Wire of Net n_830 & Pin of Cell cts_opt_inst_FE_PHC1411_n_534  ( M1 )
Bounds : ( 26.905, 38.705 ) ( 26.910, 38.735 )


SPACING: ( ParallelRunLength Spacing ) Regular Wire of Net place_opt_net_FE_OFN12_AR_3__AC_7__ACC_add_31_50_n_0 & Pin of Cell cts_opt_inst_FE_PHC1411_n_534  ( M1 )
Bounds : ( 26.990, 39.070 ) ( 26.995, 39.095 )


OFFGRID: ( Off Grid or Wrong Way ) Regular Wire of Net cts_opt_net_FE_PHN1337_n_830  ( M2 )
Bounds : ( 27.737, 38.110 ) ( 27.788, 38.160 )


OFFGRID: ( Off Grid or Wrong Way ) Regular Wire of Net cts_opt_net_FE_PHN1337_n_830  ( M3 )
Bounds : ( 27.767, 38.080 ) ( 27.817, 38.190 )


OFFGRID: ( Off Grid or Wrong Way ) Regular Wire of Net cts_opt_net_FE_PHN1337_n_830  ( M4 )
Bounds : ( 27.737, 38.110 ) ( 27.788, 38.160 )


MAR: ( Minimum Area ) Regular Wire of Net cts_opt_net_FE_PHN1337_n_830  ( M2 )
Bounds : ( 27.737, 38.110 ) ( 27.847, 38.160 )


MAR: ( Minimum Area ) Regular Wire of Net cts_opt_net_FE_PHN1337_n_830  ( M3 )
Bounds : ( 27.767, 38.080 ) ( 27.817, 38.190 )


MINSTEP: ( MinStep ) Regular Wire of Net cts_opt_net_FE_PHN1337_n_830  ( M1 )
Bounds : ( 27.750, 38.080 ) ( 27.767, 38.095 )


MINSTEP: ( MinStep ) Regular Wire of Net cts_opt_net_FE_PHN1337_n_830  ( M1 )
Bounds : ( 27.750, 38.175 ) ( 27.785, 38.190 )


MINSTEP: ( MinStep ) Regular Wire of Net cts_opt_net_FE_PHN1337_n_830  ( M1 )
Bounds : ( 27.817, 38.080 ) ( 27.835, 38.095 )


EndOfLine: ( EndOfLine Spacing ) Regular Wire of Net cts_opt_net_FE_PHN1337_n_830 & Pin of Cell cts_opt_inst_FE_PHC1337_n_830  ( M1 )
Bounds : ( 27.767, 38.025 ) ( 27.817, 38.080 )


SPACING: ( ParallelRunLength Spacing ) Regular Wire of Net cts_opt_net_FE_PHN1337_n_830 & Special Wire of Net VDD  ( M2 )
Bounds : ( 27.737, 38.065 ) ( 27.847, 38.110 )


OFFGRID: ( Off Grid or Wrong Way ) Regular Wire of Net cts_opt_net_FE_PHN1337_n_830  ( M1 )
Bounds : ( 27.767, 38.080 ) ( 27.817, 38.805 )


OFFGRID: ( Off Grid or Wrong Way ) Regular Wire of Net cts_opt_net_FE_PHN1543_n_874  ( M1 )
Bounds : ( 26.368, 38.080 ) ( 26.417, 38.805 )


OFFGRID: ( Off Grid or Wrong Way ) Regular Wire of Net cts_opt_net_FE_PHN1543_n_874  ( M2 )
Bounds : ( 26.337, 38.110 ) ( 26.388, 38.160 )


OFFGRID: ( Off Grid or Wrong Way ) Regular Wire of Net n_874  ( M2 )
Bounds : ( 26.392, 38.625 ) ( 26.442, 38.675 )


MAR: ( Minimum Area ) Regular Wire of Net n_536  ( M2 )
Bounds : ( 25.845, 39.125 ) ( 25.955, 39.175 )


MAR: ( Minimum Area ) Regular Wire of Net cts_opt_net_FE_PHN1543_n_874  ( M2 )
Bounds : ( 26.337, 38.110 ) ( 26.448, 38.160 )


MINSTEP: ( MinStep ) Regular Wire of Net n_874  ( M1 )
Bounds : ( 25.505, 38.595 ) ( 25.535, 38.625 )


MINSTEP: ( MinStep ) Regular Wire of Net n_874  ( M1 )
Bounds : ( 25.505, 38.675 ) ( 25.535, 38.705 )


MINSTEP: ( MinStep ) Regular Wire of Net n_536  ( M1 )
Bounds : ( 25.925, 39.095 ) ( 25.955, 39.125 )


MINSTEP: ( MinStep ) Regular Wire of Net cts_opt_net_FE_PHN1543_n_874  ( M1 )
Bounds : ( 26.350, 38.080 ) ( 26.368, 38.095 )


MINSTEP: ( MinStep ) Regular Wire of Net cts_opt_net_FE_PHN1543_n_874  ( M1 )
Bounds : ( 26.350, 38.175 ) ( 26.385, 38.190 )


MINSTEP: ( MinStep ) Regular Wire of Net cts_opt_net_FE_PHN1543_n_874  ( M1 )
Bounds : ( 26.417, 38.080 ) ( 26.435, 38.095 )


EndOfLine: ( EndOfLine Spacing ) Regular Wire of Net n_874 & Pin of Cell cts_opt_inst_FE_PHC1543_n_874  ( M1 )
Bounds : ( 25.505, 38.705 ) ( 25.510, 38.735 )


EndOfLine: ( EndOfLine Spacing ) Regular Wire of Net n_536 & Pin of Cell cts_opt_inst_FE_PHC1205_n_536  ( M1 )
Bounds : ( 25.925, 39.065 ) ( 25.930, 39.095 )


EndOfLine: ( EndOfLine Spacing ) Regular Wire of Net cts_opt_net_FE_PHN1543_n_874 & Pin of Cell cts_opt_inst_FE_PHC1447_n_796  ( M1 )
Bounds : ( 26.368, 38.025 ) ( 26.417, 38.080 )


SPACING: ( ParallelRunLength Spacing ) Regular Wire of Net n_874 & Pin of Cell cts_opt_inst_FE_PHC1543_n_874  ( M1 )
Bounds : ( 25.505, 38.705 ) ( 25.510, 38.735 )


SPACING: ( ParallelRunLength Spacing ) Regular Wire of Net n_536 & Pin of Cell cts_opt_inst_FE_PHC1205_n_536  ( M1 )
Bounds : ( 25.925, 39.065 ) ( 25.930, 39.095 )


SPACING: ( ParallelRunLength Spacing ) Regular Wire of Net cts_opt_net_FE_PHN1543_n_874 & Pin of Cell ENDCAP__41  ( M2 )
Bounds : ( 26.337, 38.065 ) ( 26.448, 38.110 )


OFFGRID: ( Off Grid or Wrong Way ) Regular Wire of Net cts_opt_net_FE_PHN1527_n_903  ( M2 )
Bounds : ( 25.417, 36.825 ) ( 25.468, 36.875 )


MAR: ( Minimum Area ) Regular Wire of Net n_796  ( M2 )
Bounds : ( 25.285, 37.325 ) ( 25.395, 37.375 )


MAR: ( Minimum Area ) Regular Wire of Net n_921  ( M2 )
Bounds : ( 25.985, 36.825 ) ( 26.095, 36.875 )


MAR: ( Minimum Area ) Regular Wire of Net cts_opt_net_FE_PHN1447_n_796  ( M2 )
Bounds : ( 26.265, 37.325 ) ( 26.375, 37.375 )


MAR: ( Minimum Area ) Regular Wire of Net cts_opt_net_FE_PHN1467_n_921  ( M2 )
Bounds : ( 26.965, 36.825 ) ( 27.075, 36.875 )


MINSTEP: ( MinStep ) Regular Wire of Net cts_opt_net_FE_PHN1527_n_903  ( M1 )
Bounds : ( 25.295, 36.875 ) ( 25.315, 36.905 )


MINSTEP: ( MinStep ) Regular Wire of Net n_796  ( M1 )
Bounds : ( 25.365, 37.295 ) ( 25.395, 37.325 )


MINSTEP: ( MinStep ) Regular Wire of Net n_796  ( M1 )
Bounds : ( 25.365, 37.375 ) ( 25.395, 37.405 )


MINSTEP: ( MinStep ) Regular Wire of Net n_921  ( M1 )
Bounds : ( 26.065, 36.795 ) ( 26.095, 36.825 )


MINSTEP: ( MinStep ) Regular Wire of Net n_921  ( M1 )
Bounds : ( 26.065, 36.875 ) ( 26.095, 36.905 )


MINSTEP: ( MinStep ) Regular Wire of Net cts_opt_net_FE_PHN1447_n_796  ( M1 )
Bounds : ( 26.275, 37.295 ) ( 26.295, 37.325 )


MINSTEP: ( MinStep ) Regular Wire of Net cts_opt_net_FE_PHN1467_n_921  ( M1 )
Bounds : ( 26.975, 36.875 ) ( 26.995, 36.905 )


SHORT: ( Metal Short ) Regular Wire of Net n_903 & Regular Wire of Net cts_opt_net_FE_PHN1527_n_903  ( M2 )
Bounds : ( 25.285, 36.825 ) ( 25.468, 36.875 )


SHORT: ( Metal Short ) Regular Wire of Net n_796 & Regular Wire of Net cts_opt_net_FE_PHN1478_n_506  ( M2 )
Bounds : ( 25.285, 37.325 ) ( 25.395, 37.375 )


EndOfLine: ( EndOfLine Spacing ) Regular Wire of Net cts_opt_net_FE_PHN1527_n_903 & Pin of Cell cts_opt_inst_FE_PHC1527_n_903  ( M1 )
Bounds : ( 25.365, 36.905 ) ( 25.375, 36.940 )


EndOfLine: ( EndOfLine Spacing ) Regular Wire of Net n_796 & Pin of Cell cts_opt_inst_FE_PHC1447_n_796  ( M1 )
Bounds : ( 25.365, 37.265 ) ( 25.370, 37.295 )


EndOfLine: ( EndOfLine Spacing ) Regular Wire of Net n_921 & Pin of Cell cts_opt_inst_FE_PHC1467_n_921  ( M1 )
Bounds : ( 26.065, 36.905 ) ( 26.070, 36.935 )


EndOfLine: ( EndOfLine Spacing ) Regular Wire of Net cts_opt_net_FE_PHN1447_n_796 & Pin of Cell cts_opt_inst_FE_PHC1447_n_796  ( M1 )
Bounds : ( 26.345, 37.260 ) ( 26.355, 37.295 )


EndOfLine: ( EndOfLine Spacing ) Regular Wire of Net cts_opt_net_FE_PHN1467_n_921 & Pin of Cell cts_opt_inst_FE_PHC1467_n_921  ( M1 )
Bounds : ( 27.045, 36.905 ) ( 27.055, 36.940 )


SPACING: ( ParallelRunLength Spacing ) Regular Wire of Net cts_opt_net_FE_PHN1527_n_903 & Pin of Cell cts_opt_inst_FE_PHC1527_n_903  ( M1 )
Bounds : ( 25.295, 36.875 ) ( 25.315, 36.905 )


SPACING: ( ParallelRunLength Spacing ) Regular Wire of Net cts_opt_net_FE_PHN1527_n_903 & Pin of Cell ENDCAP__37  ( M1 )
Bounds : ( 25.365, 36.905 ) ( 25.375, 36.940 )


SPACING: ( ParallelRunLength Spacing ) Regular Wire of Net n_796 & Pin of Cell ENDCAP__37  ( M1 )
Bounds : ( 25.365, 37.265 ) ( 25.375, 37.295 )


SPACING: ( ParallelRunLength Spacing ) Regular Wire of Net n_921 & Pin of Cell ENDCAP__37  ( M1 )
Bounds : ( 26.065, 36.905 ) ( 26.075, 36.935 )


SPACING: ( ParallelRunLength Spacing ) Regular Wire of Net cts_opt_net_FE_PHN1447_n_796 & Pin of Cell cts_opt_inst_FE_PHC1447_n_796  ( M1 )
Bounds : ( 26.275, 37.295 ) ( 26.295, 37.325 )


SPACING: ( ParallelRunLength Spacing ) Regular Wire of Net cts_opt_net_FE_PHN1447_n_796 & Pin of Cell cts_opt_inst_FE_PHC1447_n_796  ( M1 )
Bounds : ( 26.345, 37.260 ) ( 26.355, 37.295 )


SPACING: ( ParallelRunLength Spacing ) Regular Wire of Net cts_opt_net_FE_PHN1467_n_921 & Pin of Cell cts_opt_inst_FE_PHC1467_n_921  ( M1 )
Bounds : ( 26.975, 36.875 ) ( 26.995, 36.905 )


SPACING: ( ParallelRunLength Spacing ) Regular Wire of Net cts_opt_net_FE_PHN1467_n_921 & Pin of Cell cts_opt_inst_FE_PHC1467_n_921  ( M1 )
Bounds : ( 27.045, 36.905 ) ( 27.055, 36.940 )


OFFGRID: ( Off Grid or Wrong Way ) Regular Wire of Net cts_opt_net_FE_PHN1288_n_754  ( M1 )
Bounds : ( 25.528, 38.995 ) ( 25.577, 39.720 )


OFFGRID: ( Off Grid or Wrong Way ) Regular Wire of Net cts_opt_net_FE_PHN1205_n_536  ( M1 )
Bounds : ( 26.788, 38.995 ) ( 26.837, 39.720 )


MAR: ( Minimum Area ) Regular Wire of Net n_536  ( M3 )
Bounds : ( 25.875, 39.095 ) ( 25.925, 39.205 )


MINSTEP: ( MinStep ) Regular Wire of Net n_536  ( M1 )
Bounds : ( 25.925, 39.175 ) ( 25.955, 39.205 )


SHORT: ( Metal Short ) Special Wire of Net VDD & Routing Blockage  ( M2 )
Bounds : ( 28.020, 36.135 ) ( 32.020, 36.265 )


SHORT: ( Metal Short ) Special Wire of Net GND & Routing Blockage  ( M2 )
Bounds : ( 28.020, 37.035 ) ( 32.020, 37.165 )


SHORT: ( Metal Short ) Special Wire of Net VDD & Routing Blockage  ( M2 )
Bounds : ( 28.020, 37.935 ) ( 32.020, 38.065 )


SHORT: ( Metal Short ) Special Wire of Net GND & Routing Blockage  ( M2 )
Bounds : ( 28.020, 38.835 ) ( 32.020, 38.965 )


SHORT: ( Metal Short ) Special Wire of Net VDD & Routing Blockage  ( M2 )
Bounds : ( 28.020, 39.735 ) ( 32.020, 39.865 )


SHORT: ( Metal Short ) Regular Wire of Net n_754 & Regular Wire of Net n_536  ( M4 )
Bounds : ( 25.845, 39.125 ) ( 32.322, 39.175 )


EndOfLine: ( EndOfLine Spacing ) Regular Wire of Net n_892 & Pin of Cell cts_opt_inst_FE_PHC1475_n_892  ( M1 )
Bounds : ( 32.505, 35.105 ) ( 32.510, 35.135 )


MINSTEP: ( MinStep ) Regular Wire of Net n_892  ( M1 )
Bounds : ( 32.505, 35.075 ) ( 32.535, 35.105 )


MINSTEP: ( MinStep ) Regular Wire of Net n_892  ( M1 )
Bounds : ( 32.505, 34.995 ) ( 32.535, 35.025 )


SHORT: ( Cut Short ) Regular Wire of Net cts_opt_net_FE_PHN1475_n_892 & Regular Wire of Net n_901  ( VIA3 )
Bounds : ( 33.435, 35.025 ) ( 33.485, 35.075 )


SHORT: ( Cut Short ) Regular Wire of Net cts_opt_net_FE_PHN1475_n_892 & Regular Wire of Net n_892  ( VIA2 )
Bounds : ( 33.435, 35.025 ) ( 33.485, 35.075 )


MAR: ( Minimum Area ) Regular Wire of Net cts_opt_net_FE_PHN1475_n_892  ( M3 )
Bounds : ( 33.435, 34.995 ) ( 33.485, 35.105 )


MAR: ( Minimum Area ) Regular Wire of Net n_1047  ( M3 )
Bounds : ( 32.595, 35.495 ) ( 32.645, 35.605 )


MAR: ( Minimum Area ) Regular Wire of Net cts_opt_net_FE_PHN1475_n_892  ( M2 )
Bounds : ( 33.405, 35.025 ) ( 33.515, 35.075 )


MAR: ( Minimum Area ) Regular Wire of Net n_1047  ( M2 )
Bounds : ( 32.565, 35.525 ) ( 32.675, 35.575 )


OFFGRID: ( Off Grid or Wrong Way ) Regular Wire of Net cts_opt_net_FE_PHN1509_n_901  ( M4 )
Bounds : ( 32.272, 35.025 ) ( 32.322, 35.075 )


MINSTEP: ( MinStep ) Regular Wire of Net n_1047  ( M1 )
Bounds : ( 32.645, 35.495 ) ( 32.675, 35.525 )


MINSTEP: ( MinStep ) Regular Wire of Net n_1047  ( M1 )
Bounds : ( 32.645, 35.575 ) ( 32.675, 35.605 )


MINSTEP: ( MinStep ) Regular Wire of Net cts_opt_net_FE_PHN1475_n_892  ( M1 )
Bounds : ( 33.415, 35.075 ) ( 33.435, 35.105 )


MINSTEP: ( MinStep ) Regular Wire of Net cts_opt_net_FE_PHN1576_n_1047  ( M1 )
Bounds : ( 33.490, 36.010 ) ( 33.525, 36.025 )


SHORT: ( Metal Short ) Regular Wire of Net cts_opt_net_FE_PHN1475_n_892 & Regular Wire of Net n_892  ( M2 )
Bounds : ( 33.405, 35.025 ) ( 33.515, 35.075 )


EndOfLine: ( EndOfLine Spacing ) Regular Wire of Net n_1047 & Pin of Cell cts_opt_inst_FE_PHC1576_n_1047  ( M1 )
Bounds : ( 32.645, 35.465 ) ( 32.650, 35.495 )


EndOfLine: ( EndOfLine Spacing ) Regular Wire of Net cts_opt_net_FE_PHN1475_n_892 & Pin of Cell cts_opt_inst_FE_PHC1475_n_892  ( M1 )
Bounds : ( 33.485, 35.105 ) ( 33.495, 35.140 )


SPACING: ( ParallelRunLength Spacing ) Regular Wire of Net n_892 & Pin of Cell cts_opt_inst_FE_PHC1475_n_892  ( M1 )
Bounds : ( 32.505, 35.105 ) ( 32.510, 35.135 )


SPACING: ( ParallelRunLength Spacing ) Regular Wire of Net n_1047 & Pin of Cell cts_opt_inst_FE_PHC1576_n_1047  ( M1 )
Bounds : ( 32.645, 35.465 ) ( 32.650, 35.495 )


SPACING: ( ParallelRunLength Spacing ) Regular Wire of Net cts_opt_net_FE_PHN1475_n_892 & Pin of Cell cts_opt_inst_FE_PHC1475_n_892  ( M1 )
Bounds : ( 33.415, 35.075 ) ( 33.435, 35.105 )


SPACING: ( ParallelRunLength Spacing ) Regular Wire of Net cts_opt_net_FE_PHN1475_n_892 & Pin of Cell cts_opt_inst_FE_PHC1475_n_892  ( M1 )
Bounds : ( 33.485, 35.105 ) ( 33.495, 35.140 )


MINSTEP: ( MinStep ) Regular Wire of Net n_1206  ( M1 )
Bounds : ( 32.505, 33.775 ) ( 32.535, 33.805 )


MINSTEP: ( MinStep ) Regular Wire of Net n_1206  ( M1 )
Bounds : ( 32.505, 33.695 ) ( 32.535, 33.725 )


MAR: ( Minimum Area ) Regular Wire of Net cts_opt_net_FE_PHN1620_n_1206  ( M3 )
Bounds : ( 33.368, 34.210 ) ( 33.417, 34.320 )


MAR: ( Minimum Area ) Regular Wire of Net cts_opt_net_FE_PHN1620_n_1206  ( M2 )
Bounds : ( 33.338, 34.240 ) ( 33.447, 34.290 )


MAR: ( Minimum Area ) Regular Wire of Net n_1206  ( M2 )
Bounds : ( 32.425, 33.725 ) ( 32.535, 33.775 )


OFFGRID: ( Off Grid or Wrong Way ) Regular Wire of Net cts_opt_net_FE_PHN1620_n_1206  ( M4 )
Bounds : ( 33.338, 34.240 ) ( 33.388, 34.290 )


OFFGRID: ( Off Grid or Wrong Way ) Regular Wire of Net n_764  ( M2 )
Bounds : ( 33.397, 33.225 ) ( 33.447, 33.275 )


OFFGRID: ( Off Grid or Wrong Way ) Regular Wire of Net cts_opt_net_FE_PHN1620_n_1206  ( M2 )
Bounds : ( 33.338, 34.240 ) ( 33.388, 34.290 )


OFFGRID: ( Off Grid or Wrong Way ) Regular Wire of Net cts_opt_net_FE_PHN1620_n_1206  ( M1 )
Bounds : ( 33.368, 33.595 ) ( 33.417, 34.320 )


MINSTEP: ( MinStep ) Regular Wire of Net n_764  ( M1 )
Bounds : ( 32.925, 33.195 ) ( 32.955, 33.225 )


MINSTEP: ( MinStep ) Regular Wire of Net n_764  ( M1 )
Bounds : ( 32.925, 33.275 ) ( 32.955, 33.305 )


MINSTEP: ( MinStep ) Regular Wire of Net cts_opt_net_FE_PHN1620_n_1206  ( M1 )
Bounds : ( 33.350, 34.210 ) ( 33.385, 34.225 )


MINSTEP: ( MinStep ) Regular Wire of Net cts_opt_net_FE_PHN1620_n_1206  ( M1 )
Bounds : ( 33.350, 34.305 ) ( 33.368, 34.320 )


MINSTEP: ( MinStep ) Regular Wire of Net cts_opt_net_FE_PHN1620_n_1206  ( M1 )
Bounds : ( 33.417, 34.305 ) ( 33.435, 34.320 )


SHORT: ( Metal Short ) Regular Wire of Net n_764 & Regular Wire of Net cts_opt_net_FE_PHN1620_n_1206  ( M3 )
Bounds : ( 33.368, 34.210 ) ( 33.417, 34.320 )


EndOfLine: ( EndOfLine Spacing ) Regular Wire of Net n_1206 & Pin of Cell cts_opt_inst_FE_PHC1620_n_1206  ( M1 )
Bounds : ( 32.505, 33.665 ) ( 32.510, 33.695 )


EndOfLine: ( EndOfLine Spacing ) Regular Wire of Net n_764 & Pin of Cell cts_opt_inst_FE_PHC1631_n_764  ( M1 )
Bounds : ( 32.925, 33.305 ) ( 32.930, 33.335 )


EndOfLine: ( EndOfLine Spacing ) Regular Wire of Net cts_opt_net_FE_PHN1620_n_1206 & Pin of Cell cts_opt_inst_FE_PHC1620_n_1206  ( M1 )
Bounds : ( 33.368, 34.320 ) ( 33.417, 34.375 )


SPACING: ( ParallelRunLength Spacing ) Regular Wire of Net n_1206 & Pin of Cell cts_opt_inst_FE_PHC1620_n_1206  ( M1 )
Bounds : ( 32.505, 33.665 ) ( 32.510, 33.695 )


SPACING: ( ParallelRunLength Spacing ) Regular Wire of Net n_764 & Pin of Cell cts_opt_inst_FE_PHC1631_n_764  ( M1 )
Bounds : ( 32.925, 33.305 ) ( 32.930, 33.335 )


SPACING: ( ParallelRunLength Spacing ) Regular Wire of Net cts_opt_net_FE_PHN1620_n_1206 & Pin of Cell ENDCAP__33  ( M2 )
Bounds : ( 33.338, 34.290 ) ( 33.447, 34.335 )


MINSTEP: ( MinStep ) Regular Wire of Net n_585  ( M1 )
Bounds : ( 32.505, 31.475 ) ( 32.535, 31.505 )


MINSTEP: ( MinStep ) Regular Wire of Net n_585  ( M1 )
Bounds : ( 32.505, 31.395 ) ( 32.535, 31.425 )


MAR: ( Minimum Area ) Regular Wire of Net cts_opt_net_FE_PHN1631_n_764  ( M3 )
Bounds : ( 33.787, 32.680 ) ( 33.838, 32.790 )


MAR: ( Minimum Area ) Regular Wire of Net cts_opt_net_FE_PHN1652_n_585  ( M3 )
Bounds : ( 33.435, 31.395 ) ( 33.485, 31.505 )


MAR: ( Minimum Area ) Regular Wire of Net n_585  ( M3 )
Bounds : ( 32.455, 31.395 ) ( 32.505, 31.505 )


MAR: ( Minimum Area ) Regular Wire of Net cts_opt_net_FE_PHN1631_n_764  ( M2 )
Bounds : ( 33.757, 32.710 ) ( 33.868, 32.760 )


MAR: ( Minimum Area ) Regular Wire of Net cts_opt_net_FE_PHN1652_n_585  ( M2 )
Bounds : ( 33.405, 31.425 ) ( 33.515, 31.475 )


MAR: ( Minimum Area ) Regular Wire of Net n_585  ( M2 )
Bounds : ( 32.425, 31.425 ) ( 32.535, 31.475 )


OFFGRID: ( Off Grid or Wrong Way ) Regular Wire of Net cts_opt_net_FE_PHN1631_n_764  ( M4 )
Bounds : ( 33.757, 32.710 ) ( 33.807, 32.760 )


OFFGRID: ( Off Grid or Wrong Way ) Regular Wire of Net cts_opt_net_FE_PHN1631_n_764  ( M3 )
Bounds : ( 33.787, 32.680 ) ( 33.838, 32.790 )


OFFGRID: ( Off Grid or Wrong Way ) Regular Wire of Net cts_opt_net_FE_PHN1631_n_764  ( M2 )
Bounds : ( 33.757, 32.710 ) ( 33.807, 32.760 )


MINSTEP: ( MinStep ) Regular Wire of Net cts_opt_net_FE_PHN1652_n_585  ( M1 )
Bounds : ( 33.415, 31.475 ) ( 33.435, 31.505 )


MINSTEP: ( MinStep ) Regular Wire of Net cts_opt_net_FE_PHN1631_n_764  ( M1 )
Bounds : ( 33.770, 32.680 ) ( 33.787, 32.695 )


MINSTEP: ( MinStep ) Regular Wire of Net cts_opt_net_FE_PHN1631_n_764  ( M1 )
Bounds : ( 33.770, 32.775 ) ( 33.805, 32.790 )


MINSTEP: ( MinStep ) Regular Wire of Net cts_opt_net_FE_PHN1631_n_764  ( M1 )
Bounds : ( 33.838, 32.680 ) ( 33.855, 32.695 )


SHORT: ( Metal Short ) Regular Wire of Net n_585 & Regular Wire of Net sk_data[0][3]  ( M3 )
Bounds : ( 32.495, 31.395 ) ( 32.505, 31.505 )


EndOfLine: ( EndOfLine Spacing ) Regular Wire of Net n_585 & Pin of Cell cts_opt_inst_FE_PHC1652_n_585  ( M1 )
Bounds : ( 32.505, 31.505 ) ( 32.510, 31.535 )


EndOfLine: ( EndOfLine Spacing ) Regular Wire of Net cts_opt_net_FE_PHN1652_n_585 & Pin of Cell cts_opt_inst_FE_PHC1652_n_585  ( M1 )
Bounds : ( 33.485, 31.505 ) ( 33.495, 31.540 )


EndOfLine: ( EndOfLine Spacing ) Regular Wire of Net cts_opt_net_FE_PHN1631_n_764 & Pin of Cell FILLTIE_2564  ( M1 )
Bounds : ( 33.787, 32.625 ) ( 33.838, 32.680 )


SPACING: ( ParallelRunLength Spacing ) Regular Wire of Net n_585 & Pin of Cell cts_opt_inst_FE_PHC1652_n_585  ( M1 )
Bounds : ( 32.505, 31.505 ) ( 32.510, 31.535 )


SPACING: ( ParallelRunLength Spacing ) Regular Wire of Net cts_opt_net_FE_PHN1652_n_585 & Pin of Cell cts_opt_inst_FE_PHC1652_n_585  ( M1 )
Bounds : ( 33.415, 31.475 ) ( 33.435, 31.505 )


SPACING: ( ParallelRunLength Spacing ) Regular Wire of Net cts_opt_net_FE_PHN1652_n_585 & Pin of Cell cts_opt_inst_FE_PHC1652_n_585  ( M1 )
Bounds : ( 33.485, 31.505 ) ( 33.495, 31.540 )


SPACING: ( ParallelRunLength Spacing ) Regular Wire of Net cts_opt_net_FE_PHN1631_n_764 & Pin of Cell ENDCAP__29  ( M2 )
Bounds : ( 33.757, 32.665 ) ( 33.868, 32.710 )


OFFGRID: ( Off Grid or Wrong Way ) Regular Wire of Net cts_opt_net_FE_PHN1631_n_764  ( M1 )
Bounds : ( 33.787, 32.680 ) ( 33.838, 33.405 )


MAR: ( Minimum Area ) Regular Wire of Net n_894  ( M2 )
Bounds : ( 25.145, 35.025 ) ( 25.255, 35.075 )


MAR: ( Minimum Area ) Regular Wire of Net n_590  ( M2 )
Bounds : ( 25.985, 35.525 ) ( 26.095, 35.575 )


MAR: ( Minimum Area ) Regular Wire of Net n_901  ( M2 )
Bounds : ( 26.405, 35.025 ) ( 26.515, 35.075 )


MAR: ( Minimum Area ) Regular Wire of Net cts_opt_net_FE_PHN1471_n_590  ( M2 )
Bounds : ( 26.965, 35.525 ) ( 27.075, 35.575 )


MAR: ( Minimum Area ) Regular Wire of Net cts_opt_net_FE_PHN1509_n_901  ( M2 )
Bounds : ( 27.385, 35.025 ) ( 27.495, 35.075 )


MAR: ( Minimum Area ) Regular Wire of Net n_894  ( M3 )
Bounds : ( 25.175, 34.995 ) ( 25.225, 35.105 )


MAR: ( Minimum Area ) Regular Wire of Net n_901  ( M3 )
Bounds : ( 26.435, 34.995 ) ( 26.485, 35.105 )


MAR: ( Minimum Area ) Regular Wire of Net cts_opt_net_FE_PHN1509_n_901  ( M3 )
Bounds : ( 27.415, 34.995 ) ( 27.465, 35.105 )


MINSTEP: ( MinStep ) Regular Wire of Net n_894  ( M1 )
Bounds : ( 25.225, 34.995 ) ( 25.255, 35.025 )


MINSTEP: ( MinStep ) Regular Wire of Net n_894  ( M1 )
Bounds : ( 25.225, 35.075 ) ( 25.255, 35.105 )


MINSTEP: ( MinStep ) Regular Wire of Net n_590  ( M1 )
Bounds : ( 26.065, 35.495 ) ( 26.095, 35.525 )


MINSTEP: ( MinStep ) Regular Wire of Net n_590  ( M1 )
Bounds : ( 26.065, 35.575 ) ( 26.095, 35.605 )


MINSTEP: ( MinStep ) Regular Wire of Net cts_opt_net_FE_PHN1574_n_894  ( M1 )
Bounds : ( 26.070, 34.575 ) ( 26.105, 34.590 )


MINSTEP: ( MinStep ) Regular Wire of Net n_901  ( M1 )
Bounds : ( 26.485, 34.995 ) ( 26.515, 35.025 )


MINSTEP: ( MinStep ) Regular Wire of Net n_901  ( M1 )
Bounds : ( 26.485, 35.075 ) ( 26.515, 35.105 )


MINSTEP: ( MinStep ) Regular Wire of Net cts_opt_net_FE_PHN1471_n_590  ( M1 )
Bounds : ( 26.975, 35.495 ) ( 26.995, 35.525 )


MINSTEP: ( MinStep ) Regular Wire of Net cts_opt_net_FE_PHN1509_n_901  ( M1 )
Bounds : ( 27.395, 35.075 ) ( 27.415, 35.105 )


EndOfLine: ( EndOfLine Spacing ) Regular Wire of Net n_894 & Pin of Cell cts_opt_inst_FE_PHC1574_n_894  ( M1 )
Bounds : ( 25.225, 35.105 ) ( 25.230, 35.135 )


EndOfLine: ( EndOfLine Spacing ) Regular Wire of Net n_590 & Pin of Cell cts_opt_inst_FE_PHC1471_n_590  ( M1 )
Bounds : ( 26.065, 35.465 ) ( 26.070, 35.495 )


EndOfLine: ( EndOfLine Spacing ) Regular Wire of Net n_901 & Pin of Cell cts_opt_inst_FE_PHC1509_n_901  ( M1 )
Bounds : ( 26.485, 35.105 ) ( 26.490, 35.135 )


EndOfLine: ( EndOfLine Spacing ) Regular Wire of Net cts_opt_net_FE_PHN1471_n_590 & Pin of Cell cts_opt_inst_FE_PHC1471_n_590  ( M1 )
Bounds : ( 27.045, 35.460 ) ( 27.055, 35.495 )


EndOfLine: ( EndOfLine Spacing ) Regular Wire of Net cts_opt_net_FE_PHN1509_n_901 & Pin of Cell cts_opt_inst_FE_PHC1509_n_901  ( M1 )
Bounds : ( 27.465, 35.105 ) ( 27.475, 35.140 )


SPACING: ( ParallelRunLength Spacing ) Regular Wire of Net n_894 & Pin of Cell cts_opt_inst_FE_PHC1574_n_894  ( M1 )
Bounds : ( 25.225, 35.105 ) ( 25.230, 35.135 )


SPACING: ( ParallelRunLength Spacing ) Regular Wire of Net n_590 & Pin of Cell cts_opt_inst_FE_PHC1471_n_590  ( M1 )
Bounds : ( 26.065, 35.465 ) ( 26.070, 35.495 )


SPACING: ( ParallelRunLength Spacing ) Regular Wire of Net n_901 & Pin of Cell cts_opt_inst_FE_PHC1509_n_901  ( M1 )
Bounds : ( 26.485, 35.105 ) ( 26.490, 35.135 )


SPACING: ( ParallelRunLength Spacing ) Regular Wire of Net cts_opt_net_FE_PHN1471_n_590 & Pin of Cell cts_opt_inst_FE_PHC1471_n_590  ( M1 )
Bounds : ( 26.975, 35.495 ) ( 26.995, 35.525 )


SPACING: ( ParallelRunLength Spacing ) Regular Wire of Net cts_opt_net_FE_PHN1471_n_590 & Pin of Cell cts_opt_inst_FE_PHC1471_n_590  ( M1 )
Bounds : ( 27.045, 35.460 ) ( 27.055, 35.495 )


SPACING: ( ParallelRunLength Spacing ) Regular Wire of Net cts_opt_net_FE_PHN1509_n_901 & Pin of Cell cts_opt_inst_FE_PHC1509_n_901  ( M1 )
Bounds : ( 27.395, 35.075 ) ( 27.415, 35.105 )


SPACING: ( ParallelRunLength Spacing ) Regular Wire of Net cts_opt_net_FE_PHN1509_n_901 & Pin of Cell cts_opt_inst_FE_PHC1509_n_901  ( M1 )
Bounds : ( 27.465, 35.105 ) ( 27.475, 35.140 )


MAR: ( Minimum Area ) Regular Wire of Net n_888  ( M2 )
Bounds : ( 26.405, 33.725 ) ( 26.515, 33.775 )


MAR: ( Minimum Area ) Regular Wire of Net cts_opt_net_FE_PHN1672_n_888  ( M2 )
Bounds : ( 27.385, 33.725 ) ( 27.495, 33.775 )


MAR: ( Minimum Area ) Regular Wire of Net n_888  ( M3 )
Bounds : ( 26.435, 33.695 ) ( 26.485, 33.805 )


MAR: ( Minimum Area ) Regular Wire of Net cts_opt_net_FE_PHN1672_n_888  ( M3 )
Bounds : ( 27.415, 33.695 ) ( 27.465, 33.805 )


MINSTEP: ( MinStep ) Regular Wire of Net cts_opt_net_FE_PHN1574_n_894  ( M1 )
Bounds : ( 26.070, 34.480 ) ( 26.087, 34.495 )


MINSTEP: ( MinStep ) Regular Wire of Net cts_opt_net_FE_PHN1574_n_894  ( M1 )
Bounds : ( 26.138, 34.480 ) ( 26.155, 34.495 )


MINSTEP: ( MinStep ) Regular Wire of Net n_888  ( M1 )
Bounds : ( 26.485, 33.695 ) ( 26.515, 33.725 )


MINSTEP: ( MinStep ) Regular Wire of Net n_888  ( M1 )
Bounds : ( 26.485, 33.775 ) ( 26.515, 33.805 )


MINSTEP: ( MinStep ) Regular Wire of Net cts_opt_net_FE_PHN1672_n_888  ( M1 )
Bounds : ( 27.395, 33.695 ) ( 27.415, 33.725 )


EndOfLine: ( EndOfLine Spacing ) Regular Wire of Net cts_opt_net_FE_PHN1574_n_894 & Pin of Cell cts_opt_inst_FE_PHC1509_n_901  ( M1 )
Bounds : ( 26.087, 34.425 ) ( 26.138, 34.480 )


EndOfLine: ( EndOfLine Spacing ) Regular Wire of Net n_888 & Pin of Cell cts_opt_inst_FE_PHC1672_n_888  ( M1 )
Bounds : ( 26.485, 33.665 ) ( 26.490, 33.695 )


EndOfLine: ( EndOfLine Spacing ) Regular Wire of Net cts_opt_net_FE_PHN1672_n_888 & Pin of Cell cts_opt_inst_FE_PHC1672_n_888  ( M1 )
Bounds : ( 27.465, 33.660 ) ( 27.475, 33.695 )


SPACING: ( ParallelRunLength Spacing ) Regular Wire of Net n_888 & Pin of Cell cts_opt_inst_FE_PHC1672_n_888  ( M1 )
Bounds : ( 26.485, 33.665 ) ( 26.490, 33.695 )


SPACING: ( ParallelRunLength Spacing ) Regular Wire of Net cts_opt_net_FE_PHN1672_n_888 & Pin of Cell cts_opt_inst_FE_PHC1672_n_888  ( M1 )
Bounds : ( 27.395, 33.695 ) ( 27.415, 33.725 )


SPACING: ( ParallelRunLength Spacing ) Regular Wire of Net cts_opt_net_FE_PHN1672_n_888 & Pin of Cell cts_opt_inst_FE_PHC1672_n_888  ( M1 )
Bounds : ( 27.465, 33.660 ) ( 27.475, 33.695 )


SPACING: ( ParallelRunLength Spacing ) Regular Wire of Net cts_opt_net_FE_PHN1574_n_894 & Pin of Cell ENDCAP__33  ( M2 )
Bounds : ( 26.058, 34.465 ) ( 26.167, 34.510 )


OFFGRID: ( Off Grid or Wrong Way ) Regular Wire of Net cts_opt_net_FE_PHN1574_n_894  ( M1 )
Bounds : ( 26.087, 34.480 ) ( 26.138, 35.205 )


OFFGRID: ( Off Grid or Wrong Way ) Regular Wire of Net cts_opt_net_FE_PHN1574_n_894  ( M2 )
Bounds : ( 26.058, 34.510 ) ( 26.108, 34.560 )


MAR: ( Minimum Area ) Regular Wire of Net cts_opt_net_FE_PHN1574_n_894  ( M2 )
Bounds : ( 26.058, 34.510 ) ( 26.167, 34.560 )


SHORT: ( Metal Short ) Special Wire of Net GND & Routing Blockage  ( M2 )
Bounds : ( 28.020, 29.835 ) ( 32.020, 29.965 )


SHORT: ( Metal Short ) Special Wire of Net VDD & Routing Blockage  ( M2 )
Bounds : ( 28.020, 30.735 ) ( 32.020, 30.865 )


SHORT: ( Metal Short ) Special Wire of Net GND & Routing Blockage  ( M2 )
Bounds : ( 28.020, 31.635 ) ( 32.020, 31.765 )


SHORT: ( Metal Short ) Special Wire of Net VDD & Routing Blockage  ( M2 )
Bounds : ( 28.020, 32.535 ) ( 32.020, 32.665 )


SHORT: ( Metal Short ) Special Wire of Net GND & Routing Blockage  ( M2 )
Bounds : ( 28.020, 33.435 ) ( 32.020, 33.565 )


SHORT: ( Metal Short ) Special Wire of Net VDD & Routing Blockage  ( M2 )
Bounds : ( 28.020, 34.335 ) ( 32.020, 34.465 )


SHORT: ( Metal Short ) Special Wire of Net GND & Routing Blockage  ( M2 )
Bounds : ( 28.020, 35.235 ) ( 32.020, 35.365 )


SHORT: ( Metal Short ) Regular Wire of Net cts_opt_net_FE_PHN1672_n_888 & Regular Wire of Net n_888  ( M4 )
Bounds : ( 27.385, 33.725 ) ( 33.515, 33.775 )


OFFGRID: ( Off Grid or Wrong Way ) Regular Wire of Net cts_opt_net_FE_PHN1576_n_1047  ( M1 )
Bounds : ( 33.507, 35.395 ) ( 33.557, 36.120 )


OFFGRID: ( Off Grid or Wrong Way ) Regular Wire of Net cts_opt_net_FE_PHN1576_n_1047  ( M2 )
Bounds : ( 33.478, 36.040 ) ( 33.528, 36.090 )


OFFGRID: ( Off Grid or Wrong Way ) Regular Wire of Net cts_opt_net_FE_PHN1576_n_1047  ( M3 )
Bounds : ( 33.507, 36.010 ) ( 33.557, 36.120 )


OFFGRID: ( Off Grid or Wrong Way ) Regular Wire of Net cts_opt_net_FE_PHN1576_n_1047  ( M4 )
Bounds : ( 33.478, 36.040 ) ( 33.528, 36.090 )


MAR: ( Minimum Area ) Regular Wire of Net cts_opt_net_FE_PHN1576_n_1047  ( M2 )
Bounds : ( 33.478, 36.040 ) ( 33.588, 36.090 )


MAR: ( Minimum Area ) Regular Wire of Net cts_opt_net_FE_PHN1576_n_1047  ( M3 )
Bounds : ( 33.507, 36.010 ) ( 33.557, 36.120 )


SHORT: ( Metal Short ) Regular Wire of Net sk_data[0][3] & Regular Wire of Net n_1206  ( M3 )
Bounds : ( 32.495, 33.695 ) ( 32.505, 41.205 )


SPACING: ( ParallelRunLength Spacing ) Regular Wire of Net n_892 & Regular Wire of Net cts_opt_net_FE_PHN1576_n_1047  ( M3 )
Bounds : ( 33.485, 36.010 ) ( 33.507, 36.120 )


SPACING: ( ParallelRunLength Spacing ) Regular Wire of Net cts_opt_net_FE_PHN1151_n_563 & Special Wire of Net VDD  ( M4 )
Bounds : ( 34.020, 39.865 ) ( 38.020, 39.910 )


SPACING: ( ParallelRunLength Spacing ) Regular Wire of Net cts_opt_net_FE_PHN1165_n_776 & Special Wire of Net VDD  ( M4 )
Bounds : ( 34.020, 39.690 ) ( 38.020, 39.735 )


SPACING: ( ParallelRunLength Spacing ) Regular Wire of Net cts_opt_net_FE_PHN1170_n_814 & Special Wire of Net VDD  ( M4 )
Bounds : ( 34.020, 38.065 ) ( 38.020, 38.110 )


SPACING: ( ParallelRunLength Spacing ) Regular Wire of Net cts_opt_net_FE_PHN1572_n_513 & Special Wire of Net VDD  ( M4 )
Bounds : ( 34.020, 37.890 ) ( 38.020, 37.935 )


SPACING: ( ParallelRunLength Spacing ) Regular Wire of Net cts_opt_net_FE_PHN1201_n_905 & Special Wire of Net VDD  ( M4 )
Bounds : ( 34.020, 36.265 ) ( 38.020, 36.310 )


SPACING: ( ParallelRunLength Spacing ) Regular Wire of Net cts_opt_net_FE_PHN1576_n_1047 & Special Wire of Net VDD  ( M4 )
Bounds : ( 34.020, 36.090 ) ( 38.020, 36.135 )


SHORT: ( Metal Short ) Regular Wire of Net cts_opt_net_FE_PHN1337_n_830 & Regular Wire of Net cts_opt_net_FE_PHN1170_n_814  ( M4 )
Bounds : ( 33.757, 38.110 ) ( 38.555, 38.160 )


SHORT: ( Metal Short ) Regular Wire of Net cts_opt_net_FE_PHN1165_n_776 & Regular Wire of Net cts_opt_net_FE_PHN1288_n_754  ( M4 )
Bounds : ( 33.478, 39.640 ) ( 38.555, 39.690 )


SHORT: ( Metal Short ) Regular Wire of Net cts_opt_net_FE_PHN1193_n_831 & Regular Wire of Net cts_opt_net_FE_PHN1572_n_513  ( M4 )
Bounds : ( 33.478, 37.840 ) ( 38.555, 37.890 )


SHORT: ( Metal Short ) Regular Wire of Net n_1158 & Regular Wire of Net cts_opt_net_FE_PHN326_TRI_K_buffer_2_7_7  ( M4 )
Bounds : ( 27.765, 39.375 ) ( 38.575, 39.375 )


SHORT: ( Metal Short ) Special Wire of Net VDD & Routing Blockage  ( M2 )
Bounds : ( 34.020, 39.735 ) ( 38.020, 39.865 )


SHORT: ( Metal Short ) Special Wire of Net GND & Routing Blockage  ( M2 )
Bounds : ( 34.020, 38.835 ) ( 38.020, 38.965 )


SHORT: ( Metal Short ) Special Wire of Net VDD & Routing Blockage  ( M2 )
Bounds : ( 34.020, 37.935 ) ( 38.020, 38.065 )


SHORT: ( Metal Short ) Special Wire of Net GND & Routing Blockage  ( M2 )
Bounds : ( 34.020, 37.035 ) ( 38.020, 37.165 )


SHORT: ( Metal Short ) Special Wire of Net VDD & Routing Blockage  ( M2 )
Bounds : ( 34.020, 36.135 ) ( 38.020, 36.265 )


SPACING: ( ParallelRunLength Spacing ) Regular Wire of Net cts_opt_net_FE_PHN1620_n_1206 & Special Wire of Net VDD  ( M4 )
Bounds : ( 34.020, 34.290 ) ( 38.020, 34.335 )


SPACING: ( ParallelRunLength Spacing ) Regular Wire of Net cts_opt_net_FE_PHN1631_n_764 & Special Wire of Net VDD  ( M4 )
Bounds : ( 34.020, 32.665 ) ( 38.020, 32.710 )


SHORT: ( Metal Short ) Regular Wire of Net cts_opt_net_FE_PHN1652_n_585 & Regular Wire of Net n_585  ( M4 )
Bounds : ( 33.405, 31.425 ) ( 38.555, 31.475 )


SHORT: ( Metal Short ) Special Wire of Net GND & Routing Blockage  ( M2 )
Bounds : ( 34.020, 35.235 ) ( 38.020, 35.365 )


SHORT: ( Metal Short ) Special Wire of Net VDD & Routing Blockage  ( M2 )
Bounds : ( 34.020, 34.335 ) ( 38.020, 34.465 )


SHORT: ( Metal Short ) Special Wire of Net GND & Routing Blockage  ( M2 )
Bounds : ( 34.020, 33.435 ) ( 38.020, 33.565 )


SHORT: ( Metal Short ) Special Wire of Net VDD & Routing Blockage  ( M2 )
Bounds : ( 34.020, 32.535 ) ( 38.020, 32.665 )


SHORT: ( Metal Short ) Special Wire of Net GND & Routing Blockage  ( M2 )
Bounds : ( 34.020, 31.635 ) ( 38.020, 31.765 )


SHORT: ( Metal Short ) Special Wire of Net VDD & Routing Blockage  ( M2 )
Bounds : ( 34.020, 30.735 ) ( 38.020, 30.865 )


SHORT: ( Metal Short ) Special Wire of Net GND & Routing Blockage  ( M2 )
Bounds : ( 34.020, 29.835 ) ( 38.020, 29.965 )


SHORT: ( Metal Short ) Regular Wire of Net cts_opt_net_FE_PHN1509_n_901 & Regular Wire of Net cts_opt_net_FE_PHN1475_n_892  ( M4 )
Bounds : ( 26.405, 35.025 ) ( 38.555, 35.075 )


SPACING: ( ParallelRunLength Spacing ) Regular Wire of Net n_841 & Regular Wire of Net cts_opt_net_FE_PHN1354_n_902  ( M3 )
Bounds : ( 42.025, 39.200 ) ( 42.070, 44.555 )


SPACING: ( ParallelRunLength Spacing ) Regular Wire of Net cts_opt_net_FE_PHN1455_n_569 & Regular Wire of Net n_889  ( M3 )
Bounds : ( 41.885, 34.210 ) ( 41.908, 50.790 )


OFFGRID: ( Off Grid or Wrong Way ) Regular Wire of Net n_889  ( M3 )
Bounds : ( 41.908, 31.395 ) ( 41.958, 50.790 )


SPACING: ( ParallelRunLength Spacing ) Regular Wire of Net n_889 & Regular Wire of Net cts_opt_net_FE_PHN1529_n_599  ( M3 )
Bounds : ( 41.958, 32.410 ) ( 41.975, 50.790 )


SHORT: ( Metal Short ) Regular Wire of Net cts_opt_net_FE_PHN1458_n_485 & Regular Wire of Net cts_opt_net_FE_PHN1277_n_1035  ( M3 )
Bounds : ( 39.667, 34.210 ) ( 39.717, 53.105 )


SHORT: ( Metal Short ) Regular Wire of Net cts_opt_net_FE_PHN1641_n_740 & Regular Wire of Net cts_opt_net_FE_PHN1657_n_851  ( M3 )
Bounds : ( 39.735, 30.095 ) ( 39.785, 49.505 )


SPACING: ( ParallelRunLength Spacing ) Regular Wire of Net sk_data[0][1] & Regular Wire of Net TRI_K_buffer[3][6][7]  ( M3 )
Bounds : ( 39.785, 30.095 ) ( 39.803, 48.720 )


SPACING: ( ParallelRunLength Spacing ) Regular Wire of Net sk_data[0][1] & Regular Wire of Net TRI_K_buffer[3][6][7]  ( M3 )
Bounds : ( 39.785, 36.010 ) ( 39.807, 50.005 )


OFFGRID: ( Off Grid or Wrong Way ) Regular Wire of Net TRI_K_buffer[3][6][7]  ( M3 )
Bounds : ( 39.803, 30.095 ) ( 39.853, 48.720 )


SHORT: ( Metal Short ) Regular Wire of Net n_740 & Regular Wire of Net cts_opt_net_FE_PHN1267_n_1037  ( M3 )
Bounds : ( 39.807, 36.010 ) ( 39.853, 48.720 )


SPACING: ( ParallelRunLength Spacing ) Regular Wire of Net TRI_K_buffer[3][6][7] & Regular Wire of Net place_opt_net_FE_OFN12_AR_3__AC_7__ACC_add_31_50_n_0  ( M3 )
Bounds : ( 39.853, 30.095 ) ( 39.875, 46.405 )


SPACING: ( ParallelRunLength Spacing ) Regular Wire of Net place_opt_net_FE_OFN12_AR_3__AC_7__ACC_add_31_50_n_0 & Regular Wire of Net cts_opt_net_FE_PHN1536_n_815  ( M3 )
Bounds : ( 39.925, 30.880 ) ( 39.947, 46.405 )


SHORT: ( Metal Short ) Regular Wire of Net cts_opt_net_FE_PHN1273_n_1029 & Regular Wire of Net n_851  ( M3 )
Bounds : ( 40.088, 34.480 ) ( 40.132, 50.790 )


OFFGRID: ( Off Grid or Wrong Way ) Regular Wire of Net cts_opt_net_FE_PHN1186_n_587  ( M3 )
Bounds : ( 26.647, 39.880 ) ( 26.698, 47.705 )


SHORT: ( Metal Short ) Regular Wire of Net n_831 & Regular Wire of Net n_764  ( M3 )
Bounds : ( 33.368, 37.295 ) ( 33.417, 54.390 )


OFFGRID: ( Off Grid or Wrong Way ) Regular Wire of Net cts_opt_net_FE_PHN1237_n_784  ( M1 )
Bounds : ( 24.548, 39.880 ) ( 24.597, 40.605 )


OFFGRID: ( Off Grid or Wrong Way ) Regular Wire of Net cts_opt_net_FE_PHN1237_n_784  ( M2 )
Bounds : ( 24.517, 39.910 ) ( 24.567, 39.960 )


MAR: ( Minimum Area ) Regular Wire of Net cts_opt_net_FE_PHN1237_n_784  ( M2 )
Bounds : ( 24.517, 39.910 ) ( 24.628, 39.960 )


MINSTEP: ( MinStep ) Regular Wire of Net cts_opt_net_FE_PHN1237_n_784  ( M1 )
Bounds : ( 24.530, 39.880 ) ( 24.548, 39.895 )


MINSTEP: ( MinStep ) Regular Wire of Net cts_opt_net_FE_PHN1237_n_784  ( M1 )
Bounds : ( 24.530, 39.975 ) ( 24.565, 39.990 )


MINSTEP: ( MinStep ) Regular Wire of Net cts_opt_net_FE_PHN1237_n_784  ( M1 )
Bounds : ( 24.597, 39.880 ) ( 24.615, 39.895 )


EndOfLine: ( EndOfLine Spacing ) Regular Wire of Net cts_opt_net_FE_PHN1237_n_784 & Pin of Cell cts_opt_inst_FE_PHC1288_n_754  ( M1 )
Bounds : ( 24.548, 39.825 ) ( 24.597, 39.880 )


SPACING: ( ParallelRunLength Spacing ) Regular Wire of Net cts_opt_net_FE_PHN1237_n_784 & Pin of Cell ENDCAP__45  ( M2 )
Bounds : ( 24.517, 39.865 ) ( 24.628, 39.910 )


SPACING: ( ParallelRunLength Spacing ) Regular Wire of Net n_754 & Pin of Cell cts_opt_inst_FE_PHC1288_n_754  ( M1 )
Bounds : ( 24.665, 39.065 ) ( 24.670, 39.095 )


SPACING: ( ParallelRunLength Spacing ) Regular Wire of Net cts_opt_net_FE_PHN1377_n_586 & Pin of Cell cts_opt_inst_FE_PHC1377_n_586  ( M1 )
Bounds : ( 23.965, 39.060 ) ( 23.975, 39.095 )


SPACING: ( ParallelRunLength Spacing ) Regular Wire of Net cts_opt_net_FE_PHN1377_n_586 & Pin of Cell cts_opt_inst_FE_PHC1377_n_586  ( M1 )
Bounds : ( 23.895, 39.095 ) ( 23.915, 39.125 )


SPACING: ( ParallelRunLength Spacing ) Regular Wire of Net n_534 & Pin of Cell cts_opt_inst_FE_PHC1411_n_534  ( M1 )
Bounds : ( 23.825, 38.705 ) ( 23.830, 38.735 )


EndOfLine: ( EndOfLine Spacing ) Regular Wire of Net cts_opt_net_FE_PHN1411_n_534 & Pin of Cell cts_opt_inst_FE_PHC1411_n_534  ( M1 )
Bounds : ( 24.805, 38.705 ) ( 24.815, 38.740 )


EndOfLine: ( EndOfLine Spacing ) Regular Wire of Net n_754 & Pin of Cell cts_opt_inst_FE_PHC1288_n_754  ( M1 )
Bounds : ( 24.665, 39.065 ) ( 24.670, 39.095 )


EndOfLine: ( EndOfLine Spacing ) Regular Wire of Net cts_opt_net_FE_PHN1377_n_586 & Pin of Cell cts_opt_inst_FE_PHC1377_n_586  ( M1 )
Bounds : ( 23.965, 39.060 ) ( 23.975, 39.095 )


EndOfLine: ( EndOfLine Spacing ) Regular Wire of Net n_534 & Pin of Cell cts_opt_inst_FE_PHC1411_n_534  ( M1 )
Bounds : ( 23.825, 38.705 ) ( 23.830, 38.735 )


SHORT: ( Metal Short ) Regular Wire of Net n_534 & Regular Wire of Net cts_opt_net_FE_PHN1411_n_534  ( M2 )
Bounds : ( 24.725, 38.625 ) ( 24.835, 38.675 )


MINSTEP: ( MinStep ) Regular Wire of Net cts_opt_net_FE_PHN1411_n_534  ( M1 )
Bounds : ( 24.735, 38.675 ) ( 24.755, 38.705 )


MINSTEP: ( MinStep ) Regular Wire of Net n_754  ( M1 )
Bounds : ( 24.665, 39.095 ) ( 24.695, 39.125 )


MINSTEP: ( MinStep ) Regular Wire of Net n_534  ( M1 )
Bounds : ( 23.825, 38.675 ) ( 23.855, 38.705 )


MINSTEP: ( MinStep ) Regular Wire of Net n_534  ( M1 )
Bounds : ( 23.825, 38.595 ) ( 23.855, 38.625 )


MAR: ( Minimum Area ) Regular Wire of Net cts_opt_net_FE_PHN1411_n_534  ( M2 )
Bounds : ( 24.725, 38.625 ) ( 24.835, 38.675 )


MAR: ( Minimum Area ) Regular Wire of Net n_754  ( M2 )
Bounds : ( 24.585, 39.125 ) ( 24.695, 39.175 )


MAR: ( Minimum Area ) Regular Wire of Net cts_opt_net_FE_PHN1377_n_586  ( M2 )
Bounds : ( 23.885, 39.125 ) ( 23.995, 39.175 )


MINSTEP: ( MinStep ) Regular Wire of Net cts_opt_net_FE_PHN1377_n_586  ( M1 )
Bounds : ( 23.895, 39.095 ) ( 23.915, 39.125 )


SPACING: ( ParallelRunLength Spacing ) Regular Wire of Net cts_opt_net_FE_PHN1411_n_534 & Pin of Cell cts_opt_inst_FE_PHC1411_n_534  ( M1 )
Bounds : ( 24.735, 38.675 ) ( 24.755, 38.705 )


SPACING: ( ParallelRunLength Spacing ) Regular Wire of Net cts_opt_net_FE_PHN1411_n_534 & Pin of Cell cts_opt_inst_FE_PHC1411_n_534  ( M1 )
Bounds : ( 24.805, 38.705 ) ( 24.815, 38.740 )


SPACING: ( ParallelRunLength Spacing ) Regular Wire of Net n_586 & Pin of Cell cts_opt_inst_FE_PHC1377_n_586  ( M1 )
Bounds : ( 22.985, 39.065 ) ( 22.990, 39.095 )


EndOfLine: ( EndOfLine Spacing ) Regular Wire of Net cts_opt_net_FE_PHN1572_n_513 & Pin of Cell cts_opt_inst_FE_PHC1478_n_506  ( M1 )
Bounds : ( 23.288, 37.920 ) ( 23.337, 37.975 )


EndOfLine: ( EndOfLine Spacing ) Regular Wire of Net n_586 & Pin of Cell cts_opt_inst_FE_PHC1377_n_586  ( M1 )
Bounds : ( 22.985, 39.065 ) ( 22.990, 39.095 )


MINSTEP: ( MinStep ) Regular Wire of Net cts_opt_net_FE_PHN1572_n_513  ( M1 )
Bounds : ( 23.270, 37.905 ) ( 23.288, 37.920 )


MINSTEP: ( MinStep ) Regular Wire of Net cts_opt_net_FE_PHN1572_n_513  ( M1 )
Bounds : ( 23.270, 37.810 ) ( 23.305, 37.825 )


MAR: ( Minimum Area ) Regular Wire of Net cts_opt_net_FE_PHN1572_n_513  ( M3 )
Bounds : ( 23.288, 37.810 ) ( 23.337, 37.920 )


MAR: ( Minimum Area ) Regular Wire of Net cts_opt_net_FE_PHN1572_n_513  ( M2 )
Bounds : ( 23.257, 37.840 ) ( 23.368, 37.890 )


MAR: ( Minimum Area ) Regular Wire of Net n_586  ( M2 )
Bounds : ( 22.905, 39.125 ) ( 23.015, 39.175 )


OFFGRID: ( Off Grid or Wrong Way ) Regular Wire of Net cts_opt_net_FE_PHN1572_n_513  ( M4 )
Bounds : ( 23.257, 37.840 ) ( 23.308, 37.890 )


OFFGRID: ( Off Grid or Wrong Way ) Regular Wire of Net cts_opt_net_FE_PHN1572_n_513  ( M3 )
Bounds : ( 23.288, 37.810 ) ( 23.337, 37.920 )


OFFGRID: ( Off Grid or Wrong Way ) Regular Wire of Net cts_opt_net_FE_PHN1572_n_513  ( M2 )
Bounds : ( 23.257, 37.840 ) ( 23.308, 37.890 )


MINSTEP: ( MinStep ) Regular Wire of Net n_586  ( M1 )
Bounds : ( 22.985, 39.095 ) ( 23.015, 39.125 )


MINSTEP: ( MinStep ) Regular Wire of Net cts_opt_net_FE_PHN1572_n_513  ( M1 )
Bounds : ( 23.337, 37.905 ) ( 23.355, 37.920 )


SPACING: ( ParallelRunLength Spacing ) Regular Wire of Net cts_opt_net_FE_PHN1572_n_513 & Pin of Cell ENDCAP__41  ( M2 )
Bounds : ( 23.257, 37.890 ) ( 23.368, 37.935 )


SPACING: ( ParallelRunLength Spacing ) Regular Wire of Net n_903 & Pin of Cell ENDCAP__37  ( M1 )
Bounds : ( 24.385, 36.905 ) ( 24.395, 36.935 )


SPACING: ( ParallelRunLength Spacing ) Regular Wire of Net n_506 & Pin of Cell cts_opt_inst_FE_PHC1478_n_506  ( M1 )
Bounds : ( 23.685, 37.265 ) ( 23.690, 37.295 )


EndOfLine: ( EndOfLine Spacing ) Regular Wire of Net cts_opt_net_FE_PHN1478_n_506 & Pin of Cell cts_opt_inst_FE_PHC1478_n_506  ( M1 )
Bounds : ( 24.665, 37.260 ) ( 24.675, 37.295 )


EndOfLine: ( EndOfLine Spacing ) Regular Wire of Net n_903 & Pin of Cell cts_opt_inst_FE_PHC1527_n_903  ( M1 )
Bounds : ( 24.385, 36.905 ) ( 24.390, 36.935 )


EndOfLine: ( EndOfLine Spacing ) Regular Wire of Net cts_opt_net_FE_PHN1607_n_738 & Pin of Cell cts_opt_inst_FE_PHC1527_n_903  ( M1 )
Bounds : ( 23.987, 36.225 ) ( 24.038, 36.280 )


EndOfLine: ( EndOfLine Spacing ) Regular Wire of Net n_506 & Pin of Cell cts_opt_inst_FE_PHC1478_n_506  ( M1 )
Bounds : ( 23.685, 37.265 ) ( 23.690, 37.295 )


MINSTEP: ( MinStep ) Regular Wire of Net cts_opt_net_FE_PHN1478_n_506  ( M1 )
Bounds : ( 24.595, 37.295 ) ( 24.615, 37.325 )


MINSTEP: ( MinStep ) Regular Wire of Net n_903  ( M1 )
Bounds : ( 24.385, 36.875 ) ( 24.415, 36.905 )


MINSTEP: ( MinStep ) Regular Wire of Net n_903  ( M1 )
Bounds : ( 24.385, 36.795 ) ( 24.415, 36.825 )


MINSTEP: ( MinStep ) Regular Wire of Net cts_opt_net_FE_PHN1607_n_738  ( M1 )
Bounds : ( 24.038, 36.280 ) ( 24.055, 36.295 )


MINSTEP: ( MinStep ) Regular Wire of Net cts_opt_net_FE_PHN1607_n_738  ( M1 )
Bounds : ( 23.970, 36.375 ) ( 24.005, 36.390 )


MINSTEP: ( MinStep ) Regular Wire of Net cts_opt_net_FE_PHN1607_n_738  ( M1 )
Bounds : ( 23.970, 36.280 ) ( 23.987, 36.295 )


MINSTEP: ( MinStep ) Regular Wire of Net n_506  ( M1 )
Bounds : ( 23.685, 37.375 ) ( 23.715, 37.405 )


MINSTEP: ( MinStep ) Regular Wire of Net n_506  ( M1 )
Bounds : ( 23.685, 37.295 ) ( 23.715, 37.325 )


MAR: ( Minimum Area ) Regular Wire of Net cts_opt_net_FE_PHN1607_n_738  ( M2 )
Bounds : ( 23.958, 36.310 ) ( 24.067, 36.360 )


OFFGRID: ( Off Grid or Wrong Way ) Regular Wire of Net n_506  ( M2 )
Bounds : ( 24.438, 37.325 ) ( 24.487, 37.375 )


OFFGRID: ( Off Grid or Wrong Way ) Regular Wire of Net cts_opt_net_FE_PHN1607_n_738  ( M2 )
Bounds : ( 23.958, 36.310 ) ( 24.007, 36.360 )


OFFGRID: ( Off Grid or Wrong Way ) Regular Wire of Net cts_opt_net_FE_PHN1607_n_738  ( M1 )
Bounds : ( 23.987, 36.280 ) ( 24.038, 37.005 )


SPACING: ( ParallelRunLength Spacing ) Regular Wire of Net cts_opt_net_FE_PHN1478_n_506 & Pin of Cell cts_opt_inst_FE_PHC1478_n_506  ( M1 )
Bounds : ( 24.595, 37.295 ) ( 24.615, 37.325 )


SPACING: ( ParallelRunLength Spacing ) Regular Wire of Net cts_opt_net_FE_PHN1478_n_506 & Pin of Cell cts_opt_inst_FE_PHC1478_n_506  ( M1 )
Bounds : ( 24.665, 37.260 ) ( 24.675, 37.295 )


SPACING: ( ParallelRunLength Spacing ) Regular Wire of Net cts_opt_net_FE_PHN1607_n_738 & Pin of Cell ENDCAP__35  ( M2 )
Bounds : ( 23.958, 36.265 ) ( 24.067, 36.310 )


SPACING: ( ParallelRunLength Spacing ) Regular Wire of Net n_738 & Pin of Cell ENDCAP__37  ( M1 )
Bounds : ( 23.125, 36.905 ) ( 23.135, 36.935 )


SPACING: ( ParallelRunLength Spacing ) Regular Wire of Net n_513 & Pin of Cell cts_opt_inst_FE_PHC1572_n_513  ( M1 )
Bounds : ( 22.425, 37.265 ) ( 22.430, 37.295 )


EndOfLine: ( EndOfLine Spacing ) Regular Wire of Net n_738 & Pin of Cell cts_opt_inst_FE_PHC1607_n_738  ( M1 )
Bounds : ( 23.125, 36.905 ) ( 23.130, 36.935 )


EndOfLine: ( EndOfLine Spacing ) Regular Wire of Net n_513 & Pin of Cell cts_opt_inst_FE_PHC1572_n_513  ( M1 )
Bounds : ( 22.425, 37.265 ) ( 22.430, 37.295 )


MINSTEP: ( MinStep ) Regular Wire of Net n_738  ( M1 )
Bounds : ( 23.125, 36.875 ) ( 23.155, 36.905 )


MINSTEP: ( MinStep ) Regular Wire of Net n_513  ( M1 )
Bounds : ( 22.425, 37.375 ) ( 22.455, 37.405 )


MINSTEP: ( MinStep ) Regular Wire of Net n_513  ( M1 )
Bounds : ( 22.425, 37.295 ) ( 22.455, 37.325 )


MAR: ( Minimum Area ) Regular Wire of Net n_738  ( M3 )
Bounds : ( 23.075, 36.795 ) ( 23.125, 36.905 )


MAR: ( Minimum Area ) Regular Wire of Net n_513  ( M3 )
Bounds : ( 22.375, 37.295 ) ( 22.425, 37.405 )


MAR: ( Minimum Area ) Regular Wire of Net n_738  ( M2 )
Bounds : ( 23.045, 36.825 ) ( 23.155, 36.875 )


MAR: ( Minimum Area ) Regular Wire of Net n_513  ( M2 )
Bounds : ( 22.345, 37.325 ) ( 22.455, 37.375 )


MINSTEP: ( MinStep ) Regular Wire of Net n_738  ( M1 )
Bounds : ( 23.125, 36.795 ) ( 23.155, 36.825 )


OFFGRID: ( Off Grid or Wrong Way ) Regular Wire of Net cts_opt_net_FE_PHN1572_n_513  ( M1 )
Bounds : ( 23.288, 37.195 ) ( 23.337, 37.920 )


MAR: ( Minimum Area ) Regular Wire of Net n_754  ( M3 )
Bounds : ( 24.615, 39.095 ) ( 24.665, 39.205 )


MINSTEP: ( MinStep ) Regular Wire of Net n_586  ( M1 )
Bounds : ( 22.985, 39.175 ) ( 23.015, 39.205 )


MINSTEP: ( MinStep ) Regular Wire of Net n_754  ( M1 )
Bounds : ( 24.665, 39.175 ) ( 24.695, 39.205 )


SHORT: ( Metal Short ) Regular Wire of Net n_754 & Regular Wire of Net cts_opt_net_FE_PHN1550_n_810  ( M3 )
Bounds : ( 24.615, 39.095 ) ( 24.665, 39.205 )


OFFGRID: ( Off Grid or Wrong Way ) Regular Wire of Net n_810  ( M2 )
Bounds : ( 24.573, 35.525 ) ( 24.622, 35.575 )


MAR: ( Minimum Area ) Regular Wire of Net cts_opt_net_FE_PHN1550_n_810  ( M2 )
Bounds : ( 24.585, 35.525 ) ( 24.695, 35.575 )


CUTSPACING: ( Same Layer Cut Spacing ) Regular Wire of Net n_810 & Regular Wire of Net cts_opt_net_FE_PHN1550_n_810  ( VIA2 )
Bounds : ( 24.593, 35.525 ) ( 24.615, 35.575 )


MINSTEP: ( MinStep ) Regular Wire of Net n_810  ( M1 )
Bounds : ( 23.685, 35.495 ) ( 23.715, 35.525 )


MINSTEP: ( MinStep ) Regular Wire of Net n_810  ( M1 )
Bounds : ( 23.685, 35.575 ) ( 23.715, 35.605 )


MINSTEP: ( MinStep ) Regular Wire of Net cts_opt_net_FE_PHN1550_n_810  ( M1 )
Bounds : ( 24.595, 35.495 ) ( 24.615, 35.525 )


SHORT: ( Metal Short ) Regular Wire of Net cts_opt_net_FE_PHN1550_n_810 & Regular Wire of Net n_810  ( M2 )
Bounds : ( 24.585, 35.525 ) ( 24.622, 35.575 )


EndOfLine: ( EndOfLine Spacing ) Regular Wire of Net n_810 & Pin of Cell cts_opt_inst_FE_PHC1550_n_810  ( M1 )
Bounds : ( 23.685, 35.465 ) ( 23.690, 35.495 )


EndOfLine: ( EndOfLine Spacing ) Regular Wire of Net cts_opt_net_FE_PHN1550_n_810 & Pin of Cell cts_opt_inst_FE_PHC1550_n_810  ( M1 )
Bounds : ( 24.665, 35.460 ) ( 24.675, 35.495 )


SPACING: ( ParallelRunLength Spacing ) Regular Wire of Net n_810 & Pin of Cell cts_opt_inst_FE_PHC1550_n_810  ( M1 )
Bounds : ( 23.685, 35.465 ) ( 23.690, 35.495 )


SPACING: ( ParallelRunLength Spacing ) Regular Wire of Net cts_opt_net_FE_PHN1550_n_810 & Pin of Cell cts_opt_inst_FE_PHC1550_n_810  ( M1 )
Bounds : ( 24.595, 35.495 ) ( 24.615, 35.525 )


SPACING: ( ParallelRunLength Spacing ) Regular Wire of Net cts_opt_net_FE_PHN1550_n_810 & Pin of Cell cts_opt_inst_FE_PHC1550_n_810  ( M1 )
Bounds : ( 24.665, 35.460 ) ( 24.675, 35.495 )


CUTSPACING: ( Same Layer Cut Spacing ) Regular Wire of Net sk_data[1][7]  ( VIA4 )
Bounds : ( 0.095, 31.825 ) ( 0.145, 31.875 )


CUTSPACING: ( Cut EolSpacing ) Regular Wire of Net sk_data[1][7] & Regular Wire of Net sk_data[0][5]  ( VIA4 )
Bounds : ( 0.095, 31.825 ) ( 0.145, 31.875 )


MAR: ( Minimum Area ) Regular Wire of Net sk_data[1][7]  ( M5 )
Bounds : ( 0.095, 31.745 ) ( 0.145, 31.955 )


SHORT: ( Metal Short ) Regular Wire of Net cts_opt_net_FE_PHN1411_n_534 & Regular Wire of Net sk_data[1][6]  ( M3 )
Bounds : ( 24.795, 38.595 ) ( 24.805, 44.805 )


SPACING: ( ParallelRunLength Spacing ) Regular Wire of Net sk_data[1][4] & Regular Wire of Net cts_opt_net_FE_PHN1572_n_513  ( M4 )
Bounds : ( 23.257, 37.825 ) ( 32.975, 37.840 )


OFFGRID: ( Off Grid or Wrong Way ) Regular Wire of Net cts_opt_net_FE_PHN1090_n_864  ( M3 )
Bounds : ( 42.467, 32.410 ) ( 42.518, 56.705 )


OFFGRID: ( Off Grid or Wrong Way ) Regular Wire of Net cts_opt_net_FE_PHN307_TRI_K_buffer_2_7_3  ( M3 )
Bounds : ( 41.768, 34.480 ) ( 41.818, 69.805 )


SPACING: ( ParallelRunLength Spacing ) Regular Wire of Net cts_opt_net_FE_PHN307_TRI_K_buffer_2_7_3 & Regular Wire of Net cts_opt_net_FE_PHN1455_n_569  ( M3 )
Bounds : ( 41.818, 34.480 ) ( 41.835, 54.905 )


SHORT: ( Metal Short ) Regular Wire of Net cts_opt_net_FE_PHN1652_n_585 & Regular Wire of Net cts_opt_net_FE_PHN1631_n_764  ( M3 )
Bounds : ( 38.475, 32.680 ) ( 38.525, 74.705 )


OFFGRID: ( Off Grid or Wrong Way ) Regular Wire of Net sk_data[0][1]  ( M3 )
Bounds : ( 39.667, 32.410 ) ( 39.717, 69.305 )


OFFGRID: ( Off Grid or Wrong Way ) Regular Wire of Net TRI_K_buffer[3][6][7]  ( M3 )
Bounds : ( 39.807, 36.010 ) ( 39.857, 69.805 )


OFFGRID: ( Off Grid or Wrong Way ) Regular Wire of Net cts_opt_net_FE_PHN1536_n_815  ( M3 )
Bounds : ( 39.947, 30.880 ) ( 39.998, 62.105 )


OFFGRID: ( Off Grid or Wrong Way ) Regular Wire of Net place_opt_net_FE_OFN12_AR_3__AC_7__ACC_add_31_50_n_0  ( M3 )
Bounds : ( 40.088, 34.480 ) ( 40.138, 71.105 )


OFFGRID: ( Off Grid or Wrong Way ) Regular Wire of Net cts_opt_net_FE_PHN1132_n_870  ( M3 )
Bounds : ( 40.228, 36.280 ) ( 40.278, 54.905 )


OFFGRID: ( Off Grid or Wrong Way ) Regular Wire of Net sk_data[0][4]  ( M3 )
Bounds : ( 40.643, 33.195 ) ( 40.693, 57.720 )


SPACING: ( ParallelRunLength Spacing ) Regular Wire of Net place_opt_net_FE_OFN92_AR_3__AC_7__ACC_add_31_50_n_0 & Regular Wire of Net n_905  ( M3 )
Bounds : ( 33.065, 38.595 ) ( 33.088, 61.590 )


OFFGRID: ( Off Grid or Wrong Way ) Regular Wire of Net n_776  ( M3 )
Bounds : ( 33.507, 39.095 ) ( 33.557, 63.120 )


SHORT: ( Metal Short ) Regular Wire of Net n_905 & Regular Wire of Net n_814  ( M3 )
Bounds : ( 33.088, 38.595 ) ( 33.138, 61.320 )


SPACING: ( ParallelRunLength Spacing ) Regular Wire of Net TRI_K_buffer[3][5][2] & Regular Wire of Net n_776  ( M3 )
Bounds : ( 33.485, 39.095 ) ( 33.507, 63.120 )


OFFGRID: ( Off Grid or Wrong Way ) Regular Wire of Net n_814  ( M3 )
Bounds : ( 33.088, 36.795 ) ( 33.138, 61.590 )


OFFGRID: ( Off Grid or Wrong Way ) Regular Wire of Net n_831  ( M3 )
Bounds : ( 33.368, 33.195 ) ( 33.417, 57.720 )


SPACING: ( ParallelRunLength Spacing ) Regular Wire of Net n_831 & Regular Wire of Net n_892  ( M3 )
Bounds : ( 33.417, 33.695 ) ( 33.435, 57.720 )


OFFGRID: ( Off Grid or Wrong Way ) Regular Wire of Net n_587  ( M3 )
Bounds : ( 32.243, 34.995 ) ( 32.292, 66.720 )


SHORT: ( Metal Short ) Regular Wire of Net n_894 & Regular Wire of Net n_738  ( M3 )
Bounds : ( 32.243, 36.795 ) ( 32.292, 63.390 )


OFFGRID: ( Off Grid or Wrong Way ) Regular Wire of Net cts_opt_net_FE_PHN1205_n_536  ( M3 )
Bounds : ( 26.788, 39.610 ) ( 26.837, 59.005 )


SHORT: ( Metal Short ) Regular Wire of Net cts_opt_net_FE_PHN1471_n_590 & Regular Wire of Net sk_data[1][7]  ( M3 )
Bounds : ( 26.995, 35.495 ) ( 27.045, 69.805 )


OFFGRID: ( Off Grid or Wrong Way ) Regular Wire of Net n_874  ( M3 )
Bounds : ( 26.362, 38.595 ) ( 26.413, 77.520 )


SHORT: ( Metal Short ) Regular Wire of Net n_874 & Regular Wire of Net cts_opt_net_FE_PHN1543_n_874  ( M3 )
Bounds : ( 26.368, 38.595 ) ( 26.413, 74.705 )


SPACING: ( ParallelRunLength Spacing ) Regular Wire of Net n_796 & Regular Wire of Net n_903  ( M3 )
Bounds : ( 25.365, 37.295 ) ( 25.388, 73.920 )


SHORT: ( Metal Short ) Regular Wire of Net cts_opt_net_FE_PHN1527_n_903 & Regular Wire of Net cts_opt_net_FE_PHN1478_n_506  ( M3 )
Bounds : ( 25.735, 37.295 ) ( 25.785, 71.605 )


SHORT: ( Metal Short ) Regular Wire of Net n_590 & Regular Wire of Net n_921  ( M3 )
Bounds : ( 26.015, 36.795 ) ( 26.065, 70.590 )


SPACING: ( ParallelRunLength Spacing ) Regular Wire of Net n_921 & Regular Wire of Net cts_opt_net_FE_PHN1574_n_894  ( M3 )
Bounds : ( 26.065, 35.495 ) ( 26.087, 58.505 )


OFFGRID: ( Off Grid or Wrong Way ) Regular Wire of Net cts_opt_net_FE_PHN1574_n_894  ( M3 )
Bounds : ( 26.087, 34.480 ) ( 26.138, 58.505 )


SPACING: ( ParallelRunLength Spacing ) Regular Wire of Net cts_opt_net_FE_PHN1447_n_796 & Regular Wire of Net cts_opt_net_FE_PHN1543_n_874  ( M3 )
Bounds : ( 26.345, 38.080 ) ( 26.368, 73.405 )


OFFGRID: ( Off Grid or Wrong Way ) Regular Wire of Net cts_opt_net_FE_PHN1543_n_874  ( M3 )
Bounds : ( 26.368, 38.080 ) ( 26.417, 74.705 )


OFFGRID: ( Off Grid or Wrong Way ) Regular Wire of Net place_opt_net_FE_OFN92_AR_3__AC_7__ACC_add_31_50_n_0  ( M3 )
Bounds : ( 24.548, 39.880 ) ( 24.597, 63.905 )


SHORT: ( Metal Short ) Regular Wire of Net cts_opt_net_FE_PHN1237_n_784 & Regular Wire of Net n_810  ( M3 )
Bounds : ( 24.548, 39.880 ) ( 24.593, 57.720 )


SPACING: ( ParallelRunLength Spacing ) Regular Wire of Net cts_opt_net_FE_PHN1377_n_586 & Regular Wire of Net cts_opt_net_FE_PHN1607_n_738  ( M3 )
Bounds : ( 23.965, 39.095 ) ( 23.987, 54.905 )


OFFGRID: ( Off Grid or Wrong Way ) Regular Wire of Net cts_opt_net_FE_PHN1607_n_738  ( M3 )
Bounds : ( 23.987, 36.280 ) ( 24.038, 54.905 )


OFFGRID: ( Off Grid or Wrong Way ) Regular Wire of Net cts_opt_net_FE_PHN1237_n_784  ( M3 )
Bounds : ( 24.542, 35.495 ) ( 24.593, 57.720 )


SPACING: ( ParallelRunLength Spacing ) Regular Wire of Net cts_opt_net_FE_PHN1237_n_784 & Regular Wire of Net cts_opt_net_FE_PHN1550_n_810  ( M3 )
Bounds : ( 24.593, 35.495 ) ( 24.615, 56.705 )


OFFGRID: ( Off Grid or Wrong Way ) Regular Wire of Net cts_opt_net_FE_PHN1668_n_848  ( M2 )
Bounds : ( 41.518, 28.325 ) ( 41.568, 28.375 )


MAR: ( Minimum Area ) Regular Wire of Net cts_opt_net_FE_PHN1668_n_848  ( M2 )
Bounds : ( 41.525, 28.325 ) ( 41.635, 28.375 )


SHORT: ( Cut Short ) Regular Wire of Net n_848 & Regular Wire of Net n_779  ( VIA2 )
Bounds : ( 41.487, 28.325 ) ( 41.537, 28.375 )


CUTSPACING: ( Same Layer Cut Spacing ) Regular Wire of Net n_779 & Regular Wire of Net cts_opt_net_FE_PHN1668_n_848  ( VIA2 )
Bounds : ( 41.537, 28.325 ) ( 41.555, 28.375 )


MINSTEP: ( MinStep ) Regular Wire of Net cts_opt_net_FE_PHN1668_n_848  ( M1 )
Bounds : ( 41.535, 28.295 ) ( 41.555, 28.325 )


MINSTEP: ( MinStep ) Regular Wire of Net n_576  ( M1 )
Bounds : ( 42.025, 29.595 ) ( 42.055, 29.625 )


MINSTEP: ( MinStep ) Regular Wire of Net n_576  ( M1 )
Bounds : ( 42.025, 29.675 ) ( 42.055, 29.705 )


EndOfLine: ( EndOfLine Spacing ) Regular Wire of Net cts_opt_net_FE_PHN1668_n_848 & Pin of Cell cts_opt_inst_FE_PHC1668_n_848  ( M1 )
Bounds : ( 41.605, 28.260 ) ( 41.615, 28.295 )


EndOfLine: ( EndOfLine Spacing ) Regular Wire of Net n_576 & Pin of Cell cts_opt_inst_FE_PHC1643_n_576  ( M1 )
Bounds : ( 42.025, 29.705 ) ( 42.030, 29.735 )


SPACING: ( ParallelRunLength Spacing ) Regular Wire of Net cts_opt_net_FE_PHN1668_n_848 & Pin of Cell cts_opt_inst_FE_PHC1668_n_848  ( M1 )
Bounds : ( 41.535, 28.295 ) ( 41.555, 28.325 )


SPACING: ( ParallelRunLength Spacing ) Regular Wire of Net cts_opt_net_FE_PHN1668_n_848 & Pin of Cell cts_opt_inst_FE_PHC1668_n_848  ( M1 )
Bounds : ( 41.605, 28.260 ) ( 41.615, 28.295 )


SPACING: ( ParallelRunLength Spacing ) Regular Wire of Net n_576 & Pin of Cell cts_opt_inst_FE_PHC1643_n_576  ( M1 )
Bounds : ( 42.025, 29.705 ) ( 42.030, 29.735 )


OFFGRID: ( Off Grid or Wrong Way ) Regular Wire of Net n_851  ( M2 )
Bounds : ( 40.112, 29.625 ) ( 40.162, 29.675 )


MAR: ( Minimum Area ) Regular Wire of Net cts_opt_net_FE_PHN1657_n_851  ( M2 )
Bounds : ( 39.705, 29.625 ) ( 39.815, 29.675 )


MAR: ( Minimum Area ) Regular Wire of Net cts_opt_net_FE_PHN1666_n_779  ( M2 )
Bounds : ( 39.845, 28.325 ) ( 39.955, 28.375 )


MINSTEP: ( MinStep ) Regular Wire of Net n_851  ( M1 )
Bounds : ( 38.805, 29.595 ) ( 38.835, 29.625 )


MINSTEP: ( MinStep ) Regular Wire of Net n_851  ( M1 )
Bounds : ( 38.805, 29.675 ) ( 38.835, 29.705 )


MINSTEP: ( MinStep ) Regular Wire of Net n_779  ( M1 )
Bounds : ( 38.945, 28.295 ) ( 38.975, 28.325 )


MINSTEP: ( MinStep ) Regular Wire of Net n_779  ( M1 )
Bounds : ( 38.945, 28.375 ) ( 38.975, 28.405 )


MINSTEP: ( MinStep ) Regular Wire of Net cts_opt_net_FE_PHN1657_n_851  ( M1 )
Bounds : ( 39.715, 29.675 ) ( 39.735, 29.705 )


MINSTEP: ( MinStep ) Regular Wire of Net cts_opt_net_FE_PHN1666_n_779  ( M1 )
Bounds : ( 39.855, 28.295 ) ( 39.875, 28.325 )


MINSTEP: ( MinStep ) Regular Wire of Net n_848  ( M1 )
Bounds : ( 40.625, 28.295 ) ( 40.655, 28.325 )


MINSTEP: ( MinStep ) Regular Wire of Net n_848  ( M1 )
Bounds : ( 40.625, 28.375 ) ( 40.655, 28.405 )


SHORT: ( Metal Short ) Regular Wire of Net cts_opt_net_FE_PHN1657_n_851 & Regular Wire of Net n_851  ( M2 )
Bounds : ( 39.705, 29.625 ) ( 39.815, 29.675 )


SHORT: ( Metal Short ) Regular Wire of Net cts_opt_net_FE_PHN1666_n_779 & Regular Wire of Net n_779  ( M2 )
Bounds : ( 39.845, 28.325 ) ( 39.955, 28.375 )


EndOfLine: ( EndOfLine Spacing ) Regular Wire of Net n_851 & Pin of Cell cts_opt_inst_FE_PHC1657_n_851  ( M1 )
Bounds : ( 38.805, 29.705 ) ( 38.810, 29.735 )


EndOfLine: ( EndOfLine Spacing ) Regular Wire of Net n_779 & Pin of Cell cts_opt_inst_FE_PHC1666_n_779  ( M1 )
Bounds : ( 38.945, 28.265 ) ( 38.950, 28.295 )


EndOfLine: ( EndOfLine Spacing ) Regular Wire of Net cts_opt_net_FE_PHN1657_n_851 & Pin of Cell cts_opt_inst_FE_PHC1657_n_851  ( M1 )
Bounds : ( 39.785, 29.705 ) ( 39.795, 29.740 )


EndOfLine: ( EndOfLine Spacing ) Regular Wire of Net cts_opt_net_FE_PHN1666_n_779 & Pin of Cell cts_opt_inst_FE_PHC1666_n_779  ( M1 )
Bounds : ( 39.925, 28.260 ) ( 39.935, 28.295 )


EndOfLine: ( EndOfLine Spacing ) Regular Wire of Net n_848 & Pin of Cell cts_opt_inst_FE_PHC1668_n_848  ( M1 )
Bounds : ( 40.625, 28.265 ) ( 40.630, 28.295 )


SPACING: ( ParallelRunLength Spacing ) Regular Wire of Net n_851 & Pin of Cell cts_opt_inst_FE_PHC1657_n_851  ( M1 )
Bounds : ( 38.805, 29.705 ) ( 38.810, 29.735 )


SPACING: ( ParallelRunLength Spacing ) Regular Wire of Net n_779 & Pin of Cell cts_opt_inst_FE_PHC1666_n_779  ( M1 )
Bounds : ( 38.945, 28.265 ) ( 38.950, 28.295 )


SPACING: ( ParallelRunLength Spacing ) Regular Wire of Net cts_opt_net_FE_PHN1657_n_851 & Pin of Cell cts_opt_inst_FE_PHC1657_n_851  ( M1 )
Bounds : ( 39.715, 29.675 ) ( 39.735, 29.705 )


SPACING: ( ParallelRunLength Spacing ) Regular Wire of Net cts_opt_net_FE_PHN1657_n_851 & Pin of Cell cts_opt_inst_FE_PHC1657_n_851  ( M1 )
Bounds : ( 39.785, 29.705 ) ( 39.795, 29.740 )


SPACING: ( ParallelRunLength Spacing ) Regular Wire of Net cts_opt_net_FE_PHN1666_n_779 & Pin of Cell cts_opt_inst_FE_PHC1666_n_779  ( M1 )
Bounds : ( 39.855, 28.295 ) ( 39.875, 28.325 )


SPACING: ( ParallelRunLength Spacing ) Regular Wire of Net cts_opt_net_FE_PHN1666_n_779 & Pin of Cell cts_opt_inst_FE_PHC1666_n_779  ( M1 )
Bounds : ( 39.925, 28.260 ) ( 39.935, 28.295 )


SPACING: ( ParallelRunLength Spacing ) Regular Wire of Net n_848 & Pin of Cell cts_opt_inst_FE_PHC1668_n_848  ( M1 )
Bounds : ( 40.625, 28.265 ) ( 40.630, 28.295 )


SHORT: ( Metal Short ) Regular Wire of Net n_779 & Regular Wire of Net n_848  ( M2 )
Bounds : ( 40.545, 28.325 ) ( 41.568, 28.375 )


SHORT: ( Metal Short ) Special Wire of Net GND & Routing Blockage  ( M2 )
Bounds : ( 28.020, 24.435 ) ( 32.020, 24.565 )


SHORT: ( Metal Short ) Special Wire of Net VDD & Routing Blockage  ( M2 )
Bounds : ( 28.020, 25.335 ) ( 32.020, 25.465 )


SHORT: ( Metal Short ) Special Wire of Net GND & Routing Blockage  ( M2 )
Bounds : ( 28.020, 26.235 ) ( 32.020, 26.365 )


SHORT: ( Metal Short ) Special Wire of Net VDD & Routing Blockage  ( M2 )
Bounds : ( 28.020, 27.135 ) ( 32.020, 27.265 )


SHORT: ( Metal Short ) Special Wire of Net GND & Routing Blockage  ( M2 )
Bounds : ( 28.020, 28.035 ) ( 32.020, 28.165 )


SHORT: ( Metal Short ) Special Wire of Net VDD & Routing Blockage  ( M2 )
Bounds : ( 28.020, 28.935 ) ( 32.020, 29.065 )


SHORT: ( Metal Short ) Special Wire of Net VDD & Routing Blockage  ( M2 )
Bounds : ( 28.020, 19.935 ) ( 32.020, 20.065 )


SHORT: ( Metal Short ) Special Wire of Net GND & Routing Blockage  ( M2 )
Bounds : ( 28.020, 20.835 ) ( 32.020, 20.965 )


SHORT: ( Metal Short ) Special Wire of Net VDD & Routing Blockage  ( M2 )
Bounds : ( 28.020, 21.735 ) ( 32.020, 21.865 )


SHORT: ( Metal Short ) Special Wire of Net GND & Routing Blockage  ( M2 )
Bounds : ( 28.020, 22.635 ) ( 32.020, 22.765 )


SHORT: ( Metal Short ) Special Wire of Net VDD & Routing Blockage  ( M2 )
Bounds : ( 28.020, 23.535 ) ( 32.020, 23.665 )


SHORT: ( Metal Short ) Special Wire of Net VDD & Routing Blockage  ( M2 )
Bounds : ( 34.020, 19.935 ) ( 38.020, 20.065 )


SHORT: ( Metal Short ) Special Wire of Net GND & Routing Blockage  ( M2 )
Bounds : ( 34.020, 20.835 ) ( 38.020, 20.965 )


SHORT: ( Metal Short ) Special Wire of Net VDD & Routing Blockage  ( M2 )
Bounds : ( 34.020, 21.735 ) ( 38.020, 21.865 )


SHORT: ( Metal Short ) Special Wire of Net GND & Routing Blockage  ( M2 )
Bounds : ( 34.020, 22.635 ) ( 38.020, 22.765 )


SHORT: ( Metal Short ) Special Wire of Net VDD & Routing Blockage  ( M2 )
Bounds : ( 34.020, 23.535 ) ( 38.020, 23.665 )


SHORT: ( Metal Short ) Special Wire of Net GND & Routing Blockage  ( M2 )
Bounds : ( 34.020, 24.435 ) ( 38.020, 24.565 )


SHORT: ( Metal Short ) Special Wire of Net VDD & Routing Blockage  ( M2 )
Bounds : ( 34.020, 25.335 ) ( 38.020, 25.465 )


SHORT: ( Metal Short ) Special Wire of Net GND & Routing Blockage  ( M2 )
Bounds : ( 34.020, 26.235 ) ( 38.020, 26.365 )


SHORT: ( Metal Short ) Special Wire of Net VDD & Routing Blockage  ( M2 )
Bounds : ( 34.020, 27.135 ) ( 38.020, 27.265 )


SHORT: ( Metal Short ) Special Wire of Net GND & Routing Blockage  ( M2 )
Bounds : ( 34.020, 28.035 ) ( 38.020, 28.165 )


SHORT: ( Metal Short ) Special Wire of Net VDD & Routing Blockage  ( M2 )
Bounds : ( 34.020, 28.935 ) ( 38.020, 29.065 )


MAR: ( Minimum Area ) Regular Wire of Net sk_data[0][4]  ( M5 )
Bounds : ( 0.095, 21.745 ) ( 0.145, 22.055 )


SHORT: ( Metal Short ) Regular Wire of Net cts_opt_net_FE_PHN1657_n_851 & Regular Wire of Net sk_data[0][1]  ( M3 )
Bounds : ( 39.735, 29.595 ) ( 39.745, 41.205 )


OFFGRID: ( Off Grid or Wrong Way ) Regular Wire of Net place_opt_net_FE_OFN12_AR_3__AC_7__ACC_add_31_50_n_0  ( M3 )
Bounds : ( 40.083, 29.595 ) ( 40.132, 50.790 )


SHORT: ( Metal Short ) Regular Wire of Net n_848 & Regular Wire of Net n_779  ( M3 )
Bounds : ( 41.487, 28.295 ) ( 41.537, 59.790 )


OFFGRID: ( Off Grid or Wrong Way ) Regular Wire of Net n_569  ( M3 )
Bounds : ( 41.487, 28.295 ) ( 41.537, 65.190 )


SPACING: ( ParallelRunLength Spacing ) Regular Wire of Net n_569 & Regular Wire of Net cts_opt_net_FE_PHN1668_n_848  ( M3 )
Bounds : ( 41.537, 28.295 ) ( 41.555, 63.905 )


OFFGRID: ( Off Grid or Wrong Way ) Regular Wire of Net place_opt_net_FE_OFN34_MR_3__MC_6__MUL_mul_15_35_n_0  ( M3 )
Bounds : ( 42.748, 36.010 ) ( 42.798, 82.405 )


SHORT: ( Metal Short ) Regular Wire of Net n_892 & Regular Wire of Net n_901  ( M3 )
Bounds : ( 33.435, 34.995 ) ( 33.485, 88.875 )


OFFGRID: ( Off Grid or Wrong Way ) Regular Wire of Net n_903  ( M3 )
Bounds : ( 25.388, 36.795 ) ( 25.438, 102.720 )


OFFGRID: ( Off Grid or Wrong Way ) Regular Wire of Net n_506  ( M3 )
Bounds : ( 24.407, 37.295 ) ( 24.458, 104.520 )


SHORT: ( Out Of Die ) Regular Wire of Net sk_data[1][7]  ( M4 )
Bounds : ( -0.025, 31.775 ) ( 0.000, 31.825 )


SHORT: ( Out Of Die ) Regular Wire of Net sk_data[1][6]  ( M4 )
Bounds : ( -0.025, 33.775 ) ( 0.000, 33.825 )


SHORT: ( Out Of Die ) Regular Wire of Net sk_data[1][5]  ( M4 )
Bounds : ( -0.025, 35.775 ) ( 0.000, 35.825 )


SHORT: ( Out Of Die ) Regular Wire of Net sk_data[1][4]  ( M4 )
Bounds : ( -0.025, 37.775 ) ( 0.000, 37.825 )


SHORT: ( Out Of Die ) Regular Wire of Net sk_data[1][3]  ( M4 )
Bounds : ( -0.025, 39.775 ) ( 0.000, 39.825 )


SHORT: ( Out Of Die ) Regular Wire of Net sk_data[0][7]  ( M4 )
Bounds : ( -0.025, 15.775 ) ( 0.000, 15.825 )


SHORT: ( Out Of Die ) Regular Wire of Net sk_data[0][6]  ( M4 )
Bounds : ( -0.025, 17.775 ) ( 0.000, 17.825 )


SHORT: ( Out Of Die ) Regular Wire of Net sk_data[0][5]  ( M4 )
Bounds : ( -0.025, 19.775 ) ( 0.000, 19.825 )


SHORT: ( Out Of Die ) Regular Wire of Net sk_data[0][4]  ( M4 )
Bounds : ( -0.025, 21.775 ) ( 0.000, 21.825 )


SHORT: ( Out Of Die ) Regular Wire of Net sk_data[0][3]  ( M4 )
Bounds : ( -0.025, 23.775 ) ( 0.000, 23.825 )


SHORT: ( Out Of Die ) Regular Wire of Net sk_data[0][2]  ( M4 )
Bounds : ( -0.025, 25.775 ) ( 0.000, 25.825 )


SHORT: ( Out Of Die ) Regular Wire of Net sk_data[0][1]  ( M4 )
Bounds : ( -0.025, 27.775 ) ( 0.000, 27.825 )


SHORT: ( Out Of Die ) Regular Wire of Net sk_data[0][0]  ( M4 )
Bounds : ( -0.025, 29.775 ) ( 0.000, 29.825 )


  Total Violations : 1000 Viols.
