###############################################################
#  Generated by:      Cadence Innovus 23.13-s082_1
#  OS:                Linux x86_64(Host ID mun)
#  Generated on:      Tue Jun 24 07:49:08 2025
#  Design:            axis_sa
#  Command:           report_timing -max_paths 100 -group $cg  > "${reports_path}/$this_run(stage)/${cg}.setup.timing.rpt"
###############################################################
Path 1: MET (0.032 ns) Setup Check with Pin ro_reg[1][7][8]/CK->D
               View: wc_analysis_view
              Group: in2reg
         Startpoint: (R) m_ready
              Clock: (R) CLK
           Endpoint: (F) ro_reg[1][7][8]/D
              Clock: (R) CLK

                       Capture       Launch
         Clock Edge:+    2.000        0.000
         Drv Adjust:+    0.000        0.087
        Src Latency:+   -0.154        0.000
        Net Latency:+    0.156 (P)    0.000 (I)
            Arrival:=    2.002        0.086

              Setup:-    0.088
        Uncertainty:-    0.125
      Required Time:=    1.789
       Launch Clock:=    0.086
        Input Delay:+    0.500
          Data Path:+    1.170
              Slack:=    0.032

#-------------------------------------------------------------------------------------------------------
# Timing Point       Flags  Arc      Edge  Cell                           Fanout  Trans   Delay  Arrival  
#                                                                                  (ns)    (ns)     (ns)  
#-------------------------------------------------------------------------------------------------------
  m_ready            -      m_ready  R     (arrival)                           2  0.176   0.005    0.592  
  g39627__3680/Y     -      A->Y     F     NAND2_X1A_A9PP140ZTUL_C35          11  0.176   0.117    0.709  
  g44716/Y           -      A->Y     R     NAND2_X0P5A_A9PP140ZTUL_C35        33  0.175   0.372    1.081  
  g44698/Y           -      A->Y     F     INV_X0P5B_A9PP140ZTUL_C35          64  0.610   0.510    1.591  
  g41598/Y           -      B0N->Y   F     OAI22BB_X0P5M_A9PP140ZTUL_C35       1  0.724   0.166    1.757  
  ro_reg[1][7][8]/D  -      D        F     DFFRPQA_X1M_A9PP140ZTUL_C35         1  0.145   0.000    1.757  
#-------------------------------------------------------------------------------------------------------
Path 2: MET (0.033 ns) Setup Check with Pin ro_reg[1][7][12]/CK->D
               View: wc_analysis_view
              Group: in2reg
         Startpoint: (R) m_ready
              Clock: (R) CLK
           Endpoint: (F) ro_reg[1][7][12]/D
              Clock: (R) CLK

                       Capture       Launch
         Clock Edge:+    2.000        0.000
         Drv Adjust:+    0.000        0.087
        Src Latency:+   -0.154        0.000
        Net Latency:+    0.156 (P)    0.000 (I)
            Arrival:=    2.002        0.086

              Setup:-    0.087
        Uncertainty:-    0.125
      Required Time:=    1.790
       Launch Clock:=    0.086
        Input Delay:+    0.500
          Data Path:+    1.170
              Slack:=    0.033

#--------------------------------------------------------------------------------------------------------
# Timing Point        Flags  Arc      Edge  Cell                           Fanout  Trans   Delay  Arrival  
#                                                                                   (ns)    (ns)     (ns)  
#--------------------------------------------------------------------------------------------------------
  m_ready             -      m_ready  R     (arrival)                           2  0.176   0.005    0.592  
  g39627__3680/Y      -      A->Y     F     NAND2_X1A_A9PP140ZTUL_C35          11  0.176   0.117    0.709  
  g44716/Y            -      A->Y     R     NAND2_X0P5A_A9PP140ZTUL_C35        33  0.175   0.372    1.081  
  g44698/Y            -      A->Y     F     INV_X0P5B_A9PP140ZTUL_C35          64  0.610   0.511    1.592  
  g41602/Y            -      B0N->Y   F     OAI22BB_X0P5M_A9PP140ZTUL_C35       1  0.724   0.164    1.756  
  ro_reg[1][7][12]/D  -      D        F     DFFRPQA_X1M_A9PP140ZTUL_C35         1  0.142   0.000    1.756  
#--------------------------------------------------------------------------------------------------------
Path 3: MET (0.034 ns) Setup Check with Pin ro_reg[1][7][15]/CK->D
               View: wc_analysis_view
              Group: in2reg
         Startpoint: (R) m_ready
              Clock: (R) CLK
           Endpoint: (F) ro_reg[1][7][15]/D
              Clock: (R) CLK

                       Capture       Launch
         Clock Edge:+    2.000        0.000
         Drv Adjust:+    0.000        0.087
        Src Latency:+   -0.154        0.000
        Net Latency:+    0.155 (P)    0.000 (I)
            Arrival:=    2.002        0.086

              Setup:-    0.087
        Uncertainty:-    0.125
      Required Time:=    1.790
       Launch Clock:=    0.086
        Input Delay:+    0.500
          Data Path:+    1.169
              Slack:=    0.034

#--------------------------------------------------------------------------------------------------------
# Timing Point        Flags  Arc      Edge  Cell                           Fanout  Trans   Delay  Arrival  
#                                                                                   (ns)    (ns)     (ns)  
#--------------------------------------------------------------------------------------------------------
  m_ready             -      m_ready  R     (arrival)                           2  0.176   0.005    0.592  
  g39627__3680/Y      -      A->Y     F     NAND2_X1A_A9PP140ZTUL_C35          11  0.176   0.117    0.709  
  g44716/Y            -      A->Y     R     NAND2_X0P5A_A9PP140ZTUL_C35        33  0.175   0.372    1.081  
  g44698/Y            -      A->Y     F     INV_X0P5B_A9PP140ZTUL_C35          64  0.610   0.511    1.592  
  g41605/Y            -      B0N->Y   F     OAI22BB_X0P5M_A9PP140ZTUL_C35       1  0.724   0.164    1.756  
  ro_reg[1][7][15]/D  -      D        F     DFFRPQA_X1M_A9PP140ZTUL_C35         1  0.141   0.000    1.756  
#--------------------------------------------------------------------------------------------------------
Path 4: MET (0.034 ns) Setup Check with Pin ro_reg[1][7][9]/CK->D
               View: wc_analysis_view
              Group: in2reg
         Startpoint: (R) m_ready
              Clock: (R) CLK
           Endpoint: (F) ro_reg[1][7][9]/D
              Clock: (R) CLK

                       Capture       Launch
         Clock Edge:+    2.000        0.000
         Drv Adjust:+    0.000        0.087
        Src Latency:+   -0.154        0.000
        Net Latency:+    0.156 (P)    0.000 (I)
            Arrival:=    2.002        0.086

              Setup:-    0.087
        Uncertainty:-    0.125
      Required Time:=    1.790
       Launch Clock:=    0.086
        Input Delay:+    0.500
          Data Path:+    1.169
              Slack:=    0.034

#-------------------------------------------------------------------------------------------------------
# Timing Point       Flags  Arc      Edge  Cell                           Fanout  Trans   Delay  Arrival  
#                                                                                  (ns)    (ns)     (ns)  
#-------------------------------------------------------------------------------------------------------
  m_ready            -      m_ready  R     (arrival)                           2  0.176   0.005    0.592  
  g39627__3680/Y     -      A->Y     F     NAND2_X1A_A9PP140ZTUL_C35          11  0.176   0.117    0.709  
  g44716/Y           -      A->Y     R     NAND2_X0P5A_A9PP140ZTUL_C35        33  0.175   0.372    1.081  
  g44698/Y           -      A->Y     F     INV_X0P5B_A9PP140ZTUL_C35          64  0.610   0.510    1.591  
  g41599/Y           -      B0N->Y   F     OAI22BB_X0P5M_A9PP140ZTUL_C35       1  0.724   0.165    1.755  
  ro_reg[1][7][9]/D  -      D        F     DFFRPQA_X1M_A9PP140ZTUL_C35         1  0.142   0.000    1.755  
#-------------------------------------------------------------------------------------------------------
Path 5: MET (0.034 ns) Setup Check with Pin ro_reg[1][7][10]/CK->D
               View: wc_analysis_view
              Group: in2reg
         Startpoint: (R) m_ready
              Clock: (R) CLK
           Endpoint: (F) ro_reg[1][7][10]/D
              Clock: (R) CLK

                       Capture       Launch
         Clock Edge:+    2.000        0.000
         Drv Adjust:+    0.000        0.087
        Src Latency:+   -0.154        0.000
        Net Latency:+    0.156 (P)    0.000 (I)
            Arrival:=    2.002        0.086

              Setup:-    0.087
        Uncertainty:-    0.125
      Required Time:=    1.790
       Launch Clock:=    0.086
        Input Delay:+    0.500
          Data Path:+    1.169
              Slack:=    0.034

#--------------------------------------------------------------------------------------------------------
# Timing Point        Flags  Arc      Edge  Cell                           Fanout  Trans   Delay  Arrival  
#                                                                                   (ns)    (ns)     (ns)  
#--------------------------------------------------------------------------------------------------------
  m_ready             -      m_ready  R     (arrival)                           2  0.176   0.005    0.592  
  g39627__3680/Y      -      A->Y     F     NAND2_X1A_A9PP140ZTUL_C35          11  0.176   0.117    0.709  
  g44716/Y            -      A->Y     R     NAND2_X0P5A_A9PP140ZTUL_C35        33  0.175   0.372    1.081  
  g44698/Y            -      A->Y     F     INV_X0P5B_A9PP140ZTUL_C35          64  0.610   0.510    1.591  
  g41600/Y            -      B0N->Y   F     OAI22BB_X0P5M_A9PP140ZTUL_C35       1  0.724   0.164    1.755  
  ro_reg[1][7][10]/D  -      D        F     DFFRPQA_X1M_A9PP140ZTUL_C35         1  0.142   0.000    1.755  
#--------------------------------------------------------------------------------------------------------
Path 6: MET (0.035 ns) Setup Check with Pin ro_reg[1][7][11]/CK->D
               View: wc_analysis_view
              Group: in2reg
         Startpoint: (R) m_ready
              Clock: (R) CLK
           Endpoint: (F) ro_reg[1][7][11]/D
              Clock: (R) CLK

                       Capture       Launch
         Clock Edge:+    2.000        0.000
         Drv Adjust:+    0.000        0.087
        Src Latency:+   -0.154        0.000
        Net Latency:+    0.156 (P)    0.000 (I)
            Arrival:=    2.002        0.086

              Setup:-    0.087
        Uncertainty:-    0.125
      Required Time:=    1.790
       Launch Clock:=    0.086
        Input Delay:+    0.500
          Data Path:+    1.169
              Slack:=    0.035

#--------------------------------------------------------------------------------------------------------
# Timing Point        Flags  Arc      Edge  Cell                           Fanout  Trans   Delay  Arrival  
#                                                                                   (ns)    (ns)     (ns)  
#--------------------------------------------------------------------------------------------------------
  m_ready             -      m_ready  R     (arrival)                           2  0.176   0.005    0.592  
  g39627__3680/Y      -      A->Y     F     NAND2_X1A_A9PP140ZTUL_C35          11  0.176   0.117    0.709  
  g44716/Y            -      A->Y     R     NAND2_X0P5A_A9PP140ZTUL_C35        33  0.175   0.372    1.081  
  g44698/Y            -      A->Y     F     INV_X0P5B_A9PP140ZTUL_C35          64  0.610   0.511    1.592  
  g41601/Y            -      B0N->Y   F     OAI22BB_X0P5M_A9PP140ZTUL_C35       1  0.724   0.163    1.755  
  ro_reg[1][7][11]/D  -      D        F     DFFRPQA_X1M_A9PP140ZTUL_C35         1  0.141   0.000    1.755  
#--------------------------------------------------------------------------------------------------------
Path 7: MET (0.035 ns) Setup Check with Pin ro_reg[1][7][13]/CK->D
               View: wc_analysis_view
              Group: in2reg
         Startpoint: (R) m_ready
              Clock: (R) CLK
           Endpoint: (F) ro_reg[1][7][13]/D
              Clock: (R) CLK

                       Capture       Launch
         Clock Edge:+    2.000        0.000
         Drv Adjust:+    0.000        0.087
        Src Latency:+   -0.154        0.000
        Net Latency:+    0.155 (P)    0.000 (I)
            Arrival:=    2.002        0.086

              Setup:-    0.087
        Uncertainty:-    0.125
      Required Time:=    1.790
       Launch Clock:=    0.086
        Input Delay:+    0.500
          Data Path:+    1.169
              Slack:=    0.035

#--------------------------------------------------------------------------------------------------------
# Timing Point        Flags  Arc      Edge  Cell                           Fanout  Trans   Delay  Arrival  
#                                                                                   (ns)    (ns)     (ns)  
#--------------------------------------------------------------------------------------------------------
  m_ready             -      m_ready  R     (arrival)                           2  0.176   0.005    0.592  
  g39627__3680/Y      -      A->Y     F     NAND2_X1A_A9PP140ZTUL_C35          11  0.176   0.117    0.709  
  g44716/Y            -      A->Y     R     NAND2_X0P5A_A9PP140ZTUL_C35        33  0.175   0.372    1.081  
  g44698/Y            -      A->Y     F     INV_X0P5B_A9PP140ZTUL_C35          64  0.610   0.511    1.592  
  g41603/Y            -      B0N->Y   F     OAI22BB_X0P5M_A9PP140ZTUL_C35       1  0.724   0.163    1.755  
  ro_reg[1][7][13]/D  -      D        F     DFFRPQA_X1M_A9PP140ZTUL_C35         1  0.140   0.000    1.755  
#--------------------------------------------------------------------------------------------------------
Path 8: MET (0.035 ns) Setup Check with Pin ro_reg[1][7][14]/CK->D
               View: wc_analysis_view
              Group: in2reg
         Startpoint: (R) m_ready
              Clock: (R) CLK
           Endpoint: (F) ro_reg[1][7][14]/D
              Clock: (R) CLK

                       Capture       Launch
         Clock Edge:+    2.000        0.000
         Drv Adjust:+    0.000        0.087
        Src Latency:+   -0.154        0.000
        Net Latency:+    0.155 (P)    0.000 (I)
            Arrival:=    2.002        0.086

              Setup:-    0.087
        Uncertainty:-    0.125
      Required Time:=    1.790
       Launch Clock:=    0.086
        Input Delay:+    0.500
          Data Path:+    1.168
              Slack:=    0.035

#--------------------------------------------------------------------------------------------------------
# Timing Point        Flags  Arc      Edge  Cell                           Fanout  Trans   Delay  Arrival  
#                                                                                   (ns)    (ns)     (ns)  
#--------------------------------------------------------------------------------------------------------
  m_ready             -      m_ready  R     (arrival)                           2  0.176   0.005    0.592  
  g39627__3680/Y      -      A->Y     F     NAND2_X1A_A9PP140ZTUL_C35          11  0.176   0.117    0.709  
  g44716/Y            -      A->Y     R     NAND2_X0P5A_A9PP140ZTUL_C35        33  0.175   0.372    1.081  
  g44698/Y            -      A->Y     F     INV_X0P5B_A9PP140ZTUL_C35          64  0.610   0.511    1.592  
  g41604/Y            -      B0N->Y   F     OAI22BB_X0P5M_A9PP140ZTUL_C35       1  0.724   0.163    1.755  
  ro_reg[1][7][14]/D  -      D        F     DFFRPQA_X1M_A9PP140ZTUL_C35         1  0.140   0.000    1.755  
#--------------------------------------------------------------------------------------------------------
Path 9: MET (0.036 ns) Setup Check with Pin ro_reg[1][7][5]/CK->D
               View: wc_analysis_view
              Group: in2reg
         Startpoint: (R) m_ready
              Clock: (R) CLK
           Endpoint: (F) ro_reg[1][7][5]/D
              Clock: (R) CLK

                       Capture       Launch
         Clock Edge:+    2.000        0.000
         Drv Adjust:+    0.000        0.087
        Src Latency:+   -0.154        0.000
        Net Latency:+    0.155 (P)    0.000 (I)
            Arrival:=    2.002        0.086

              Setup:-    0.087
        Uncertainty:-    0.125
      Required Time:=    1.789
       Launch Clock:=    0.086
        Input Delay:+    0.500
          Data Path:+    1.167
              Slack:=    0.036

#-------------------------------------------------------------------------------------------------------
# Timing Point       Flags  Arc      Edge  Cell                           Fanout  Trans   Delay  Arrival  
#                                                                                  (ns)    (ns)     (ns)  
#-------------------------------------------------------------------------------------------------------
  m_ready            -      m_ready  R     (arrival)                           2  0.176   0.005    0.592  
  g39627__3680/Y     -      A->Y     F     NAND2_X1A_A9PP140ZTUL_C35          11  0.176   0.117    0.709  
  g44716/Y           -      A->Y     R     NAND2_X0P5A_A9PP140ZTUL_C35        33  0.175   0.372    1.081  
  g44698/Y           -      A->Y     F     INV_X0P5B_A9PP140ZTUL_C35          64  0.610   0.508    1.589  
  g41596/Y           -      B0N->Y   F     OAI22BB_X0P5M_A9PP140ZTUL_C35       1  0.724   0.165    1.754  
  ro_reg[1][7][5]/D  -      D        F     DFFRPQA_X1M_A9PP140ZTUL_C35         1  0.142   0.000    1.754  
#-------------------------------------------------------------------------------------------------------
Path 10: MET (0.036 ns) Setup Check with Pin ro_reg[1][7][7]/CK->D
               View: wc_analysis_view
              Group: in2reg
         Startpoint: (R) m_ready
              Clock: (R) CLK
           Endpoint: (F) ro_reg[1][7][7]/D
              Clock: (R) CLK

                       Capture       Launch
         Clock Edge:+    2.000        0.000
         Drv Adjust:+    0.000        0.087
        Src Latency:+   -0.154        0.000
        Net Latency:+    0.156 (P)    0.000 (I)
            Arrival:=    2.002        0.086

              Setup:-    0.087
        Uncertainty:-    0.125
      Required Time:=    1.790
       Launch Clock:=    0.086
        Input Delay:+    0.500
          Data Path:+    1.167
              Slack:=    0.036

#-------------------------------------------------------------------------------------------------------
# Timing Point       Flags  Arc      Edge  Cell                           Fanout  Trans   Delay  Arrival  
#                                                                                  (ns)    (ns)     (ns)  
#-------------------------------------------------------------------------------------------------------
  m_ready            -      m_ready  R     (arrival)                           2  0.176   0.005    0.592  
  g39627__3680/Y     -      A->Y     F     NAND2_X1A_A9PP140ZTUL_C35          11  0.176   0.117    0.709  
  g44716/Y           -      A->Y     R     NAND2_X0P5A_A9PP140ZTUL_C35        33  0.175   0.372    1.081  
  g44698/Y           -      A->Y     F     INV_X0P5B_A9PP140ZTUL_C35          64  0.610   0.509    1.590  
  g41597/Y           -      B0N->Y   F     OAI22BB_X0P5M_A9PP140ZTUL_C35       1  0.724   0.164    1.754  
  ro_reg[1][7][7]/D  -      D        F     DFFRPQA_X1M_A9PP140ZTUL_C35         1  0.141   0.000    1.754  
#-------------------------------------------------------------------------------------------------------
Path 11: MET (0.036 ns) Setup Check with Pin ro_reg[1][7][6]/CK->D
               View: wc_analysis_view
              Group: in2reg
         Startpoint: (R) m_ready
              Clock: (R) CLK
           Endpoint: (F) ro_reg[1][7][6]/D
              Clock: (R) CLK

                       Capture       Launch
         Clock Edge:+    2.000        0.000
         Drv Adjust:+    0.000        0.087
        Src Latency:+   -0.154        0.000
        Net Latency:+    0.156 (P)    0.000 (I)
            Arrival:=    2.002        0.086

              Setup:-    0.087
        Uncertainty:-    0.125
      Required Time:=    1.790
       Launch Clock:=    0.086
        Input Delay:+    0.500
          Data Path:+    1.167
              Slack:=    0.036

#-------------------------------------------------------------------------------------------------------
# Timing Point       Flags  Arc      Edge  Cell                           Fanout  Trans   Delay  Arrival  
#                                                                                  (ns)    (ns)     (ns)  
#-------------------------------------------------------------------------------------------------------
  m_ready            -      m_ready  R     (arrival)                           2  0.176   0.005    0.592  
  g39627__3680/Y     -      A->Y     F     NAND2_X1A_A9PP140ZTUL_C35          11  0.176   0.117    0.709  
  g44716/Y           -      A->Y     R     NAND2_X0P5A_A9PP140ZTUL_C35        33  0.175   0.372    1.081  
  g44698/Y           -      A->Y     F     INV_X0P5B_A9PP140ZTUL_C35          64  0.610   0.509    1.589  
  g41595/Y           -      B0N->Y   F     OAI22BB_X0P5M_A9PP140ZTUL_C35       1  0.724   0.164    1.754  
  ro_reg[1][7][6]/D  -      D        F     DFFRPQA_X1M_A9PP140ZTUL_C35         1  0.142   0.000    1.754  
#-------------------------------------------------------------------------------------------------------
Path 12: MET (0.037 ns) Setup Check with Pin ro_reg[1][7][3]/CK->D
               View: wc_analysis_view
              Group: in2reg
         Startpoint: (R) m_ready
              Clock: (R) CLK
           Endpoint: (F) ro_reg[1][7][3]/D
              Clock: (R) CLK

                       Capture       Launch
         Clock Edge:+    2.000        0.000
         Drv Adjust:+    0.000        0.087
        Src Latency:+   -0.154        0.000
        Net Latency:+    0.155 (P)    0.000 (I)
            Arrival:=    2.002        0.086

              Setup:-    0.087
        Uncertainty:-    0.125
      Required Time:=    1.789
       Launch Clock:=    0.086
        Input Delay:+    0.500
          Data Path:+    1.166
              Slack:=    0.037

#-------------------------------------------------------------------------------------------------------
# Timing Point       Flags  Arc      Edge  Cell                           Fanout  Trans   Delay  Arrival  
#                                                                                  (ns)    (ns)     (ns)  
#-------------------------------------------------------------------------------------------------------
  m_ready            -      m_ready  R     (arrival)                           2  0.176   0.005    0.592  
  g39627__3680/Y     -      A->Y     F     NAND2_X1A_A9PP140ZTUL_C35          11  0.176   0.117    0.709  
  g44716/Y           -      A->Y     R     NAND2_X0P5A_A9PP140ZTUL_C35        33  0.175   0.372    1.081  
  g44698/Y           -      A->Y     F     INV_X0P5B_A9PP140ZTUL_C35          64  0.610   0.507    1.588  
  g41592/Y           -      B0N->Y   F     OAI22BB_X0P5M_A9PP140ZTUL_C35       1  0.724   0.165    1.753  
  ro_reg[1][7][3]/D  -      D        F     DFFRPQA_X1M_A9PP140ZTUL_C35         1  0.143   0.000    1.753  
#-------------------------------------------------------------------------------------------------------
Path 13: MET (0.037 ns) Setup Check with Pin ro_reg[1][7][2]/CK->D
               View: wc_analysis_view
              Group: in2reg
         Startpoint: (R) m_ready
              Clock: (R) CLK
           Endpoint: (F) ro_reg[1][7][2]/D
              Clock: (R) CLK

                       Capture       Launch
         Clock Edge:+    2.000        0.000
         Drv Adjust:+    0.000        0.087
        Src Latency:+   -0.154        0.000
        Net Latency:+    0.155 (P)    0.000 (I)
            Arrival:=    2.002        0.086

              Setup:-    0.088
        Uncertainty:-    0.125
      Required Time:=    1.789
       Launch Clock:=    0.086
        Input Delay:+    0.500
          Data Path:+    1.166
              Slack:=    0.037

#-------------------------------------------------------------------------------------------------------
# Timing Point       Flags  Arc      Edge  Cell                           Fanout  Trans   Delay  Arrival  
#                                                                                  (ns)    (ns)     (ns)  
#-------------------------------------------------------------------------------------------------------
  m_ready            -      m_ready  R     (arrival)                           2  0.176   0.005    0.592  
  g39627__3680/Y     -      A->Y     F     NAND2_X1A_A9PP140ZTUL_C35          11  0.176   0.117    0.709  
  g44716/Y           -      A->Y     R     NAND2_X0P5A_A9PP140ZTUL_C35        33  0.175   0.372    1.081  
  g44698/Y           -      A->Y     F     INV_X0P5B_A9PP140ZTUL_C35          64  0.610   0.506    1.587  
  g41591/Y           -      B0N->Y   F     OAI22BB_X0P5M_A9PP140ZTUL_C35       1  0.724   0.165    1.752  
  ro_reg[1][7][2]/D  -      D        F     DFFRPQA_X1M_A9PP140ZTUL_C35         1  0.144   0.000    1.752  
#-------------------------------------------------------------------------------------------------------
Path 14: MET (0.037 ns) Setup Check with Pin ro_reg[1][7][4]/CK->D
               View: wc_analysis_view
              Group: in2reg
         Startpoint: (R) m_ready
              Clock: (R) CLK
           Endpoint: (F) ro_reg[1][7][4]/D
              Clock: (R) CLK

                       Capture       Launch
         Clock Edge:+    2.000        0.000
         Drv Adjust:+    0.000        0.087
        Src Latency:+   -0.154        0.000
        Net Latency:+    0.155 (P)    0.000 (I)
            Arrival:=    2.002        0.086

              Setup:-    0.087
        Uncertainty:-    0.125
      Required Time:=    1.790
       Launch Clock:=    0.086
        Input Delay:+    0.500
          Data Path:+    1.166
              Slack:=    0.037

#-------------------------------------------------------------------------------------------------------
# Timing Point       Flags  Arc      Edge  Cell                           Fanout  Trans   Delay  Arrival  
#                                                                                  (ns)    (ns)     (ns)  
#-------------------------------------------------------------------------------------------------------
  m_ready            -      m_ready  R     (arrival)                           2  0.176   0.005    0.592  
  g39627__3680/Y     -      A->Y     F     NAND2_X1A_A9PP140ZTUL_C35          11  0.176   0.117    0.709  
  g44716/Y           -      A->Y     R     NAND2_X0P5A_A9PP140ZTUL_C35        33  0.175   0.372    1.081  
  g44698/Y           -      A->Y     F     INV_X0P5B_A9PP140ZTUL_C35          64  0.610   0.508    1.588  
  g41594/Y           -      B0N->Y   F     OAI22BB_X0P5M_A9PP140ZTUL_C35       1  0.724   0.164    1.752  
  ro_reg[1][7][4]/D  -      D        F     DFFRPQA_X1M_A9PP140ZTUL_C35         1  0.142   0.000    1.752  
#-------------------------------------------------------------------------------------------------------
Path 15: MET (0.038 ns) Setup Check with Pin ro_reg[1][7][1]/CK->D
               View: wc_analysis_view
              Group: in2reg
         Startpoint: (R) m_ready
              Clock: (R) CLK
           Endpoint: (F) ro_reg[1][7][1]/D
              Clock: (R) CLK

                       Capture       Launch
         Clock Edge:+    2.000        0.000
         Drv Adjust:+    0.000        0.087
        Src Latency:+   -0.154        0.000
        Net Latency:+    0.155 (P)    0.000 (I)
            Arrival:=    2.002        0.086

              Setup:-    0.087
        Uncertainty:-    0.125
      Required Time:=    1.789
       Launch Clock:=    0.086
        Input Delay:+    0.500
          Data Path:+    1.165
              Slack:=    0.038

#-------------------------------------------------------------------------------------------------------
# Timing Point       Flags  Arc      Edge  Cell                           Fanout  Trans   Delay  Arrival  
#                                                                                  (ns)    (ns)     (ns)  
#-------------------------------------------------------------------------------------------------------
  m_ready            -      m_ready  R     (arrival)                           2  0.176   0.005    0.592  
  g39627__3680/Y     -      A->Y     F     NAND2_X1A_A9PP140ZTUL_C35          11  0.176   0.117    0.709  
  g44716/Y           -      A->Y     R     NAND2_X0P5A_A9PP140ZTUL_C35        33  0.175   0.372    1.081  
  g44698/Y           -      A->Y     F     INV_X0P5B_A9PP140ZTUL_C35          64  0.610   0.505    1.586  
  g41593/Y           -      B0N->Y   F     OAI22BB_X0P5M_A9PP140ZTUL_C35       1  0.724   0.165    1.751  
  ro_reg[1][7][1]/D  -      D        F     DFFRPQA_X1M_A9PP140ZTUL_C35         1  0.143   0.000    1.751  
#-------------------------------------------------------------------------------------------------------
Path 16: MET (0.041 ns) Setup Check with Pin ro_reg[1][7][0]/CK->D
               View: wc_analysis_view
              Group: in2reg
         Startpoint: (R) m_ready
              Clock: (R) CLK
           Endpoint: (F) ro_reg[1][7][0]/D
              Clock: (R) CLK

                       Capture       Launch
         Clock Edge:+    2.000        0.000
         Drv Adjust:+    0.000        0.087
        Src Latency:+   -0.154        0.000
        Net Latency:+    0.155 (P)    0.000 (I)
            Arrival:=    2.001        0.086

              Setup:-    0.087
        Uncertainty:-    0.125
      Required Time:=    1.790
       Launch Clock:=    0.086
        Input Delay:+    0.500
          Data Path:+    1.162
              Slack:=    0.041

#-------------------------------------------------------------------------------------------------------
# Timing Point       Flags  Arc      Edge  Cell                           Fanout  Trans   Delay  Arrival  
#                                                                                  (ns)    (ns)     (ns)  
#-------------------------------------------------------------------------------------------------------
  m_ready            -      m_ready  R     (arrival)                           2  0.176   0.005    0.592  
  g39627__3680/Y     -      A->Y     F     NAND2_X1A_A9PP140ZTUL_C35          11  0.176   0.117    0.709  
  g44716/Y           -      A->Y     R     NAND2_X0P5A_A9PP140ZTUL_C35        33  0.175   0.372    1.081  
  g44698/Y           -      A->Y     F     INV_X0P5B_A9PP140ZTUL_C35          64  0.610   0.505    1.585  
  g41590/Y           -      B0N->Y   F     OAI22BB_X0P5M_A9PP140ZTUL_C35       1  0.724   0.163    1.748  
  ro_reg[1][7][0]/D  -      D        F     DFFRPQA_X1M_A9PP140ZTUL_C35         1  0.140   0.000    1.748  
#-------------------------------------------------------------------------------------------------------
Path 17: MET (0.067 ns) Setup Check with Pin ro_reg[2][1][6]/CK->D
               View: wc_analysis_view
              Group: in2reg
         Startpoint: (R) m_ready
              Clock: (R) CLK
           Endpoint: (F) ro_reg[2][1][6]/D
              Clock: (R) CLK

                       Capture       Launch
         Clock Edge:+    2.000        0.000
         Drv Adjust:+    0.000        0.087
        Src Latency:+   -0.154        0.000
        Net Latency:+    0.154 (P)    0.000 (I)
            Arrival:=    2.001        0.086

              Setup:-    0.101
        Uncertainty:-    0.125
      Required Time:=    1.775
       Launch Clock:=    0.086
        Input Delay:+    0.500
          Data Path:+    1.122
              Slack:=    0.067

#---------------------------------------------------------------------------------------------------------------------
# Timing Point                      Flags  Arc      Edge  Cell                          Fanout  Trans   Delay  Arrival  
#                                                                                                (ns)    (ns)     (ns)  
#---------------------------------------------------------------------------------------------------------------------
  m_ready                           -      m_ready  R     (arrival)                          2  0.176   0.005    0.592  
  g39627__3680/Y                    -      A->Y     F     NAND2_X1A_A9PP140ZTUL_C35         11  0.176   0.118    0.710  
  place_opt_inst_FE_OFC77_n_3027/Y  -      A->Y     R     INV_X1M_A9PP140ZTUL_C35           21  0.175   0.201    0.910  
  g44717/Y                          -      A->Y     F     NOR2_X0P7B_A9PP140ZTUL_C35        49  0.262   0.337    1.247  
  g44699/Y                          -      A->Y     R     INV_X0P7M_A9PP140ZTUL_C35         48  0.511   0.411    1.658  
  g41521/Y                          -      B0->Y    F     OAI22_X0P5M_A9PP140ZTUL_C35        1  0.503   0.050    1.708  
  ro_reg[2][1][6]/D                 -      D        F     DFFRPQNA_X1M_A9PP140ZTUL_C35       1  0.169   0.000    1.708  
#---------------------------------------------------------------------------------------------------------------------
Path 18: MET (0.070 ns) Setup Check with Pin ro_reg[2][1][7]/CK->D
               View: wc_analysis_view
              Group: in2reg
         Startpoint: (R) m_ready
              Clock: (R) CLK
           Endpoint: (F) ro_reg[2][1][7]/D
              Clock: (R) CLK

                       Capture       Launch
         Clock Edge:+    2.000        0.000
         Drv Adjust:+    0.000        0.087
        Src Latency:+   -0.154        0.000
        Net Latency:+    0.152 (P)    0.000 (I)
            Arrival:=    1.999        0.086

              Setup:-    0.102
        Uncertainty:-    0.125
      Required Time:=    1.772
       Launch Clock:=    0.086
        Input Delay:+    0.500
          Data Path:+    1.116
              Slack:=    0.070

#---------------------------------------------------------------------------------------------------------------------
# Timing Point                      Flags  Arc      Edge  Cell                          Fanout  Trans   Delay  Arrival  
#                                                                                                (ns)    (ns)     (ns)  
#---------------------------------------------------------------------------------------------------------------------
  m_ready                           -      m_ready  R     (arrival)                          2  0.176   0.005    0.592  
  g39627__3680/Y                    -      A->Y     F     NAND2_X1A_A9PP140ZTUL_C35         11  0.176   0.118    0.710  
  place_opt_inst_FE_OFC77_n_3027/Y  -      A->Y     R     INV_X1M_A9PP140ZTUL_C35           21  0.175   0.201    0.910  
  g44717/Y                          -      A->Y     F     NOR2_X0P7B_A9PP140ZTUL_C35        49  0.262   0.337    1.247  
  g44699/Y                          -      A->Y     R     INV_X0P7M_A9PP140ZTUL_C35         48  0.511   0.401    1.649  
  g41516/Y                          -      B0->Y    F     OAI22_X0P5M_A9PP140ZTUL_C35        1  0.503   0.053    1.702  
  ro_reg[2][1][7]/D                 -      D        F     DFFRPQNA_X1M_A9PP140ZTUL_C35       1  0.172   0.000    1.702  
#---------------------------------------------------------------------------------------------------------------------
Path 19: MET (0.074 ns) Setup Check with Pin ro_reg[2][1][8]/CK->D
               View: wc_analysis_view
              Group: in2reg
         Startpoint: (R) m_ready
              Clock: (R) CLK
           Endpoint: (F) ro_reg[2][1][8]/D
              Clock: (R) CLK

                       Capture       Launch
         Clock Edge:+    2.000        0.000
         Drv Adjust:+    0.000        0.087
        Src Latency:+   -0.154        0.000
        Net Latency:+    0.154 (P)    0.000 (I)
            Arrival:=    2.001        0.086

              Setup:-    0.099
        Uncertainty:-    0.125
      Required Time:=    1.777
       Launch Clock:=    0.086
        Input Delay:+    0.500
          Data Path:+    1.116
              Slack:=    0.074

#---------------------------------------------------------------------------------------------------------------------
# Timing Point                      Flags  Arc      Edge  Cell                          Fanout  Trans   Delay  Arrival  
#                                                                                                (ns)    (ns)     (ns)  
#---------------------------------------------------------------------------------------------------------------------
  m_ready                           -      m_ready  R     (arrival)                          2  0.176   0.005    0.592  
  g39627__3680/Y                    -      A->Y     F     NAND2_X1A_A9PP140ZTUL_C35         11  0.176   0.118    0.710  
  place_opt_inst_FE_OFC77_n_3027/Y  -      A->Y     R     INV_X1M_A9PP140ZTUL_C35           21  0.175   0.201    0.910  
  g44717/Y                          -      A->Y     F     NOR2_X0P7B_A9PP140ZTUL_C35        49  0.262   0.337    1.247  
  g44699/Y                          -      A->Y     R     INV_X0P7M_A9PP140ZTUL_C35         48  0.511   0.410    1.658  
  g41511/Y                          -      B0->Y    F     OAI22_X0P5M_A9PP140ZTUL_C35        1  0.503   0.045    1.703  
  ro_reg[2][1][8]/D                 -      D        F     DFFRPQNA_X1M_A9PP140ZTUL_C35       1  0.163   0.000    1.703  
#---------------------------------------------------------------------------------------------------------------------
Path 20: MET (0.075 ns) Setup Check with Pin ro_reg[2][1][10]/CK->D
               View: wc_analysis_view
              Group: in2reg
         Startpoint: (R) m_ready
              Clock: (R) CLK
           Endpoint: (F) ro_reg[2][1][10]/D
              Clock: (R) CLK

                       Capture       Launch
         Clock Edge:+    2.000        0.000
         Drv Adjust:+    0.000        0.087
        Src Latency:+   -0.154        0.000
        Net Latency:+    0.153 (P)    0.000 (I)
            Arrival:=    1.999        0.086

              Setup:-    0.099
        Uncertainty:-    0.125
      Required Time:=    1.775
       Launch Clock:=    0.086
        Input Delay:+    0.500
          Data Path:+    1.114
              Slack:=    0.075

#---------------------------------------------------------------------------------------------------------------------
# Timing Point                      Flags  Arc      Edge  Cell                          Fanout  Trans   Delay  Arrival  
#                                                                                                (ns)    (ns)     (ns)  
#---------------------------------------------------------------------------------------------------------------------
  m_ready                           -      m_ready  R     (arrival)                          2  0.176   0.005    0.592  
  g39627__3680/Y                    -      A->Y     F     NAND2_X1A_A9PP140ZTUL_C35         11  0.176   0.118    0.710  
  place_opt_inst_FE_OFC77_n_3027/Y  -      A->Y     R     INV_X1M_A9PP140ZTUL_C35           21  0.175   0.201    0.910  
  g44717/Y                          -      A->Y     F     NOR2_X0P7B_A9PP140ZTUL_C35        49  0.262   0.337    1.247  
  g44699/Y                          -      A->Y     R     INV_X0P7M_A9PP140ZTUL_C35         48  0.511   0.410    1.658  
  g41501/Y                          -      B0->Y    F     OAI22_X0P5M_A9PP140ZTUL_C35        1  0.503   0.043    1.700  
  ro_reg[2][1][10]/D                -      D        F     DFFRPQNA_X1M_A9PP140ZTUL_C35       1  0.161   0.000    1.700  
#---------------------------------------------------------------------------------------------------------------------
Path 21: MET (0.077 ns) Setup Check with Pin ro_reg[2][1][5]/CK->D
               View: wc_analysis_view
              Group: in2reg
         Startpoint: (R) m_ready
              Clock: (R) CLK
           Endpoint: (F) ro_reg[2][1][5]/D
              Clock: (R) CLK

                       Capture       Launch
         Clock Edge:+    2.000        0.000
         Drv Adjust:+    0.000        0.087
        Src Latency:+   -0.154        0.000
        Net Latency:+    0.153 (P)    0.000 (I)
            Arrival:=    1.999        0.086

              Setup:-    0.098
        Uncertainty:-    0.125
      Required Time:=    1.776
       Launch Clock:=    0.086
        Input Delay:+    0.500
          Data Path:+    1.113
              Slack:=    0.077

#---------------------------------------------------------------------------------------------------------------------
# Timing Point                      Flags  Arc      Edge  Cell                          Fanout  Trans   Delay  Arrival  
#                                                                                                (ns)    (ns)     (ns)  
#---------------------------------------------------------------------------------------------------------------------
  m_ready                           -      m_ready  R     (arrival)                          2  0.176   0.005    0.592  
  g39627__3680/Y                    -      A->Y     F     NAND2_X1A_A9PP140ZTUL_C35         11  0.176   0.118    0.710  
  place_opt_inst_FE_OFC77_n_3027/Y  -      A->Y     R     INV_X1M_A9PP140ZTUL_C35           21  0.175   0.201    0.910  
  g44717/Y                          -      A->Y     F     NOR2_X0P7B_A9PP140ZTUL_C35        49  0.262   0.337    1.247  
  g44699/Y                          -      A->Y     R     INV_X0P7M_A9PP140ZTUL_C35         48  0.511   0.410    1.658  
  g41648/Y                          -      B0->Y    F     OAI22_X0P5M_A9PP140ZTUL_C35        1  0.503   0.041    1.699  
  ro_reg[2][1][5]/D                 -      D        F     DFFRPQNA_X1M_A9PP140ZTUL_C35       1  0.159   0.000    1.699  
#---------------------------------------------------------------------------------------------------------------------
Path 22: MET (0.078 ns) Setup Check with Pin ro_reg[2][1][2]/CK->D
               View: wc_analysis_view
              Group: in2reg
         Startpoint: (R) m_ready
              Clock: (R) CLK
           Endpoint: (F) ro_reg[2][1][2]/D
              Clock: (R) CLK

                       Capture       Launch
         Clock Edge:+    2.000        0.000
         Drv Adjust:+    0.000        0.087
        Src Latency:+   -0.154        0.000
        Net Latency:+    0.152 (P)    0.000 (I)
            Arrival:=    1.999        0.086

              Setup:-    0.098
        Uncertainty:-    0.125
      Required Time:=    1.776
       Launch Clock:=    0.086
        Input Delay:+    0.500
          Data Path:+    1.111
              Slack:=    0.078

#---------------------------------------------------------------------------------------------------------------------
# Timing Point                      Flags  Arc      Edge  Cell                          Fanout  Trans   Delay  Arrival  
#                                                                                                (ns)    (ns)     (ns)  
#---------------------------------------------------------------------------------------------------------------------
  m_ready                           -      m_ready  R     (arrival)                          2  0.176   0.005    0.592  
  g39627__3680/Y                    -      A->Y     F     NAND2_X1A_A9PP140ZTUL_C35         11  0.176   0.118    0.710  
  place_opt_inst_FE_OFC77_n_3027/Y  -      A->Y     R     INV_X1M_A9PP140ZTUL_C35           21  0.175   0.201    0.910  
  g44717/Y                          -      A->Y     F     NOR2_X0P7B_A9PP140ZTUL_C35        49  0.262   0.337    1.247  
  g44699/Y                          -      A->Y     R     INV_X0P7M_A9PP140ZTUL_C35         48  0.511   0.410    1.657  
  g41645/Y                          -      B0->Y    F     OAI22_X0P5M_A9PP140ZTUL_C35        1  0.503   0.040    1.698  
  ro_reg[2][1][2]/D                 -      D        F     DFFRPQNA_X1M_A9PP140ZTUL_C35       1  0.158   0.000    1.698  
#---------------------------------------------------------------------------------------------------------------------
Path 23: MET (0.086 ns) Setup Check with Pin ro_reg[2][1][9]/CK->D
               View: wc_analysis_view
              Group: in2reg
         Startpoint: (R) m_ready
              Clock: (R) CLK
           Endpoint: (F) ro_reg[2][1][9]/D
              Clock: (R) CLK

                       Capture       Launch
         Clock Edge:+    2.000        0.000
         Drv Adjust:+    0.000        0.087
        Src Latency:+   -0.154        0.000
        Net Latency:+    0.153 (P)    0.000 (I)
            Arrival:=    2.000        0.086

              Setup:-    0.097
        Uncertainty:-    0.125
      Required Time:=    1.778
       Launch Clock:=    0.086
        Input Delay:+    0.500
          Data Path:+    1.106
              Slack:=    0.086

#---------------------------------------------------------------------------------------------------------------------
# Timing Point                      Flags  Arc      Edge  Cell                          Fanout  Trans   Delay  Arrival  
#                                                                                                (ns)    (ns)     (ns)  
#---------------------------------------------------------------------------------------------------------------------
  m_ready                           -      m_ready  R     (arrival)                          2  0.176   0.005    0.592  
  g39627__3680/Y                    -      A->Y     F     NAND2_X1A_A9PP140ZTUL_C35         11  0.176   0.118    0.710  
  place_opt_inst_FE_OFC77_n_3027/Y  -      A->Y     R     INV_X1M_A9PP140ZTUL_C35           21  0.175   0.201    0.910  
  g44717/Y                          -      A->Y     F     NOR2_X0P7B_A9PP140ZTUL_C35        49  0.262   0.337    1.247  
  g44699/Y                          -      A->Y     R     INV_X0P7M_A9PP140ZTUL_C35         48  0.511   0.410    1.658  
  g41506/Y                          -      B0->Y    F     OAI22_X0P5M_A9PP140ZTUL_C35        1  0.503   0.035    1.692  
  ro_reg[2][1][9]/D                 -      D        F     DFFRPQNA_X1M_A9PP140ZTUL_C35       1  0.153   0.000    1.692  
#---------------------------------------------------------------------------------------------------------------------
Path 24: MET (0.088 ns) Setup Check with Pin ro_reg[2][1][4]/CK->D
               View: wc_analysis_view
              Group: in2reg
         Startpoint: (R) m_ready
              Clock: (R) CLK
           Endpoint: (F) ro_reg[2][1][4]/D
              Clock: (R) CLK

                       Capture       Launch
         Clock Edge:+    2.000        0.000
         Drv Adjust:+    0.000        0.087
        Src Latency:+   -0.154        0.000
        Net Latency:+    0.154 (P)    0.000 (I)
            Arrival:=    2.001        0.086

              Setup:-    0.096
        Uncertainty:-    0.125
      Required Time:=    1.780
       Launch Clock:=    0.086
        Input Delay:+    0.500
          Data Path:+    1.105
              Slack:=    0.088

#---------------------------------------------------------------------------------------------------------------------
# Timing Point                      Flags  Arc      Edge  Cell                          Fanout  Trans   Delay  Arrival  
#                                                                                                (ns)    (ns)     (ns)  
#---------------------------------------------------------------------------------------------------------------------
  m_ready                           -      m_ready  R     (arrival)                          2  0.176   0.005    0.592  
  g39627__3680/Y                    -      A->Y     F     NAND2_X1A_A9PP140ZTUL_C35         11  0.176   0.118    0.710  
  place_opt_inst_FE_OFC77_n_3027/Y  -      A->Y     R     INV_X1M_A9PP140ZTUL_C35           21  0.175   0.201    0.910  
  g44717/Y                          -      A->Y     F     NOR2_X0P7B_A9PP140ZTUL_C35        49  0.262   0.337    1.247  
  g44699/Y                          -      A->Y     R     INV_X0P7M_A9PP140ZTUL_C35         48  0.511   0.411    1.658  
  g41647/Y                          -      B0->Y    F     OAI22_X0P5M_A9PP140ZTUL_C35        1  0.503   0.034    1.691  
  ro_reg[2][1][4]/D                 -      D        F     DFFRPQNA_X1M_A9PP140ZTUL_C35       1  0.152   0.000    1.691  
#---------------------------------------------------------------------------------------------------------------------
Path 25: MET (0.091 ns) Setup Check with Pin ro_reg[3][5][4]/CK->D
               View: wc_analysis_view
              Group: in2reg
         Startpoint: (R) m_ready
              Clock: (R) CLK
           Endpoint: (R) ro_reg[3][5][4]/D
              Clock: (R) CLK

                       Capture       Launch
         Clock Edge:+    2.000        0.000
         Drv Adjust:+    0.000        0.087
        Src Latency:+   -0.154        0.000
        Net Latency:+    0.155 (P)    0.000 (I)
            Arrival:=    2.001        0.086

              Setup:-    0.021
        Uncertainty:-    0.125
      Required Time:=    1.854
       Launch Clock:=    0.086
        Input Delay:+    0.500
          Data Path:+    1.177
              Slack:=    0.091

#------------------------------------------------------------------------------------------------------
# Timing Point       Flags  Arc      Edge  Cell                          Fanout  Trans   Delay  Arrival  
#                                                                                 (ns)    (ns)     (ns)  
#------------------------------------------------------------------------------------------------------
  m_ready            -      m_ready  R     (arrival)                          2  0.176   0.005    0.592  
  g39627__3680/Y     -      A->Y     F     NAND2_X1A_A9PP140ZTUL_C35         11  0.176   0.117    0.709  
  g44716/Y           -      A->Y     R     NAND2_X0P5A_A9PP140ZTUL_C35       33  0.175   0.372    1.081  
  g44698/Y           -      A->Y     F     INV_X0P5B_A9PP140ZTUL_C35         64  0.610   0.510    1.590  
  g41628/Y           -      A0->Y    R     OAI22_X0P5M_A9PP140ZTUL_C35        1  0.724   0.173    1.764  
  ro_reg[3][5][4]/D  -      D        R     DFFRPQNA_X1M_A9PP140ZTUL_C35       1  0.203   0.000    1.764  
#------------------------------------------------------------------------------------------------------
Path 26: MET (0.093 ns) Setup Check with Pin ro_reg[2][1][12]/CK->D
               View: wc_analysis_view
              Group: in2reg
         Startpoint: (R) m_ready
              Clock: (R) CLK
           Endpoint: (F) ro_reg[2][1][12]/D
              Clock: (R) CLK

                       Capture       Launch
         Clock Edge:+    2.000        0.000
         Drv Adjust:+    0.000        0.087
        Src Latency:+   -0.154        0.000
        Net Latency:+    0.153 (P)    0.000 (I)
            Arrival:=    1.999        0.086

              Setup:-    0.094
        Uncertainty:-    0.125
      Required Time:=    1.780
       Launch Clock:=    0.086
        Input Delay:+    0.500
          Data Path:+    1.100
              Slack:=    0.093

#---------------------------------------------------------------------------------------------------------------------
# Timing Point                      Flags  Arc      Edge  Cell                          Fanout  Trans   Delay  Arrival  
#                                                                                                (ns)    (ns)     (ns)  
#---------------------------------------------------------------------------------------------------------------------
  m_ready                           -      m_ready  R     (arrival)                          2  0.176   0.005    0.592  
  g39627__3680/Y                    -      A->Y     F     NAND2_X1A_A9PP140ZTUL_C35         11  0.176   0.118    0.709  
  place_opt_inst_FE_OFC77_n_3027/Y  -      A->Y     R     INV_X1M_A9PP140ZTUL_C35           21  0.175   0.201    0.910  
  g44717/Y                          -      A->Y     F     NOR2_X0P7B_A9PP140ZTUL_C35        49  0.262   0.337    1.247  
  g44699/Y                          -      A->Y     R     INV_X0P7M_A9PP140ZTUL_C35         48  0.511   0.410    1.658  
  g41491/Y                          -      B0->Y    F     OAI22_X0P5M_A9PP140ZTUL_C35        1  0.503   0.029    1.687  
  ro_reg[2][1][12]/D                -      D        F     DFFRPQNA_X1M_A9PP140ZTUL_C35       1  0.147   0.000    1.687  
#---------------------------------------------------------------------------------------------------------------------
Path 27: MET (0.097 ns) Setup Check with Pin ro_reg[2][1][3]/CK->D
               View: wc_analysis_view
              Group: in2reg
         Startpoint: (R) m_ready
              Clock: (R) CLK
           Endpoint: (F) ro_reg[2][1][3]/D
              Clock: (R) CLK

                       Capture       Launch
         Clock Edge:+    2.000        0.000
         Drv Adjust:+    0.000        0.087
        Src Latency:+   -0.154        0.000
        Net Latency:+    0.152 (P)    0.000 (I)
            Arrival:=    1.999        0.086

              Setup:-    0.094
        Uncertainty:-    0.125
      Required Time:=    1.779
       Launch Clock:=    0.086
        Input Delay:+    0.500
          Data Path:+    1.096
              Slack:=    0.097

#---------------------------------------------------------------------------------------------------------------------
# Timing Point                      Flags  Arc      Edge  Cell                          Fanout  Trans   Delay  Arrival  
#                                                                                                (ns)    (ns)     (ns)  
#---------------------------------------------------------------------------------------------------------------------
  m_ready                           -      m_ready  R     (arrival)                          2  0.176   0.005    0.592  
  g39627__3680/Y                    -      A->Y     F     NAND2_X1A_A9PP140ZTUL_C35         11  0.176   0.118    0.710  
  place_opt_inst_FE_OFC77_n_3027/Y  -      A->Y     R     INV_X1M_A9PP140ZTUL_C35           21  0.175   0.201    0.910  
  g44717/Y                          -      A->Y     F     NOR2_X0P7B_A9PP140ZTUL_C35        49  0.262   0.337    1.247  
  g44699/Y                          -      A->Y     R     INV_X0P7M_A9PP140ZTUL_C35         48  0.511   0.410    1.657  
  g41646/Y                          -      B0->Y    F     OAI22_X0P5M_A9PP140ZTUL_C35        1  0.503   0.026    1.683  
  ro_reg[2][1][3]/D                 -      D        F     DFFRPQNA_X1M_A9PP140ZTUL_C35       1  0.144   0.000    1.683  
#---------------------------------------------------------------------------------------------------------------------
Path 28: MET (0.097 ns) Setup Check with Pin ro_reg[2][1][14]/CK->D
               View: wc_analysis_view
              Group: in2reg
         Startpoint: (R) m_ready
              Clock: (R) CLK
           Endpoint: (F) ro_reg[2][1][14]/D
              Clock: (R) CLK

                       Capture       Launch
         Clock Edge:+    2.000        0.000
         Drv Adjust:+    0.000        0.087
        Src Latency:+   -0.154        0.000
        Net Latency:+    0.153 (P)    0.000 (I)
            Arrival:=    1.999        0.086

              Setup:-    0.093
        Uncertainty:-    0.125
      Required Time:=    1.781
       Launch Clock:=    0.086
        Input Delay:+    0.500
          Data Path:+    1.098
              Slack:=    0.097

#---------------------------------------------------------------------------------------------------------------------
# Timing Point                      Flags  Arc      Edge  Cell                          Fanout  Trans   Delay  Arrival  
#                                                                                                (ns)    (ns)     (ns)  
#---------------------------------------------------------------------------------------------------------------------
  m_ready                           -      m_ready  R     (arrival)                          2  0.176   0.005    0.592  
  g39627__3680/Y                    -      A->Y     F     NAND2_X1A_A9PP140ZTUL_C35         11  0.176   0.118    0.709  
  place_opt_inst_FE_OFC77_n_3027/Y  -      A->Y     R     INV_X1M_A9PP140ZTUL_C35           21  0.175   0.201    0.910  
  g44717/Y                          -      A->Y     F     NOR2_X0P7B_A9PP140ZTUL_C35        49  0.262   0.337    1.247  
  g44699/Y                          -      A->Y     R     INV_X0P7M_A9PP140ZTUL_C35         48  0.511   0.411    1.658  
  g41481/Y                          -      B0->Y    F     OAI22_X0P5M_A9PP140ZTUL_C35        1  0.503   0.026    1.684  
  ro_reg[2][1][14]/D                -      D        F     DFFRPQNA_X1M_A9PP140ZTUL_C35       1  0.143   0.000    1.684  
#---------------------------------------------------------------------------------------------------------------------
Path 29: MET (0.098 ns) Setup Check with Pin ro_reg[1][2][6]/CK->D
               View: wc_analysis_view
              Group: in2reg
         Startpoint: (R) m_ready
              Clock: (R) CLK
           Endpoint: (F) ro_reg[1][2][6]/D
              Clock: (R) CLK

                       Capture       Launch
         Clock Edge:+    2.000        0.000
         Drv Adjust:+    0.000        0.087
        Src Latency:+   -0.154        0.000
        Net Latency:+    0.153 (P)    0.000 (I)
            Arrival:=    1.999        0.086

              Setup:-    0.094
        Uncertainty:-    0.125
      Required Time:=    1.780
       Launch Clock:=    0.086
        Input Delay:+    0.500
          Data Path:+    1.096
              Slack:=    0.098

#---------------------------------------------------------------------------------------------------------------------
# Timing Point                      Flags  Arc      Edge  Cell                          Fanout  Trans   Delay  Arrival  
#                                                                                                (ns)    (ns)     (ns)  
#---------------------------------------------------------------------------------------------------------------------
  m_ready                           -      m_ready  R     (arrival)                          2  0.176   0.005    0.592  
  g39627__3680/Y                    -      A->Y     F     NAND2_X1A_A9PP140ZTUL_C35         11  0.176   0.118    0.709  
  place_opt_inst_FE_OFC77_n_3027/Y  -      A->Y     R     INV_X1M_A9PP140ZTUL_C35           21  0.175   0.201    0.910  
  g44717/Y                          -      A->Y     F     NOR2_X0P7B_A9PP140ZTUL_C35        49  0.262   0.337    1.247  
  g44699/Y                          -      A->Y     R     INV_X0P7M_A9PP140ZTUL_C35         48  0.511   0.409    1.656  
  g41519/Y                          -      B0->Y    F     OAI22_X0P5M_A9PP140ZTUL_C35        1  0.503   0.026    1.682  
  ro_reg[1][2][6]/D                 -      D        F     DFFRPQNA_X1M_A9PP140ZTUL_C35       1  0.143   0.000    1.682  
#---------------------------------------------------------------------------------------------------------------------
Path 30: MET (0.099 ns) Setup Check with Pin ro_reg[1][2][12]/CK->D
               View: wc_analysis_view
              Group: in2reg
         Startpoint: (R) m_ready
              Clock: (R) CLK
           Endpoint: (F) ro_reg[1][2][12]/D
              Clock: (R) CLK

                       Capture       Launch
         Clock Edge:+    2.000        0.000
         Drv Adjust:+    0.000        0.087
        Src Latency:+   -0.154        0.000
        Net Latency:+    0.153 (P)    0.000 (I)
            Arrival:=    1.999        0.086

              Setup:-    0.094
        Uncertainty:-    0.125
      Required Time:=    1.780
       Launch Clock:=    0.086
        Input Delay:+    0.500
          Data Path:+    1.094
              Slack:=    0.099

#---------------------------------------------------------------------------------------------------------------------
# Timing Point                      Flags  Arc      Edge  Cell                          Fanout  Trans   Delay  Arrival  
#                                                                                                (ns)    (ns)     (ns)  
#---------------------------------------------------------------------------------------------------------------------
  m_ready                           -      m_ready  R     (arrival)                          2  0.176   0.005    0.592  
  g39627__3680/Y                    -      A->Y     F     NAND2_X1A_A9PP140ZTUL_C35         11  0.176   0.118    0.709  
  place_opt_inst_FE_OFC77_n_3027/Y  -      A->Y     R     INV_X1M_A9PP140ZTUL_C35           21  0.175   0.201    0.910  
  g44717/Y                          -      A->Y     F     NOR2_X0P7B_A9PP140ZTUL_C35        49  0.262   0.337    1.247  
  g44699/Y                          -      A->Y     R     INV_X0P7M_A9PP140ZTUL_C35         48  0.511   0.406    1.653  
  g41489/Y                          -      B0->Y    F     OAI22_X0P5M_A9PP140ZTUL_C35        1  0.503   0.028    1.681  
  ro_reg[1][2][12]/D                -      D        F     DFFRPQNA_X1M_A9PP140ZTUL_C35       1  0.145   0.000    1.681  
#---------------------------------------------------------------------------------------------------------------------
Path 31: MET (0.099 ns) Setup Check with Pin ro_reg[1][2][11]/CK->D
               View: wc_analysis_view
              Group: in2reg
         Startpoint: (R) m_ready
              Clock: (R) CLK
           Endpoint: (F) ro_reg[1][2][11]/D
              Clock: (R) CLK

                       Capture       Launch
         Clock Edge:+    2.000        0.000
         Drv Adjust:+    0.000        0.087
        Src Latency:+   -0.154        0.000
        Net Latency:+    0.153 (P)    0.000 (I)
            Arrival:=    1.999        0.086

              Setup:-    0.094
        Uncertainty:-    0.125
      Required Time:=    1.780
       Launch Clock:=    0.086
        Input Delay:+    0.500
          Data Path:+    1.094
              Slack:=    0.099

#---------------------------------------------------------------------------------------------------------------------
# Timing Point                      Flags  Arc      Edge  Cell                          Fanout  Trans   Delay  Arrival  
#                                                                                                (ns)    (ns)     (ns)  
#---------------------------------------------------------------------------------------------------------------------
  m_ready                           -      m_ready  R     (arrival)                          2  0.176   0.005    0.592  
  g39627__3680/Y                    -      A->Y     F     NAND2_X1A_A9PP140ZTUL_C35         11  0.176   0.118    0.709  
  place_opt_inst_FE_OFC77_n_3027/Y  -      A->Y     R     INV_X1M_A9PP140ZTUL_C35           21  0.175   0.201    0.910  
  g44717/Y                          -      A->Y     F     NOR2_X0P7B_A9PP140ZTUL_C35        49  0.262   0.337    1.247  
  g44699/Y                          -      A->Y     R     INV_X0P7M_A9PP140ZTUL_C35         48  0.511   0.406    1.653  
  g41494/Y                          -      B0->Y    F     OAI22_X0P5M_A9PP140ZTUL_C35        1  0.503   0.028    1.681  
  ro_reg[1][2][11]/D                -      D        F     DFFRPQNA_X1M_A9PP140ZTUL_C35       1  0.145   0.000    1.681  
#---------------------------------------------------------------------------------------------------------------------
Path 32: MET (0.100 ns) Setup Check with Pin ro_reg[3][5][15]/CK->D
               View: wc_analysis_view
              Group: in2reg
         Startpoint: (R) m_ready
              Clock: (R) CLK
           Endpoint: (R) ro_reg[3][5][15]/D
              Clock: (R) CLK

                       Capture       Launch
         Clock Edge:+    2.000        0.000
         Drv Adjust:+    0.000        0.087
        Src Latency:+   -0.154        0.000
        Net Latency:+    0.155 (P)    0.000 (I)
            Arrival:=    2.001        0.086

              Setup:-    0.023
        Uncertainty:-    0.125
      Required Time:=    1.853
       Launch Clock:=    0.086
        Input Delay:+    0.500
          Data Path:+    1.167
              Slack:=    0.100

#-------------------------------------------------------------------------------------------------------
# Timing Point        Flags  Arc      Edge  Cell                          Fanout  Trans   Delay  Arrival  
#                                                                                  (ns)    (ns)     (ns)  
#-------------------------------------------------------------------------------------------------------
  m_ready             -      m_ready  R     (arrival)                          2  0.176   0.005    0.592  
  g39627__3680/Y      -      A->Y     F     NAND2_X1A_A9PP140ZTUL_C35         11  0.176   0.117    0.709  
  g44716/Y            -      A->Y     R     NAND2_X0P5A_A9PP140ZTUL_C35       33  0.175   0.372    1.081  
  g44698/Y            -      A->Y     F     INV_X0P5B_A9PP140ZTUL_C35         64  0.610   0.508    1.589  
  g41637/Y            -      A0->Y    R     OAI22_X0P5M_A9PP140ZTUL_C35        1  0.724   0.164    1.753  
  ro_reg[3][5][15]/D  -      D        R     DFFRPQNA_X1M_A9PP140ZTUL_C35       1  0.192   0.000    1.753  
#-------------------------------------------------------------------------------------------------------
Path 33: MET (0.102 ns) Setup Check with Pin ro_reg[0][3][2]/CK->D
               View: wc_analysis_view
              Group: in2reg
         Startpoint: (R) m_ready
              Clock: (R) CLK
           Endpoint: (F) ro_reg[0][3][2]/D
              Clock: (R) CLK

                       Capture       Launch
         Clock Edge:+    2.000        0.000
         Drv Adjust:+    0.000        0.087
        Src Latency:+   -0.154        0.000
        Net Latency:+    0.152 (P)    0.000 (I)
            Arrival:=    1.999        0.086

              Setup:-    0.093
        Uncertainty:-    0.125
      Required Time:=    1.781
       Launch Clock:=    0.086
        Input Delay:+    0.500
          Data Path:+    1.092
              Slack:=    0.102

#---------------------------------------------------------------------------------------------------------------------
# Timing Point                      Flags  Arc      Edge  Cell                          Fanout  Trans   Delay  Arrival  
#                                                                                                (ns)    (ns)     (ns)  
#---------------------------------------------------------------------------------------------------------------------
  m_ready                           -      m_ready  R     (arrival)                          2  0.176   0.005    0.592  
  g39627__3680/Y                    -      A->Y     F     NAND2_X1A_A9PP140ZTUL_C35         11  0.176   0.118    0.710  
  place_opt_inst_FE_OFC77_n_3027/Y  -      A->Y     R     INV_X1M_A9PP140ZTUL_C35           21  0.175   0.201    0.910  
  g44717/Y                          -      A->Y     F     NOR2_X0P7B_A9PP140ZTUL_C35        49  0.262   0.337    1.247  
  g44699/Y                          -      A->Y     R     INV_X0P7M_A9PP140ZTUL_C35         48  0.511   0.410    1.657  
  g41651/Y                          -      B0->Y    F     OAI22_X0P5M_A9PP140ZTUL_C35        1  0.503   0.021    1.678  
  ro_reg[0][3][2]/D                 -      D        F     DFFRPQNA_X1M_A9PP140ZTUL_C35       1  0.140   0.000    1.678  
#---------------------------------------------------------------------------------------------------------------------
Path 34: MET (0.103 ns) Setup Check with Pin ro_reg[3][5][3]/CK->D
               View: wc_analysis_view
              Group: in2reg
         Startpoint: (R) m_ready
              Clock: (R) CLK
           Endpoint: (R) ro_reg[3][5][3]/D
              Clock: (R) CLK

                       Capture       Launch
         Clock Edge:+    2.000        0.000
         Drv Adjust:+    0.000        0.087
        Src Latency:+   -0.154        0.000
        Net Latency:+    0.155 (P)    0.000 (I)
            Arrival:=    2.001        0.086

              Setup:-    0.021
        Uncertainty:-    0.125
      Required Time:=    1.855
       Launch Clock:=    0.086
        Input Delay:+    0.500
          Data Path:+    1.166
              Slack:=    0.103

#------------------------------------------------------------------------------------------------------
# Timing Point       Flags  Arc      Edge  Cell                          Fanout  Trans   Delay  Arrival  
#                                                                                 (ns)    (ns)     (ns)  
#------------------------------------------------------------------------------------------------------
  m_ready            -      m_ready  R     (arrival)                          2  0.176   0.005    0.592  
  g39627__3680/Y     -      A->Y     F     NAND2_X1A_A9PP140ZTUL_C35         11  0.176   0.117    0.709  
  g44716/Y           -      A->Y     R     NAND2_X0P5A_A9PP140ZTUL_C35       33  0.175   0.372    1.081  
  g44698/Y           -      A->Y     F     INV_X0P5B_A9PP140ZTUL_C35         64  0.610   0.510    1.591  
  g41625/Y           -      A0->Y    R     OAI22_X0P5M_A9PP140ZTUL_C35        1  0.724   0.161    1.752  
  ro_reg[3][5][3]/D  -      D        R     DFFRPQNA_X1M_A9PP140ZTUL_C35       1  0.189   0.000    1.752  
#------------------------------------------------------------------------------------------------------
Path 35: MET (0.103 ns) Setup Check with Pin ro_reg[2][6][0]/CK->D
               View: wc_analysis_view
              Group: in2reg
         Startpoint: (R) m_ready
              Clock: (R) CLK
           Endpoint: (R) ro_reg[2][6][0]/D
              Clock: (R) CLK

                       Capture       Launch
         Clock Edge:+    2.000        0.000
         Drv Adjust:+    0.000        0.087
        Src Latency:+   -0.154        0.000
        Net Latency:+    0.155 (P)    0.000 (I)
            Arrival:=    2.002        0.086

              Setup:-    0.022
        Uncertainty:-    0.125
      Required Time:=    1.854
       Launch Clock:=    0.086
        Input Delay:+    0.500
          Data Path:+    1.165
              Slack:=    0.103

#------------------------------------------------------------------------------------------------------
# Timing Point       Flags  Arc      Edge  Cell                          Fanout  Trans   Delay  Arrival  
#                                                                                 (ns)    (ns)     (ns)  
#------------------------------------------------------------------------------------------------------
  m_ready            -      m_ready  R     (arrival)                          2  0.176   0.005    0.592  
  g39627__3680/Y     -      A->Y     F     NAND2_X1A_A9PP140ZTUL_C35         11  0.176   0.117    0.709  
  g44716/Y           -      A->Y     R     NAND2_X0P5A_A9PP140ZTUL_C35       33  0.175   0.372    1.081  
  g44698/Y           -      A->Y     F     INV_X0P5B_A9PP140ZTUL_C35         64  0.610   0.507    1.587  
  g41606/Y           -      A0->Y    R     OAI22_X0P5M_A9PP140ZTUL_C35        1  0.724   0.164    1.751  
  ro_reg[2][6][0]/D  -      D        R     DFFRPQNA_X1M_A9PP140ZTUL_C35       1  0.192   0.000    1.751  
#------------------------------------------------------------------------------------------------------
Path 36: MET (0.103 ns) Setup Check with Pin ro_reg[3][5][6]/CK->D
               View: wc_analysis_view
              Group: in2reg
         Startpoint: (R) m_ready
              Clock: (R) CLK
           Endpoint: (R) ro_reg[3][5][6]/D
              Clock: (R) CLK

                       Capture       Launch
         Clock Edge:+    2.000        0.000
         Drv Adjust:+    0.000        0.087
        Src Latency:+   -0.154        0.000
        Net Latency:+    0.154 (P)    0.000 (I)
            Arrival:=    2.001        0.086

              Setup:-    0.021
        Uncertainty:-    0.125
      Required Time:=    1.854
       Launch Clock:=    0.086
        Input Delay:+    0.500
          Data Path:+    1.165
              Slack:=    0.103

#------------------------------------------------------------------------------------------------------
# Timing Point       Flags  Arc      Edge  Cell                          Fanout  Trans   Delay  Arrival  
#                                                                                 (ns)    (ns)     (ns)  
#------------------------------------------------------------------------------------------------------
  m_ready            -      m_ready  R     (arrival)                          2  0.176   0.005    0.592  
  g39627__3680/Y     -      A->Y     F     NAND2_X1A_A9PP140ZTUL_C35         11  0.176   0.117    0.709  
  g44716/Y           -      A->Y     R     NAND2_X0P5A_A9PP140ZTUL_C35       33  0.175   0.372    1.081  
  g44698/Y           -      A->Y     F     INV_X0P5B_A9PP140ZTUL_C35         64  0.610   0.510    1.591  
  g41627/Y           -      A0->Y    R     OAI22_X0P5M_A9PP140ZTUL_C35        1  0.724   0.160    1.751  
  ro_reg[3][5][6]/D  -      D        R     DFFRPQNA_X1M_A9PP140ZTUL_C35       1  0.188   0.000    1.751  
#------------------------------------------------------------------------------------------------------
Path 37: MET (0.103 ns) Setup Check with Pin ro_reg[0][3][0]/CK->D
               View: wc_analysis_view
              Group: in2reg
         Startpoint: (R) m_ready
              Clock: (R) CLK
           Endpoint: (F) ro_reg[0][3][0]/D
              Clock: (R) CLK

                       Capture       Launch
         Clock Edge:+    2.000        0.000
         Drv Adjust:+    0.000        0.087
        Src Latency:+   -0.154        0.000
        Net Latency:+    0.153 (P)    0.000 (I)
            Arrival:=    1.999        0.086

              Setup:-    0.093
        Uncertainty:-    0.125
      Required Time:=    1.781
       Launch Clock:=    0.086
        Input Delay:+    0.500
          Data Path:+    1.091
              Slack:=    0.103

#---------------------------------------------------------------------------------------------------------------------
# Timing Point                      Flags  Arc      Edge  Cell                          Fanout  Trans   Delay  Arrival  
#                                                                                                (ns)    (ns)     (ns)  
#---------------------------------------------------------------------------------------------------------------------
  m_ready                           -      m_ready  R     (arrival)                          2  0.176   0.005    0.592  
  g39627__3680/Y                    -      A->Y     F     NAND2_X1A_A9PP140ZTUL_C35         11  0.176   0.118    0.710  
  place_opt_inst_FE_OFC77_n_3027/Y  -      A->Y     R     INV_X1M_A9PP140ZTUL_C35           21  0.175   0.201    0.910  
  g44717/Y                          -      A->Y     F     NOR2_X0P7B_A9PP140ZTUL_C35        49  0.262   0.337    1.247  
  g44699/Y                          -      A->Y     R     INV_X0P7M_A9PP140ZTUL_C35         48  0.511   0.409    1.656  
  g41649/Y                          -      B0->Y    F     OAI22_X0P5M_A9PP140ZTUL_C35        1  0.503   0.022    1.678  
  ro_reg[0][3][0]/D                 -      D        F     DFFRPQNA_X1M_A9PP140ZTUL_C35       1  0.140   0.000    1.678  
#---------------------------------------------------------------------------------------------------------------------
Path 38: MET (0.104 ns) Setup Check with Pin ro_reg[3][5][13]/CK->D
               View: wc_analysis_view
              Group: in2reg
         Startpoint: (R) m_ready
              Clock: (R) CLK
           Endpoint: (R) ro_reg[3][5][13]/D
              Clock: (R) CLK

                       Capture       Launch
         Clock Edge:+    2.000        0.000
         Drv Adjust:+    0.000        0.087
        Src Latency:+   -0.154        0.000
        Net Latency:+    0.155 (P)    0.000 (I)
            Arrival:=    2.001        0.086

              Setup:-    0.023
        Uncertainty:-    0.125
      Required Time:=    1.854
       Launch Clock:=    0.086
        Input Delay:+    0.500
          Data Path:+    1.163
              Slack:=    0.104

#-------------------------------------------------------------------------------------------------------
# Timing Point        Flags  Arc      Edge  Cell                          Fanout  Trans   Delay  Arrival  
#                                                                                  (ns)    (ns)     (ns)  
#-------------------------------------------------------------------------------------------------------
  m_ready             -      m_ready  R     (arrival)                          2  0.176   0.005    0.592  
  g39627__3680/Y      -      A->Y     F     NAND2_X1A_A9PP140ZTUL_C35         11  0.176   0.117    0.709  
  g44716/Y            -      A->Y     R     NAND2_X0P5A_A9PP140ZTUL_C35       33  0.175   0.372    1.081  
  g44698/Y            -      A->Y     F     INV_X0P5B_A9PP140ZTUL_C35         64  0.610   0.509    1.590  
  g41635/Y            -      A0->Y    R     OAI22_X0P5M_A9PP140ZTUL_C35        1  0.724   0.160    1.750  
  ro_reg[3][5][13]/D  -      D        R     DFFRPQNA_X1M_A9PP140ZTUL_C35       1  0.188   0.000    1.750  
#-------------------------------------------------------------------------------------------------------
Path 39: MET (0.104 ns) Setup Check with Pin ro_reg[2][1][15]/CK->D
               View: wc_analysis_view
              Group: in2reg
         Startpoint: (R) m_ready
              Clock: (R) CLK
           Endpoint: (F) ro_reg[2][1][15]/D
              Clock: (R) CLK

                       Capture       Launch
         Clock Edge:+    2.000        0.000
         Drv Adjust:+    0.000        0.087
        Src Latency:+   -0.154        0.000
        Net Latency:+    0.155 (P)    0.000 (I)
            Arrival:=    2.002        0.086

              Setup:-    0.093
        Uncertainty:-    0.125
      Required Time:=    1.784
       Launch Clock:=    0.086
        Input Delay:+    0.500
          Data Path:+    1.093
              Slack:=    0.104

#---------------------------------------------------------------------------------------------------------------------
# Timing Point                      Flags  Arc      Edge  Cell                          Fanout  Trans   Delay  Arrival  
#                                                                                                (ns)    (ns)     (ns)  
#---------------------------------------------------------------------------------------------------------------------
  m_ready                           -      m_ready  R     (arrival)                          2  0.176   0.005    0.592  
  g39627__3680/Y                    -      A->Y     F     NAND2_X1A_A9PP140ZTUL_C35         11  0.176   0.118    0.710  
  place_opt_inst_FE_OFC77_n_3027/Y  -      A->Y     R     INV_X1M_A9PP140ZTUL_C35           21  0.175   0.201    0.910  
  g44717/Y                          -      A->Y     F     NOR2_X0P7B_A9PP140ZTUL_C35        49  0.262   0.337    1.247  
  g44699/Y                          -      A->Y     R     INV_X0P7M_A9PP140ZTUL_C35         48  0.511   0.411    1.659  
  g41477/Y                          -      B0->Y    F     OAI22_X0P5M_A9PP140ZTUL_C35        1  0.503   0.021    1.680  
  ro_reg[2][1][15]/D                -      D        F     DFFRPQNA_X1M_A9PP140ZTUL_C35       1  0.138   0.000    1.680  
#---------------------------------------------------------------------------------------------------------------------
Path 40: MET (0.104 ns) Setup Check with Pin ro_reg[2][1][11]/CK->D
               View: wc_analysis_view
              Group: in2reg
         Startpoint: (R) m_ready
              Clock: (R) CLK
           Endpoint: (F) ro_reg[2][1][11]/D
              Clock: (R) CLK

                       Capture       Launch
         Clock Edge:+    2.000        0.000
         Drv Adjust:+    0.000        0.087
        Src Latency:+   -0.154        0.000
        Net Latency:+    0.152 (P)    0.000 (I)
            Arrival:=    1.998        0.086

              Setup:-    0.091
        Uncertainty:-    0.125
      Required Time:=    1.782
       Launch Clock:=    0.086
        Input Delay:+    0.500
          Data Path:+    1.091
              Slack:=    0.104

#---------------------------------------------------------------------------------------------------------------------
# Timing Point                      Flags  Arc      Edge  Cell                          Fanout  Trans   Delay  Arrival  
#                                                                                                (ns)    (ns)     (ns)  
#---------------------------------------------------------------------------------------------------------------------
  m_ready                           -      m_ready  R     (arrival)                          2  0.176   0.005    0.592  
  g39627__3680/Y                    -      A->Y     F     NAND2_X1A_A9PP140ZTUL_C35         11  0.176   0.118    0.710  
  place_opt_inst_FE_OFC77_n_3027/Y  -      A->Y     R     INV_X1M_A9PP140ZTUL_C35           21  0.175   0.201    0.910  
  g44717/Y                          -      A->Y     F     NOR2_X0P7B_A9PP140ZTUL_C35        49  0.262   0.337    1.247  
  g44699/Y                          -      A->Y     R     INV_X0P7M_A9PP140ZTUL_C35         48  0.511   0.411    1.659  
  g41496/Y                          -      B0->Y    F     OAI22_X0P5M_A9PP140ZTUL_C35        1  0.503   0.019    1.677  
  ro_reg[2][1][11]/D                -      D        F     DFFRPQNA_X1M_A9PP140ZTUL_C35       1  0.136   0.000    1.677  
#---------------------------------------------------------------------------------------------------------------------
Path 41: MET (0.105 ns) Setup Check with Pin ro_reg[3][5][5]/CK->D
               View: wc_analysis_view
              Group: in2reg
         Startpoint: (R) m_ready
              Clock: (R) CLK
           Endpoint: (R) ro_reg[3][5][5]/D
              Clock: (R) CLK

                       Capture       Launch
         Clock Edge:+    2.000        0.000
         Drv Adjust:+    0.000        0.087
        Src Latency:+   -0.154        0.000
        Net Latency:+    0.155 (P)    0.000 (I)
            Arrival:=    2.001        0.086

              Setup:-    0.021
        Uncertainty:-    0.125
      Required Time:=    1.855
       Launch Clock:=    0.086
        Input Delay:+    0.500
          Data Path:+    1.164
              Slack:=    0.105

#------------------------------------------------------------------------------------------------------
# Timing Point       Flags  Arc      Edge  Cell                          Fanout  Trans   Delay  Arrival  
#                                                                                 (ns)    (ns)     (ns)  
#------------------------------------------------------------------------------------------------------
  m_ready            -      m_ready  R     (arrival)                          2  0.176   0.005    0.592  
  g39627__3680/Y     -      A->Y     F     NAND2_X1A_A9PP140ZTUL_C35         11  0.176   0.117    0.709  
  g44716/Y           -      A->Y     R     NAND2_X0P5A_A9PP140ZTUL_C35       33  0.175   0.372    1.081  
  g44698/Y           -      A->Y     F     INV_X0P5B_A9PP140ZTUL_C35         64  0.610   0.510    1.591  
  g41626/Y           -      A0->Y    R     OAI22_X0P5M_A9PP140ZTUL_C35        1  0.724   0.159    1.750  
  ro_reg[3][5][5]/D  -      D        R     DFFRPQNA_X1M_A9PP140ZTUL_C35       1  0.187   0.000    1.750  
#------------------------------------------------------------------------------------------------------
Path 42: MET (0.105 ns) Setup Check with Pin ro_reg[1][5][8]/CK->D
               View: wc_analysis_view
              Group: in2reg
         Startpoint: (F) m_ready
              Clock: (R) CLK
           Endpoint: (F) ro_reg[1][5][8]/D
              Clock: (R) CLK

                       Capture       Launch
         Clock Edge:+    2.000        0.000
         Drv Adjust:+    0.000        0.083
        Src Latency:+   -0.154        0.000
        Net Latency:+    0.148 (P)    0.000 (I)
            Arrival:=    1.995        0.083

              Setup:-    0.096
        Uncertainty:-    0.125
      Required Time:=    1.773
       Launch Clock:=    0.083
        Input Delay:+    0.500
          Data Path:+    1.085
              Slack:=    0.105

#---------------------------------------------------------------------------------------------------------------------
# Timing Point                      Flags  Arc      Edge  Cell                          Fanout  Trans   Delay  Arrival  
#                                                                                                (ns)    (ns)     (ns)  
#---------------------------------------------------------------------------------------------------------------------
  m_ready                           -      m_ready  F     (arrival)                          2  0.171   0.005    0.588  
  g39627__3680/Y                    -      A->Y     R     NAND2_X1A_A9PP140ZTUL_C35         11  0.171   0.123    0.711  
  place_opt_inst_FE_OFC77_n_3027/Y  -      A->Y     F     INV_X1M_A9PP140ZTUL_C35           21  0.151   0.143    0.854  
  g44156/Y                          -      A->Y     F     OR2_X0P5M_A9PP140ZTUL_C35         65  0.200   0.279    1.133  
  g43623/Y                          -      A->Y     R     INV_X0P6M_A9PP140ZTUL_C35         64  0.463   0.517    1.650  
  g41058/Y                          -      A0->Y    F     OAI22_X0P5M_A9PP140ZTUL_C35        1  0.687   0.018    1.668  
  ro_reg[1][5][8]/D                 -      D        F     DFFRPQNA_X1M_A9PP140ZTUL_C35       1  0.152   0.000    1.668  
#---------------------------------------------------------------------------------------------------------------------
Path 43: MET (0.105 ns) Setup Check with Pin ro_reg[3][5][8]/CK->D
               View: wc_analysis_view
              Group: in2reg
         Startpoint: (R) m_ready
              Clock: (R) CLK
           Endpoint: (R) ro_reg[3][5][8]/D
              Clock: (R) CLK

                       Capture       Launch
         Clock Edge:+    2.000        0.000
         Drv Adjust:+    0.000        0.087
        Src Latency:+   -0.154        0.000
        Net Latency:+    0.154 (P)    0.000 (I)
            Arrival:=    2.001        0.086

              Setup:-    0.021
        Uncertainty:-    0.125
      Required Time:=    1.855
       Launch Clock:=    0.086
        Input Delay:+    0.500
          Data Path:+    1.163
              Slack:=    0.105

#------------------------------------------------------------------------------------------------------
# Timing Point       Flags  Arc      Edge  Cell                          Fanout  Trans   Delay  Arrival  
#                                                                                 (ns)    (ns)     (ns)  
#------------------------------------------------------------------------------------------------------
  m_ready            -      m_ready  R     (arrival)                          2  0.176   0.005    0.592  
  g39627__3680/Y     -      A->Y     F     NAND2_X1A_A9PP140ZTUL_C35         11  0.176   0.117    0.709  
  g44716/Y           -      A->Y     R     NAND2_X0P5A_A9PP140ZTUL_C35       33  0.175   0.372    1.081  
  g44698/Y           -      A->Y     F     INV_X0P5B_A9PP140ZTUL_C35         64  0.610   0.510    1.591  
  g41630/Y           -      A0->Y    R     OAI22_X0P5M_A9PP140ZTUL_C35        1  0.724   0.158    1.750  
  ro_reg[3][5][8]/D  -      D        R     DFFRPQNA_X1M_A9PP140ZTUL_C35       1  0.186   0.000    1.750  
#------------------------------------------------------------------------------------------------------
Path 44: MET (0.105 ns) Setup Check with Pin ro_reg[0][3][12]/CK->D
               View: wc_analysis_view
              Group: in2reg
         Startpoint: (R) m_ready
              Clock: (R) CLK
           Endpoint: (F) ro_reg[0][3][12]/D
              Clock: (R) CLK

                       Capture       Launch
         Clock Edge:+    2.000        0.000
         Drv Adjust:+    0.000        0.087
        Src Latency:+   -0.154        0.000
        Net Latency:+    0.153 (P)    0.000 (I)
            Arrival:=    1.999        0.086

              Setup:-    0.092
        Uncertainty:-    0.125
      Required Time:=    1.782
       Launch Clock:=    0.086
        Input Delay:+    0.500
          Data Path:+    1.090
              Slack:=    0.105

#---------------------------------------------------------------------------------------------------------------------
# Timing Point                      Flags  Arc      Edge  Cell                          Fanout  Trans   Delay  Arrival  
#                                                                                                (ns)    (ns)     (ns)  
#---------------------------------------------------------------------------------------------------------------------
  m_ready                           -      m_ready  R     (arrival)                          2  0.176   0.005    0.592  
  g39627__3680/Y                    -      A->Y     F     NAND2_X1A_A9PP140ZTUL_C35         11  0.176   0.118    0.710  
  place_opt_inst_FE_OFC77_n_3027/Y  -      A->Y     R     INV_X1M_A9PP140ZTUL_C35           21  0.175   0.201    0.910  
  g44717/Y                          -      A->Y     F     NOR2_X0P7B_A9PP140ZTUL_C35        49  0.262   0.337    1.247  
  g44699/Y                          -      A->Y     R     INV_X0P7M_A9PP140ZTUL_C35         48  0.511   0.409    1.657  
  g41490/Y                          -      B0->Y    F     OAI22_X0P5M_A9PP140ZTUL_C35        1  0.503   0.020    1.677  
  ro_reg[0][3][12]/D                -      D        F     DFFRPQNA_X1M_A9PP140ZTUL_C35       1  0.137   0.000    1.677  
#---------------------------------------------------------------------------------------------------------------------
Path 45: MET (0.105 ns) Setup Check with Pin ro_reg[2][1][13]/CK->D
               View: wc_analysis_view
              Group: in2reg
         Startpoint: (R) m_ready
              Clock: (R) CLK
           Endpoint: (F) ro_reg[2][1][13]/D
              Clock: (R) CLK

                       Capture       Launch
         Clock Edge:+    2.000        0.000
         Drv Adjust:+    0.000        0.087
        Src Latency:+   -0.154        0.000
        Net Latency:+    0.150 (P)    0.000 (I)
            Arrival:=    1.996        0.086

              Setup:-    0.091
        Uncertainty:-    0.125
      Required Time:=    1.781
       Launch Clock:=    0.086
        Input Delay:+    0.500
          Data Path:+    1.089
              Slack:=    0.105

#---------------------------------------------------------------------------------------------------------------------
# Timing Point                      Flags  Arc      Edge  Cell                          Fanout  Trans   Delay  Arrival  
#                                                                                                (ns)    (ns)     (ns)  
#---------------------------------------------------------------------------------------------------------------------
  m_ready                           -      m_ready  R     (arrival)                          2  0.176   0.005    0.592  
  g39627__3680/Y                    -      A->Y     F     NAND2_X1A_A9PP140ZTUL_C35         11  0.176   0.118    0.710  
  place_opt_inst_FE_OFC77_n_3027/Y  -      A->Y     R     INV_X1M_A9PP140ZTUL_C35           21  0.175   0.201    0.910  
  g44717/Y                          -      A->Y     F     NOR2_X0P7B_A9PP140ZTUL_C35        49  0.262   0.337    1.247  
  g44699/Y                          -      A->Y     R     INV_X0P7M_A9PP140ZTUL_C35         48  0.511   0.411    1.659  
  g41486/Y                          -      B0->Y    F     OAI22_X0P5M_A9PP140ZTUL_C35        1  0.503   0.017    1.675  
  ro_reg[2][1][13]/D                -      D        F     DFFRPQNA_X1M_A9PP140ZTUL_C35       1  0.134   0.000    1.675  
#---------------------------------------------------------------------------------------------------------------------
Path 46: MET (0.106 ns) Setup Check with Pin ro_reg[3][5][9]/CK->D
               View: wc_analysis_view
              Group: in2reg
         Startpoint: (R) m_ready
              Clock: (R) CLK
           Endpoint: (R) ro_reg[3][5][9]/D
              Clock: (R) CLK

                       Capture       Launch
         Clock Edge:+    2.000        0.000
         Drv Adjust:+    0.000        0.087
        Src Latency:+   -0.154        0.000
        Net Latency:+    0.154 (P)    0.000 (I)
            Arrival:=    2.001        0.086

              Setup:-    0.021
        Uncertainty:-    0.125
      Required Time:=    1.855
       Launch Clock:=    0.086
        Input Delay:+    0.500
          Data Path:+    1.163
              Slack:=    0.106

#------------------------------------------------------------------------------------------------------
# Timing Point       Flags  Arc      Edge  Cell                          Fanout  Trans   Delay  Arrival  
#                                                                                 (ns)    (ns)     (ns)  
#------------------------------------------------------------------------------------------------------
  m_ready            -      m_ready  R     (arrival)                          2  0.176   0.005    0.592  
  g39627__3680/Y     -      A->Y     F     NAND2_X1A_A9PP140ZTUL_C35         11  0.176   0.117    0.709  
  g44716/Y           -      A->Y     R     NAND2_X0P5A_A9PP140ZTUL_C35       33  0.175   0.372    1.081  
  g44698/Y           -      A->Y     F     INV_X0P5B_A9PP140ZTUL_C35         64  0.610   0.510    1.591  
  g41631/Y           -      A0->Y    R     OAI22_X0P5M_A9PP140ZTUL_C35        1  0.724   0.158    1.749  
  ro_reg[3][5][9]/D  -      D        R     DFFRPQNA_X1M_A9PP140ZTUL_C35       1  0.185   0.000    1.749  
#------------------------------------------------------------------------------------------------------
Path 47: MET (0.106 ns) Setup Check with Pin ro_reg[3][5][10]/CK->D
               View: wc_analysis_view
              Group: in2reg
         Startpoint: (R) m_ready
              Clock: (R) CLK
           Endpoint: (R) ro_reg[3][5][10]/D
              Clock: (R) CLK

                       Capture       Launch
         Clock Edge:+    2.000        0.000
         Drv Adjust:+    0.000        0.087
        Src Latency:+   -0.154        0.000
        Net Latency:+    0.154 (P)    0.000 (I)
            Arrival:=    2.001        0.086

              Setup:-    0.021
        Uncertainty:-    0.125
      Required Time:=    1.855
       Launch Clock:=    0.086
        Input Delay:+    0.500
          Data Path:+    1.162
              Slack:=    0.106

#-------------------------------------------------------------------------------------------------------
# Timing Point        Flags  Arc      Edge  Cell                          Fanout  Trans   Delay  Arrival  
#                                                                                  (ns)    (ns)     (ns)  
#-------------------------------------------------------------------------------------------------------
  m_ready             -      m_ready  R     (arrival)                          2  0.176   0.005    0.592  
  g39627__3680/Y      -      A->Y     F     NAND2_X1A_A9PP140ZTUL_C35         11  0.176   0.117    0.709  
  g44716/Y            -      A->Y     R     NAND2_X0P5A_A9PP140ZTUL_C35       33  0.175   0.372    1.081  
  g44698/Y            -      A->Y     F     INV_X0P5B_A9PP140ZTUL_C35         64  0.610   0.510    1.591  
  g41632/Y            -      A0->Y    R     OAI22_X0P5M_A9PP140ZTUL_C35        1  0.724   0.158    1.749  
  ro_reg[3][5][10]/D  -      D        R     DFFRPQNA_X1M_A9PP140ZTUL_C35       1  0.185   0.000    1.749  
#-------------------------------------------------------------------------------------------------------
Path 48: MET (0.106 ns) Setup Check with Pin ro_reg[3][5][11]/CK->D
               View: wc_analysis_view
              Group: in2reg
         Startpoint: (R) m_ready
              Clock: (R) CLK
           Endpoint: (R) ro_reg[3][5][11]/D
              Clock: (R) CLK

                       Capture       Launch
         Clock Edge:+    2.000        0.000
         Drv Adjust:+    0.000        0.087
        Src Latency:+   -0.154        0.000
        Net Latency:+    0.154 (P)    0.000 (I)
            Arrival:=    2.001        0.086

              Setup:-    0.023
        Uncertainty:-    0.125
      Required Time:=    1.853
       Launch Clock:=    0.086
        Input Delay:+    0.500
          Data Path:+    1.160
              Slack:=    0.106

#-------------------------------------------------------------------------------------------------------
# Timing Point        Flags  Arc      Edge  Cell                          Fanout  Trans   Delay  Arrival  
#                                                                                  (ns)    (ns)     (ns)  
#-------------------------------------------------------------------------------------------------------
  m_ready             -      m_ready  R     (arrival)                          2  0.176   0.005    0.592  
  g39627__3680/Y      -      A->Y     F     NAND2_X1A_A9PP140ZTUL_C35         11  0.176   0.117    0.709  
  g44716/Y            -      A->Y     R     NAND2_X0P5A_A9PP140ZTUL_C35       33  0.175   0.372    1.081  
  g44698/Y            -      A->Y     F     INV_X0P5B_A9PP140ZTUL_C35         64  0.610   0.508    1.589  
  g41633/Y            -      A0->Y    R     OAI22_X0P5M_A9PP140ZTUL_C35        1  0.724   0.158    1.747  
  ro_reg[3][5][11]/D  -      D        R     DFFRPQNA_X1M_A9PP140ZTUL_C35       1  0.186   0.000    1.747  
#-------------------------------------------------------------------------------------------------------
Path 49: MET (0.107 ns) Setup Check with Pin ro_reg[1][2][8]/CK->D
               View: wc_analysis_view
              Group: in2reg
         Startpoint: (R) m_ready
              Clock: (R) CLK
           Endpoint: (F) ro_reg[1][2][8]/D
              Clock: (R) CLK

                       Capture       Launch
         Clock Edge:+    2.000        0.000
         Drv Adjust:+    0.000        0.087
        Src Latency:+   -0.154        0.000
        Net Latency:+    0.150 (P)    0.000 (I)
            Arrival:=    1.996        0.086

              Setup:-    0.091
        Uncertainty:-    0.125
      Required Time:=    1.780
       Launch Clock:=    0.086
        Input Delay:+    0.500
          Data Path:+    1.087
              Slack:=    0.107

#---------------------------------------------------------------------------------------------------------------------
# Timing Point                      Flags  Arc      Edge  Cell                          Fanout  Trans   Delay  Arrival  
#                                                                                                (ns)    (ns)     (ns)  
#---------------------------------------------------------------------------------------------------------------------
  m_ready                           -      m_ready  R     (arrival)                          2  0.176   0.005    0.592  
  g39627__3680/Y                    -      A->Y     F     NAND2_X1A_A9PP140ZTUL_C35         11  0.176   0.118    0.710  
  place_opt_inst_FE_OFC77_n_3027/Y  -      A->Y     R     INV_X1M_A9PP140ZTUL_C35           21  0.175   0.201    0.910  
  g44717/Y                          -      A->Y     F     NOR2_X0P7B_A9PP140ZTUL_C35        49  0.262   0.337    1.247  
  g44699/Y                          -      A->Y     R     INV_X0P7M_A9PP140ZTUL_C35         48  0.511   0.408    1.656  
  g41509/Y                          -      B0->Y    F     OAI22_X0P5M_A9PP140ZTUL_C35        1  0.503   0.017    1.673  
  ro_reg[1][2][8]/D                 -      D        F     DFFRPQNA_X1M_A9PP140ZTUL_C35       1  0.135   0.000    1.673  
#---------------------------------------------------------------------------------------------------------------------
Path 50: MET (0.107 ns) Setup Check with Pin ro_reg[3][5][1]/CK->D
               View: wc_analysis_view
              Group: in2reg
         Startpoint: (R) m_ready
              Clock: (R) CLK
           Endpoint: (R) ro_reg[3][5][1]/D
              Clock: (R) CLK

                       Capture       Launch
         Clock Edge:+    2.000        0.000
         Drv Adjust:+    0.000        0.087
        Src Latency:+   -0.154        0.000
        Net Latency:+    0.155 (P)    0.000 (I)
            Arrival:=    2.001        0.086

              Setup:-    0.021
        Uncertainty:-    0.125
      Required Time:=    1.855
       Launch Clock:=    0.086
        Input Delay:+    0.500
          Data Path:+    1.161
              Slack:=    0.107

#------------------------------------------------------------------------------------------------------
# Timing Point       Flags  Arc      Edge  Cell                          Fanout  Trans   Delay  Arrival  
#                                                                                 (ns)    (ns)     (ns)  
#------------------------------------------------------------------------------------------------------
  m_ready            -      m_ready  R     (arrival)                          2  0.176   0.005    0.592  
  g39627__3680/Y     -      A->Y     F     NAND2_X1A_A9PP140ZTUL_C35         11  0.176   0.117    0.709  
  g44716/Y           -      A->Y     R     NAND2_X0P5A_A9PP140ZTUL_C35       33  0.175   0.372    1.081  
  g44698/Y           -      A->Y     F     INV_X0P5B_A9PP140ZTUL_C35         64  0.610   0.510    1.591  
  g41623/Y           -      A0->Y    R     OAI22_X0P5M_A9PP140ZTUL_C35        1  0.724   0.157    1.748  
  ro_reg[3][5][1]/D  -      D        R     DFFRPQNA_X1M_A9PP140ZTUL_C35       1  0.184   0.000    1.748  
#------------------------------------------------------------------------------------------------------
Path 51: MET (0.108 ns) Setup Check with Pin ro_reg[0][3][11]/CK->D
               View: wc_analysis_view
              Group: in2reg
         Startpoint: (R) m_ready
              Clock: (R) CLK
           Endpoint: (F) ro_reg[0][3][11]/D
              Clock: (R) CLK

                       Capture       Launch
         Clock Edge:+    2.000        0.000
         Drv Adjust:+    0.000        0.087
        Src Latency:+   -0.154        0.000
        Net Latency:+    0.152 (P)    0.000 (I)
            Arrival:=    1.999        0.086

              Setup:-    0.091
        Uncertainty:-    0.125
      Required Time:=    1.782
       Launch Clock:=    0.086
        Input Delay:+    0.500
          Data Path:+    1.088
              Slack:=    0.108

#---------------------------------------------------------------------------------------------------------------------
# Timing Point                      Flags  Arc      Edge  Cell                          Fanout  Trans   Delay  Arrival  
#                                                                                                (ns)    (ns)     (ns)  
#---------------------------------------------------------------------------------------------------------------------
  m_ready                           -      m_ready  R     (arrival)                          2  0.176   0.005    0.592  
  g39627__3680/Y                    -      A->Y     F     NAND2_X1A_A9PP140ZTUL_C35         11  0.176   0.118    0.709  
  place_opt_inst_FE_OFC77_n_3027/Y  -      A->Y     R     INV_X1M_A9PP140ZTUL_C35           21  0.175   0.201    0.910  
  g44717/Y                          -      A->Y     F     NOR2_X0P7B_A9PP140ZTUL_C35        49  0.262   0.337    1.247  
  g44699/Y                          -      A->Y     R     INV_X0P7M_A9PP140ZTUL_C35         48  0.511   0.409    1.656  
  g41495/Y                          -      B0->Y    F     OAI22_X0P5M_A9PP140ZTUL_C35        1  0.503   0.018    1.675  
  ro_reg[0][3][11]/D                -      D        F     DFFRPQNA_X1M_A9PP140ZTUL_C35       1  0.135   0.000    1.675  
#---------------------------------------------------------------------------------------------------------------------
Path 52: MET (0.108 ns) Setup Check with Pin ro_reg[0][3][5]/CK->D
               View: wc_analysis_view
              Group: in2reg
         Startpoint: (R) m_ready
              Clock: (R) CLK
           Endpoint: (F) ro_reg[0][3][5]/D
              Clock: (R) CLK

                       Capture       Launch
         Clock Edge:+    2.000        0.000
         Drv Adjust:+    0.000        0.087
        Src Latency:+   -0.154        0.000
        Net Latency:+    0.153 (P)    0.000 (I)
            Arrival:=    2.000        0.086

              Setup:-    0.092
        Uncertainty:-    0.125
      Required Time:=    1.783
       Launch Clock:=    0.086
        Input Delay:+    0.500
          Data Path:+    1.089
              Slack:=    0.108

#---------------------------------------------------------------------------------------------------------------------
# Timing Point                      Flags  Arc      Edge  Cell                          Fanout  Trans   Delay  Arrival  
#                                                                                                (ns)    (ns)     (ns)  
#---------------------------------------------------------------------------------------------------------------------
  m_ready                           -      m_ready  R     (arrival)                          2  0.176   0.005    0.592  
  g39627__3680/Y                    -      A->Y     F     NAND2_X1A_A9PP140ZTUL_C35         11  0.176   0.118    0.710  
  place_opt_inst_FE_OFC77_n_3027/Y  -      A->Y     R     INV_X1M_A9PP140ZTUL_C35           21  0.175   0.201    0.910  
  g44717/Y                          -      A->Y     F     NOR2_X0P7B_A9PP140ZTUL_C35        49  0.262   0.337    1.247  
  g44699/Y                          -      A->Y     R     INV_X0P7M_A9PP140ZTUL_C35         48  0.511   0.410    1.657  
  g41524/Y                          -      B0->Y    F     OAI22_X0P5M_A9PP140ZTUL_C35        1  0.503   0.019    1.675  
  ro_reg[0][3][5]/D                 -      D        F     DFFRPQNA_X1M_A9PP140ZTUL_C35       1  0.136   0.000    1.675  
#---------------------------------------------------------------------------------------------------------------------
Path 53: MET (0.108 ns) Setup Check with Pin ro_reg[2][1][0]/CK->D
               View: wc_analysis_view
              Group: in2reg
         Startpoint: (R) m_ready
              Clock: (R) CLK
           Endpoint: (F) ro_reg[2][1][0]/D
              Clock: (R) CLK

                       Capture       Launch
         Clock Edge:+    2.000        0.000
         Drv Adjust:+    0.000        0.087
        Src Latency:+   -0.154        0.000
        Net Latency:+    0.152 (P)    0.000 (I)
            Arrival:=    1.998        0.086

              Setup:-    0.094
        Uncertainty:-    0.125
      Required Time:=    1.779
       Launch Clock:=    0.086
        Input Delay:+    0.500
          Data Path:+    1.085
              Slack:=    0.108

#---------------------------------------------------------------------------------------------------------------------
# Timing Point                      Flags  Arc      Edge  Cell                          Fanout  Trans   Delay  Arrival  
#                                                                                                (ns)    (ns)     (ns)  
#---------------------------------------------------------------------------------------------------------------------
  m_ready                           -      m_ready  R     (arrival)                          2  0.176   0.005    0.592  
  g39627__3680/Y                    -      A->Y     F     NAND2_X1A_A9PP140ZTUL_C35         11  0.176   0.118    0.709  
  place_opt_inst_FE_OFC77_n_3027/Y  -      A->Y     R     INV_X1M_A9PP140ZTUL_C35           21  0.175   0.201    0.910  
  g44717/Y                          -      A->Y     F     NOR2_X0P7B_A9PP140ZTUL_C35        49  0.262   0.337    1.247  
  g44699/Y                          -      A->Y     R     INV_X0P7M_A9PP140ZTUL_C35         48  0.511   0.399    1.646  
  g41643/Y                          -      B0->Y    F     OAI22_X0P5M_A9PP140ZTUL_C35        1  0.502   0.025    1.672  
  ro_reg[2][1][0]/D                 -      D        F     DFFRPQNA_X1M_A9PP140ZTUL_C35       1  0.144   0.000    1.672  
#---------------------------------------------------------------------------------------------------------------------
Path 54: MET (0.108 ns) Setup Check with Pin ro_reg[2][6][1]/CK->D
               View: wc_analysis_view
              Group: in2reg
         Startpoint: (R) m_ready
              Clock: (R) CLK
           Endpoint: (R) ro_reg[2][6][1]/D
              Clock: (R) CLK

                       Capture       Launch
         Clock Edge:+    2.000        0.000
         Drv Adjust:+    0.000        0.087
        Src Latency:+   -0.154        0.000
        Net Latency:+    0.154 (P)    0.000 (I)
            Arrival:=    2.001        0.086

              Setup:-    0.021
        Uncertainty:-    0.125
      Required Time:=    1.855
       Launch Clock:=    0.086
        Input Delay:+    0.500
          Data Path:+    1.160
              Slack:=    0.108

#------------------------------------------------------------------------------------------------------
# Timing Point       Flags  Arc      Edge  Cell                          Fanout  Trans   Delay  Arrival  
#                                                                                 (ns)    (ns)     (ns)  
#------------------------------------------------------------------------------------------------------
  m_ready            -      m_ready  R     (arrival)                          2  0.176   0.005    0.592  
  g39627__3680/Y     -      A->Y     F     NAND2_X1A_A9PP140ZTUL_C35         11  0.176   0.117    0.709  
  g44716/Y           -      A->Y     R     NAND2_X0P5A_A9PP140ZTUL_C35       33  0.175   0.372    1.081  
  g44698/Y           -      A->Y     F     INV_X0P5B_A9PP140ZTUL_C35         64  0.610   0.505    1.586  
  g41607/Y           -      A0->Y    R     OAI22_X0P5M_A9PP140ZTUL_C35        1  0.724   0.161    1.746  
  ro_reg[2][6][1]/D  -      D        R     DFFRPQNA_X1M_A9PP140ZTUL_C35       1  0.188   0.000    1.746  
#------------------------------------------------------------------------------------------------------
Path 55: MET (0.109 ns) Setup Check with Pin ro_reg[2][6][10]/CK->D
               View: wc_analysis_view
              Group: in2reg
         Startpoint: (R) m_ready
              Clock: (R) CLK
           Endpoint: (R) ro_reg[2][6][10]/D
              Clock: (R) CLK

                       Capture       Launch
         Clock Edge:+    2.000        0.000
         Drv Adjust:+    0.000        0.087
        Src Latency:+   -0.154        0.000
        Net Latency:+    0.152 (P)    0.000 (I)
            Arrival:=    1.998        0.086

              Setup:-    0.021
        Uncertainty:-    0.125
      Required Time:=    1.852
       Launch Clock:=    0.086
        Input Delay:+    0.500
          Data Path:+    1.157
              Slack:=    0.109

#-------------------------------------------------------------------------------------------------------
# Timing Point        Flags  Arc      Edge  Cell                          Fanout  Trans   Delay  Arrival  
#                                                                                  (ns)    (ns)     (ns)  
#-------------------------------------------------------------------------------------------------------
  m_ready             -      m_ready  R     (arrival)                          2  0.176   0.005    0.592  
  g39627__3680/Y      -      A->Y     F     NAND2_X1A_A9PP140ZTUL_C35         11  0.176   0.117    0.709  
  g44716/Y            -      A->Y     R     NAND2_X0P5A_A9PP140ZTUL_C35       33  0.175   0.372    1.081  
  g44698/Y            -      A->Y     F     INV_X0P5B_A9PP140ZTUL_C35         64  0.610   0.501    1.582  
  g41616/Y            -      A0->Y    R     OAI22_X0P5M_A9PP140ZTUL_C35        1  0.723   0.162    1.743  
  ro_reg[2][6][10]/D  -      D        R     DFFRPQNA_X1M_A9PP140ZTUL_C35       1  0.190   0.000    1.743  
#-------------------------------------------------------------------------------------------------------
Path 56: MET (0.109 ns) Setup Check with Pin ro_reg[3][5][12]/CK->D
               View: wc_analysis_view
              Group: in2reg
         Startpoint: (R) m_ready
              Clock: (R) CLK
           Endpoint: (R) ro_reg[3][5][12]/D
              Clock: (R) CLK

                       Capture       Launch
         Clock Edge:+    2.000        0.000
         Drv Adjust:+    0.000        0.087
        Src Latency:+   -0.154        0.000
        Net Latency:+    0.155 (P)    0.000 (I)
            Arrival:=    2.001        0.086

              Setup:-    0.022
        Uncertainty:-    0.125
      Required Time:=    1.854
       Launch Clock:=    0.086
        Input Delay:+    0.500
          Data Path:+    1.158
              Slack:=    0.109

#-------------------------------------------------------------------------------------------------------
# Timing Point        Flags  Arc      Edge  Cell                          Fanout  Trans   Delay  Arrival  
#                                                                                  (ns)    (ns)     (ns)  
#-------------------------------------------------------------------------------------------------------
  m_ready             -      m_ready  R     (arrival)                          2  0.176   0.005    0.592  
  g39627__3680/Y      -      A->Y     F     NAND2_X1A_A9PP140ZTUL_C35         11  0.176   0.117    0.709  
  g44716/Y            -      A->Y     R     NAND2_X0P5A_A9PP140ZTUL_C35       33  0.175   0.372    1.081  
  g44698/Y            -      A->Y     F     INV_X0P5B_A9PP140ZTUL_C35         64  0.610   0.509    1.590  
  g41634/Y            -      A0->Y    R     OAI22_X0P5M_A9PP140ZTUL_C35        1  0.724   0.155    1.744  
  ro_reg[3][5][12]/D  -      D        R     DFFRPQNA_X1M_A9PP140ZTUL_C35       1  0.182   0.000    1.744  
#-------------------------------------------------------------------------------------------------------
Path 57: MET (0.109 ns) Setup Check with Pin ro_reg[3][3][0]/CK->D
               View: wc_analysis_view
              Group: in2reg
         Startpoint: (F) m_ready
              Clock: (R) CLK
           Endpoint: (F) ro_reg[3][3][0]/D
              Clock: (R) CLK

                       Capture       Launch
         Clock Edge:+    2.000        0.000
         Drv Adjust:+    0.000        0.083
        Src Latency:+   -0.154        0.000
        Net Latency:+    0.154 (P)    0.000 (I)
            Arrival:=    2.001        0.083

              Setup:-    0.093
        Uncertainty:-    0.125
      Required Time:=    1.783
       Launch Clock:=    0.083
        Input Delay:+    0.500
          Data Path:+    1.091
              Slack:=    0.109

#---------------------------------------------------------------------------------------------------------------------
# Timing Point                      Flags  Arc      Edge  Cell                          Fanout  Trans   Delay  Arrival  
#                                                                                                (ns)    (ns)     (ns)  
#---------------------------------------------------------------------------------------------------------------------
  m_ready                           -      m_ready  F     (arrival)                          2  0.171   0.005    0.588  
  g39627__3680/Y                    -      A->Y     R     NAND2_X1A_A9PP140ZTUL_C35         11  0.171   0.123    0.711  
  place_opt_inst_FE_OFC77_n_3027/Y  -      A->Y     F     INV_X1M_A9PP140ZTUL_C35           21  0.151   0.143    0.854  
  g44156/Y                          -      A->Y     F     OR2_X0P5M_A9PP140ZTUL_C35         65  0.200   0.279    1.133  
  g43623/Y                          -      A->Y     R     INV_X0P6M_A9PP140ZTUL_C35         64  0.463   0.535    1.668  
  g41146/Y                          -      A0->Y    F     OAI22_X0P5M_A9PP140ZTUL_C35        1  0.688   0.005    1.673  
  ro_reg[3][3][0]/D                 -      D        F     DFFRPQNA_X1M_A9PP140ZTUL_C35       1  0.140   0.000    1.673  
#---------------------------------------------------------------------------------------------------------------------
Path 58: MET (0.111 ns) Setup Check with Pin ro_reg[1][2][14]/CK->D
               View: wc_analysis_view
              Group: in2reg
         Startpoint: (R) m_ready
              Clock: (R) CLK
           Endpoint: (F) ro_reg[1][2][14]/D
              Clock: (R) CLK

                       Capture       Launch
         Clock Edge:+    2.000        0.000
         Drv Adjust:+    0.000        0.087
        Src Latency:+   -0.154        0.000
        Net Latency:+    0.153 (P)    0.000 (I)
            Arrival:=    1.999        0.086

              Setup:-    0.093
        Uncertainty:-    0.125
      Required Time:=    1.782
       Launch Clock:=    0.086
        Input Delay:+    0.500
          Data Path:+    1.085
              Slack:=    0.111

#---------------------------------------------------------------------------------------------------------------------
# Timing Point                      Flags  Arc      Edge  Cell                          Fanout  Trans   Delay  Arrival  
#                                                                                                (ns)    (ns)     (ns)  
#---------------------------------------------------------------------------------------------------------------------
  m_ready                           -      m_ready  R     (arrival)                          2  0.176   0.005    0.592  
  g39627__3680/Y                    -      A->Y     F     NAND2_X1A_A9PP140ZTUL_C35         11  0.176   0.118    0.710  
  place_opt_inst_FE_OFC77_n_3027/Y  -      A->Y     R     INV_X1M_A9PP140ZTUL_C35           21  0.175   0.201    0.910  
  g44717/Y                          -      A->Y     F     NOR2_X0P7B_A9PP140ZTUL_C35        49  0.262   0.337    1.247  
  g44699/Y                          -      A->Y     R     INV_X0P7M_A9PP140ZTUL_C35         48  0.511   0.402    1.650  
  g41479/Y                          -      B0->Y    F     OAI22_X0P5M_A9PP140ZTUL_C35        1  0.503   0.022    1.671  
  ro_reg[1][2][14]/D                -      D        F     DFFRPQNA_X1M_A9PP140ZTUL_C35       1  0.139   0.000    1.671  
#---------------------------------------------------------------------------------------------------------------------
Path 59: MET (0.111 ns) Setup Check with Pin ro_reg[2][4][8]/CK->D
               View: wc_analysis_view
              Group: in2reg
         Startpoint: (F) m_ready
              Clock: (R) CLK
           Endpoint: (F) ro_reg[2][4][8]/D
              Clock: (R) CLK

                       Capture       Launch
         Clock Edge:+    2.000        0.000
         Drv Adjust:+    0.000        0.083
        Src Latency:+   -0.154        0.000
        Net Latency:+    0.149 (P)    0.000 (I)
            Arrival:=    1.995        0.083

              Setup:-    0.093
        Uncertainty:-    0.125
      Required Time:=    1.778
       Launch Clock:=    0.083
        Input Delay:+    0.500
          Data Path:+    1.084
              Slack:=    0.111

#---------------------------------------------------------------------------------------------------------------------
# Timing Point                      Flags  Arc      Edge  Cell                          Fanout  Trans   Delay  Arrival  
#                                                                                                (ns)    (ns)     (ns)  
#---------------------------------------------------------------------------------------------------------------------
  m_ready                           -      m_ready  F     (arrival)                          2  0.171   0.005    0.588  
  g39627__3680/Y                    -      A->Y     R     NAND2_X1A_A9PP140ZTUL_C35         11  0.171   0.123    0.711  
  place_opt_inst_FE_OFC77_n_3027/Y  -      A->Y     F     INV_X1M_A9PP140ZTUL_C35           21  0.151   0.143    0.854  
  g44156/Y                          -      A->Y     F     OR2_X0P5M_A9PP140ZTUL_C35         65  0.200   0.279    1.133  
  g43623/Y                          -      A->Y     R     INV_X0P6M_A9PP140ZTUL_C35         64  0.463   0.530    1.663  
  g41106/Y                          -      A0->Y    F     OAI22_X0P5M_A9PP140ZTUL_C35        1  0.688   0.004    1.667  
  ro_reg[2][4][8]/D                 -      D        F     DFFRPQNA_X1M_A9PP140ZTUL_C35       1  0.139   0.000    1.667  
#---------------------------------------------------------------------------------------------------------------------
Path 60: MET (0.111 ns) Setup Check with Pin ro_reg[3][5][14]/CK->D
               View: wc_analysis_view
              Group: in2reg
         Startpoint: (R) m_ready
              Clock: (R) CLK
           Endpoint: (R) ro_reg[3][5][14]/D
              Clock: (R) CLK

                       Capture       Launch
         Clock Edge:+    2.000        0.000
         Drv Adjust:+    0.000        0.087
        Src Latency:+   -0.154        0.000
        Net Latency:+    0.155 (P)    0.000 (I)
            Arrival:=    2.001        0.086

              Setup:-    0.022
        Uncertainty:-    0.125
      Required Time:=    1.854
       Launch Clock:=    0.086
        Input Delay:+    0.500
          Data Path:+    1.156
              Slack:=    0.111

#-------------------------------------------------------------------------------------------------------
# Timing Point        Flags  Arc      Edge  Cell                          Fanout  Trans   Delay  Arrival  
#                                                                                  (ns)    (ns)     (ns)  
#-------------------------------------------------------------------------------------------------------
  m_ready             -      m_ready  R     (arrival)                          2  0.176   0.005    0.592  
  g39627__3680/Y      -      A->Y     F     NAND2_X1A_A9PP140ZTUL_C35         11  0.176   0.117    0.709  
  g44716/Y            -      A->Y     R     NAND2_X0P5A_A9PP140ZTUL_C35       33  0.175   0.372    1.081  
  g44698/Y            -      A->Y     F     INV_X0P5B_A9PP140ZTUL_C35         64  0.610   0.509    1.590  
  g41636/Y            -      A0->Y    R     OAI22_X0P5M_A9PP140ZTUL_C35        1  0.724   0.153    1.742  
  ro_reg[3][5][14]/D  -      D        R     DFFRPQNA_X1M_A9PP140ZTUL_C35       1  0.179   0.000    1.742  
#-------------------------------------------------------------------------------------------------------
Path 61: MET (0.111 ns) Setup Check with Pin ro_reg[3][5][7]/CK->D
               View: wc_analysis_view
              Group: in2reg
         Startpoint: (R) m_ready
              Clock: (R) CLK
           Endpoint: (R) ro_reg[3][5][7]/D
              Clock: (R) CLK

                       Capture       Launch
         Clock Edge:+    2.000        0.000
         Drv Adjust:+    0.000        0.087
        Src Latency:+   -0.154        0.000
        Net Latency:+    0.154 (P)    0.000 (I)
            Arrival:=    2.001        0.086

              Setup:-    0.021
        Uncertainty:-    0.125
      Required Time:=    1.855
       Launch Clock:=    0.086
        Input Delay:+    0.500
          Data Path:+    1.157
              Slack:=    0.111

#------------------------------------------------------------------------------------------------------
# Timing Point       Flags  Arc      Edge  Cell                          Fanout  Trans   Delay  Arrival  
#                                                                                 (ns)    (ns)     (ns)  
#------------------------------------------------------------------------------------------------------
  m_ready            -      m_ready  R     (arrival)                          2  0.176   0.005    0.592  
  g39627__3680/Y     -      A->Y     F     NAND2_X1A_A9PP140ZTUL_C35         11  0.176   0.117    0.709  
  g44716/Y           -      A->Y     R     NAND2_X0P5A_A9PP140ZTUL_C35       33  0.175   0.372    1.081  
  g44698/Y           -      A->Y     F     INV_X0P5B_A9PP140ZTUL_C35         64  0.610   0.510    1.591  
  g41629/Y           -      A0->Y    R     OAI22_X0P5M_A9PP140ZTUL_C35        1  0.724   0.152    1.743  
  ro_reg[3][5][7]/D  -      D        R     DFFRPQNA_X1M_A9PP140ZTUL_C35       1  0.179   0.000    1.743  
#------------------------------------------------------------------------------------------------------
Path 62: MET (0.111 ns) Setup Check with Pin ro_reg[0][3][8]/CK->D
               View: wc_analysis_view
              Group: in2reg
         Startpoint: (R) m_ready
              Clock: (R) CLK
           Endpoint: (F) ro_reg[0][3][8]/D
              Clock: (R) CLK

                       Capture       Launch
         Clock Edge:+    2.000        0.000
         Drv Adjust:+    0.000        0.087
        Src Latency:+   -0.154        0.000
        Net Latency:+    0.153 (P)    0.000 (I)
            Arrival:=    1.999        0.086

              Setup:-    0.091
        Uncertainty:-    0.125
      Required Time:=    1.783
       Launch Clock:=    0.086
        Input Delay:+    0.500
          Data Path:+    1.085
              Slack:=    0.111

#---------------------------------------------------------------------------------------------------------------------
# Timing Point                      Flags  Arc      Edge  Cell                          Fanout  Trans   Delay  Arrival  
#                                                                                                (ns)    (ns)     (ns)  
#---------------------------------------------------------------------------------------------------------------------
  m_ready                           -      m_ready  R     (arrival)                          2  0.176   0.005    0.592  
  g39627__3680/Y                    -      A->Y     F     NAND2_X1A_A9PP140ZTUL_C35         11  0.176   0.118    0.710  
  place_opt_inst_FE_OFC77_n_3027/Y  -      A->Y     R     INV_X1M_A9PP140ZTUL_C35           21  0.175   0.201    0.910  
  g44717/Y                          -      A->Y     F     NOR2_X0P7B_A9PP140ZTUL_C35        49  0.262   0.337    1.247  
  g44699/Y                          -      A->Y     R     INV_X0P7M_A9PP140ZTUL_C35         48  0.511   0.409    1.656  
  g41510/Y                          -      B0->Y    F     OAI22_X0P5M_A9PP140ZTUL_C35        1  0.503   0.016    1.672  
  ro_reg[0][3][8]/D                 -      D        F     DFFRPQNA_X1M_A9PP140ZTUL_C35       1  0.133   0.000    1.672  
#---------------------------------------------------------------------------------------------------------------------
Path 63: MET (0.112 ns) Setup Check with Pin ro_reg[3][5][0]/CK->D
               View: wc_analysis_view
              Group: in2reg
         Startpoint: (R) m_ready
              Clock: (R) CLK
           Endpoint: (R) ro_reg[3][5][0]/D
              Clock: (R) CLK

                       Capture       Launch
         Clock Edge:+    2.000        0.000
         Drv Adjust:+    0.000        0.087
        Src Latency:+   -0.154        0.000
        Net Latency:+    0.155 (P)    0.000 (I)
            Arrival:=    2.001        0.086

              Setup:-    0.021
        Uncertainty:-    0.125
      Required Time:=    1.855
       Launch Clock:=    0.086
        Input Delay:+    0.500
          Data Path:+    1.157
              Slack:=    0.112

#------------------------------------------------------------------------------------------------------
# Timing Point       Flags  Arc      Edge  Cell                          Fanout  Trans   Delay  Arrival  
#                                                                                 (ns)    (ns)     (ns)  
#------------------------------------------------------------------------------------------------------
  m_ready            -      m_ready  R     (arrival)                          2  0.176   0.005    0.592  
  g39627__3680/Y     -      A->Y     F     NAND2_X1A_A9PP140ZTUL_C35         11  0.176   0.117    0.709  
  g44716/Y           -      A->Y     R     NAND2_X0P5A_A9PP140ZTUL_C35       33  0.175   0.372    1.081  
  g44698/Y           -      A->Y     F     INV_X0P5B_A9PP140ZTUL_C35         64  0.610   0.510    1.591  
  g41622/Y           -      A0->Y    R     OAI22_X0P5M_A9PP140ZTUL_C35        1  0.724   0.152    1.743  
  ro_reg[3][5][0]/D  -      D        R     DFFRPQNA_X1M_A9PP140ZTUL_C35       1  0.179   0.000    1.743  
#------------------------------------------------------------------------------------------------------
Path 64: MET (0.112 ns) Setup Check with Pin ro_reg[3][5][2]/CK->D
               View: wc_analysis_view
              Group: in2reg
         Startpoint: (R) m_ready
              Clock: (R) CLK
           Endpoint: (R) ro_reg[3][5][2]/D
              Clock: (R) CLK

                       Capture       Launch
         Clock Edge:+    2.000        0.000
         Drv Adjust:+    0.000        0.087
        Src Latency:+   -0.154        0.000
        Net Latency:+    0.154 (P)    0.000 (I)
            Arrival:=    2.001        0.086

              Setup:-    0.021
        Uncertainty:-    0.125
      Required Time:=    1.854
       Launch Clock:=    0.086
        Input Delay:+    0.500
          Data Path:+    1.156
              Slack:=    0.112

#------------------------------------------------------------------------------------------------------
# Timing Point       Flags  Arc      Edge  Cell                          Fanout  Trans   Delay  Arrival  
#                                                                                 (ns)    (ns)     (ns)  
#------------------------------------------------------------------------------------------------------
  m_ready            -      m_ready  R     (arrival)                          2  0.176   0.005    0.592  
  g39627__3680/Y     -      A->Y     F     NAND2_X1A_A9PP140ZTUL_C35         11  0.176   0.117    0.709  
  g44716/Y           -      A->Y     R     NAND2_X0P5A_A9PP140ZTUL_C35       33  0.175   0.372    1.081  
  g44698/Y           -      A->Y     F     INV_X0P5B_A9PP140ZTUL_C35         64  0.610   0.510    1.591  
  g41624/Y           -      A0->Y    R     OAI22_X0P5M_A9PP140ZTUL_C35        1  0.724   0.152    1.743  
  ro_reg[3][5][2]/D  -      D        R     DFFRPQNA_X1M_A9PP140ZTUL_C35       1  0.178   0.000    1.743  
#------------------------------------------------------------------------------------------------------
Path 65: MET (0.112 ns) Setup Check with Pin ro_reg[2][6][2]/CK->D
               View: wc_analysis_view
              Group: in2reg
         Startpoint: (R) m_ready
              Clock: (R) CLK
           Endpoint: (R) ro_reg[2][6][2]/D
              Clock: (R) CLK

                       Capture       Launch
         Clock Edge:+    2.000        0.000
         Drv Adjust:+    0.000        0.087
        Src Latency:+   -0.154        0.000
        Net Latency:+    0.154 (P)    0.000 (I)
            Arrival:=    2.001        0.086

              Setup:-    0.021
        Uncertainty:-    0.125
      Required Time:=    1.855
       Launch Clock:=    0.086
        Input Delay:+    0.500
          Data Path:+    1.157
              Slack:=    0.112

#------------------------------------------------------------------------------------------------------
# Timing Point       Flags  Arc      Edge  Cell                          Fanout  Trans   Delay  Arrival  
#                                                                                 (ns)    (ns)     (ns)  
#------------------------------------------------------------------------------------------------------
  m_ready            -      m_ready  R     (arrival)                          2  0.176   0.005    0.592  
  g39627__3680/Y     -      A->Y     F     NAND2_X1A_A9PP140ZTUL_C35         11  0.176   0.117    0.709  
  g44716/Y           -      A->Y     R     NAND2_X0P5A_A9PP140ZTUL_C35       33  0.175   0.372    1.081  
  g44698/Y           -      A->Y     F     INV_X0P5B_A9PP140ZTUL_C35         64  0.610   0.504    1.585  
  g41608/Y           -      A0->Y    R     OAI22_X0P5M_A9PP140ZTUL_C35        1  0.724   0.158    1.743  
  ro_reg[2][6][2]/D  -      D        R     DFFRPQNA_X1M_A9PP140ZTUL_C35       1  0.185   0.000    1.743  
#------------------------------------------------------------------------------------------------------
Path 66: MET (0.112 ns) Setup Check with Pin ro_reg[2][6][9]/CK->D
               View: wc_analysis_view
              Group: in2reg
         Startpoint: (R) m_ready
              Clock: (R) CLK
           Endpoint: (R) ro_reg[2][6][9]/D
              Clock: (R) CLK

                       Capture       Launch
         Clock Edge:+    2.000        0.000
         Drv Adjust:+    0.000        0.087
        Src Latency:+   -0.154        0.000
        Net Latency:+    0.152 (P)    0.000 (I)
            Arrival:=    1.999        0.086

              Setup:-    0.021
        Uncertainty:-    0.125
      Required Time:=    1.853
       Launch Clock:=    0.086
        Input Delay:+    0.500
          Data Path:+    1.154
              Slack:=    0.112

#------------------------------------------------------------------------------------------------------
# Timing Point       Flags  Arc      Edge  Cell                          Fanout  Trans   Delay  Arrival  
#                                                                                 (ns)    (ns)     (ns)  
#------------------------------------------------------------------------------------------------------
  m_ready            -      m_ready  R     (arrival)                          2  0.176   0.005    0.592  
  g39627__3680/Y     -      A->Y     F     NAND2_X1A_A9PP140ZTUL_C35         11  0.176   0.117    0.709  
  g44716/Y           -      A->Y     R     NAND2_X0P5A_A9PP140ZTUL_C35       33  0.175   0.372    1.081  
  g44698/Y           -      A->Y     F     INV_X0P5B_A9PP140ZTUL_C35         64  0.610   0.501    1.582  
  g41615/Y           -      A0->Y    R     OAI22_X0P5M_A9PP140ZTUL_C35        1  0.723   0.159    1.740  
  ro_reg[2][6][9]/D  -      D        R     DFFRPQNA_X1M_A9PP140ZTUL_C35       1  0.186   0.000    1.740  
#------------------------------------------------------------------------------------------------------
Path 67: MET (0.112 ns) Setup Check with Pin ro_reg[1][2][15]/CK->D
               View: wc_analysis_view
              Group: in2reg
         Startpoint: (R) m_ready
              Clock: (R) CLK
           Endpoint: (F) ro_reg[1][2][15]/D
              Clock: (R) CLK

                       Capture       Launch
         Clock Edge:+    2.000        0.000
         Drv Adjust:+    0.000        0.087
        Src Latency:+   -0.154        0.000
        Net Latency:+    0.152 (P)    0.000 (I)
            Arrival:=    1.998        0.086

              Setup:-    0.092
        Uncertainty:-    0.125
      Required Time:=    1.781
       Launch Clock:=    0.086
        Input Delay:+    0.500
          Data Path:+    1.083
              Slack:=    0.112

#---------------------------------------------------------------------------------------------------------------------
# Timing Point                      Flags  Arc      Edge  Cell                          Fanout  Trans   Delay  Arrival  
#                                                                                                (ns)    (ns)     (ns)  
#---------------------------------------------------------------------------------------------------------------------
  m_ready                           -      m_ready  R     (arrival)                          2  0.176   0.005    0.592  
  g39627__3680/Y                    -      A->Y     F     NAND2_X1A_A9PP140ZTUL_C35         11  0.176   0.118    0.709  
  place_opt_inst_FE_OFC77_n_3027/Y  -      A->Y     R     INV_X1M_A9PP140ZTUL_C35           21  0.175   0.201    0.910  
  g44717/Y                          -      A->Y     F     NOR2_X0P7B_A9PP140ZTUL_C35        49  0.262   0.337    1.247  
  g44699/Y                          -      A->Y     R     INV_X0P7M_A9PP140ZTUL_C35         48  0.511   0.404    1.651  
  g41474/Y                          -      B0->Y    F     OAI22_X0P5M_A9PP140ZTUL_C35        1  0.503   0.018    1.669  
  ro_reg[1][2][15]/D                -      D        F     DFFRPQNA_X1M_A9PP140ZTUL_C35       1  0.135   0.000    1.669  
#---------------------------------------------------------------------------------------------------------------------
Path 68: MET (0.112 ns) Setup Check with Pin ro_reg[2][6][6]/CK->D
               View: wc_analysis_view
              Group: in2reg
         Startpoint: (R) m_ready
              Clock: (R) CLK
           Endpoint: (R) ro_reg[2][6][6]/D
              Clock: (R) CLK

                       Capture       Launch
         Clock Edge:+    2.000        0.000
         Drv Adjust:+    0.000        0.087
        Src Latency:+   -0.154        0.000
        Net Latency:+    0.154 (P)    0.000 (I)
            Arrival:=    2.001        0.086

              Setup:-    0.021
        Uncertainty:-    0.125
      Required Time:=    1.855
       Launch Clock:=    0.086
        Input Delay:+    0.500
          Data Path:+    1.156
              Slack:=    0.112

#------------------------------------------------------------------------------------------------------
# Timing Point       Flags  Arc      Edge  Cell                          Fanout  Trans   Delay  Arrival  
#                                                                                 (ns)    (ns)     (ns)  
#------------------------------------------------------------------------------------------------------
  m_ready            -      m_ready  R     (arrival)                          2  0.176   0.005    0.592  
  g39627__3680/Y     -      A->Y     F     NAND2_X1A_A9PP140ZTUL_C35         11  0.176   0.117    0.709  
  g44716/Y           -      A->Y     R     NAND2_X0P5A_A9PP140ZTUL_C35       33  0.175   0.372    1.081  
  g44698/Y           -      A->Y     F     INV_X0P5B_A9PP140ZTUL_C35         64  0.610   0.502    1.582  
  g41612/Y           -      A0->Y    R     OAI22_X0P5M_A9PP140ZTUL_C35        1  0.724   0.160    1.742  
  ro_reg[2][6][6]/D  -      D        R     DFFRPQNA_X1M_A9PP140ZTUL_C35       1  0.188   0.000    1.742  
#------------------------------------------------------------------------------------------------------
Path 69: MET (0.113 ns) Setup Check with Pin ro_reg[2][6][15]/CK->D
               View: wc_analysis_view
              Group: in2reg
         Startpoint: (R) m_ready
              Clock: (R) CLK
           Endpoint: (R) ro_reg[2][6][15]/D
              Clock: (R) CLK

                       Capture       Launch
         Clock Edge:+    2.000        0.000
         Drv Adjust:+    0.000        0.087
        Src Latency:+   -0.154        0.000
        Net Latency:+    0.154 (P)    0.000 (I)
            Arrival:=    2.000        0.086

              Setup:-    0.021
        Uncertainty:-    0.125
      Required Time:=    1.854
       Launch Clock:=    0.086
        Input Delay:+    0.500
          Data Path:+    1.155
              Slack:=    0.113

#-------------------------------------------------------------------------------------------------------
# Timing Point        Flags  Arc      Edge  Cell                          Fanout  Trans   Delay  Arrival  
#                                                                                  (ns)    (ns)     (ns)  
#-------------------------------------------------------------------------------------------------------
  m_ready             -      m_ready  R     (arrival)                          2  0.176   0.005    0.592  
  g39627__3680/Y      -      A->Y     F     NAND2_X1A_A9PP140ZTUL_C35         11  0.176   0.117    0.709  
  g44716/Y            -      A->Y     R     NAND2_X0P5A_A9PP140ZTUL_C35       33  0.175   0.372    1.081  
  g44698/Y            -      A->Y     F     INV_X0P5B_A9PP140ZTUL_C35         64  0.610   0.503    1.583  
  g41621/Y            -      A0->Y    R     OAI22_X0P5M_A9PP140ZTUL_C35        1  0.724   0.158    1.741  
  ro_reg[2][6][15]/D  -      D        R     DFFRPQNA_X1M_A9PP140ZTUL_C35       1  0.185   0.000    1.741  
#-------------------------------------------------------------------------------------------------------
Path 70: MET (0.113 ns) Setup Check with Pin ro_reg[0][3][6]/CK->D
               View: wc_analysis_view
              Group: in2reg
         Startpoint: (R) m_ready
              Clock: (R) CLK
           Endpoint: (F) ro_reg[0][3][6]/D
              Clock: (R) CLK

                       Capture       Launch
         Clock Edge:+    2.000        0.000
         Drv Adjust:+    0.000        0.087
        Src Latency:+   -0.154        0.000
        Net Latency:+    0.153 (P)    0.000 (I)
            Arrival:=    1.999        0.086

              Setup:-    0.091
        Uncertainty:-    0.125
      Required Time:=    1.784
       Launch Clock:=    0.086
        Input Delay:+    0.500
          Data Path:+    1.084
              Slack:=    0.113

#---------------------------------------------------------------------------------------------------------------------
# Timing Point                      Flags  Arc      Edge  Cell                          Fanout  Trans   Delay  Arrival  
#                                                                                                (ns)    (ns)     (ns)  
#---------------------------------------------------------------------------------------------------------------------
  m_ready                           -      m_ready  R     (arrival)                          2  0.176   0.005    0.592  
  g39627__3680/Y                    -      A->Y     F     NAND2_X1A_A9PP140ZTUL_C35         11  0.176   0.118    0.709  
  place_opt_inst_FE_OFC77_n_3027/Y  -      A->Y     R     INV_X1M_A9PP140ZTUL_C35           21  0.175   0.201    0.910  
  g44717/Y                          -      A->Y     F     NOR2_X0P7B_A9PP140ZTUL_C35        49  0.262   0.337    1.247  
  g44699/Y                          -      A->Y     R     INV_X0P7M_A9PP140ZTUL_C35         48  0.511   0.410    1.657  
  g41520/Y                          -      B0->Y    F     OAI22_X0P5M_A9PP140ZTUL_C35        1  0.503   0.014    1.671  
  ro_reg[0][3][6]/D                 -      D        F     DFFRPQNA_X1M_A9PP140ZTUL_C35       1  0.132   0.000    1.671  
#---------------------------------------------------------------------------------------------------------------------
Path 71: MET (0.113 ns) Setup Check with Pin ro_reg[1][2][10]/CK->D
               View: wc_analysis_view
              Group: in2reg
         Startpoint: (R) m_ready
              Clock: (R) CLK
           Endpoint: (F) ro_reg[1][2][10]/D
              Clock: (R) CLK

                       Capture       Launch
         Clock Edge:+    2.000        0.000
         Drv Adjust:+    0.000        0.087
        Src Latency:+   -0.154        0.000
        Net Latency:+    0.151 (P)    0.000 (I)
            Arrival:=    1.998        0.086

              Setup:-    0.091
        Uncertainty:-    0.125
      Required Time:=    1.782
       Launch Clock:=    0.086
        Input Delay:+    0.500
          Data Path:+    1.083
              Slack:=    0.113

#---------------------------------------------------------------------------------------------------------------------
# Timing Point                      Flags  Arc      Edge  Cell                          Fanout  Trans   Delay  Arrival  
#                                                                                                (ns)    (ns)     (ns)  
#---------------------------------------------------------------------------------------------------------------------
  m_ready                           -      m_ready  R     (arrival)                          2  0.176   0.005    0.592  
  g39627__3680/Y                    -      A->Y     F     NAND2_X1A_A9PP140ZTUL_C35         11  0.176   0.118    0.709  
  place_opt_inst_FE_OFC77_n_3027/Y  -      A->Y     R     INV_X1M_A9PP140ZTUL_C35           21  0.175   0.201    0.910  
  g44717/Y                          -      A->Y     F     NOR2_X0P7B_A9PP140ZTUL_C35        49  0.262   0.337    1.247  
  g44699/Y                          -      A->Y     R     INV_X0P7M_A9PP140ZTUL_C35         48  0.511   0.408    1.655  
  g41499/Y                          -      B0->Y    F     OAI22_X0P5M_A9PP140ZTUL_C35        1  0.503   0.014    1.669  
  ro_reg[1][2][10]/D                -      D        F     DFFRPQNA_X1M_A9PP140ZTUL_C35       1  0.132   0.000    1.669  
#---------------------------------------------------------------------------------------------------------------------
Path 72: MET (0.113 ns) Setup Check with Pin ro_reg[0][3][4]/CK->D
               View: wc_analysis_view
              Group: in2reg
         Startpoint: (R) m_ready
              Clock: (R) CLK
           Endpoint: (F) ro_reg[0][3][4]/D
              Clock: (R) CLK

                       Capture       Launch
         Clock Edge:+    2.000        0.000
         Drv Adjust:+    0.000        0.087
        Src Latency:+   -0.154        0.000
        Net Latency:+    0.153 (P)    0.000 (I)
            Arrival:=    2.000        0.086

              Setup:-    0.091
        Uncertainty:-    0.125
      Required Time:=    1.783
       Launch Clock:=    0.086
        Input Delay:+    0.500
          Data Path:+    1.084
              Slack:=    0.113

#---------------------------------------------------------------------------------------------------------------------
# Timing Point                      Flags  Arc      Edge  Cell                          Fanout  Trans   Delay  Arrival  
#                                                                                                (ns)    (ns)     (ns)  
#---------------------------------------------------------------------------------------------------------------------
  m_ready                           -      m_ready  R     (arrival)                          2  0.176   0.005    0.592  
  g39627__3680/Y                    -      A->Y     F     NAND2_X1A_A9PP140ZTUL_C35         11  0.176   0.118    0.709  
  place_opt_inst_FE_OFC77_n_3027/Y  -      A->Y     R     INV_X1M_A9PP140ZTUL_C35           21  0.175   0.201    0.910  
  g44717/Y                          -      A->Y     F     NOR2_X0P7B_A9PP140ZTUL_C35        49  0.262   0.337    1.247  
  g44699/Y                          -      A->Y     R     INV_X0P7M_A9PP140ZTUL_C35         48  0.511   0.410    1.657  
  g41653/Y                          -      B0->Y    F     OAI22_X0P5M_A9PP140ZTUL_C35        1  0.503   0.014    1.671  
  ro_reg[0][3][4]/D                 -      D        F     DFFRPQNA_X1M_A9PP140ZTUL_C35       1  0.134   0.000    1.671  
#---------------------------------------------------------------------------------------------------------------------
Path 73: MET (0.113 ns) Setup Check with Pin ro_reg[2][6][8]/CK->D
               View: wc_analysis_view
              Group: in2reg
         Startpoint: (R) m_ready
              Clock: (R) CLK
           Endpoint: (R) ro_reg[2][6][8]/D
              Clock: (R) CLK

                       Capture       Launch
         Clock Edge:+    2.000        0.000
         Drv Adjust:+    0.000        0.087
        Src Latency:+   -0.154        0.000
        Net Latency:+    0.154 (P)    0.000 (I)
            Arrival:=    2.001        0.086

              Setup:-    0.021
        Uncertainty:-    0.125
      Required Time:=    1.855
       Launch Clock:=    0.086
        Input Delay:+    0.500
          Data Path:+    1.155
              Slack:=    0.113

#------------------------------------------------------------------------------------------------------
# Timing Point       Flags  Arc      Edge  Cell                          Fanout  Trans   Delay  Arrival  
#                                                                                 (ns)    (ns)     (ns)  
#------------------------------------------------------------------------------------------------------
  m_ready            -      m_ready  R     (arrival)                          2  0.176   0.005    0.592  
  g39627__3680/Y     -      A->Y     F     NAND2_X1A_A9PP140ZTUL_C35         11  0.176   0.117    0.709  
  g44716/Y           -      A->Y     R     NAND2_X0P5A_A9PP140ZTUL_C35       33  0.175   0.372    1.081  
  g44698/Y           -      A->Y     F     INV_X0P5B_A9PP140ZTUL_C35         64  0.610   0.500    1.581  
  g41614/Y           -      A0->Y    R     OAI22_X0P5M_A9PP140ZTUL_C35        1  0.723   0.161    1.742  
  ro_reg[2][6][8]/D  -      D        R     DFFRPQNA_X1M_A9PP140ZTUL_C35       1  0.188   0.000    1.742  
#------------------------------------------------------------------------------------------------------
Path 74: MET (0.113 ns) Setup Check with Pin ro_reg[2][4][12]/CK->D
               View: wc_analysis_view
              Group: in2reg
         Startpoint: (F) m_ready
              Clock: (R) CLK
           Endpoint: (F) ro_reg[2][4][12]/D
              Clock: (R) CLK

                       Capture       Launch
         Clock Edge:+    2.000        0.000
         Drv Adjust:+    0.000        0.083
        Src Latency:+   -0.154        0.000
        Net Latency:+    0.152 (P)    0.000 (I)
            Arrival:=    1.999        0.083

              Setup:-    0.093
        Uncertainty:-    0.125
      Required Time:=    1.780
       Launch Clock:=    0.083
        Input Delay:+    0.500
          Data Path:+    1.084
              Slack:=    0.113

#---------------------------------------------------------------------------------------------------------------------
# Timing Point                      Flags  Arc      Edge  Cell                          Fanout  Trans   Delay  Arrival  
#                                                                                                (ns)    (ns)     (ns)  
#---------------------------------------------------------------------------------------------------------------------
  m_ready                           -      m_ready  F     (arrival)                          2  0.171   0.005    0.588  
  g39627__3680/Y                    -      A->Y     R     NAND2_X1A_A9PP140ZTUL_C35         11  0.171   0.123    0.711  
  place_opt_inst_FE_OFC77_n_3027/Y  -      A->Y     F     INV_X1M_A9PP140ZTUL_C35           21  0.151   0.143    0.854  
  g44156/Y                          -      A->Y     F     OR2_X0P5M_A9PP140ZTUL_C35         65  0.200   0.279    1.133  
  g43623/Y                          -      A->Y     R     INV_X0P6M_A9PP140ZTUL_C35         64  0.463   0.527    1.660  
  g41110/Y                          -      A0->Y    F     OAI22_X0P5M_A9PP140ZTUL_C35        1  0.688   0.007    1.667  
  ro_reg[2][4][12]/D                -      D        F     DFFRPQNA_X1M_A9PP140ZTUL_C35       1  0.141   0.000    1.667  
#---------------------------------------------------------------------------------------------------------------------
Path 75: MET (0.113 ns) Setup Check with Pin ro_reg[2][4][6]/CK->D
               View: wc_analysis_view
              Group: in2reg
         Startpoint: (F) m_ready
              Clock: (R) CLK
           Endpoint: (F) ro_reg[2][4][6]/D
              Clock: (R) CLK

                       Capture       Launch
         Clock Edge:+    2.000        0.000
         Drv Adjust:+    0.000        0.083
        Src Latency:+   -0.154        0.000
        Net Latency:+    0.149 (P)    0.000 (I)
            Arrival:=    1.995        0.083

              Setup:-    0.092
        Uncertainty:-    0.125
      Required Time:=    1.778
       Launch Clock:=    0.083
        Input Delay:+    0.500
          Data Path:+    1.082
              Slack:=    0.113

#---------------------------------------------------------------------------------------------------------------------
# Timing Point                      Flags  Arc      Edge  Cell                          Fanout  Trans   Delay  Arrival  
#                                                                                                (ns)    (ns)     (ns)  
#---------------------------------------------------------------------------------------------------------------------
  m_ready                           -      m_ready  F     (arrival)                          2  0.171   0.005    0.588  
  g39627__3680/Y                    -      A->Y     R     NAND2_X1A_A9PP140ZTUL_C35         11  0.171   0.123    0.711  
  place_opt_inst_FE_OFC77_n_3027/Y  -      A->Y     F     INV_X1M_A9PP140ZTUL_C35           21  0.151   0.143    0.854  
  g44156/Y                          -      A->Y     F     OR2_X0P5M_A9PP140ZTUL_C35         65  0.200   0.279    1.133  
  g43623/Y                          -      A->Y     R     INV_X0P6M_A9PP140ZTUL_C35         64  0.463   0.530    1.663  
  g41104/Y                          -      A0->Y    F     OAI22_X0P5M_A9PP140ZTUL_C35        1  0.688   0.001    1.665  
  ro_reg[2][4][6]/D                 -      D        F     DFFRPQNA_X1M_A9PP140ZTUL_C35       1  0.137   0.000    1.665  
#---------------------------------------------------------------------------------------------------------------------
Path 76: MET (0.114 ns) Setup Check with Pin ro_reg[2][6][13]/CK->D
               View: wc_analysis_view
              Group: in2reg
         Startpoint: (R) m_ready
              Clock: (R) CLK
           Endpoint: (R) ro_reg[2][6][13]/D
              Clock: (R) CLK

                       Capture       Launch
         Clock Edge:+    2.000        0.000
         Drv Adjust:+    0.000        0.087
        Src Latency:+   -0.154        0.000
        Net Latency:+    0.154 (P)    0.000 (I)
            Arrival:=    2.000        0.086

              Setup:-    0.021
        Uncertainty:-    0.125
      Required Time:=    1.854
       Launch Clock:=    0.086
        Input Delay:+    0.500
          Data Path:+    1.154
              Slack:=    0.114

#-------------------------------------------------------------------------------------------------------
# Timing Point        Flags  Arc      Edge  Cell                          Fanout  Trans   Delay  Arrival  
#                                                                                  (ns)    (ns)     (ns)  
#-------------------------------------------------------------------------------------------------------
  m_ready             -      m_ready  R     (arrival)                          2  0.176   0.005    0.592  
  g39627__3680/Y      -      A->Y     F     NAND2_X1A_A9PP140ZTUL_C35         11  0.176   0.117    0.709  
  g44716/Y            -      A->Y     R     NAND2_X0P5A_A9PP140ZTUL_C35       33  0.175   0.372    1.081  
  g44698/Y            -      A->Y     F     INV_X0P5B_A9PP140ZTUL_C35         64  0.610   0.502    1.583  
  g41619/Y            -      A0->Y    R     OAI22_X0P5M_A9PP140ZTUL_C35        1  0.724   0.158    1.740  
  ro_reg[2][6][13]/D  -      D        R     DFFRPQNA_X1M_A9PP140ZTUL_C35       1  0.185   0.000    1.740  
#-------------------------------------------------------------------------------------------------------
Path 77: MET (0.114 ns) Setup Check with Pin ro_reg[0][3][9]/CK->D
               View: wc_analysis_view
              Group: in2reg
         Startpoint: (R) m_ready
              Clock: (R) CLK
           Endpoint: (F) ro_reg[0][3][9]/D
              Clock: (R) CLK

                       Capture       Launch
         Clock Edge:+    2.000        0.000
         Drv Adjust:+    0.000        0.087
        Src Latency:+   -0.154        0.000
        Net Latency:+    0.152 (P)    0.000 (I)
            Arrival:=    1.999        0.086

              Setup:-    0.090
        Uncertainty:-    0.125
      Required Time:=    1.783
       Launch Clock:=    0.086
        Input Delay:+    0.500
          Data Path:+    1.083
              Slack:=    0.114

#---------------------------------------------------------------------------------------------------------------------
# Timing Point                      Flags  Arc      Edge  Cell                          Fanout  Trans   Delay  Arrival  
#                                                                                                (ns)    (ns)     (ns)  
#---------------------------------------------------------------------------------------------------------------------
  m_ready                           -      m_ready  R     (arrival)                          2  0.176   0.005    0.592  
  g39627__3680/Y                    -      A->Y     F     NAND2_X1A_A9PP140ZTUL_C35         11  0.176   0.118    0.709  
  place_opt_inst_FE_OFC77_n_3027/Y  -      A->Y     R     INV_X1M_A9PP140ZTUL_C35           21  0.175   0.201    0.910  
  g44717/Y                          -      A->Y     F     NOR2_X0P7B_A9PP140ZTUL_C35        49  0.262   0.337    1.247  
  g44699/Y                          -      A->Y     R     INV_X0P7M_A9PP140ZTUL_C35         48  0.511   0.409    1.656  
  g41505/Y                          -      B0->Y    F     OAI22_X0P5M_A9PP140ZTUL_C35        1  0.503   0.013    1.670  
  ro_reg[0][3][9]/D                 -      D        F     DFFRPQNA_X1M_A9PP140ZTUL_C35       1  0.131   0.000    1.670  
#---------------------------------------------------------------------------------------------------------------------
Path 78: MET (0.114 ns) Setup Check with Pin ro_reg[1][2][1]/CK->D
               View: wc_analysis_view
              Group: in2reg
         Startpoint: (R) m_ready
              Clock: (R) CLK
           Endpoint: (F) ro_reg[1][2][1]/D
              Clock: (R) CLK

                       Capture       Launch
         Clock Edge:+    2.000        0.000
         Drv Adjust:+    0.000        0.087
        Src Latency:+   -0.154        0.000
        Net Latency:+    0.157 (P)    0.000 (I)
            Arrival:=    2.003        0.086

              Setup:-    0.092
        Uncertainty:-    0.125
      Required Time:=    1.786
       Launch Clock:=    0.086
        Input Delay:+    0.500
          Data Path:+    1.086
              Slack:=    0.114

#---------------------------------------------------------------------------------------------------------------------
# Timing Point                      Flags  Arc      Edge  Cell                          Fanout  Trans   Delay  Arrival  
#                                                                                                (ns)    (ns)     (ns)  
#---------------------------------------------------------------------------------------------------------------------
  m_ready                           -      m_ready  R     (arrival)                          2  0.176   0.005    0.592  
  g39627__3680/Y                    -      A->Y     F     NAND2_X1A_A9PP140ZTUL_C35         11  0.176   0.118    0.710  
  place_opt_inst_FE_OFC77_n_3027/Y  -      A->Y     R     INV_X1M_A9PP140ZTUL_C35           21  0.175   0.201    0.910  
  g44717/Y                          -      A->Y     F     NOR2_X0P7B_A9PP140ZTUL_C35        49  0.262   0.337    1.247  
  g44699/Y                          -      A->Y     R     INV_X0P7M_A9PP140ZTUL_C35         48  0.511   0.408    1.656  
  g41639/Y                          -      B0->Y    F     OAI22_X0P5M_A9PP140ZTUL_C35        1  0.503   0.017    1.672  
  ro_reg[1][2][1]/D                 -      D        F     DFFRPQNA_X1M_A9PP140ZTUL_C35       1  0.136   0.000    1.672  
#---------------------------------------------------------------------------------------------------------------------
Path 79: MET (0.114 ns) Setup Check with Pin ro_reg[1][2][7]/CK->D
               View: wc_analysis_view
              Group: in2reg
         Startpoint: (R) m_ready
              Clock: (R) CLK
           Endpoint: (F) ro_reg[1][2][7]/D
              Clock: (R) CLK

                       Capture       Launch
         Clock Edge:+    2.000        0.000
         Drv Adjust:+    0.000        0.087
        Src Latency:+   -0.154        0.000
        Net Latency:+    0.151 (P)    0.000 (I)
            Arrival:=    1.997        0.086

              Setup:-    0.090
        Uncertainty:-    0.125
      Required Time:=    1.782
       Launch Clock:=    0.086
        Input Delay:+    0.500
          Data Path:+    1.081
              Slack:=    0.114

#---------------------------------------------------------------------------------------------------------------------
# Timing Point                      Flags  Arc      Edge  Cell                          Fanout  Trans   Delay  Arrival  
#                                                                                                (ns)    (ns)     (ns)  
#---------------------------------------------------------------------------------------------------------------------
  m_ready                           -      m_ready  R     (arrival)                          2  0.176   0.005    0.592  
  g39627__3680/Y                    -      A->Y     F     NAND2_X1A_A9PP140ZTUL_C35         11  0.176   0.118    0.709  
  place_opt_inst_FE_OFC77_n_3027/Y  -      A->Y     R     INV_X1M_A9PP140ZTUL_C35           21  0.175   0.201    0.910  
  g44717/Y                          -      A->Y     F     NOR2_X0P7B_A9PP140ZTUL_C35        49  0.262   0.337    1.247  
  g44699/Y                          -      A->Y     R     INV_X0P7M_A9PP140ZTUL_C35         48  0.511   0.409    1.656  
  g41514/Y                          -      B0->Y    F     OAI22_X0P5M_A9PP140ZTUL_C35        1  0.503   0.012    1.668  
  ro_reg[1][2][7]/D                 -      D        F     DFFRPQNA_X1M_A9PP140ZTUL_C35       1  0.130   0.000    1.668  
#---------------------------------------------------------------------------------------------------------------------
Path 80: MET (0.115 ns) Setup Check with Pin ro_reg[2][4][7]/CK->D
               View: wc_analysis_view
              Group: in2reg
         Startpoint: (F) m_ready
              Clock: (R) CLK
           Endpoint: (F) ro_reg[2][4][7]/D
              Clock: (R) CLK

                       Capture       Launch
         Clock Edge:+    2.000        0.000
         Drv Adjust:+    0.000        0.083
        Src Latency:+   -0.154        0.000
        Net Latency:+    0.149 (P)    0.000 (I)
            Arrival:=    1.995        0.083

              Setup:-    0.092
        Uncertainty:-    0.125
      Required Time:=    1.778
       Launch Clock:=    0.083
        Input Delay:+    0.500
          Data Path:+    1.081
              Slack:=    0.115

#---------------------------------------------------------------------------------------------------------------------
# Timing Point                      Flags  Arc      Edge  Cell                          Fanout  Trans   Delay  Arrival  
#                                                                                                (ns)    (ns)     (ns)  
#---------------------------------------------------------------------------------------------------------------------
  m_ready                           -      m_ready  F     (arrival)                          2  0.171   0.005    0.588  
  g39627__3680/Y                    -      A->Y     R     NAND2_X1A_A9PP140ZTUL_C35         11  0.171   0.123    0.711  
  place_opt_inst_FE_OFC77_n_3027/Y  -      A->Y     F     INV_X1M_A9PP140ZTUL_C35           21  0.151   0.143    0.854  
  g44156/Y                          -      A->Y     F     OR2_X0P5M_A9PP140ZTUL_C35         65  0.200   0.279    1.133  
  g43623/Y                          -      A->Y     R     INV_X0P6M_A9PP140ZTUL_C35         64  0.463   0.530    1.663  
  g41105/Y                          -      A0->Y    F     OAI22_X0P5M_A9PP140ZTUL_C35        1  0.688   0.000    1.664  
  ro_reg[2][4][7]/D                 -      D        F     DFFRPQNA_X1M_A9PP140ZTUL_C35       1  0.136   0.000    1.664  
#---------------------------------------------------------------------------------------------------------------------
Path 81: MET (0.115 ns) Setup Check with Pin ro_reg[3][3][1]/CK->D
               View: wc_analysis_view
              Group: in2reg
         Startpoint: (F) m_ready
              Clock: (R) CLK
           Endpoint: (F) ro_reg[3][3][1]/D
              Clock: (R) CLK

                       Capture       Launch
         Clock Edge:+    2.000        0.000
         Drv Adjust:+    0.000        0.083
        Src Latency:+   -0.154        0.000
        Net Latency:+    0.154 (P)    0.000 (I)
            Arrival:=    2.001        0.083

              Setup:-    0.092
        Uncertainty:-    0.125
      Required Time:=    1.784
       Launch Clock:=    0.083
        Input Delay:+    0.500
          Data Path:+    1.086
              Slack:=    0.115

#---------------------------------------------------------------------------------------------------------------------
# Timing Point                      Flags  Arc      Edge  Cell                          Fanout  Trans   Delay  Arrival  
#                                                                                                (ns)    (ns)     (ns)  
#---------------------------------------------------------------------------------------------------------------------
  m_ready                           -      m_ready  F     (arrival)                          2  0.171   0.005    0.588  
  g39627__3680/Y                    -      A->Y     R     NAND2_X1A_A9PP140ZTUL_C35         11  0.171   0.123    0.711  
  place_opt_inst_FE_OFC77_n_3027/Y  -      A->Y     F     INV_X1M_A9PP140ZTUL_C35           21  0.151   0.143    0.854  
  g44156/Y                          -      A->Y     F     OR2_X0P5M_A9PP140ZTUL_C35         65  0.200   0.279    1.133  
  g43623/Y                          -      A->Y     R     INV_X0P6M_A9PP140ZTUL_C35         64  0.463   0.535    1.668  
  g41147/Y                          -      A0->Y    F     OAI22_X0P5M_A9PP140ZTUL_C35        1  0.688   0.001    1.669  
  ro_reg[3][3][1]/D                 -      D        F     DFFRPQNA_X1M_A9PP140ZTUL_C35       1  0.136   0.000    1.669  
#---------------------------------------------------------------------------------------------------------------------
Path 82: MET (0.115 ns) Setup Check with Pin ro_reg[1][2][0]/CK->D
               View: wc_analysis_view
              Group: in2reg
         Startpoint: (R) m_ready
              Clock: (R) CLK
           Endpoint: (F) ro_reg[1][2][0]/D
              Clock: (R) CLK

                       Capture       Launch
         Clock Edge:+    2.000        0.000
         Drv Adjust:+    0.000        0.087
        Src Latency:+   -0.154        0.000
        Net Latency:+    0.157 (P)    0.000 (I)
            Arrival:=    2.003        0.086

              Setup:-    0.092
        Uncertainty:-    0.125
      Required Time:=    1.787
       Launch Clock:=    0.086
        Input Delay:+    0.500
          Data Path:+    1.085
              Slack:=    0.115

#---------------------------------------------------------------------------------------------------------------------
# Timing Point                      Flags  Arc      Edge  Cell                          Fanout  Trans   Delay  Arrival  
#                                                                                                (ns)    (ns)     (ns)  
#---------------------------------------------------------------------------------------------------------------------
  m_ready                           -      m_ready  R     (arrival)                          2  0.176   0.005    0.592  
  g39627__3680/Y                    -      A->Y     F     NAND2_X1A_A9PP140ZTUL_C35         11  0.176   0.118    0.710  
  place_opt_inst_FE_OFC77_n_3027/Y  -      A->Y     R     INV_X1M_A9PP140ZTUL_C35           21  0.175   0.201    0.910  
  g44717/Y                          -      A->Y     F     NOR2_X0P7B_A9PP140ZTUL_C35        49  0.262   0.337    1.247  
  g44699/Y                          -      A->Y     R     INV_X0P7M_A9PP140ZTUL_C35         48  0.511   0.409    1.656  
  g41638/Y                          -      B0->Y    F     OAI22_X0P5M_A9PP140ZTUL_C35        1  0.503   0.016    1.672  
  ro_reg[1][2][0]/D                 -      D        F     DFFRPQNA_X1M_A9PP140ZTUL_C35       1  0.136   0.000    1.672  
#---------------------------------------------------------------------------------------------------------------------
Path 83: MET (0.115 ns) Setup Check with Pin ro_reg[2][6][14]/CK->D
               View: wc_analysis_view
              Group: in2reg
         Startpoint: (R) m_ready
              Clock: (R) CLK
           Endpoint: (R) ro_reg[2][6][14]/D
              Clock: (R) CLK

                       Capture       Launch
         Clock Edge:+    2.000        0.000
         Drv Adjust:+    0.000        0.087
        Src Latency:+   -0.154        0.000
        Net Latency:+    0.154 (P)    0.000 (I)
            Arrival:=    2.000        0.086

              Setup:-    0.021
        Uncertainty:-    0.125
      Required Time:=    1.854
       Launch Clock:=    0.086
        Input Delay:+    0.500
          Data Path:+    1.153
              Slack:=    0.115

#-------------------------------------------------------------------------------------------------------
# Timing Point        Flags  Arc      Edge  Cell                          Fanout  Trans   Delay  Arrival  
#                                                                                  (ns)    (ns)     (ns)  
#-------------------------------------------------------------------------------------------------------
  m_ready             -      m_ready  R     (arrival)                          2  0.176   0.005    0.592  
  g39627__3680/Y      -      A->Y     F     NAND2_X1A_A9PP140ZTUL_C35         11  0.176   0.117    0.709  
  g44716/Y            -      A->Y     R     NAND2_X0P5A_A9PP140ZTUL_C35       33  0.175   0.372    1.081  
  g44698/Y            -      A->Y     F     INV_X0P5B_A9PP140ZTUL_C35         64  0.610   0.503    1.583  
  g41620/Y            -      A0->Y    R     OAI22_X0P5M_A9PP140ZTUL_C35        1  0.724   0.156    1.739  
  ro_reg[2][6][14]/D  -      D        R     DFFRPQNA_X1M_A9PP140ZTUL_C35       1  0.183   0.000    1.739  
#-------------------------------------------------------------------------------------------------------
Path 84: MET (0.115 ns) Setup Check with Pin ro_reg[0][3][1]/CK->D
               View: wc_analysis_view
              Group: in2reg
         Startpoint: (R) m_ready
              Clock: (R) CLK
           Endpoint: (F) ro_reg[0][3][1]/D
              Clock: (R) CLK

                       Capture       Launch
         Clock Edge:+    2.000        0.000
         Drv Adjust:+    0.000        0.087
        Src Latency:+   -0.154        0.000
        Net Latency:+    0.153 (P)    0.000 (I)
            Arrival:=    1.999        0.086

              Setup:-    0.091
        Uncertainty:-    0.125
      Required Time:=    1.784
       Launch Clock:=    0.086
        Input Delay:+    0.500
          Data Path:+    1.082
              Slack:=    0.115

#---------------------------------------------------------------------------------------------------------------------
# Timing Point                      Flags  Arc      Edge  Cell                          Fanout  Trans   Delay  Arrival  
#                                                                                                (ns)    (ns)     (ns)  
#---------------------------------------------------------------------------------------------------------------------
  m_ready                           -      m_ready  R     (arrival)                          2  0.176   0.005    0.592  
  g39627__3680/Y                    -      A->Y     F     NAND2_X1A_A9PP140ZTUL_C35         11  0.176   0.118    0.710  
  place_opt_inst_FE_OFC77_n_3027/Y  -      A->Y     R     INV_X1M_A9PP140ZTUL_C35           21  0.175   0.201    0.910  
  g44717/Y                          -      A->Y     F     NOR2_X0P7B_A9PP140ZTUL_C35        49  0.262   0.337    1.247  
  g44699/Y                          -      A->Y     R     INV_X0P7M_A9PP140ZTUL_C35         48  0.511   0.410    1.657  
  g41650/Y                          -      B0->Y    F     OAI22_X0P5M_A9PP140ZTUL_C35        1  0.503   0.012    1.669  
  ro_reg[0][3][1]/D                 -      D        F     DFFRPQNA_X1M_A9PP140ZTUL_C35       1  0.133   0.000    1.669  
#---------------------------------------------------------------------------------------------------------------------
Path 85: MET (0.115 ns) Setup Check with Pin ro_reg[0][3][7]/CK->D
               View: wc_analysis_view
              Group: in2reg
         Startpoint: (R) m_ready
              Clock: (R) CLK
           Endpoint: (F) ro_reg[0][3][7]/D
              Clock: (R) CLK

                       Capture       Launch
         Clock Edge:+    2.000        0.000
         Drv Adjust:+    0.000        0.087
        Src Latency:+   -0.154        0.000
        Net Latency:+    0.154 (P)    0.000 (I)
            Arrival:=    2.000        0.086

              Setup:-    0.090
        Uncertainty:-    0.125
      Required Time:=    1.785
       Launch Clock:=    0.086
        Input Delay:+    0.500
          Data Path:+    1.083
              Slack:=    0.115

#---------------------------------------------------------------------------------------------------------------------
# Timing Point                      Flags  Arc      Edge  Cell                          Fanout  Trans   Delay  Arrival  
#                                                                                                (ns)    (ns)     (ns)  
#---------------------------------------------------------------------------------------------------------------------
  m_ready                           -      m_ready  R     (arrival)                          2  0.176   0.005    0.592  
  g39627__3680/Y                    -      A->Y     F     NAND2_X1A_A9PP140ZTUL_C35         11  0.176   0.118    0.709  
  place_opt_inst_FE_OFC77_n_3027/Y  -      A->Y     R     INV_X1M_A9PP140ZTUL_C35           21  0.175   0.201    0.910  
  g44717/Y                          -      A->Y     F     NOR2_X0P7B_A9PP140ZTUL_C35        49  0.262   0.337    1.247  
  g44699/Y                          -      A->Y     R     INV_X0P7M_A9PP140ZTUL_C35         48  0.511   0.410    1.657  
  g41515/Y                          -      B0->Y    F     OAI22_X0P5M_A9PP140ZTUL_C35        1  0.503   0.013    1.670  
  ro_reg[0][3][7]/D                 -      D        F     DFFRPQNA_X1M_A9PP140ZTUL_C35       1  0.130   0.000    1.670  
#---------------------------------------------------------------------------------------------------------------------
Path 86: MET (0.116 ns) Setup Check with Pin ro_reg[1][2][4]/CK->D
               View: wc_analysis_view
              Group: in2reg
         Startpoint: (R) m_ready
              Clock: (R) CLK
           Endpoint: (F) ro_reg[1][2][4]/D
              Clock: (R) CLK

                       Capture       Launch
         Clock Edge:+    2.000        0.000
         Drv Adjust:+    0.000        0.087
        Src Latency:+   -0.154        0.000
        Net Latency:+    0.157 (P)    0.000 (I)
            Arrival:=    2.003        0.086

              Setup:-    0.092
        Uncertainty:-    0.125
      Required Time:=    1.787
       Launch Clock:=    0.086
        Input Delay:+    0.500
          Data Path:+    1.085
              Slack:=    0.116

#---------------------------------------------------------------------------------------------------------------------
# Timing Point                      Flags  Arc      Edge  Cell                          Fanout  Trans   Delay  Arrival  
#                                                                                                (ns)    (ns)     (ns)  
#---------------------------------------------------------------------------------------------------------------------
  m_ready                           -      m_ready  R     (arrival)                          2  0.176   0.005    0.592  
  g39627__3680/Y                    -      A->Y     F     NAND2_X1A_A9PP140ZTUL_C35         11  0.176   0.118    0.709  
  place_opt_inst_FE_OFC77_n_3027/Y  -      A->Y     R     INV_X1M_A9PP140ZTUL_C35           21  0.175   0.201    0.910  
  g44717/Y                          -      A->Y     F     NOR2_X0P7B_A9PP140ZTUL_C35        49  0.262   0.337    1.247  
  g44699/Y                          -      A->Y     R     INV_X0P7M_A9PP140ZTUL_C35         48  0.511   0.408    1.655  
  g41642/Y                          -      B0->Y    F     OAI22_X0P5M_A9PP140ZTUL_C35        1  0.503   0.016    1.671  
  ro_reg[1][2][4]/D                 -      D        F     DFFRPQNA_X1M_A9PP140ZTUL_C35       1  0.136   0.000    1.671  
#---------------------------------------------------------------------------------------------------------------------
Path 87: MET (0.116 ns) Setup Check with Pin ro_reg[1][2][3]/CK->D
               View: wc_analysis_view
              Group: in2reg
         Startpoint: (R) m_ready
              Clock: (R) CLK
           Endpoint: (F) ro_reg[1][2][3]/D
              Clock: (R) CLK

                       Capture       Launch
         Clock Edge:+    2.000        0.000
         Drv Adjust:+    0.000        0.087
        Src Latency:+   -0.154        0.000
        Net Latency:+    0.156 (P)    0.000 (I)
            Arrival:=    2.003        0.086

              Setup:-    0.091
        Uncertainty:-    0.125
      Required Time:=    1.786
       Launch Clock:=    0.086
        Input Delay:+    0.500
          Data Path:+    1.084
              Slack:=    0.116

#---------------------------------------------------------------------------------------------------------------------
# Timing Point                      Flags  Arc      Edge  Cell                          Fanout  Trans   Delay  Arrival  
#                                                                                                (ns)    (ns)     (ns)  
#---------------------------------------------------------------------------------------------------------------------
  m_ready                           -      m_ready  R     (arrival)                          2  0.176   0.005    0.592  
  g39627__3680/Y                    -      A->Y     F     NAND2_X1A_A9PP140ZTUL_C35         11  0.176   0.118    0.709  
  place_opt_inst_FE_OFC77_n_3027/Y  -      A->Y     R     INV_X1M_A9PP140ZTUL_C35           21  0.175   0.201    0.910  
  g44717/Y                          -      A->Y     F     NOR2_X0P7B_A9PP140ZTUL_C35        49  0.262   0.337    1.247  
  g44699/Y                          -      A->Y     R     INV_X0P7M_A9PP140ZTUL_C35         48  0.511   0.408    1.656  
  g41640/Y                          -      B0->Y    F     OAI22_X0P5M_A9PP140ZTUL_C35        1  0.503   0.015    1.670  
  ro_reg[1][2][3]/D                 -      D        F     DFFRPQNA_X1M_A9PP140ZTUL_C35       1  0.135   0.000    1.670  
#---------------------------------------------------------------------------------------------------------------------
Path 88: MET (0.116 ns) Setup Check with Pin ro_reg[0][3][14]/CK->D
               View: wc_analysis_view
              Group: in2reg
         Startpoint: (R) m_ready
              Clock: (R) CLK
           Endpoint: (F) ro_reg[0][3][14]/D
              Clock: (R) CLK

                       Capture       Launch
         Clock Edge:+    2.000        0.000
         Drv Adjust:+    0.000        0.087
        Src Latency:+   -0.154        0.000
        Net Latency:+    0.153 (P)    0.000 (I)
            Arrival:=    1.999        0.086

              Setup:-    0.090
        Uncertainty:-    0.125
      Required Time:=    1.784
       Launch Clock:=    0.086
        Input Delay:+    0.500
          Data Path:+    1.082
              Slack:=    0.116

#---------------------------------------------------------------------------------------------------------------------
# Timing Point                      Flags  Arc      Edge  Cell                          Fanout  Trans   Delay  Arrival  
#                                                                                                (ns)    (ns)     (ns)  
#---------------------------------------------------------------------------------------------------------------------
  m_ready                           -      m_ready  R     (arrival)                          2  0.176   0.005    0.592  
  g39627__3680/Y                    -      A->Y     F     NAND2_X1A_A9PP140ZTUL_C35         11  0.176   0.118    0.710  
  place_opt_inst_FE_OFC77_n_3027/Y  -      A->Y     R     INV_X1M_A9PP140ZTUL_C35           21  0.175   0.201    0.910  
  g44717/Y                          -      A->Y     F     NOR2_X0P7B_A9PP140ZTUL_C35        49  0.262   0.337    1.247  
  g44699/Y                          -      A->Y     R     INV_X0P7M_A9PP140ZTUL_C35         48  0.511   0.409    1.657  
  g41480/Y                          -      B0->Y    F     OAI22_X0P5M_A9PP140ZTUL_C35        1  0.503   0.011    1.668  
  ro_reg[0][3][14]/D                -      D        F     DFFRPQNA_X1M_A9PP140ZTUL_C35       1  0.129   0.000    1.668  
#---------------------------------------------------------------------------------------------------------------------
Path 89: MET (0.116 ns) Setup Check with Pin ro_reg[0][3][13]/CK->D
               View: wc_analysis_view
              Group: in2reg
         Startpoint: (R) m_ready
              Clock: (R) CLK
           Endpoint: (F) ro_reg[0][3][13]/D
              Clock: (R) CLK

                       Capture       Launch
         Clock Edge:+    2.000        0.000
         Drv Adjust:+    0.000        0.087
        Src Latency:+   -0.154        0.000
        Net Latency:+    0.153 (P)    0.000 (I)
            Arrival:=    1.999        0.086

              Setup:-    0.090
        Uncertainty:-    0.125
      Required Time:=    1.784
       Launch Clock:=    0.086
        Input Delay:+    0.500
          Data Path:+    1.081
              Slack:=    0.116

#---------------------------------------------------------------------------------------------------------------------
# Timing Point                      Flags  Arc      Edge  Cell                          Fanout  Trans   Delay  Arrival  
#                                                                                                (ns)    (ns)     (ns)  
#---------------------------------------------------------------------------------------------------------------------
  m_ready                           -      m_ready  R     (arrival)                          2  0.176   0.005    0.592  
  g39627__3680/Y                    -      A->Y     F     NAND2_X1A_A9PP140ZTUL_C35         11  0.176   0.118    0.710  
  place_opt_inst_FE_OFC77_n_3027/Y  -      A->Y     R     INV_X1M_A9PP140ZTUL_C35           21  0.175   0.201    0.910  
  g44717/Y                          -      A->Y     F     NOR2_X0P7B_A9PP140ZTUL_C35        49  0.262   0.337    1.247  
  g44699/Y                          -      A->Y     R     INV_X0P7M_A9PP140ZTUL_C35         48  0.511   0.409    1.657  
  g41485/Y                          -      B0->Y    F     OAI22_X0P5M_A9PP140ZTUL_C35        1  0.503   0.011    1.668  
  ro_reg[0][3][13]/D                -      D        F     DFFRPQNA_X1M_A9PP140ZTUL_C35       1  0.129   0.000    1.668  
#---------------------------------------------------------------------------------------------------------------------
Path 90: MET (0.117 ns) Setup Check with Pin ro_reg[2][6][11]/CK->D
               View: wc_analysis_view
              Group: in2reg
         Startpoint: (R) m_ready
              Clock: (R) CLK
           Endpoint: (R) ro_reg[2][6][11]/D
              Clock: (R) CLK

                       Capture       Launch
         Clock Edge:+    2.000        0.000
         Drv Adjust:+    0.000        0.087
        Src Latency:+   -0.154        0.000
        Net Latency:+    0.154 (P)    0.000 (I)
            Arrival:=    2.000        0.086

              Setup:-    0.021
        Uncertainty:-    0.125
      Required Time:=    1.854
       Launch Clock:=    0.086
        Input Delay:+    0.500
          Data Path:+    1.151
              Slack:=    0.117

#-------------------------------------------------------------------------------------------------------
# Timing Point        Flags  Arc      Edge  Cell                          Fanout  Trans   Delay  Arrival  
#                                                                                  (ns)    (ns)     (ns)  
#-------------------------------------------------------------------------------------------------------
  m_ready             -      m_ready  R     (arrival)                          2  0.176   0.005    0.592  
  g39627__3680/Y      -      A->Y     F     NAND2_X1A_A9PP140ZTUL_C35         11  0.176   0.117    0.709  
  g44716/Y            -      A->Y     R     NAND2_X0P5A_A9PP140ZTUL_C35       33  0.175   0.372    1.081  
  g44698/Y            -      A->Y     F     INV_X0P5B_A9PP140ZTUL_C35         64  0.610   0.502    1.582  
  g41617/Y            -      A0->Y    R     OAI22_X0P5M_A9PP140ZTUL_C35        1  0.724   0.155    1.738  
  ro_reg[2][6][11]/D  -      D        R     DFFRPQNA_X1M_A9PP140ZTUL_C35       1  0.182   0.000    1.738  
#-------------------------------------------------------------------------------------------------------
Path 91: MET (0.117 ns) Setup Check with Pin ro_reg[2][1][1]/CK->D
               View: wc_analysis_view
              Group: in2reg
         Startpoint: (R) m_ready
              Clock: (R) CLK
           Endpoint: (F) ro_reg[2][1][1]/D
              Clock: (R) CLK

                       Capture       Launch
         Clock Edge:+    2.000        0.000
         Drv Adjust:+    0.000        0.087
        Src Latency:+   -0.154        0.000
        Net Latency:+    0.153 (P)    0.000 (I)
            Arrival:=    1.999        0.086

              Setup:-    0.093
        Uncertainty:-    0.125
      Required Time:=    1.782
       Launch Clock:=    0.086
        Input Delay:+    0.500
          Data Path:+    1.079
              Slack:=    0.117

#---------------------------------------------------------------------------------------------------------------------
# Timing Point                      Flags  Arc      Edge  Cell                          Fanout  Trans   Delay  Arrival  
#                                                                                                (ns)    (ns)     (ns)  
#---------------------------------------------------------------------------------------------------------------------
  m_ready                           -      m_ready  R     (arrival)                          2  0.176   0.005    0.592  
  g39627__3680/Y                    -      A->Y     F     NAND2_X1A_A9PP140ZTUL_C35         11  0.176   0.118    0.710  
  place_opt_inst_FE_OFC77_n_3027/Y  -      A->Y     R     INV_X1M_A9PP140ZTUL_C35           21  0.175   0.201    0.910  
  g44717/Y                          -      A->Y     F     NOR2_X0P7B_A9PP140ZTUL_C35        49  0.262   0.337    1.247  
  g44699/Y                          -      A->Y     R     INV_X0P7M_A9PP140ZTUL_C35         48  0.511   0.399    1.646  
  g41644/Y                          -      B0->Y    F     OAI22_X0P5M_A9PP140ZTUL_C35        1  0.502   0.019    1.665  
  ro_reg[2][1][1]/D                 -      D        F     DFFRPQNA_X1M_A9PP140ZTUL_C35       1  0.138   0.000    1.665  
#---------------------------------------------------------------------------------------------------------------------
Path 92: MET (0.117 ns) Setup Check with Pin ro_reg[0][3][3]/CK->D
               View: wc_analysis_view
              Group: in2reg
         Startpoint: (R) m_ready
              Clock: (R) CLK
           Endpoint: (F) ro_reg[0][3][3]/D
              Clock: (R) CLK

                       Capture       Launch
         Clock Edge:+    2.000        0.000
         Drv Adjust:+    0.000        0.087
        Src Latency:+   -0.154        0.000
        Net Latency:+    0.154 (P)    0.000 (I)
            Arrival:=    2.000        0.086

              Setup:-    0.091
        Uncertainty:-    0.125
      Required Time:=    1.784
       Launch Clock:=    0.086
        Input Delay:+    0.500
          Data Path:+    1.081
              Slack:=    0.117

#---------------------------------------------------------------------------------------------------------------------
# Timing Point                      Flags  Arc      Edge  Cell                          Fanout  Trans   Delay  Arrival  
#                                                                                                (ns)    (ns)     (ns)  
#---------------------------------------------------------------------------------------------------------------------
  m_ready                           -      m_ready  R     (arrival)                          2  0.176   0.005    0.592  
  g39627__3680/Y                    -      A->Y     F     NAND2_X1A_A9PP140ZTUL_C35         11  0.176   0.118    0.709  
  place_opt_inst_FE_OFC77_n_3027/Y  -      A->Y     R     INV_X1M_A9PP140ZTUL_C35           21  0.175   0.201    0.910  
  g44717/Y                          -      A->Y     F     NOR2_X0P7B_A9PP140ZTUL_C35        49  0.262   0.337    1.247  
  g44699/Y                          -      A->Y     R     INV_X0P7M_A9PP140ZTUL_C35         48  0.511   0.410    1.657  
  g41652/Y                          -      B0->Y    F     OAI22_X0P5M_A9PP140ZTUL_C35        1  0.503   0.010    1.668  
  ro_reg[0][3][3]/D                 -      D        F     DFFRPQNA_X1M_A9PP140ZTUL_C35       1  0.132   0.000    1.668  
#---------------------------------------------------------------------------------------------------------------------
Path 93: MET (0.117 ns) Setup Check with Pin ro_reg[0][3][15]/CK->D
               View: wc_analysis_view
              Group: in2reg
         Startpoint: (R) m_ready
              Clock: (R) CLK
           Endpoint: (F) ro_reg[0][3][15]/D
              Clock: (R) CLK

                       Capture       Launch
         Clock Edge:+    2.000        0.000
         Drv Adjust:+    0.000        0.087
        Src Latency:+   -0.154        0.000
        Net Latency:+    0.153 (P)    0.000 (I)
            Arrival:=    1.999        0.086

              Setup:-    0.090
        Uncertainty:-    0.125
      Required Time:=    1.784
       Launch Clock:=    0.086
        Input Delay:+    0.500
          Data Path:+    1.081
              Slack:=    0.117

#---------------------------------------------------------------------------------------------------------------------
# Timing Point                      Flags  Arc      Edge  Cell                          Fanout  Trans   Delay  Arrival  
#                                                                                                (ns)    (ns)     (ns)  
#---------------------------------------------------------------------------------------------------------------------
  m_ready                           -      m_ready  R     (arrival)                          2  0.176   0.005    0.592  
  g39627__3680/Y                    -      A->Y     F     NAND2_X1A_A9PP140ZTUL_C35         11  0.176   0.118    0.709  
  place_opt_inst_FE_OFC77_n_3027/Y  -      A->Y     R     INV_X1M_A9PP140ZTUL_C35           21  0.175   0.201    0.910  
  g44717/Y                          -      A->Y     F     NOR2_X0P7B_A9PP140ZTUL_C35        49  0.262   0.337    1.247  
  g44699/Y                          -      A->Y     R     INV_X0P7M_A9PP140ZTUL_C35         48  0.511   0.409    1.657  
  g41475/Y                          -      B0->Y    F     OAI22_X0P5M_A9PP140ZTUL_C35        1  0.503   0.010    1.667  
  ro_reg[0][3][15]/D                -      D        F     DFFRPQNA_X1M_A9PP140ZTUL_C35       1  0.128   0.000    1.667  
#---------------------------------------------------------------------------------------------------------------------
Path 94: MET (0.117 ns) Setup Check with Pin ro_reg[3][3][3]/CK->D
               View: wc_analysis_view
              Group: in2reg
         Startpoint: (F) m_ready
              Clock: (R) CLK
           Endpoint: (F) ro_reg[3][3][3]/D
              Clock: (R) CLK

                       Capture       Launch
         Clock Edge:+    2.000        0.000
         Drv Adjust:+    0.000        0.083
        Src Latency:+   -0.154        0.000
        Net Latency:+    0.154 (P)    0.000 (I)
            Arrival:=    2.001        0.083

              Setup:-    0.091
        Uncertainty:-    0.125
      Required Time:=    1.784
       Launch Clock:=    0.083
        Input Delay:+    0.500
          Data Path:+    1.084
              Slack:=    0.117

#---------------------------------------------------------------------------------------------------------------------
# Timing Point                      Flags  Arc      Edge  Cell                          Fanout  Trans   Delay  Arrival  
#                                                                                                (ns)    (ns)     (ns)  
#---------------------------------------------------------------------------------------------------------------------
  m_ready                           -      m_ready  F     (arrival)                          2  0.171   0.005    0.588  
  g39627__3680/Y                    -      A->Y     R     NAND2_X1A_A9PP140ZTUL_C35         11  0.171   0.123    0.711  
  place_opt_inst_FE_OFC77_n_3027/Y  -      A->Y     F     INV_X1M_A9PP140ZTUL_C35           21  0.151   0.143    0.854  
  g44156/Y                          -      A->Y     F     OR2_X0P5M_A9PP140ZTUL_C35         65  0.200   0.279    1.133  
  g43623/Y                          -      A->Y     R     INV_X0P6M_A9PP140ZTUL_C35         64  0.463   0.535    1.668  
  g41149/Y                          -      A0->Y    F     OAI22_X0P5M_A9PP140ZTUL_C35        1  0.688  -0.001    1.667  
  ro_reg[3][3][3]/D                 -      D        F     DFFRPQNA_X1M_A9PP140ZTUL_C35       1  0.135   0.000    1.667  
#---------------------------------------------------------------------------------------------------------------------
Path 95: MET (0.118 ns) Setup Check with Pin ro_reg[1][2][9]/CK->D
               View: wc_analysis_view
              Group: in2reg
         Startpoint: (R) m_ready
              Clock: (R) CLK
           Endpoint: (F) ro_reg[1][2][9]/D
              Clock: (R) CLK

                       Capture       Launch
         Clock Edge:+    2.000        0.000
         Drv Adjust:+    0.000        0.087
        Src Latency:+   -0.154        0.000
        Net Latency:+    0.157 (P)    0.000 (I)
            Arrival:=    2.003        0.086

              Setup:-    0.091
        Uncertainty:-    0.125
      Required Time:=    1.787
       Launch Clock:=    0.086
        Input Delay:+    0.500
          Data Path:+    1.083
              Slack:=    0.118

#---------------------------------------------------------------------------------------------------------------------
# Timing Point                      Flags  Arc      Edge  Cell                          Fanout  Trans   Delay  Arrival  
#                                                                                                (ns)    (ns)     (ns)  
#---------------------------------------------------------------------------------------------------------------------
  m_ready                           -      m_ready  R     (arrival)                          2  0.176   0.005    0.592  
  g39627__3680/Y                    -      A->Y     F     NAND2_X1A_A9PP140ZTUL_C35         11  0.176   0.118    0.710  
  place_opt_inst_FE_OFC77_n_3027/Y  -      A->Y     R     INV_X1M_A9PP140ZTUL_C35           21  0.175   0.201    0.910  
  g44717/Y                          -      A->Y     F     NOR2_X0P7B_A9PP140ZTUL_C35        49  0.262   0.337    1.247  
  g44699/Y                          -      A->Y     R     INV_X0P7M_A9PP140ZTUL_C35         48  0.511   0.408    1.655  
  g41504/Y                          -      B0->Y    F     OAI22_X0P5M_A9PP140ZTUL_C35        1  0.503   0.014    1.670  
  ro_reg[1][2][9]/D                 -      D        F     DFFRPQNA_X1M_A9PP140ZTUL_C35       1  0.132   0.000    1.670  
#---------------------------------------------------------------------------------------------------------------------
Path 96: MET (0.118 ns) Setup Check with Pin ro_reg[3][3][13]/CK->D
               View: wc_analysis_view
              Group: in2reg
         Startpoint: (F) m_ready
              Clock: (R) CLK
           Endpoint: (F) ro_reg[3][3][13]/D
              Clock: (R) CLK

                       Capture       Launch
         Clock Edge:+    2.000        0.000
         Drv Adjust:+    0.000        0.083
        Src Latency:+   -0.154        0.000
        Net Latency:+    0.154 (P)    0.000 (I)
            Arrival:=    2.000        0.083

              Setup:-    0.090
        Uncertainty:-    0.125
      Required Time:=    1.786
       Launch Clock:=    0.083
        Input Delay:+    0.500
          Data Path:+    1.085
              Slack:=    0.118

#---------------------------------------------------------------------------------------------------------------------
# Timing Point                      Flags  Arc      Edge  Cell                          Fanout  Trans   Delay  Arrival  
#                                                                                                (ns)    (ns)     (ns)  
#---------------------------------------------------------------------------------------------------------------------
  m_ready                           -      m_ready  F     (arrival)                          2  0.171   0.005    0.588  
  g39627__3680/Y                    -      A->Y     R     NAND2_X1A_A9PP140ZTUL_C35         11  0.171   0.123    0.711  
  place_opt_inst_FE_OFC77_n_3027/Y  -      A->Y     F     INV_X1M_A9PP140ZTUL_C35           21  0.151   0.143    0.854  
  g44156/Y                          -      A->Y     F     OR2_X0P5M_A9PP140ZTUL_C35         65  0.200   0.279    1.133  
  g43623/Y                          -      A->Y     R     INV_X0P6M_A9PP140ZTUL_C35         64  0.463   0.533    1.666  
  g41159/Y                          -      A0->Y    F     OAI22_X0P5M_A9PP140ZTUL_C35        1  0.688   0.002    1.668  
  ro_reg[3][3][13]/D                -      D        F     DFFRPQNA_X1M_A9PP140ZTUL_C35       1  0.137   0.000    1.668  
#---------------------------------------------------------------------------------------------------------------------
Path 97: MET (0.118 ns) Setup Check with Pin ro_reg[1][2][5]/CK->D
               View: wc_analysis_view
              Group: in2reg
         Startpoint: (R) m_ready
              Clock: (R) CLK
           Endpoint: (F) ro_reg[1][2][5]/D
              Clock: (R) CLK

                       Capture       Launch
         Clock Edge:+    2.000        0.000
         Drv Adjust:+    0.000        0.087
        Src Latency:+   -0.154        0.000
        Net Latency:+    0.157 (P)    0.000 (I)
            Arrival:=    2.003        0.086

              Setup:-    0.091
        Uncertainty:-    0.125
      Required Time:=    1.788
       Launch Clock:=    0.086
        Input Delay:+    0.500
          Data Path:+    1.083
              Slack:=    0.118

#---------------------------------------------------------------------------------------------------------------------
# Timing Point                      Flags  Arc      Edge  Cell                          Fanout  Trans   Delay  Arrival  
#                                                                                                (ns)    (ns)     (ns)  
#---------------------------------------------------------------------------------------------------------------------
  m_ready                           -      m_ready  R     (arrival)                          2  0.176   0.005    0.592  
  g39627__3680/Y                    -      A->Y     F     NAND2_X1A_A9PP140ZTUL_C35         11  0.176   0.118    0.710  
  place_opt_inst_FE_OFC77_n_3027/Y  -      A->Y     R     INV_X1M_A9PP140ZTUL_C35           21  0.175   0.201    0.910  
  g44717/Y                          -      A->Y     F     NOR2_X0P7B_A9PP140ZTUL_C35        49  0.262   0.337    1.247  
  g44699/Y                          -      A->Y     R     INV_X0P7M_A9PP140ZTUL_C35         48  0.511   0.408    1.656  
  g41523/Y                          -      B0->Y    F     OAI22_X0P5M_A9PP140ZTUL_C35        1  0.503   0.014    1.670  
  ro_reg[1][2][5]/D                 -      D        F     DFFRPQNA_X1M_A9PP140ZTUL_C35       1  0.132   0.000    1.670  
#---------------------------------------------------------------------------------------------------------------------
Path 98: MET (0.118 ns) Setup Check with Pin ro_reg[2][6][12]/CK->D
               View: wc_analysis_view
              Group: in2reg
         Startpoint: (R) m_ready
              Clock: (R) CLK
           Endpoint: (R) ro_reg[2][6][12]/D
              Clock: (R) CLK

                       Capture       Launch
         Clock Edge:+    2.000        0.000
         Drv Adjust:+    0.000        0.087
        Src Latency:+   -0.154        0.000
        Net Latency:+    0.154 (P)    0.000 (I)
            Arrival:=    2.000        0.086

              Setup:-    0.021
        Uncertainty:-    0.125
      Required Time:=    1.854
       Launch Clock:=    0.086
        Input Delay:+    0.500
          Data Path:+    1.149
              Slack:=    0.118

#-------------------------------------------------------------------------------------------------------
# Timing Point        Flags  Arc      Edge  Cell                          Fanout  Trans   Delay  Arrival  
#                                                                                  (ns)    (ns)     (ns)  
#-------------------------------------------------------------------------------------------------------
  m_ready             -      m_ready  R     (arrival)                          2  0.176   0.005    0.592  
  g39627__3680/Y      -      A->Y     F     NAND2_X1A_A9PP140ZTUL_C35         11  0.176   0.117    0.709  
  g44716/Y            -      A->Y     R     NAND2_X0P5A_A9PP140ZTUL_C35       33  0.175   0.372    1.081  
  g44698/Y            -      A->Y     F     INV_X0P5B_A9PP140ZTUL_C35         64  0.610   0.502    1.583  
  g41618/Y            -      A0->Y    R     OAI22_X0P5M_A9PP140ZTUL_C35        1  0.724   0.153    1.736  
  ro_reg[2][6][12]/D  -      D        R     DFFRPQNA_X1M_A9PP140ZTUL_C35       1  0.180   0.000    1.736  
#-------------------------------------------------------------------------------------------------------
Path 99: MET (0.119 ns) Setup Check with Pin ro_reg[2][6][3]/CK->D
               View: wc_analysis_view
              Group: in2reg
         Startpoint: (R) m_ready
              Clock: (R) CLK
           Endpoint: (R) ro_reg[2][6][3]/D
              Clock: (R) CLK

                       Capture       Launch
         Clock Edge:+    2.000        0.000
         Drv Adjust:+    0.000        0.087
        Src Latency:+   -0.154        0.000
        Net Latency:+    0.154 (P)    0.000 (I)
            Arrival:=    2.001        0.086

              Setup:-    0.021
        Uncertainty:-    0.125
      Required Time:=    1.855
       Launch Clock:=    0.086
        Input Delay:+    0.500
          Data Path:+    1.150
              Slack:=    0.119

#------------------------------------------------------------------------------------------------------
# Timing Point       Flags  Arc      Edge  Cell                          Fanout  Trans   Delay  Arrival  
#                                                                                 (ns)    (ns)     (ns)  
#------------------------------------------------------------------------------------------------------
  m_ready            -      m_ready  R     (arrival)                          2  0.176   0.005    0.592  
  g39627__3680/Y     -      A->Y     F     NAND2_X1A_A9PP140ZTUL_C35         11  0.176   0.117    0.709  
  g44716/Y           -      A->Y     R     NAND2_X0P5A_A9PP140ZTUL_C35       33  0.175   0.372    1.081  
  g44698/Y           -      A->Y     F     INV_X0P5B_A9PP140ZTUL_C35         64  0.610   0.504    1.585  
  g41611/Y           -      A0->Y    R     OAI22_X0P5M_A9PP140ZTUL_C35        1  0.724   0.151    1.736  
  ro_reg[2][6][3]/D  -      D        R     DFFRPQNA_X1M_A9PP140ZTUL_C35       1  0.178   0.000    1.736  
#------------------------------------------------------------------------------------------------------
Path 100: MET (0.119 ns) Setup Check with Pin ro_reg[2][6][4]/CK->D
               View: wc_analysis_view
              Group: in2reg
         Startpoint: (R) m_ready
              Clock: (R) CLK
           Endpoint: (R) ro_reg[2][6][4]/D
              Clock: (R) CLK

                       Capture       Launch
         Clock Edge:+    2.000        0.000
         Drv Adjust:+    0.000        0.087
        Src Latency:+   -0.154        0.000
        Net Latency:+    0.154 (P)    0.000 (I)
            Arrival:=    2.000        0.086

              Setup:-    0.021
        Uncertainty:-    0.125
      Required Time:=    1.855
       Launch Clock:=    0.086
        Input Delay:+    0.500
          Data Path:+    1.149
              Slack:=    0.119

#------------------------------------------------------------------------------------------------------
# Timing Point       Flags  Arc      Edge  Cell                          Fanout  Trans   Delay  Arrival  
#                                                                                 (ns)    (ns)     (ns)  
#------------------------------------------------------------------------------------------------------
  m_ready            -      m_ready  R     (arrival)                          2  0.176   0.005    0.592  
  g39627__3680/Y     -      A->Y     F     NAND2_X1A_A9PP140ZTUL_C35         11  0.176   0.117    0.709  
  g44716/Y           -      A->Y     R     NAND2_X0P5A_A9PP140ZTUL_C35       33  0.175   0.372    1.081  
  g44698/Y           -      A->Y     F     INV_X0P5B_A9PP140ZTUL_C35         64  0.610   0.504    1.585  
  g41609/Y           -      A0->Y    R     OAI22_X0P5M_A9PP140ZTUL_C35        1  0.724   0.151    1.736  
  ro_reg[2][6][4]/D  -      D        R     DFFRPQNA_X1M_A9PP140ZTUL_C35       1  0.178   0.000    1.736  
#------------------------------------------------------------------------------------------------------

