###############################################################
#  Generated by:      Cadence Innovus 23.13-s082_1
#  OS:                Linux x86_64(Host ID mun)
#  Generated on:      Tue Jun 24 07:49:08 2025
#  Design:            axis_sa
#  Command:           report_timing -max_paths 100 -group $cg  > "${reports_path}/$this_run(stage)/${cg}.setup.timing.rpt"
###############################################################
Path 1: MET (0.058 ns) Setup Check with Pin retime_s3_308_reg/CK->D
               View: wc_analysis_view
              Group: reg2reg
         Startpoint: (R) retime_s1_6_reg/CK
              Clock: (R) CLK
           Endpoint: (F) retime_s3_308_reg/D
              Clock: (R) CLK

                       Capture       Launch
         Clock Edge:+    2.000        0.000
        Src Latency:+   -0.154       -0.154
        Net Latency:+    0.155 (P)    0.155 (P)
            Arrival:=    2.001        0.001

              Setup:-    0.075
        Uncertainty:-    0.125
      Required Time:=    1.801
       Launch Clock:=    0.001
          Data Path:+    1.742
              Slack:=    0.058

#---------------------------------------------------------------------------------------------------------------------------------------------
# Timing Point                                              Flags  Arc     Edge  Cell                           Fanout  Trans   Delay  Arrival  
#                                                                                                                        (ns)    (ns)     (ns)  
#---------------------------------------------------------------------------------------------------------------------------------------------
  retime_s1_6_reg/CK                                        -      CK      R     (arrival)                          20  0.043       -    0.001  
  retime_s1_6_reg/QN                                        -      CK->QN  R     DFFRPQNA_X1M_A9PP140ZTUL_C35        6  0.043   0.060    0.061  
  cts_opt_inst_FE_OFC246_n_2948/Y                           -      A->Y    F     INV_X2M_A9PP140ZTUL_C35            58  0.054   0.123    0.184  
  g32675/Y                                                  -      B->Y    F     AND2_X0P5B_A9PP140ZTUL_C35          2  0.208   0.078    0.263  
  g39405__2802/Y                                            -      B0->Y   R     AOI22_X0P5M_A9PP140ZTUL_C35         1  0.032   0.107    0.370  
  g39401__1617/Y                                            -      B->Y    R     AND4_X0P5M_A9PP140ZTUL_C35          1  0.188   0.038    0.408  
  g39400__3680/Y                                            -      A->Y    F     NAND3_X1A_A9PP140ZTUL_C35           1  0.025   0.023    0.431  
  place_opt_inst_FE_OFC176_AR_3__AC_7__ACC_add_31_50_n_0/Y  -      A->Y    R     INV_X2M_A9PP140ZTUL_C35            49  0.040   0.136    0.568  
  place_opt_inst_FE_OFC159_AR_3__AC_7__ACC_add_31_50_n_0/Y  -      A->Y    F     INV_X3M_A9PP140ZTUL_C35             6  0.258   0.057    0.624  
  place_opt_inst_FE_OFC174_AR_3__AC_7__ACC_add_31_50_n_0/Y  -      A->Y    R     INV_X3M_A9PP140ZTUL_C35            63  0.100   0.115    0.740  
  g39398__6783/Y                                            -      A->Y    R     AND2_X1M_A9PP140ZTUL_C35           75  0.159   0.326    1.066  
  place_opt_inst_FE_OFC121_AR_0__AC_3__ACC_n_156/Y          -      A->Y    F     INV_X1M_A9PP140ZTUL_C35            51  0.569   0.261    1.327  
  place_opt_inst_FE_OFC228_AR_0__AC_3__ACC_n_156/Y          -      A->Y    F     BUF_X1M_A9PP140ZTUL_C35            70  0.363   0.303    1.630  
  g43916/Y                                                  -      B0N->Y  F     OAI22BB_X0P5M_A9PP140ZTUL_C35       1  0.372   0.113    1.743  
  retime_s3_308_reg/D                                       -      D       F     DFFRPQA_X1M_A9PP140ZTUL_C35         1  0.096   0.000    1.743  
#---------------------------------------------------------------------------------------------------------------------------------------------
Path 2: MET (0.061 ns) Setup Check with Pin retime_s4_159_reg/CK->D
               View: wc_analysis_view
              Group: reg2reg
         Startpoint: (R) retime_s1_6_reg/CK
              Clock: (R) CLK
           Endpoint: (F) retime_s4_159_reg/D
              Clock: (R) CLK

                       Capture       Launch
         Clock Edge:+    2.000        0.000
        Src Latency:+   -0.154       -0.154
        Net Latency:+    0.154 (P)    0.155 (P)
            Arrival:=    2.000        0.001

              Setup:-    0.074
        Uncertainty:-    0.125
      Required Time:=    1.802
       Launch Clock:=    0.001
          Data Path:+    1.740
              Slack:=    0.061

#---------------------------------------------------------------------------------------------------------------------------------------------
# Timing Point                                              Flags  Arc     Edge  Cell                           Fanout  Trans   Delay  Arrival  
#                                                                                                                        (ns)    (ns)     (ns)  
#---------------------------------------------------------------------------------------------------------------------------------------------
  retime_s1_6_reg/CK                                        -      CK      R     (arrival)                          20  0.043       -    0.001  
  retime_s1_6_reg/QN                                        -      CK->QN  R     DFFRPQNA_X1M_A9PP140ZTUL_C35        6  0.043   0.060    0.061  
  cts_opt_inst_FE_OFC246_n_2948/Y                           -      A->Y    F     INV_X2M_A9PP140ZTUL_C35            58  0.054   0.123    0.184  
  g32675/Y                                                  -      B->Y    F     AND2_X0P5B_A9PP140ZTUL_C35          2  0.208   0.078    0.263  
  g39405__2802/Y                                            -      B0->Y   R     AOI22_X0P5M_A9PP140ZTUL_C35         1  0.032   0.107    0.370  
  g39401__1617/Y                                            -      B->Y    R     AND4_X0P5M_A9PP140ZTUL_C35          1  0.188   0.038    0.408  
  g39400__3680/Y                                            -      A->Y    F     NAND3_X1A_A9PP140ZTUL_C35           1  0.025   0.023    0.431  
  place_opt_inst_FE_OFC176_AR_3__AC_7__ACC_add_31_50_n_0/Y  -      A->Y    R     INV_X2M_A9PP140ZTUL_C35            49  0.040   0.136    0.568  
  place_opt_inst_FE_OFC159_AR_3__AC_7__ACC_add_31_50_n_0/Y  -      A->Y    F     INV_X3M_A9PP140ZTUL_C35             6  0.258   0.057    0.624  
  place_opt_inst_FE_OFC174_AR_3__AC_7__ACC_add_31_50_n_0/Y  -      A->Y    R     INV_X3M_A9PP140ZTUL_C35            63  0.100   0.115    0.740  
  g39398__6783/Y                                            -      A->Y    R     AND2_X1M_A9PP140ZTUL_C35           75  0.159   0.326    1.066  
  place_opt_inst_FE_OFC121_AR_0__AC_3__ACC_n_156/Y          -      A->Y    F     INV_X1M_A9PP140ZTUL_C35            51  0.569   0.261    1.327  
  place_opt_inst_FE_OFC228_AR_0__AC_3__ACC_n_156/Y          -      A->Y    F     BUF_X1M_A9PP140ZTUL_C35            70  0.363   0.303    1.630  
  g43924/Y                                                  -      B0N->Y  F     OAI22BB_X0P5M_A9PP140ZTUL_C35       1  0.372   0.111    1.741  
  retime_s4_159_reg/D                                       -      D       F     DFFRPQA_X1M_A9PP140ZTUL_C35         1  0.093   0.000    1.741  
#---------------------------------------------------------------------------------------------------------------------------------------------
Path 3: MET (0.062 ns) Setup Check with Pin retime_s7_48_reg/CK->D
               View: wc_analysis_view
              Group: reg2reg
         Startpoint: (R) retime_s1_6_reg/CK
              Clock: (R) CLK
           Endpoint: (R) retime_s7_48_reg/D
              Clock: (R) CLK

                       Capture       Launch
         Clock Edge:+    2.000        0.000
        Src Latency:+   -0.154       -0.154
        Net Latency:+    0.154 (P)    0.155 (P)
            Arrival:=    2.000        0.001

              Setup:-    0.026
        Uncertainty:-    0.125
      Required Time:=    1.849
       Launch Clock:=    0.001
          Data Path:+    1.786
              Slack:=    0.062

#--------------------------------------------------------------------------------------------------------------------------------------------
# Timing Point                                              Flags  Arc     Edge  Cell                          Fanout  Trans   Delay  Arrival  
#                                                                                                                       (ns)    (ns)     (ns)  
#--------------------------------------------------------------------------------------------------------------------------------------------
  retime_s1_6_reg/CK                                        -      CK      R     (arrival)                         20  0.043       -    0.001  
  retime_s1_6_reg/QN                                        -      CK->QN  F     DFFRPQNA_X1M_A9PP140ZTUL_C35       6  0.043   0.065    0.066  
  cts_opt_inst_FE_OFC246_n_2948/Y                           -      A->Y    R     INV_X2M_A9PP140ZTUL_C35           58  0.046   0.143    0.210  
  g32665__2346/Y                                            -      B->Y    R     AND2_X0P5B_A9PP140ZTUL_C35         2  0.242   0.034    0.244  
  g39405__2802/Y                                            -      A0->Y   F     AOI22_X0P5M_A9PP140ZTUL_C35        1  0.030   0.086    0.329  
  g39401__1617/Y                                            -      B->Y    F     AND4_X0P5M_A9PP140ZTUL_C35         1  0.153   0.065    0.394  
  g39400__3680/Y                                            -      A->Y    R     NAND3_X1A_A9PP140ZTUL_C35          1  0.022   0.021    0.415  
  place_opt_inst_FE_OFC176_AR_3__AC_7__ACC_add_31_50_n_0/Y  -      A->Y    F     INV_X2M_A9PP140ZTUL_C35           49  0.032   0.119    0.534  
  place_opt_inst_FE_OFC164_AR_3__AC_7__ACC_add_31_50_n_0/Y  -      A->Y    R     INV_X2M_A9PP140ZTUL_C35           34  0.223   0.154    0.688  
  place_opt_inst_FE_OFC128_AR_3__AC_7__ACC_add_31_50_n_0/Y  -      A->Y    F     INV_X2M_A9PP140ZTUL_C35           73  0.184   0.168    0.856  
  g44718/Y                                                  -      A->Y    F     AND2_X0P5B_A9PP140ZTUL_C35        49  0.246   0.388    1.244  
  g44700/Y                                                  -      A->Y    R     INV_X0P7M_A9PP140ZTUL_C35         48  0.637   0.505    1.749  
  g42546/Y                                                  -      B0->Y   R     AO22_X0P5M_A9PP140ZTUL_C35         1  0.608   0.037    1.787  
  retime_s7_48_reg/D                                        -      D       R     DFFRPQA_X1M_A9PP140ZTUL_C35        1  0.043   0.000    1.787  
#--------------------------------------------------------------------------------------------------------------------------------------------
Path 4: MET (0.063 ns) Setup Check with Pin retime_s4_169_reg/CK->D
               View: wc_analysis_view
              Group: reg2reg
         Startpoint: (R) retime_s1_6_reg/CK
              Clock: (R) CLK
           Endpoint: (F) retime_s4_169_reg/D
              Clock: (R) CLK

                       Capture       Launch
         Clock Edge:+    2.000        0.000
        Src Latency:+   -0.154       -0.154
        Net Latency:+    0.155 (P)    0.155 (P)
            Arrival:=    2.001        0.001

              Setup:-    0.073
        Uncertainty:-    0.125
      Required Time:=    1.803
       Launch Clock:=    0.001
          Data Path:+    1.739
              Slack:=    0.063

#---------------------------------------------------------------------------------------------------------------------------------------------
# Timing Point                                              Flags  Arc     Edge  Cell                           Fanout  Trans   Delay  Arrival  
#                                                                                                                        (ns)    (ns)     (ns)  
#---------------------------------------------------------------------------------------------------------------------------------------------
  retime_s1_6_reg/CK                                        -      CK      R     (arrival)                          20  0.043       -    0.001  
  retime_s1_6_reg/QN                                        -      CK->QN  R     DFFRPQNA_X1M_A9PP140ZTUL_C35        6  0.043   0.060    0.061  
  cts_opt_inst_FE_OFC246_n_2948/Y                           -      A->Y    F     INV_X2M_A9PP140ZTUL_C35            58  0.054   0.123    0.184  
  g32675/Y                                                  -      B->Y    F     AND2_X0P5B_A9PP140ZTUL_C35          2  0.208   0.078    0.263  
  g39405__2802/Y                                            -      B0->Y   R     AOI22_X0P5M_A9PP140ZTUL_C35         1  0.032   0.107    0.370  
  g39401__1617/Y                                            -      B->Y    R     AND4_X0P5M_A9PP140ZTUL_C35          1  0.188   0.038    0.408  
  g39400__3680/Y                                            -      A->Y    F     NAND3_X1A_A9PP140ZTUL_C35           1  0.025   0.023    0.431  
  place_opt_inst_FE_OFC176_AR_3__AC_7__ACC_add_31_50_n_0/Y  -      A->Y    R     INV_X2M_A9PP140ZTUL_C35            49  0.040   0.136    0.568  
  place_opt_inst_FE_OFC159_AR_3__AC_7__ACC_add_31_50_n_0/Y  -      A->Y    F     INV_X3M_A9PP140ZTUL_C35             6  0.258   0.057    0.624  
  place_opt_inst_FE_OFC174_AR_3__AC_7__ACC_add_31_50_n_0/Y  -      A->Y    R     INV_X3M_A9PP140ZTUL_C35            63  0.100   0.115    0.740  
  g39398__6783/Y                                            -      A->Y    R     AND2_X1M_A9PP140ZTUL_C35           75  0.159   0.326    1.066  
  place_opt_inst_FE_OFC121_AR_0__AC_3__ACC_n_156/Y          -      A->Y    F     INV_X1M_A9PP140ZTUL_C35            51  0.569   0.261    1.327  
  place_opt_inst_FE_OFC228_AR_0__AC_3__ACC_n_156/Y          -      A->Y    F     BUF_X1M_A9PP140ZTUL_C35            70  0.363   0.303    1.629  
  g43925/Y                                                  -      B0N->Y  F     OAI22BB_X0P5M_A9PP140ZTUL_C35       1  0.372   0.110    1.740  
  retime_s4_169_reg/D                                       -      D       F     DFFRPQA_X1M_A9PP140ZTUL_C35         1  0.092   0.000    1.740  
#---------------------------------------------------------------------------------------------------------------------------------------------
Path 5: MET (0.063 ns) Setup Check with Pin retime_s3_360_reg/CK->D
               View: wc_analysis_view
              Group: reg2reg
         Startpoint: (R) retime_s1_6_reg/CK
              Clock: (R) CLK
           Endpoint: (F) retime_s3_360_reg/D
              Clock: (R) CLK

                       Capture       Launch
         Clock Edge:+    2.000        0.000
        Src Latency:+   -0.154       -0.154
        Net Latency:+    0.155 (P)    0.155 (P)
            Arrival:=    2.001        0.001

              Setup:-    0.073
        Uncertainty:-    0.125
      Required Time:=    1.803
       Launch Clock:=    0.001
          Data Path:+    1.739
              Slack:=    0.063

#---------------------------------------------------------------------------------------------------------------------------------------------
# Timing Point                                              Flags  Arc     Edge  Cell                           Fanout  Trans   Delay  Arrival  
#                                                                                                                        (ns)    (ns)     (ns)  
#---------------------------------------------------------------------------------------------------------------------------------------------
  retime_s1_6_reg/CK                                        -      CK      R     (arrival)                          20  0.043       -    0.001  
  retime_s1_6_reg/QN                                        -      CK->QN  R     DFFRPQNA_X1M_A9PP140ZTUL_C35        6  0.043   0.060    0.061  
  cts_opt_inst_FE_OFC246_n_2948/Y                           -      A->Y    F     INV_X2M_A9PP140ZTUL_C35            58  0.054   0.123    0.184  
  g32675/Y                                                  -      B->Y    F     AND2_X0P5B_A9PP140ZTUL_C35          2  0.208   0.078    0.263  
  g39405__2802/Y                                            -      B0->Y   R     AOI22_X0P5M_A9PP140ZTUL_C35         1  0.032   0.107    0.370  
  g39401__1617/Y                                            -      B->Y    R     AND4_X0P5M_A9PP140ZTUL_C35          1  0.188   0.038    0.408  
  g39400__3680/Y                                            -      A->Y    F     NAND3_X1A_A9PP140ZTUL_C35           1  0.025   0.023    0.431  
  place_opt_inst_FE_OFC176_AR_3__AC_7__ACC_add_31_50_n_0/Y  -      A->Y    R     INV_X2M_A9PP140ZTUL_C35            49  0.040   0.136    0.568  
  place_opt_inst_FE_OFC159_AR_3__AC_7__ACC_add_31_50_n_0/Y  -      A->Y    F     INV_X3M_A9PP140ZTUL_C35             6  0.258   0.057    0.624  
  place_opt_inst_FE_OFC174_AR_3__AC_7__ACC_add_31_50_n_0/Y  -      A->Y    R     INV_X3M_A9PP140ZTUL_C35            63  0.100   0.115    0.740  
  g39398__6783/Y                                            -      A->Y    R     AND2_X1M_A9PP140ZTUL_C35           75  0.159   0.326    1.066  
  place_opt_inst_FE_OFC121_AR_0__AC_3__ACC_n_156/Y          -      A->Y    F     INV_X1M_A9PP140ZTUL_C35            51  0.569   0.261    1.327  
  place_opt_inst_FE_OFC228_AR_0__AC_3__ACC_n_156/Y          -      A->Y    F     BUF_X1M_A9PP140ZTUL_C35            70  0.363   0.303    1.630  
  g43919/Y                                                  -      B0N->Y  F     OAI22BB_X0P5M_A9PP140ZTUL_C35       1  0.372   0.110    1.740  
  retime_s3_360_reg/D                                       -      D       F     DFFRPQA_X1M_A9PP140ZTUL_C35         1  0.092   0.000    1.740  
#---------------------------------------------------------------------------------------------------------------------------------------------
Path 6: MET (0.064 ns) Setup Check with Pin retime_s8_5_reg/CK->D
               View: wc_analysis_view
              Group: reg2reg
         Startpoint: (R) retime_s1_6_reg/CK
              Clock: (R) CLK
           Endpoint: (R) retime_s8_5_reg/D
              Clock: (R) CLK

                       Capture       Launch
         Clock Edge:+    2.000        0.000
        Src Latency:+   -0.154       -0.154
        Net Latency:+    0.153 (P)    0.155 (P)
            Arrival:=    2.000        0.001

              Setup:-    0.026
        Uncertainty:-    0.125
      Required Time:=    1.849
       Launch Clock:=    0.001
          Data Path:+    1.784
              Slack:=    0.064

#--------------------------------------------------------------------------------------------------------------------------------------------
# Timing Point                                              Flags  Arc     Edge  Cell                          Fanout  Trans   Delay  Arrival  
#                                                                                                                       (ns)    (ns)     (ns)  
#--------------------------------------------------------------------------------------------------------------------------------------------
  retime_s1_6_reg/CK                                        -      CK      R     (arrival)                         20  0.043       -    0.001  
  retime_s1_6_reg/QN                                        -      CK->QN  F     DFFRPQNA_X1M_A9PP140ZTUL_C35       6  0.043   0.065    0.066  
  cts_opt_inst_FE_OFC246_n_2948/Y                           -      A->Y    R     INV_X2M_A9PP140ZTUL_C35           58  0.046   0.143    0.210  
  g32665__2346/Y                                            -      B->Y    R     AND2_X0P5B_A9PP140ZTUL_C35         2  0.242   0.034    0.244  
  g39405__2802/Y                                            -      A0->Y   F     AOI22_X0P5M_A9PP140ZTUL_C35        1  0.030   0.086    0.329  
  g39401__1617/Y                                            -      B->Y    F     AND4_X0P5M_A9PP140ZTUL_C35         1  0.153   0.065    0.394  
  g39400__3680/Y                                            -      A->Y    R     NAND3_X1A_A9PP140ZTUL_C35          1  0.022   0.021    0.415  
  place_opt_inst_FE_OFC176_AR_3__AC_7__ACC_add_31_50_n_0/Y  -      A->Y    F     INV_X2M_A9PP140ZTUL_C35           49  0.032   0.119    0.534  
  place_opt_inst_FE_OFC164_AR_3__AC_7__ACC_add_31_50_n_0/Y  -      A->Y    R     INV_X2M_A9PP140ZTUL_C35           34  0.223   0.154    0.688  
  place_opt_inst_FE_OFC128_AR_3__AC_7__ACC_add_31_50_n_0/Y  -      A->Y    F     INV_X2M_A9PP140ZTUL_C35           73  0.184   0.168    0.856  
  g44718/Y                                                  -      A->Y    F     AND2_X0P5B_A9PP140ZTUL_C35        49  0.246   0.388    1.244  
  g44700/Y                                                  -      A->Y    R     INV_X0P7M_A9PP140ZTUL_C35         48  0.637   0.499    1.744  
  g42505/Y                                                  -      B0->Y   R     AO22_X0P5M_A9PP140ZTUL_C35         1  0.608   0.041    1.785  
  retime_s8_5_reg/D                                         -      D       R     DFFRPQA_X1M_A9PP140ZTUL_C35        1  0.047   0.000    1.785  
#--------------------------------------------------------------------------------------------------------------------------------------------
Path 7: MET (0.064 ns) Setup Check with Pin retime_s7_38_reg/CK->D
               View: wc_analysis_view
              Group: reg2reg
         Startpoint: (R) retime_s1_6_reg/CK
              Clock: (R) CLK
           Endpoint: (R) retime_s7_38_reg/D
              Clock: (R) CLK

                       Capture       Launch
         Clock Edge:+    2.000        0.000
        Src Latency:+   -0.154       -0.154
        Net Latency:+    0.154 (P)    0.155 (P)
            Arrival:=    2.000        0.001

              Setup:-    0.026
        Uncertainty:-    0.125
      Required Time:=    1.849
       Launch Clock:=    0.001
          Data Path:+    1.784
              Slack:=    0.064

#--------------------------------------------------------------------------------------------------------------------------------------------
# Timing Point                                              Flags  Arc     Edge  Cell                          Fanout  Trans   Delay  Arrival  
#                                                                                                                       (ns)    (ns)     (ns)  
#--------------------------------------------------------------------------------------------------------------------------------------------
  retime_s1_6_reg/CK                                        -      CK      R     (arrival)                         20  0.043       -    0.001  
  retime_s1_6_reg/QN                                        -      CK->QN  F     DFFRPQNA_X1M_A9PP140ZTUL_C35       6  0.043   0.065    0.066  
  cts_opt_inst_FE_OFC246_n_2948/Y                           -      A->Y    R     INV_X2M_A9PP140ZTUL_C35           58  0.046   0.143    0.210  
  g32665__2346/Y                                            -      B->Y    R     AND2_X0P5B_A9PP140ZTUL_C35         2  0.242   0.034    0.244  
  g39405__2802/Y                                            -      A0->Y   F     AOI22_X0P5M_A9PP140ZTUL_C35        1  0.030   0.086    0.329  
  g39401__1617/Y                                            -      B->Y    F     AND4_X0P5M_A9PP140ZTUL_C35         1  0.153   0.065    0.394  
  g39400__3680/Y                                            -      A->Y    R     NAND3_X1A_A9PP140ZTUL_C35          1  0.022   0.021    0.415  
  place_opt_inst_FE_OFC176_AR_3__AC_7__ACC_add_31_50_n_0/Y  -      A->Y    F     INV_X2M_A9PP140ZTUL_C35           49  0.032   0.119    0.534  
  place_opt_inst_FE_OFC164_AR_3__AC_7__ACC_add_31_50_n_0/Y  -      A->Y    R     INV_X2M_A9PP140ZTUL_C35           34  0.223   0.154    0.688  
  place_opt_inst_FE_OFC128_AR_3__AC_7__ACC_add_31_50_n_0/Y  -      A->Y    F     INV_X2M_A9PP140ZTUL_C35           73  0.184   0.168    0.856  
  g44718/Y                                                  -      A->Y    F     AND2_X0P5B_A9PP140ZTUL_C35        49  0.246   0.388    1.244  
  g44700/Y                                                  -      A->Y    R     INV_X0P7M_A9PP140ZTUL_C35         48  0.637   0.505    1.749  
  g42459/Y                                                  -      B0->Y   R     AO22_X0P5M_A9PP140ZTUL_C35         1  0.608   0.035    1.785  
  retime_s7_38_reg/D                                        -      D       R     DFFRPQA_X1M_A9PP140ZTUL_C35        1  0.041   0.000    1.785  
#--------------------------------------------------------------------------------------------------------------------------------------------
Path 8: MET (0.065 ns) Setup Check with Pin retime_s7_37_reg/CK->D
               View: wc_analysis_view
              Group: reg2reg
         Startpoint: (R) retime_s1_6_reg/CK
              Clock: (R) CLK
           Endpoint: (R) retime_s7_37_reg/D
              Clock: (R) CLK

                       Capture       Launch
         Clock Edge:+    2.000        0.000
        Src Latency:+   -0.154       -0.154
        Net Latency:+    0.155 (P)    0.155 (P)
            Arrival:=    2.001        0.001

              Setup:-    0.026
        Uncertainty:-    0.125
      Required Time:=    1.850
       Launch Clock:=    0.001
          Data Path:+    1.784
              Slack:=    0.065

#--------------------------------------------------------------------------------------------------------------------------------------------
# Timing Point                                              Flags  Arc     Edge  Cell                          Fanout  Trans   Delay  Arrival  
#                                                                                                                       (ns)    (ns)     (ns)  
#--------------------------------------------------------------------------------------------------------------------------------------------
  retime_s1_6_reg/CK                                        -      CK      R     (arrival)                         20  0.043       -    0.001  
  retime_s1_6_reg/QN                                        -      CK->QN  F     DFFRPQNA_X1M_A9PP140ZTUL_C35       6  0.043   0.065    0.066  
  cts_opt_inst_FE_OFC246_n_2948/Y                           -      A->Y    R     INV_X2M_A9PP140ZTUL_C35           58  0.046   0.143    0.210  
  g32665__2346/Y                                            -      B->Y    R     AND2_X0P5B_A9PP140ZTUL_C35         2  0.242   0.034    0.244  
  g39405__2802/Y                                            -      A0->Y   F     AOI22_X0P5M_A9PP140ZTUL_C35        1  0.030   0.086    0.329  
  g39401__1617/Y                                            -      B->Y    F     AND4_X0P5M_A9PP140ZTUL_C35         1  0.153   0.065    0.394  
  g39400__3680/Y                                            -      A->Y    R     NAND3_X1A_A9PP140ZTUL_C35          1  0.022   0.021    0.415  
  place_opt_inst_FE_OFC176_AR_3__AC_7__ACC_add_31_50_n_0/Y  -      A->Y    F     INV_X2M_A9PP140ZTUL_C35           49  0.032   0.119    0.534  
  place_opt_inst_FE_OFC164_AR_3__AC_7__ACC_add_31_50_n_0/Y  -      A->Y    R     INV_X2M_A9PP140ZTUL_C35           34  0.223   0.154    0.688  
  place_opt_inst_FE_OFC128_AR_3__AC_7__ACC_add_31_50_n_0/Y  -      A->Y    F     INV_X2M_A9PP140ZTUL_C35           73  0.184   0.168    0.856  
  g44718/Y                                                  -      A->Y    F     AND2_X0P5B_A9PP140ZTUL_C35        49  0.246   0.388    1.244  
  g44700/Y                                                  -      A->Y    R     INV_X0P7M_A9PP140ZTUL_C35         48  0.637   0.505    1.749  
  g42239/Y                                                  -      B0->Y   R     AO22_X0P5M_A9PP140ZTUL_C35         1  0.608   0.036    1.785  
  retime_s7_37_reg/D                                        -      D       R     DFFRPQA_X1M_A9PP140ZTUL_C35        1  0.042   0.000    1.785  
#--------------------------------------------------------------------------------------------------------------------------------------------
Path 9: MET (0.065 ns) Setup Check with Pin retime_s7_68_reg/CK->D
               View: wc_analysis_view
              Group: reg2reg
         Startpoint: (R) retime_s1_6_reg/CK
              Clock: (R) CLK
           Endpoint: (R) retime_s7_68_reg/D
              Clock: (R) CLK

                       Capture       Launch
         Clock Edge:+    2.000        0.000
        Src Latency:+   -0.154       -0.154
        Net Latency:+    0.154 (P)    0.155 (P)
            Arrival:=    2.001        0.001

              Setup:-    0.026
        Uncertainty:-    0.125
      Required Time:=    1.849
       Launch Clock:=    0.001
          Data Path:+    1.784
              Slack:=    0.065

#--------------------------------------------------------------------------------------------------------------------------------------------
# Timing Point                                              Flags  Arc     Edge  Cell                          Fanout  Trans   Delay  Arrival  
#                                                                                                                       (ns)    (ns)     (ns)  
#--------------------------------------------------------------------------------------------------------------------------------------------
  retime_s1_6_reg/CK                                        -      CK      R     (arrival)                         20  0.043       -    0.001  
  retime_s1_6_reg/QN                                        -      CK->QN  F     DFFRPQNA_X1M_A9PP140ZTUL_C35       6  0.043   0.065    0.066  
  cts_opt_inst_FE_OFC246_n_2948/Y                           -      A->Y    R     INV_X2M_A9PP140ZTUL_C35           58  0.046   0.143    0.210  
  g32665__2346/Y                                            -      B->Y    R     AND2_X0P5B_A9PP140ZTUL_C35         2  0.242   0.034    0.244  
  g39405__2802/Y                                            -      A0->Y   F     AOI22_X0P5M_A9PP140ZTUL_C35        1  0.030   0.086    0.329  
  g39401__1617/Y                                            -      B->Y    F     AND4_X0P5M_A9PP140ZTUL_C35         1  0.153   0.065    0.394  
  g39400__3680/Y                                            -      A->Y    R     NAND3_X1A_A9PP140ZTUL_C35          1  0.022   0.021    0.415  
  place_opt_inst_FE_OFC176_AR_3__AC_7__ACC_add_31_50_n_0/Y  -      A->Y    F     INV_X2M_A9PP140ZTUL_C35           49  0.032   0.119    0.534  
  place_opt_inst_FE_OFC164_AR_3__AC_7__ACC_add_31_50_n_0/Y  -      A->Y    R     INV_X2M_A9PP140ZTUL_C35           34  0.223   0.154    0.688  
  place_opt_inst_FE_OFC128_AR_3__AC_7__ACC_add_31_50_n_0/Y  -      A->Y    F     INV_X2M_A9PP140ZTUL_C35           73  0.184   0.168    0.856  
  g44718/Y                                                  -      A->Y    F     AND2_X0P5B_A9PP140ZTUL_C35        49  0.246   0.388    1.244  
  g44700/Y                                                  -      A->Y    R     INV_X0P7M_A9PP140ZTUL_C35         48  0.637   0.505    1.750  
  g42591/Y                                                  -      B0->Y   R     AO22_X0P5M_A9PP140ZTUL_C35         1  0.608   0.035    1.785  
  retime_s7_68_reg/D                                        -      D       R     DFFRPQA_X1M_A9PP140ZTUL_C35        1  0.041   0.000    1.785  
#--------------------------------------------------------------------------------------------------------------------------------------------
Path 10: MET (0.065 ns) Setup Check with Pin retime_s7_42_reg/CK->D
               View: wc_analysis_view
              Group: reg2reg
         Startpoint: (R) retime_s1_6_reg/CK
              Clock: (R) CLK
           Endpoint: (R) retime_s7_42_reg/D
              Clock: (R) CLK

                       Capture       Launch
         Clock Edge:+    2.000        0.000
        Src Latency:+   -0.154       -0.154
        Net Latency:+    0.154 (P)    0.155 (P)
            Arrival:=    2.001        0.001

              Setup:-    0.026
        Uncertainty:-    0.125
      Required Time:=    1.850
       Launch Clock:=    0.001
          Data Path:+    1.783
              Slack:=    0.065

#--------------------------------------------------------------------------------------------------------------------------------------------
# Timing Point                                              Flags  Arc     Edge  Cell                          Fanout  Trans   Delay  Arrival  
#                                                                                                                       (ns)    (ns)     (ns)  
#--------------------------------------------------------------------------------------------------------------------------------------------
  retime_s1_6_reg/CK                                        -      CK      R     (arrival)                         20  0.043       -    0.001  
  retime_s1_6_reg/QN                                        -      CK->QN  F     DFFRPQNA_X1M_A9PP140ZTUL_C35       6  0.043   0.065    0.066  
  cts_opt_inst_FE_OFC246_n_2948/Y                           -      A->Y    R     INV_X2M_A9PP140ZTUL_C35           58  0.046   0.143    0.210  
  g32665__2346/Y                                            -      B->Y    R     AND2_X0P5B_A9PP140ZTUL_C35         2  0.242   0.034    0.244  
  g39405__2802/Y                                            -      A0->Y   F     AOI22_X0P5M_A9PP140ZTUL_C35        1  0.030   0.086    0.329  
  g39401__1617/Y                                            -      B->Y    F     AND4_X0P5M_A9PP140ZTUL_C35         1  0.153   0.065    0.394  
  g39400__3680/Y                                            -      A->Y    R     NAND3_X1A_A9PP140ZTUL_C35          1  0.022   0.021    0.415  
  place_opt_inst_FE_OFC176_AR_3__AC_7__ACC_add_31_50_n_0/Y  -      A->Y    F     INV_X2M_A9PP140ZTUL_C35           49  0.032   0.119    0.534  
  place_opt_inst_FE_OFC164_AR_3__AC_7__ACC_add_31_50_n_0/Y  -      A->Y    R     INV_X2M_A9PP140ZTUL_C35           34  0.223   0.154    0.688  
  place_opt_inst_FE_OFC128_AR_3__AC_7__ACC_add_31_50_n_0/Y  -      A->Y    F     INV_X2M_A9PP140ZTUL_C35           73  0.184   0.168    0.856  
  g44718/Y                                                  -      A->Y    F     AND2_X0P5B_A9PP140ZTUL_C35        49  0.246   0.388    1.244  
  g44700/Y                                                  -      A->Y    R     INV_X0P7M_A9PP140ZTUL_C35         48  0.637   0.505    1.749  
  g42395/Y                                                  -      B0->Y   R     AO22_X0P5M_A9PP140ZTUL_C35         1  0.608   0.035    1.784  
  retime_s7_42_reg/D                                        -      D       R     DFFRPQA_X1M_A9PP140ZTUL_C35        1  0.041   0.000    1.784  
#--------------------------------------------------------------------------------------------------------------------------------------------
Path 11: MET (0.065 ns) Setup Check with Pin retime_s7_41_reg/CK->D
               View: wc_analysis_view
              Group: reg2reg
         Startpoint: (R) retime_s1_6_reg/CK
              Clock: (R) CLK
           Endpoint: (R) retime_s7_41_reg/D
              Clock: (R) CLK

                       Capture       Launch
         Clock Edge:+    2.000        0.000
        Src Latency:+   -0.154       -0.154
        Net Latency:+    0.154 (P)    0.155 (P)
            Arrival:=    2.001        0.001

              Setup:-    0.026
        Uncertainty:-    0.125
      Required Time:=    1.850
       Launch Clock:=    0.001
          Data Path:+    1.783
              Slack:=    0.065

#--------------------------------------------------------------------------------------------------------------------------------------------
# Timing Point                                              Flags  Arc     Edge  Cell                          Fanout  Trans   Delay  Arrival  
#                                                                                                                       (ns)    (ns)     (ns)  
#--------------------------------------------------------------------------------------------------------------------------------------------
  retime_s1_6_reg/CK                                        -      CK      R     (arrival)                         20  0.043       -    0.001  
  retime_s1_6_reg/QN                                        -      CK->QN  F     DFFRPQNA_X1M_A9PP140ZTUL_C35       6  0.043   0.065    0.066  
  cts_opt_inst_FE_OFC246_n_2948/Y                           -      A->Y    R     INV_X2M_A9PP140ZTUL_C35           58  0.046   0.143    0.210  
  g32665__2346/Y                                            -      B->Y    R     AND2_X0P5B_A9PP140ZTUL_C35         2  0.242   0.034    0.244  
  g39405__2802/Y                                            -      A0->Y   F     AOI22_X0P5M_A9PP140ZTUL_C35        1  0.030   0.086    0.329  
  g39401__1617/Y                                            -      B->Y    F     AND4_X0P5M_A9PP140ZTUL_C35         1  0.153   0.065    0.394  
  g39400__3680/Y                                            -      A->Y    R     NAND3_X1A_A9PP140ZTUL_C35          1  0.022   0.021    0.415  
  place_opt_inst_FE_OFC176_AR_3__AC_7__ACC_add_31_50_n_0/Y  -      A->Y    F     INV_X2M_A9PP140ZTUL_C35           49  0.032   0.119    0.534  
  place_opt_inst_FE_OFC164_AR_3__AC_7__ACC_add_31_50_n_0/Y  -      A->Y    R     INV_X2M_A9PP140ZTUL_C35           34  0.223   0.154    0.688  
  place_opt_inst_FE_OFC128_AR_3__AC_7__ACC_add_31_50_n_0/Y  -      A->Y    F     INV_X2M_A9PP140ZTUL_C35           73  0.184   0.168    0.856  
  g44718/Y                                                  -      A->Y    F     AND2_X0P5B_A9PP140ZTUL_C35        49  0.246   0.388    1.244  
  g44700/Y                                                  -      A->Y    R     INV_X0P7M_A9PP140ZTUL_C35         48  0.637   0.505    1.749  
  g42431/Y                                                  -      B0->Y   R     AO22_X0P5M_A9PP140ZTUL_C35         1  0.608   0.035    1.784  
  retime_s7_41_reg/D                                        -      D       R     DFFRPQA_X1M_A9PP140ZTUL_C35        1  0.041   0.000    1.784  
#--------------------------------------------------------------------------------------------------------------------------------------------
Path 12: MET (0.066 ns) Setup Check with Pin retime_s7_43_reg/CK->D
               View: wc_analysis_view
              Group: reg2reg
         Startpoint: (R) retime_s1_6_reg/CK
              Clock: (R) CLK
           Endpoint: (R) retime_s7_43_reg/D
              Clock: (R) CLK

                       Capture       Launch
         Clock Edge:+    2.000        0.000
        Src Latency:+   -0.154       -0.154
        Net Latency:+    0.154 (P)    0.155 (P)
            Arrival:=    2.000        0.001

              Setup:-    0.026
        Uncertainty:-    0.125
      Required Time:=    1.849
       Launch Clock:=    0.001
          Data Path:+    1.782
              Slack:=    0.066

#--------------------------------------------------------------------------------------------------------------------------------------------
# Timing Point                                              Flags  Arc     Edge  Cell                          Fanout  Trans   Delay  Arrival  
#                                                                                                                       (ns)    (ns)     (ns)  
#--------------------------------------------------------------------------------------------------------------------------------------------
  retime_s1_6_reg/CK                                        -      CK      R     (arrival)                         20  0.043       -    0.001  
  retime_s1_6_reg/QN                                        -      CK->QN  F     DFFRPQNA_X1M_A9PP140ZTUL_C35       6  0.043   0.065    0.066  
  cts_opt_inst_FE_OFC246_n_2948/Y                           -      A->Y    R     INV_X2M_A9PP140ZTUL_C35           58  0.046   0.143    0.210  
  g32665__2346/Y                                            -      B->Y    R     AND2_X0P5B_A9PP140ZTUL_C35         2  0.242   0.034    0.244  
  g39405__2802/Y                                            -      A0->Y   F     AOI22_X0P5M_A9PP140ZTUL_C35        1  0.030   0.086    0.329  
  g39401__1617/Y                                            -      B->Y    F     AND4_X0P5M_A9PP140ZTUL_C35         1  0.153   0.065    0.394  
  g39400__3680/Y                                            -      A->Y    R     NAND3_X1A_A9PP140ZTUL_C35          1  0.022   0.021    0.415  
  place_opt_inst_FE_OFC176_AR_3__AC_7__ACC_add_31_50_n_0/Y  -      A->Y    F     INV_X2M_A9PP140ZTUL_C35           49  0.032   0.119    0.534  
  place_opt_inst_FE_OFC164_AR_3__AC_7__ACC_add_31_50_n_0/Y  -      A->Y    R     INV_X2M_A9PP140ZTUL_C35           34  0.223   0.154    0.688  
  place_opt_inst_FE_OFC128_AR_3__AC_7__ACC_add_31_50_n_0/Y  -      A->Y    F     INV_X2M_A9PP140ZTUL_C35           73  0.184   0.168    0.856  
  g44718/Y                                                  -      A->Y    F     AND2_X0P5B_A9PP140ZTUL_C35        49  0.246   0.388    1.244  
  g44700/Y                                                  -      A->Y    R     INV_X0P7M_A9PP140ZTUL_C35         48  0.637   0.504    1.748  
  g42336/Y                                                  -      B0->Y   R     AO22_X0P5M_A9PP140ZTUL_C35         1  0.608   0.035    1.783  
  retime_s7_43_reg/D                                        -      D       R     DFFRPQA_X1M_A9PP140ZTUL_C35        1  0.041   0.000    1.783  
#--------------------------------------------------------------------------------------------------------------------------------------------
Path 13: MET (0.066 ns) Setup Check with Pin retime_s7_36_reg/CK->D
               View: wc_analysis_view
              Group: reg2reg
         Startpoint: (R) retime_s1_6_reg/CK
              Clock: (R) CLK
           Endpoint: (R) retime_s7_36_reg/D
              Clock: (R) CLK

                       Capture       Launch
         Clock Edge:+    2.000        0.000
        Src Latency:+   -0.154       -0.154
        Net Latency:+    0.154 (P)    0.155 (P)
            Arrival:=    2.000        0.001

              Setup:-    0.026
        Uncertainty:-    0.125
      Required Time:=    1.849
       Launch Clock:=    0.001
          Data Path:+    1.782
              Slack:=    0.066

#--------------------------------------------------------------------------------------------------------------------------------------------
# Timing Point                                              Flags  Arc     Edge  Cell                          Fanout  Trans   Delay  Arrival  
#                                                                                                                       (ns)    (ns)     (ns)  
#--------------------------------------------------------------------------------------------------------------------------------------------
  retime_s1_6_reg/CK                                        -      CK      R     (arrival)                         20  0.043       -    0.001  
  retime_s1_6_reg/QN                                        -      CK->QN  F     DFFRPQNA_X1M_A9PP140ZTUL_C35       6  0.043   0.065    0.066  
  cts_opt_inst_FE_OFC246_n_2948/Y                           -      A->Y    R     INV_X2M_A9PP140ZTUL_C35           58  0.046   0.143    0.210  
  g32665__2346/Y                                            -      B->Y    R     AND2_X0P5B_A9PP140ZTUL_C35         2  0.242   0.034    0.244  
  g39405__2802/Y                                            -      A0->Y   F     AOI22_X0P5M_A9PP140ZTUL_C35        1  0.030   0.086    0.329  
  g39401__1617/Y                                            -      B->Y    F     AND4_X0P5M_A9PP140ZTUL_C35         1  0.153   0.065    0.394  
  g39400__3680/Y                                            -      A->Y    R     NAND3_X1A_A9PP140ZTUL_C35          1  0.022   0.021    0.415  
  place_opt_inst_FE_OFC176_AR_3__AC_7__ACC_add_31_50_n_0/Y  -      A->Y    F     INV_X2M_A9PP140ZTUL_C35           49  0.032   0.119    0.534  
  place_opt_inst_FE_OFC164_AR_3__AC_7__ACC_add_31_50_n_0/Y  -      A->Y    R     INV_X2M_A9PP140ZTUL_C35           34  0.223   0.154    0.688  
  place_opt_inst_FE_OFC128_AR_3__AC_7__ACC_add_31_50_n_0/Y  -      A->Y    F     INV_X2M_A9PP140ZTUL_C35           73  0.184   0.168    0.856  
  g44718/Y                                                  -      A->Y    F     AND2_X0P5B_A9PP140ZTUL_C35        49  0.246   0.388    1.244  
  g44700/Y                                                  -      A->Y    R     INV_X0P7M_A9PP140ZTUL_C35         48  0.637   0.505    1.749  
  g42504/Y                                                  -      B0->Y   R     AO22_X0P5M_A9PP140ZTUL_C35         1  0.608   0.034    1.784  
  retime_s7_36_reg/D                                        -      D       R     DFFRPQA_X1M_A9PP140ZTUL_C35        1  0.040   0.000    1.784  
#--------------------------------------------------------------------------------------------------------------------------------------------
Path 14: MET (0.066 ns) Setup Check with Pin retime_s7_73_reg/CK->D
               View: wc_analysis_view
              Group: reg2reg
         Startpoint: (R) retime_s1_6_reg/CK
              Clock: (R) CLK
           Endpoint: (R) retime_s7_73_reg/D
              Clock: (R) CLK

                       Capture       Launch
         Clock Edge:+    2.000        0.000
        Src Latency:+   -0.154       -0.154
        Net Latency:+    0.153 (P)    0.155 (P)
            Arrival:=    1.999        0.001

              Setup:-    0.026
        Uncertainty:-    0.125
      Required Time:=    1.848
       Launch Clock:=    0.001
          Data Path:+    1.781
              Slack:=    0.066

#--------------------------------------------------------------------------------------------------------------------------------------------
# Timing Point                                              Flags  Arc     Edge  Cell                          Fanout  Trans   Delay  Arrival  
#                                                                                                                       (ns)    (ns)     (ns)  
#--------------------------------------------------------------------------------------------------------------------------------------------
  retime_s1_6_reg/CK                                        -      CK      R     (arrival)                         20  0.043       -    0.001  
  retime_s1_6_reg/QN                                        -      CK->QN  F     DFFRPQNA_X1M_A9PP140ZTUL_C35       6  0.043   0.065    0.066  
  cts_opt_inst_FE_OFC246_n_2948/Y                           -      A->Y    R     INV_X2M_A9PP140ZTUL_C35           58  0.046   0.143    0.210  
  g32665__2346/Y                                            -      B->Y    R     AND2_X0P5B_A9PP140ZTUL_C35         2  0.242   0.034    0.244  
  g39405__2802/Y                                            -      A0->Y   F     AOI22_X0P5M_A9PP140ZTUL_C35        1  0.030   0.086    0.329  
  g39401__1617/Y                                            -      B->Y    F     AND4_X0P5M_A9PP140ZTUL_C35         1  0.153   0.065    0.394  
  g39400__3680/Y                                            -      A->Y    R     NAND3_X1A_A9PP140ZTUL_C35          1  0.022   0.021    0.415  
  place_opt_inst_FE_OFC176_AR_3__AC_7__ACC_add_31_50_n_0/Y  -      A->Y    F     INV_X2M_A9PP140ZTUL_C35           49  0.032   0.119    0.534  
  place_opt_inst_FE_OFC164_AR_3__AC_7__ACC_add_31_50_n_0/Y  -      A->Y    R     INV_X2M_A9PP140ZTUL_C35           34  0.223   0.154    0.688  
  place_opt_inst_FE_OFC128_AR_3__AC_7__ACC_add_31_50_n_0/Y  -      A->Y    F     INV_X2M_A9PP140ZTUL_C35           73  0.184   0.168    0.856  
  g44718/Y                                                  -      A->Y    F     AND2_X0P5B_A9PP140ZTUL_C35        49  0.246   0.388    1.244  
  g44700/Y                                                  -      A->Y    R     INV_X0P7M_A9PP140ZTUL_C35         48  0.637   0.502    1.746  
  g42594/Y                                                  -      B0->Y   R     AO22_X0P5M_A9PP140ZTUL_C35         1  0.608   0.036    1.782  
  retime_s7_73_reg/D                                        -      D       R     DFFRPQA_X1M_A9PP140ZTUL_C35        1  0.042   0.000    1.782  
#--------------------------------------------------------------------------------------------------------------------------------------------
Path 15: MET (0.066 ns) Setup Check with Pin retime_s7_46_reg/CK->D
               View: wc_analysis_view
              Group: reg2reg
         Startpoint: (R) retime_s1_6_reg/CK
              Clock: (R) CLK
           Endpoint: (R) retime_s7_46_reg/D
              Clock: (R) CLK

                       Capture       Launch
         Clock Edge:+    2.000        0.000
        Src Latency:+   -0.154       -0.154
        Net Latency:+    0.155 (P)    0.155 (P)
            Arrival:=    2.001        0.001

              Setup:-    0.026
        Uncertainty:-    0.125
      Required Time:=    1.850
       Launch Clock:=    0.001
          Data Path:+    1.783
              Slack:=    0.066

#--------------------------------------------------------------------------------------------------------------------------------------------
# Timing Point                                              Flags  Arc     Edge  Cell                          Fanout  Trans   Delay  Arrival  
#                                                                                                                       (ns)    (ns)     (ns)  
#--------------------------------------------------------------------------------------------------------------------------------------------
  retime_s1_6_reg/CK                                        -      CK      R     (arrival)                         20  0.043       -    0.001  
  retime_s1_6_reg/QN                                        -      CK->QN  F     DFFRPQNA_X1M_A9PP140ZTUL_C35       6  0.043   0.065    0.066  
  cts_opt_inst_FE_OFC246_n_2948/Y                           -      A->Y    R     INV_X2M_A9PP140ZTUL_C35           58  0.046   0.143    0.210  
  g32665__2346/Y                                            -      B->Y    R     AND2_X0P5B_A9PP140ZTUL_C35         2  0.242   0.034    0.244  
  g39405__2802/Y                                            -      A0->Y   F     AOI22_X0P5M_A9PP140ZTUL_C35        1  0.030   0.086    0.329  
  g39401__1617/Y                                            -      B->Y    F     AND4_X0P5M_A9PP140ZTUL_C35         1  0.153   0.065    0.394  
  g39400__3680/Y                                            -      A->Y    R     NAND3_X1A_A9PP140ZTUL_C35          1  0.022   0.021    0.415  
  place_opt_inst_FE_OFC176_AR_3__AC_7__ACC_add_31_50_n_0/Y  -      A->Y    F     INV_X2M_A9PP140ZTUL_C35           49  0.032   0.119    0.534  
  place_opt_inst_FE_OFC164_AR_3__AC_7__ACC_add_31_50_n_0/Y  -      A->Y    R     INV_X2M_A9PP140ZTUL_C35           34  0.223   0.154    0.688  
  place_opt_inst_FE_OFC128_AR_3__AC_7__ACC_add_31_50_n_0/Y  -      A->Y    F     INV_X2M_A9PP140ZTUL_C35           73  0.184   0.168    0.856  
  g44718/Y                                                  -      A->Y    F     AND2_X0P5B_A9PP140ZTUL_C35        49  0.246   0.388    1.244  
  g44700/Y                                                  -      A->Y    R     INV_X0P7M_A9PP140ZTUL_C35         48  0.637   0.505    1.749  
  g42200/Y                                                  -      B0->Y   R     AO22_X0P5M_A9PP140ZTUL_C35         1  0.608   0.035    1.784  
  retime_s7_46_reg/D                                        -      D       R     DFFRPQA_X1M_A9PP140ZTUL_C35        1  0.041   0.000    1.784  
#--------------------------------------------------------------------------------------------------------------------------------------------
Path 16: MET (0.067 ns) Setup Check with Pin retime_s7_67_reg/CK->D
               View: wc_analysis_view
              Group: reg2reg
         Startpoint: (R) retime_s1_6_reg/CK
              Clock: (R) CLK
           Endpoint: (R) retime_s7_67_reg/D
              Clock: (R) CLK

                       Capture       Launch
         Clock Edge:+    2.000        0.000
        Src Latency:+   -0.154       -0.154
        Net Latency:+    0.154 (P)    0.155 (P)
            Arrival:=    2.000        0.001

              Setup:-    0.026
        Uncertainty:-    0.125
      Required Time:=    1.849
       Launch Clock:=    0.001
          Data Path:+    1.782
              Slack:=    0.067

#--------------------------------------------------------------------------------------------------------------------------------------------
# Timing Point                                              Flags  Arc     Edge  Cell                          Fanout  Trans   Delay  Arrival  
#                                                                                                                       (ns)    (ns)     (ns)  
#--------------------------------------------------------------------------------------------------------------------------------------------
  retime_s1_6_reg/CK                                        -      CK      R     (arrival)                         20  0.043       -    0.001  
  retime_s1_6_reg/QN                                        -      CK->QN  F     DFFRPQNA_X1M_A9PP140ZTUL_C35       6  0.043   0.065    0.066  
  cts_opt_inst_FE_OFC246_n_2948/Y                           -      A->Y    R     INV_X2M_A9PP140ZTUL_C35           58  0.046   0.143    0.210  
  g32665__2346/Y                                            -      B->Y    R     AND2_X0P5B_A9PP140ZTUL_C35         2  0.242   0.034    0.244  
  g39405__2802/Y                                            -      A0->Y   F     AOI22_X0P5M_A9PP140ZTUL_C35        1  0.030   0.086    0.329  
  g39401__1617/Y                                            -      B->Y    F     AND4_X0P5M_A9PP140ZTUL_C35         1  0.153   0.065    0.394  
  g39400__3680/Y                                            -      A->Y    R     NAND3_X1A_A9PP140ZTUL_C35          1  0.022   0.021    0.415  
  place_opt_inst_FE_OFC176_AR_3__AC_7__ACC_add_31_50_n_0/Y  -      A->Y    F     INV_X2M_A9PP140ZTUL_C35           49  0.032   0.119    0.534  
  place_opt_inst_FE_OFC164_AR_3__AC_7__ACC_add_31_50_n_0/Y  -      A->Y    R     INV_X2M_A9PP140ZTUL_C35           34  0.223   0.154    0.688  
  place_opt_inst_FE_OFC128_AR_3__AC_7__ACC_add_31_50_n_0/Y  -      A->Y    F     INV_X2M_A9PP140ZTUL_C35           73  0.184   0.168    0.856  
  g44718/Y                                                  -      A->Y    F     AND2_X0P5B_A9PP140ZTUL_C35        49  0.246   0.388    1.244  
  g44700/Y                                                  -      A->Y    R     INV_X0P7M_A9PP140ZTUL_C35         48  0.637   0.505    1.750  
  g42593/Y                                                  -      B0->Y   R     AO22_X0P5M_A9PP140ZTUL_C35         1  0.608   0.033    1.783  
  retime_s7_67_reg/D                                        -      D       R     DFFRPQA_X1M_A9PP140ZTUL_C35        1  0.039   0.000    1.783  
#--------------------------------------------------------------------------------------------------------------------------------------------
Path 17: MET (0.067 ns) Setup Check with Pin retime_s7_69_reg/CK->D
               View: wc_analysis_view
              Group: reg2reg
         Startpoint: (R) retime_s1_6_reg/CK
              Clock: (R) CLK
           Endpoint: (R) retime_s7_69_reg/D
              Clock: (R) CLK

                       Capture       Launch
         Clock Edge:+    2.000        0.000
        Src Latency:+   -0.154       -0.154
        Net Latency:+    0.154 (P)    0.155 (P)
            Arrival:=    2.001        0.001

              Setup:-    0.026
        Uncertainty:-    0.125
      Required Time:=    1.849
       Launch Clock:=    0.001
          Data Path:+    1.782
              Slack:=    0.067

#--------------------------------------------------------------------------------------------------------------------------------------------
# Timing Point                                              Flags  Arc     Edge  Cell                          Fanout  Trans   Delay  Arrival  
#                                                                                                                       (ns)    (ns)     (ns)  
#--------------------------------------------------------------------------------------------------------------------------------------------
  retime_s1_6_reg/CK                                        -      CK      R     (arrival)                         20  0.043       -    0.001  
  retime_s1_6_reg/QN                                        -      CK->QN  F     DFFRPQNA_X1M_A9PP140ZTUL_C35       6  0.043   0.065    0.066  
  cts_opt_inst_FE_OFC246_n_2948/Y                           -      A->Y    R     INV_X2M_A9PP140ZTUL_C35           58  0.046   0.143    0.210  
  g32665__2346/Y                                            -      B->Y    R     AND2_X0P5B_A9PP140ZTUL_C35         2  0.242   0.034    0.244  
  g39405__2802/Y                                            -      A0->Y   F     AOI22_X0P5M_A9PP140ZTUL_C35        1  0.030   0.086    0.329  
  g39401__1617/Y                                            -      B->Y    F     AND4_X0P5M_A9PP140ZTUL_C35         1  0.153   0.065    0.394  
  g39400__3680/Y                                            -      A->Y    R     NAND3_X1A_A9PP140ZTUL_C35          1  0.022   0.021    0.415  
  place_opt_inst_FE_OFC176_AR_3__AC_7__ACC_add_31_50_n_0/Y  -      A->Y    F     INV_X2M_A9PP140ZTUL_C35           49  0.032   0.119    0.534  
  place_opt_inst_FE_OFC164_AR_3__AC_7__ACC_add_31_50_n_0/Y  -      A->Y    R     INV_X2M_A9PP140ZTUL_C35           34  0.223   0.154    0.688  
  place_opt_inst_FE_OFC128_AR_3__AC_7__ACC_add_31_50_n_0/Y  -      A->Y    F     INV_X2M_A9PP140ZTUL_C35           73  0.184   0.168    0.856  
  g44718/Y                                                  -      A->Y    F     AND2_X0P5B_A9PP140ZTUL_C35        49  0.246   0.388    1.244  
  g44700/Y                                                  -      A->Y    R     INV_X0P7M_A9PP140ZTUL_C35         48  0.637   0.505    1.750  
  g42592/Y                                                  -      B0->Y   R     AO22_X0P5M_A9PP140ZTUL_C35         1  0.608   0.033    1.783  
  retime_s7_69_reg/D                                        -      D       R     DFFRPQA_X1M_A9PP140ZTUL_C35        1  0.039   0.000    1.783  
#--------------------------------------------------------------------------------------------------------------------------------------------
Path 18: MET (0.067 ns) Setup Check with Pin retime_s7_40_reg/CK->D
               View: wc_analysis_view
              Group: reg2reg
         Startpoint: (R) retime_s1_6_reg/CK
              Clock: (R) CLK
           Endpoint: (R) retime_s7_40_reg/D
              Clock: (R) CLK

                       Capture       Launch
         Clock Edge:+    2.000        0.000
        Src Latency:+   -0.154       -0.154
        Net Latency:+    0.155 (P)    0.155 (P)
            Arrival:=    2.001        0.001

              Setup:-    0.026
        Uncertainty:-    0.125
      Required Time:=    1.850
       Launch Clock:=    0.001
          Data Path:+    1.782
              Slack:=    0.067

#--------------------------------------------------------------------------------------------------------------------------------------------
# Timing Point                                              Flags  Arc     Edge  Cell                          Fanout  Trans   Delay  Arrival  
#                                                                                                                       (ns)    (ns)     (ns)  
#--------------------------------------------------------------------------------------------------------------------------------------------
  retime_s1_6_reg/CK                                        -      CK      R     (arrival)                         20  0.043       -    0.001  
  retime_s1_6_reg/QN                                        -      CK->QN  F     DFFRPQNA_X1M_A9PP140ZTUL_C35       6  0.043   0.065    0.066  
  cts_opt_inst_FE_OFC246_n_2948/Y                           -      A->Y    R     INV_X2M_A9PP140ZTUL_C35           58  0.046   0.143    0.210  
  g32665__2346/Y                                            -      B->Y    R     AND2_X0P5B_A9PP140ZTUL_C35         2  0.242   0.034    0.244  
  g39405__2802/Y                                            -      A0->Y   F     AOI22_X0P5M_A9PP140ZTUL_C35        1  0.030   0.086    0.329  
  g39401__1617/Y                                            -      B->Y    F     AND4_X0P5M_A9PP140ZTUL_C35         1  0.153   0.065    0.394  
  g39400__3680/Y                                            -      A->Y    R     NAND3_X1A_A9PP140ZTUL_C35          1  0.022   0.021    0.415  
  place_opt_inst_FE_OFC176_AR_3__AC_7__ACC_add_31_50_n_0/Y  -      A->Y    F     INV_X2M_A9PP140ZTUL_C35           49  0.032   0.119    0.534  
  place_opt_inst_FE_OFC164_AR_3__AC_7__ACC_add_31_50_n_0/Y  -      A->Y    R     INV_X2M_A9PP140ZTUL_C35           34  0.223   0.154    0.688  
  place_opt_inst_FE_OFC128_AR_3__AC_7__ACC_add_31_50_n_0/Y  -      A->Y    F     INV_X2M_A9PP140ZTUL_C35           73  0.184   0.168    0.856  
  g44718/Y                                                  -      A->Y    F     AND2_X0P5B_A9PP140ZTUL_C35        49  0.246   0.388    1.244  
  g44700/Y                                                  -      A->Y    R     INV_X0P7M_A9PP140ZTUL_C35         48  0.637   0.504    1.749  
  g42289/Y                                                  -      B0->Y   R     AO22_X0P5M_A9PP140ZTUL_C35         1  0.608   0.034    1.783  
  retime_s7_40_reg/D                                        -      D       R     DFFRPQA_X1M_A9PP140ZTUL_C35        1  0.040   0.000    1.783  
#--------------------------------------------------------------------------------------------------------------------------------------------
Path 19: MET (0.068 ns) Setup Check with Pin retime_s7_39_reg/CK->D
               View: wc_analysis_view
              Group: reg2reg
         Startpoint: (R) retime_s1_6_reg/CK
              Clock: (R) CLK
           Endpoint: (R) retime_s7_39_reg/D
              Clock: (R) CLK

                       Capture       Launch
         Clock Edge:+    2.000        0.000
        Src Latency:+   -0.154       -0.154
        Net Latency:+    0.154 (P)    0.155 (P)
            Arrival:=    2.001        0.001

              Setup:-    0.026
        Uncertainty:-    0.125
      Required Time:=    1.850
       Launch Clock:=    0.001
          Data Path:+    1.781
              Slack:=    0.068

#--------------------------------------------------------------------------------------------------------------------------------------------
# Timing Point                                              Flags  Arc     Edge  Cell                          Fanout  Trans   Delay  Arrival  
#                                                                                                                       (ns)    (ns)     (ns)  
#--------------------------------------------------------------------------------------------------------------------------------------------
  retime_s1_6_reg/CK                                        -      CK      R     (arrival)                         20  0.043       -    0.001  
  retime_s1_6_reg/QN                                        -      CK->QN  F     DFFRPQNA_X1M_A9PP140ZTUL_C35       6  0.043   0.065    0.066  
  cts_opt_inst_FE_OFC246_n_2948/Y                           -      A->Y    R     INV_X2M_A9PP140ZTUL_C35           58  0.046   0.143    0.210  
  g32665__2346/Y                                            -      B->Y    R     AND2_X0P5B_A9PP140ZTUL_C35         2  0.242   0.034    0.244  
  g39405__2802/Y                                            -      A0->Y   F     AOI22_X0P5M_A9PP140ZTUL_C35        1  0.030   0.086    0.329  
  g39401__1617/Y                                            -      B->Y    F     AND4_X0P5M_A9PP140ZTUL_C35         1  0.153   0.065    0.394  
  g39400__3680/Y                                            -      A->Y    R     NAND3_X1A_A9PP140ZTUL_C35          1  0.022   0.021    0.415  
  place_opt_inst_FE_OFC176_AR_3__AC_7__ACC_add_31_50_n_0/Y  -      A->Y    F     INV_X2M_A9PP140ZTUL_C35           49  0.032   0.119    0.534  
  place_opt_inst_FE_OFC164_AR_3__AC_7__ACC_add_31_50_n_0/Y  -      A->Y    R     INV_X2M_A9PP140ZTUL_C35           34  0.223   0.154    0.688  
  place_opt_inst_FE_OFC128_AR_3__AC_7__ACC_add_31_50_n_0/Y  -      A->Y    F     INV_X2M_A9PP140ZTUL_C35           73  0.184   0.168    0.856  
  g44718/Y                                                  -      A->Y    F     AND2_X0P5B_A9PP140ZTUL_C35        49  0.246   0.388    1.244  
  g44700/Y                                                  -      A->Y    R     INV_X0P7M_A9PP140ZTUL_C35         48  0.637   0.505    1.749  
  g42288/Y                                                  -      B0->Y   R     AO22_X0P5M_A9PP140ZTUL_C35         1  0.608   0.033    1.782  
  retime_s7_39_reg/D                                        -      D       R     DFFRPQA_X1M_A9PP140ZTUL_C35        1  0.039   0.000    1.782  
#--------------------------------------------------------------------------------------------------------------------------------------------
Path 20: MET (0.068 ns) Setup Check with Pin retime_s8_16_reg/CK->D
               View: wc_analysis_view
              Group: reg2reg
         Startpoint: (R) retime_s1_6_reg/CK
              Clock: (R) CLK
           Endpoint: (R) retime_s8_16_reg/D
              Clock: (R) CLK

                       Capture       Launch
         Clock Edge:+    2.000        0.000
        Src Latency:+   -0.154       -0.154
        Net Latency:+    0.153 (P)    0.155 (P)
            Arrival:=    2.000        0.001

              Setup:-    0.026
        Uncertainty:-    0.125
      Required Time:=    1.849
       Launch Clock:=    0.001
          Data Path:+    1.780
              Slack:=    0.068

#--------------------------------------------------------------------------------------------------------------------------------------------
# Timing Point                                              Flags  Arc     Edge  Cell                          Fanout  Trans   Delay  Arrival  
#                                                                                                                       (ns)    (ns)     (ns)  
#--------------------------------------------------------------------------------------------------------------------------------------------
  retime_s1_6_reg/CK                                        -      CK      R     (arrival)                         20  0.043       -    0.001  
  retime_s1_6_reg/QN                                        -      CK->QN  F     DFFRPQNA_X1M_A9PP140ZTUL_C35       6  0.043   0.065    0.066  
  cts_opt_inst_FE_OFC246_n_2948/Y                           -      A->Y    R     INV_X2M_A9PP140ZTUL_C35           58  0.046   0.143    0.210  
  g32665__2346/Y                                            -      B->Y    R     AND2_X0P5B_A9PP140ZTUL_C35         2  0.242   0.034    0.244  
  g39405__2802/Y                                            -      A0->Y   F     AOI22_X0P5M_A9PP140ZTUL_C35        1  0.030   0.086    0.329  
  g39401__1617/Y                                            -      B->Y    F     AND4_X0P5M_A9PP140ZTUL_C35         1  0.153   0.065    0.394  
  g39400__3680/Y                                            -      A->Y    R     NAND3_X1A_A9PP140ZTUL_C35          1  0.022   0.021    0.415  
  place_opt_inst_FE_OFC176_AR_3__AC_7__ACC_add_31_50_n_0/Y  -      A->Y    F     INV_X2M_A9PP140ZTUL_C35           49  0.032   0.119    0.534  
  place_opt_inst_FE_OFC164_AR_3__AC_7__ACC_add_31_50_n_0/Y  -      A->Y    R     INV_X2M_A9PP140ZTUL_C35           34  0.223   0.154    0.688  
  place_opt_inst_FE_OFC128_AR_3__AC_7__ACC_add_31_50_n_0/Y  -      A->Y    F     INV_X2M_A9PP140ZTUL_C35           73  0.184   0.168    0.856  
  g44718/Y                                                  -      A->Y    F     AND2_X0P5B_A9PP140ZTUL_C35        49  0.246   0.388    1.244  
  g44700/Y                                                  -      A->Y    R     INV_X0P7M_A9PP140ZTUL_C35         48  0.637   0.500    1.745  
  g42595/Y                                                  -      B0->Y   R     AO22_X0P5M_A9PP140ZTUL_C35         1  0.608   0.036    1.781  
  retime_s8_16_reg/D                                        -      D       R     DFFRPQA_X1M_A9PP140ZTUL_C35        1  0.042   0.000    1.781  
#--------------------------------------------------------------------------------------------------------------------------------------------
Path 21: MET (0.069 ns) Setup Check with Pin retime_s7_44_reg/CK->D
               View: wc_analysis_view
              Group: reg2reg
         Startpoint: (R) retime_s1_6_reg/CK
              Clock: (R) CLK
           Endpoint: (R) retime_s7_44_reg/D
              Clock: (R) CLK

                       Capture       Launch
         Clock Edge:+    2.000        0.000
        Src Latency:+   -0.154       -0.154
        Net Latency:+    0.154 (P)    0.155 (P)
            Arrival:=    2.001        0.001

              Setup:-    0.026
        Uncertainty:-    0.125
      Required Time:=    1.850
       Launch Clock:=    0.001
          Data Path:+    1.780
              Slack:=    0.069

#--------------------------------------------------------------------------------------------------------------------------------------------
# Timing Point                                              Flags  Arc     Edge  Cell                          Fanout  Trans   Delay  Arrival  
#                                                                                                                       (ns)    (ns)     (ns)  
#--------------------------------------------------------------------------------------------------------------------------------------------
  retime_s1_6_reg/CK                                        -      CK      R     (arrival)                         20  0.043       -    0.001  
  retime_s1_6_reg/QN                                        -      CK->QN  F     DFFRPQNA_X1M_A9PP140ZTUL_C35       6  0.043   0.065    0.066  
  cts_opt_inst_FE_OFC246_n_2948/Y                           -      A->Y    R     INV_X2M_A9PP140ZTUL_C35           58  0.046   0.143    0.210  
  g32665__2346/Y                                            -      B->Y    R     AND2_X0P5B_A9PP140ZTUL_C35         2  0.242   0.034    0.244  
  g39405__2802/Y                                            -      A0->Y   F     AOI22_X0P5M_A9PP140ZTUL_C35        1  0.030   0.086    0.329  
  g39401__1617/Y                                            -      B->Y    F     AND4_X0P5M_A9PP140ZTUL_C35         1  0.153   0.065    0.394  
  g39400__3680/Y                                            -      A->Y    R     NAND3_X1A_A9PP140ZTUL_C35          1  0.022   0.021    0.415  
  place_opt_inst_FE_OFC176_AR_3__AC_7__ACC_add_31_50_n_0/Y  -      A->Y    F     INV_X2M_A9PP140ZTUL_C35           49  0.032   0.119    0.534  
  place_opt_inst_FE_OFC164_AR_3__AC_7__ACC_add_31_50_n_0/Y  -      A->Y    R     INV_X2M_A9PP140ZTUL_C35           34  0.223   0.154    0.688  
  place_opt_inst_FE_OFC128_AR_3__AC_7__ACC_add_31_50_n_0/Y  -      A->Y    F     INV_X2M_A9PP140ZTUL_C35           73  0.184   0.168    0.856  
  g44718/Y                                                  -      A->Y    F     AND2_X0P5B_A9PP140ZTUL_C35        49  0.246   0.388    1.244  
  g44700/Y                                                  -      A->Y    R     INV_X0P7M_A9PP140ZTUL_C35         48  0.637   0.503    1.748  
  g42396/Y                                                  -      B0->Y   R     AO22_X0P5M_A9PP140ZTUL_C35         1  0.608   0.034    1.781  
  retime_s7_44_reg/D                                        -      D       R     DFFRPQA_X1M_A9PP140ZTUL_C35        1  0.040   0.000    1.781  
#--------------------------------------------------------------------------------------------------------------------------------------------
Path 22: MET (0.069 ns) Setup Check with Pin retime_s7_45_reg/CK->D
               View: wc_analysis_view
              Group: reg2reg
         Startpoint: (R) retime_s1_6_reg/CK
              Clock: (R) CLK
           Endpoint: (R) retime_s7_45_reg/D
              Clock: (R) CLK

                       Capture       Launch
         Clock Edge:+    2.000        0.000
        Src Latency:+   -0.154       -0.154
        Net Latency:+    0.154 (P)    0.155 (P)
            Arrival:=    2.000        0.001

              Setup:-    0.026
        Uncertainty:-    0.125
      Required Time:=    1.849
       Launch Clock:=    0.001
          Data Path:+    1.780
              Slack:=    0.069

#--------------------------------------------------------------------------------------------------------------------------------------------
# Timing Point                                              Flags  Arc     Edge  Cell                          Fanout  Trans   Delay  Arrival  
#                                                                                                                       (ns)    (ns)     (ns)  
#--------------------------------------------------------------------------------------------------------------------------------------------
  retime_s1_6_reg/CK                                        -      CK      R     (arrival)                         20  0.043       -    0.001  
  retime_s1_6_reg/QN                                        -      CK->QN  F     DFFRPQNA_X1M_A9PP140ZTUL_C35       6  0.043   0.065    0.066  
  cts_opt_inst_FE_OFC246_n_2948/Y                           -      A->Y    R     INV_X2M_A9PP140ZTUL_C35           58  0.046   0.143    0.210  
  g32665__2346/Y                                            -      B->Y    R     AND2_X0P5B_A9PP140ZTUL_C35         2  0.242   0.034    0.244  
  g39405__2802/Y                                            -      A0->Y   F     AOI22_X0P5M_A9PP140ZTUL_C35        1  0.030   0.086    0.329  
  g39401__1617/Y                                            -      B->Y    F     AND4_X0P5M_A9PP140ZTUL_C35         1  0.153   0.065    0.394  
  g39400__3680/Y                                            -      A->Y    R     NAND3_X1A_A9PP140ZTUL_C35          1  0.022   0.021    0.415  
  place_opt_inst_FE_OFC176_AR_3__AC_7__ACC_add_31_50_n_0/Y  -      A->Y    F     INV_X2M_A9PP140ZTUL_C35           49  0.032   0.119    0.534  
  place_opt_inst_FE_OFC164_AR_3__AC_7__ACC_add_31_50_n_0/Y  -      A->Y    R     INV_X2M_A9PP140ZTUL_C35           34  0.223   0.154    0.688  
  place_opt_inst_FE_OFC128_AR_3__AC_7__ACC_add_31_50_n_0/Y  -      A->Y    F     INV_X2M_A9PP140ZTUL_C35           73  0.184   0.168    0.856  
  g44718/Y                                                  -      A->Y    F     AND2_X0P5B_A9PP140ZTUL_C35        49  0.246   0.388    1.244  
  g44700/Y                                                  -      A->Y    R     INV_X0P7M_A9PP140ZTUL_C35         48  0.637   0.503    1.747  
  g42337/Y                                                  -      B0->Y   R     AO22_X0P5M_A9PP140ZTUL_C35         1  0.608   0.033    1.781  
  retime_s7_45_reg/D                                        -      D       R     DFFRPQA_X1M_A9PP140ZTUL_C35        1  0.039   0.000    1.781  
#--------------------------------------------------------------------------------------------------------------------------------------------
Path 23: MET (0.069 ns) Setup Check with Pin retime_s8_17_reg/CK->D
               View: wc_analysis_view
              Group: reg2reg
         Startpoint: (R) retime_s1_6_reg/CK
              Clock: (R) CLK
           Endpoint: (R) retime_s8_17_reg/D
              Clock: (R) CLK

                       Capture       Launch
         Clock Edge:+    2.000        0.000
        Src Latency:+   -0.154       -0.154
        Net Latency:+    0.153 (P)    0.155 (P)
            Arrival:=    2.000        0.001

              Setup:-    0.026
        Uncertainty:-    0.125
      Required Time:=    1.849
       Launch Clock:=    0.001
          Data Path:+    1.779
              Slack:=    0.069

#--------------------------------------------------------------------------------------------------------------------------------------------
# Timing Point                                              Flags  Arc     Edge  Cell                          Fanout  Trans   Delay  Arrival  
#                                                                                                                       (ns)    (ns)     (ns)  
#--------------------------------------------------------------------------------------------------------------------------------------------
  retime_s1_6_reg/CK                                        -      CK      R     (arrival)                         20  0.043       -    0.001  
  retime_s1_6_reg/QN                                        -      CK->QN  F     DFFRPQNA_X1M_A9PP140ZTUL_C35       6  0.043   0.065    0.066  
  cts_opt_inst_FE_OFC246_n_2948/Y                           -      A->Y    R     INV_X2M_A9PP140ZTUL_C35           58  0.046   0.143    0.210  
  g32665__2346/Y                                            -      B->Y    R     AND2_X0P5B_A9PP140ZTUL_C35         2  0.242   0.034    0.244  
  g39405__2802/Y                                            -      A0->Y   F     AOI22_X0P5M_A9PP140ZTUL_C35        1  0.030   0.086    0.329  
  g39401__1617/Y                                            -      B->Y    F     AND4_X0P5M_A9PP140ZTUL_C35         1  0.153   0.065    0.394  
  g39400__3680/Y                                            -      A->Y    R     NAND3_X1A_A9PP140ZTUL_C35          1  0.022   0.021    0.415  
  place_opt_inst_FE_OFC176_AR_3__AC_7__ACC_add_31_50_n_0/Y  -      A->Y    F     INV_X2M_A9PP140ZTUL_C35           49  0.032   0.119    0.534  
  place_opt_inst_FE_OFC164_AR_3__AC_7__ACC_add_31_50_n_0/Y  -      A->Y    R     INV_X2M_A9PP140ZTUL_C35           34  0.223   0.154    0.688  
  place_opt_inst_FE_OFC128_AR_3__AC_7__ACC_add_31_50_n_0/Y  -      A->Y    F     INV_X2M_A9PP140ZTUL_C35           73  0.184   0.168    0.856  
  g44718/Y                                                  -      A->Y    F     AND2_X0P5B_A9PP140ZTUL_C35        49  0.246   0.388    1.244  
  g44700/Y                                                  -      A->Y    R     INV_X0P7M_A9PP140ZTUL_C35         48  0.637   0.502    1.746  
  g42565/Y                                                  -      B0->Y   R     AO22_X0P5M_A9PP140ZTUL_C35         1  0.608   0.034    1.780  
  retime_s8_17_reg/D                                        -      D       R     DFFRPQA_X1M_A9PP140ZTUL_C35        1  0.040   0.000    1.780  
#--------------------------------------------------------------------------------------------------------------------------------------------
Path 24: MET (0.069 ns) Setup Check with Pin retime_s7_47_reg/CK->D
               View: wc_analysis_view
              Group: reg2reg
         Startpoint: (R) retime_s1_6_reg/CK
              Clock: (R) CLK
           Endpoint: (R) retime_s7_47_reg/D
              Clock: (R) CLK

                       Capture       Launch
         Clock Edge:+    2.000        0.000
        Src Latency:+   -0.154       -0.154
        Net Latency:+    0.155 (P)    0.155 (P)
            Arrival:=    2.001        0.001

              Setup:-    0.026
        Uncertainty:-    0.125
      Required Time:=    1.850
       Launch Clock:=    0.001
          Data Path:+    1.780
              Slack:=    0.069

#--------------------------------------------------------------------------------------------------------------------------------------------
# Timing Point                                              Flags  Arc     Edge  Cell                          Fanout  Trans   Delay  Arrival  
#                                                                                                                       (ns)    (ns)     (ns)  
#--------------------------------------------------------------------------------------------------------------------------------------------
  retime_s1_6_reg/CK                                        -      CK      R     (arrival)                         20  0.043       -    0.001  
  retime_s1_6_reg/QN                                        -      CK->QN  F     DFFRPQNA_X1M_A9PP140ZTUL_C35       6  0.043   0.065    0.066  
  cts_opt_inst_FE_OFC246_n_2948/Y                           -      A->Y    R     INV_X2M_A9PP140ZTUL_C35           58  0.046   0.143    0.210  
  g32665__2346/Y                                            -      B->Y    R     AND2_X0P5B_A9PP140ZTUL_C35         2  0.242   0.034    0.244  
  g39405__2802/Y                                            -      A0->Y   F     AOI22_X0P5M_A9PP140ZTUL_C35        1  0.030   0.086    0.329  
  g39401__1617/Y                                            -      B->Y    F     AND4_X0P5M_A9PP140ZTUL_C35         1  0.153   0.065    0.394  
  g39400__3680/Y                                            -      A->Y    R     NAND3_X1A_A9PP140ZTUL_C35          1  0.022   0.021    0.415  
  place_opt_inst_FE_OFC176_AR_3__AC_7__ACC_add_31_50_n_0/Y  -      A->Y    F     INV_X2M_A9PP140ZTUL_C35           49  0.032   0.119    0.534  
  place_opt_inst_FE_OFC164_AR_3__AC_7__ACC_add_31_50_n_0/Y  -      A->Y    R     INV_X2M_A9PP140ZTUL_C35           34  0.223   0.154    0.688  
  place_opt_inst_FE_OFC128_AR_3__AC_7__ACC_add_31_50_n_0/Y  -      A->Y    F     INV_X2M_A9PP140ZTUL_C35           73  0.184   0.168    0.856  
  g44718/Y                                                  -      A->Y    F     AND2_X0P5B_A9PP140ZTUL_C35        49  0.246   0.388    1.244  
  g44700/Y                                                  -      A->Y    R     INV_X0P7M_A9PP140ZTUL_C35         48  0.637   0.505    1.749  
  g42240/Y                                                  -      B0->Y   R     AO22_X0P5M_A9PP140ZTUL_C35         1  0.608   0.032    1.781  
  retime_s7_47_reg/D                                        -      D       R     DFFRPQA_X1M_A9PP140ZTUL_C35        1  0.038   0.000    1.781  
#--------------------------------------------------------------------------------------------------------------------------------------------
Path 25: MET (0.070 ns) Setup Check with Pin retime_s8_14_reg/CK->D
               View: wc_analysis_view
              Group: reg2reg
         Startpoint: (R) retime_s1_6_reg/CK
              Clock: (R) CLK
           Endpoint: (R) retime_s8_14_reg/D
              Clock: (R) CLK

                       Capture       Launch
         Clock Edge:+    2.000        0.000
        Src Latency:+   -0.154       -0.154
        Net Latency:+    0.153 (P)    0.155 (P)
            Arrival:=    2.000        0.001

              Setup:-    0.026
        Uncertainty:-    0.125
      Required Time:=    1.849
       Launch Clock:=    0.001
          Data Path:+    1.778
              Slack:=    0.070

#--------------------------------------------------------------------------------------------------------------------------------------------
# Timing Point                                              Flags  Arc     Edge  Cell                          Fanout  Trans   Delay  Arrival  
#                                                                                                                       (ns)    (ns)     (ns)  
#--------------------------------------------------------------------------------------------------------------------------------------------
  retime_s1_6_reg/CK                                        -      CK      R     (arrival)                         20  0.043       -    0.001  
  retime_s1_6_reg/QN                                        -      CK->QN  F     DFFRPQNA_X1M_A9PP140ZTUL_C35       6  0.043   0.065    0.066  
  cts_opt_inst_FE_OFC246_n_2948/Y                           -      A->Y    R     INV_X2M_A9PP140ZTUL_C35           58  0.046   0.143    0.210  
  g32665__2346/Y                                            -      B->Y    R     AND2_X0P5B_A9PP140ZTUL_C35         2  0.242   0.034    0.244  
  g39405__2802/Y                                            -      A0->Y   F     AOI22_X0P5M_A9PP140ZTUL_C35        1  0.030   0.086    0.329  
  g39401__1617/Y                                            -      B->Y    F     AND4_X0P5M_A9PP140ZTUL_C35         1  0.153   0.065    0.394  
  g39400__3680/Y                                            -      A->Y    R     NAND3_X1A_A9PP140ZTUL_C35          1  0.022   0.021    0.415  
  place_opt_inst_FE_OFC176_AR_3__AC_7__ACC_add_31_50_n_0/Y  -      A->Y    F     INV_X2M_A9PP140ZTUL_C35           49  0.032   0.119    0.534  
  place_opt_inst_FE_OFC164_AR_3__AC_7__ACC_add_31_50_n_0/Y  -      A->Y    R     INV_X2M_A9PP140ZTUL_C35           34  0.223   0.154    0.688  
  place_opt_inst_FE_OFC128_AR_3__AC_7__ACC_add_31_50_n_0/Y  -      A->Y    F     INV_X2M_A9PP140ZTUL_C35           73  0.184   0.168    0.856  
  g44718/Y                                                  -      A->Y    F     AND2_X0P5B_A9PP140ZTUL_C35        49  0.246   0.388    1.244  
  g44700/Y                                                  -      A->Y    R     INV_X0P7M_A9PP140ZTUL_C35         48  0.637   0.501    1.745  
  g42547/Y                                                  -      B0->Y   R     AO22_X0P5M_A9PP140ZTUL_C35         1  0.608   0.034    1.779  
  retime_s8_14_reg/D                                        -      D       R     DFFRPQA_X1M_A9PP140ZTUL_C35        1  0.040   0.000    1.779  
#--------------------------------------------------------------------------------------------------------------------------------------------
Path 26: MET (0.072 ns) Setup Check with Pin retime_s4_6_reg/CK->D
               View: wc_analysis_view
              Group: reg2reg
         Startpoint: (R) retime_s1_6_reg/CK
              Clock: (R) CLK
           Endpoint: (F) retime_s4_6_reg/D
              Clock: (R) CLK

                       Capture       Launch
         Clock Edge:+    2.000        0.000
        Src Latency:+   -0.154       -0.154
        Net Latency:+    0.151 (P)    0.155 (P)
            Arrival:=    1.998        0.001

              Setup:-    0.063
        Uncertainty:-    0.125
      Required Time:=    1.809
       Launch Clock:=    0.001
          Data Path:+    1.736
              Slack:=    0.072

#--------------------------------------------------------------------------------------------------------------------------------------------
# Timing Point                                              Flags  Arc     Edge  Cell                          Fanout  Trans   Delay  Arrival  
#                                                                                                                       (ns)    (ns)     (ns)  
#--------------------------------------------------------------------------------------------------------------------------------------------
  retime_s1_6_reg/CK                                        -      CK      R     (arrival)                         20  0.043       -    0.001  
  retime_s1_6_reg/QN                                        -      CK->QN  R     DFFRPQNA_X1M_A9PP140ZTUL_C35       6  0.043   0.060    0.061  
  cts_opt_inst_FE_OFC246_n_2948/Y                           -      A->Y    F     INV_X2M_A9PP140ZTUL_C35           58  0.054   0.123    0.184  
  g32675/Y                                                  -      B->Y    F     AND2_X0P5B_A9PP140ZTUL_C35         2  0.208   0.078    0.263  
  g39405__2802/Y                                            -      B0->Y   R     AOI22_X0P5M_A9PP140ZTUL_C35        1  0.032   0.107    0.370  
  g39401__1617/Y                                            -      B->Y    R     AND4_X0P5M_A9PP140ZTUL_C35         1  0.188   0.038    0.408  
  g39400__3680/Y                                            -      A->Y    F     NAND3_X1A_A9PP140ZTUL_C35          1  0.025   0.023    0.431  
  place_opt_inst_FE_OFC176_AR_3__AC_7__ACC_add_31_50_n_0/Y  -      A->Y    R     INV_X2M_A9PP140ZTUL_C35           49  0.040   0.136    0.568  
  place_opt_inst_FE_OFC159_AR_3__AC_7__ACC_add_31_50_n_0/Y  -      A->Y    F     INV_X3M_A9PP140ZTUL_C35            6  0.258   0.057    0.624  
  place_opt_inst_FE_OFC174_AR_3__AC_7__ACC_add_31_50_n_0/Y  -      A->Y    R     INV_X3M_A9PP140ZTUL_C35           63  0.100   0.116    0.741  
  g44742/Y                                                  -      A->Y    R     AND2_X0P5B_A9PP140ZTUL_C35        65  0.159   0.478    1.219  
  g44723/Y                                                  -      A->Y    F     INV_X1M_A9PP140ZTUL_C35           64  0.872   0.403    1.622  
  g42304/Y                                                  -      B0->Y   F     AO22_X0P5M_A9PP140ZTUL_C35         1  0.544   0.115    1.737  
  retime_s4_6_reg/D                                         -      D       F     DFFRPQA_X1M_A9PP140ZTUL_C35        1  0.054   0.000    1.737  
#--------------------------------------------------------------------------------------------------------------------------------------------
Path 27: MET (0.073 ns) Setup Check with Pin retime_s8_10_reg/CK->D
               View: wc_analysis_view
              Group: reg2reg
         Startpoint: (R) retime_s1_6_reg/CK
              Clock: (R) CLK
           Endpoint: (R) retime_s8_10_reg/D
              Clock: (R) CLK

                       Capture       Launch
         Clock Edge:+    2.000        0.000
        Src Latency:+   -0.154       -0.154
        Net Latency:+    0.152 (P)    0.155 (P)
            Arrival:=    1.998        0.001

              Setup:-    0.026
        Uncertainty:-    0.125
      Required Time:=    1.847
       Launch Clock:=    0.001
          Data Path:+    1.774
              Slack:=    0.073

#--------------------------------------------------------------------------------------------------------------------------------------------
# Timing Point                                              Flags  Arc     Edge  Cell                          Fanout  Trans   Delay  Arrival  
#                                                                                                                       (ns)    (ns)     (ns)  
#--------------------------------------------------------------------------------------------------------------------------------------------
  retime_s1_6_reg/CK                                        -      CK      R     (arrival)                         20  0.043       -    0.001  
  retime_s1_6_reg/QN                                        -      CK->QN  F     DFFRPQNA_X1M_A9PP140ZTUL_C35       6  0.043   0.065    0.066  
  cts_opt_inst_FE_OFC246_n_2948/Y                           -      A->Y    R     INV_X2M_A9PP140ZTUL_C35           58  0.046   0.143    0.210  
  g32665__2346/Y                                            -      B->Y    R     AND2_X0P5B_A9PP140ZTUL_C35         2  0.242   0.034    0.244  
  g39405__2802/Y                                            -      A0->Y   F     AOI22_X0P5M_A9PP140ZTUL_C35        1  0.030   0.086    0.329  
  g39401__1617/Y                                            -      B->Y    F     AND4_X0P5M_A9PP140ZTUL_C35         1  0.153   0.065    0.394  
  g39400__3680/Y                                            -      A->Y    R     NAND3_X1A_A9PP140ZTUL_C35          1  0.022   0.021    0.415  
  place_opt_inst_FE_OFC176_AR_3__AC_7__ACC_add_31_50_n_0/Y  -      A->Y    F     INV_X2M_A9PP140ZTUL_C35           49  0.032   0.119    0.534  
  place_opt_inst_FE_OFC164_AR_3__AC_7__ACC_add_31_50_n_0/Y  -      A->Y    R     INV_X2M_A9PP140ZTUL_C35           34  0.223   0.154    0.688  
  place_opt_inst_FE_OFC128_AR_3__AC_7__ACC_add_31_50_n_0/Y  -      A->Y    F     INV_X2M_A9PP140ZTUL_C35           73  0.184   0.168    0.856  
  g44718/Y                                                  -      A->Y    F     AND2_X0P5B_A9PP140ZTUL_C35        49  0.246   0.388    1.244  
  g44700/Y                                                  -      A->Y    R     INV_X0P7M_A9PP140ZTUL_C35         48  0.637   0.493    1.737  
  g42397/Y                                                  -      B0->Y   R     AO22_X0P5M_A9PP140ZTUL_C35         1  0.607   0.038    1.775  
  retime_s8_10_reg/D                                        -      D       R     DFFRPQA_X1M_A9PP140ZTUL_C35        1  0.044   0.000    1.775  
#--------------------------------------------------------------------------------------------------------------------------------------------
Path 28: MET (0.073 ns) Setup Check with Pin retime_s8_13_reg/CK->D
               View: wc_analysis_view
              Group: reg2reg
         Startpoint: (R) retime_s1_6_reg/CK
              Clock: (R) CLK
           Endpoint: (R) retime_s8_13_reg/D
              Clock: (R) CLK

                       Capture       Launch
         Clock Edge:+    2.000        0.000
        Src Latency:+   -0.154       -0.154
        Net Latency:+    0.154 (P)    0.155 (P)
            Arrival:=    2.000        0.001

              Setup:-    0.026
        Uncertainty:-    0.125
      Required Time:=    1.849
       Launch Clock:=    0.001
          Data Path:+    1.775
              Slack:=    0.073

#--------------------------------------------------------------------------------------------------------------------------------------------
# Timing Point                                              Flags  Arc     Edge  Cell                          Fanout  Trans   Delay  Arrival  
#                                                                                                                       (ns)    (ns)     (ns)  
#--------------------------------------------------------------------------------------------------------------------------------------------
  retime_s1_6_reg/CK                                        -      CK      R     (arrival)                         20  0.043       -    0.001  
  retime_s1_6_reg/QN                                        -      CK->QN  F     DFFRPQNA_X1M_A9PP140ZTUL_C35       6  0.043   0.065    0.066  
  cts_opt_inst_FE_OFC246_n_2948/Y                           -      A->Y    R     INV_X2M_A9PP140ZTUL_C35           58  0.046   0.143    0.210  
  g32665__2346/Y                                            -      B->Y    R     AND2_X0P5B_A9PP140ZTUL_C35         2  0.242   0.034    0.244  
  g39405__2802/Y                                            -      A0->Y   F     AOI22_X0P5M_A9PP140ZTUL_C35        1  0.030   0.086    0.329  
  g39401__1617/Y                                            -      B->Y    F     AND4_X0P5M_A9PP140ZTUL_C35         1  0.153   0.065    0.394  
  g39400__3680/Y                                            -      A->Y    R     NAND3_X1A_A9PP140ZTUL_C35          1  0.022   0.021    0.415  
  place_opt_inst_FE_OFC176_AR_3__AC_7__ACC_add_31_50_n_0/Y  -      A->Y    F     INV_X2M_A9PP140ZTUL_C35           49  0.032   0.119    0.534  
  place_opt_inst_FE_OFC164_AR_3__AC_7__ACC_add_31_50_n_0/Y  -      A->Y    R     INV_X2M_A9PP140ZTUL_C35           34  0.223   0.154    0.688  
  place_opt_inst_FE_OFC128_AR_3__AC_7__ACC_add_31_50_n_0/Y  -      A->Y    F     INV_X2M_A9PP140ZTUL_C35           73  0.184   0.168    0.856  
  g44718/Y                                                  -      A->Y    F     AND2_X0P5B_A9PP140ZTUL_C35        49  0.246   0.388    1.244  
  g44700/Y                                                  -      A->Y    R     INV_X0P7M_A9PP140ZTUL_C35         48  0.637   0.497    1.741  
  g42460/Y                                                  -      B0->Y   R     AO22_X0P5M_A9PP140ZTUL_C35         1  0.608   0.035    1.776  
  retime_s8_13_reg/D                                        -      D       R     DFFRPQA_X1M_A9PP140ZTUL_C35        1  0.041   0.000    1.776  
#--------------------------------------------------------------------------------------------------------------------------------------------
Path 29: MET (0.075 ns) Setup Check with Pin retime_s8_6_reg/CK->D
               View: wc_analysis_view
              Group: reg2reg
         Startpoint: (R) retime_s1_6_reg/CK
              Clock: (R) CLK
           Endpoint: (R) retime_s8_6_reg/D
              Clock: (R) CLK

                       Capture       Launch
         Clock Edge:+    2.000        0.000
        Src Latency:+   -0.154       -0.154
        Net Latency:+    0.154 (P)    0.155 (P)
            Arrival:=    2.001        0.001

              Setup:-    0.026
        Uncertainty:-    0.125
      Required Time:=    1.850
       Launch Clock:=    0.001
          Data Path:+    1.774
              Slack:=    0.075

#--------------------------------------------------------------------------------------------------------------------------------------------
# Timing Point                                              Flags  Arc     Edge  Cell                          Fanout  Trans   Delay  Arrival  
#                                                                                                                       (ns)    (ns)     (ns)  
#--------------------------------------------------------------------------------------------------------------------------------------------
  retime_s1_6_reg/CK                                        -      CK      R     (arrival)                         20  0.043       -    0.001  
  retime_s1_6_reg/QN                                        -      CK->QN  F     DFFRPQNA_X1M_A9PP140ZTUL_C35       6  0.043   0.065    0.066  
  cts_opt_inst_FE_OFC246_n_2948/Y                           -      A->Y    R     INV_X2M_A9PP140ZTUL_C35           58  0.046   0.143    0.210  
  g32665__2346/Y                                            -      B->Y    R     AND2_X0P5B_A9PP140ZTUL_C35         2  0.242   0.034    0.244  
  g39405__2802/Y                                            -      A0->Y   F     AOI22_X0P5M_A9PP140ZTUL_C35        1  0.030   0.086    0.329  
  g39401__1617/Y                                            -      B->Y    F     AND4_X0P5M_A9PP140ZTUL_C35         1  0.153   0.065    0.394  
  g39400__3680/Y                                            -      A->Y    R     NAND3_X1A_A9PP140ZTUL_C35          1  0.022   0.021    0.415  
  place_opt_inst_FE_OFC176_AR_3__AC_7__ACC_add_31_50_n_0/Y  -      A->Y    F     INV_X2M_A9PP140ZTUL_C35           49  0.032   0.119    0.534  
  place_opt_inst_FE_OFC164_AR_3__AC_7__ACC_add_31_50_n_0/Y  -      A->Y    R     INV_X2M_A9PP140ZTUL_C35           34  0.223   0.154    0.688  
  place_opt_inst_FE_OFC128_AR_3__AC_7__ACC_add_31_50_n_0/Y  -      A->Y    F     INV_X2M_A9PP140ZTUL_C35           73  0.184   0.168    0.856  
  g44718/Y                                                  -      A->Y    F     AND2_X0P5B_A9PP140ZTUL_C35        49  0.246   0.388    1.244  
  g44700/Y                                                  -      A->Y    R     INV_X0P7M_A9PP140ZTUL_C35         48  0.637   0.498    1.742  
  g42506/Y                                                  -      B0->Y   R     AO22_X0P5M_A9PP140ZTUL_C35         1  0.608   0.033    1.775  
  retime_s8_6_reg/D                                         -      D       R     DFFRPQA_X1M_A9PP140ZTUL_C35        1  0.039   0.000    1.775  
#--------------------------------------------------------------------------------------------------------------------------------------------
Path 30: MET (0.075 ns) Setup Check with Pin retime_s8_7_reg/CK->D
               View: wc_analysis_view
              Group: reg2reg
         Startpoint: (R) retime_s1_6_reg/CK
              Clock: (R) CLK
           Endpoint: (R) retime_s8_7_reg/D
              Clock: (R) CLK

                       Capture       Launch
         Clock Edge:+    2.000        0.000
        Src Latency:+   -0.154       -0.154
        Net Latency:+    0.154 (P)    0.155 (P)
            Arrival:=    2.001        0.001

              Setup:-    0.026
        Uncertainty:-    0.125
      Required Time:=    1.850
       Launch Clock:=    0.001
          Data Path:+    1.774
              Slack:=    0.075

#--------------------------------------------------------------------------------------------------------------------------------------------
# Timing Point                                              Flags  Arc     Edge  Cell                          Fanout  Trans   Delay  Arrival  
#                                                                                                                       (ns)    (ns)     (ns)  
#--------------------------------------------------------------------------------------------------------------------------------------------
  retime_s1_6_reg/CK                                        -      CK      R     (arrival)                         20  0.043       -    0.001  
  retime_s1_6_reg/QN                                        -      CK->QN  F     DFFRPQNA_X1M_A9PP140ZTUL_C35       6  0.043   0.065    0.066  
  cts_opt_inst_FE_OFC246_n_2948/Y                           -      A->Y    R     INV_X2M_A9PP140ZTUL_C35           58  0.046   0.143    0.210  
  g32665__2346/Y                                            -      B->Y    R     AND2_X0P5B_A9PP140ZTUL_C35         2  0.242   0.034    0.244  
  g39405__2802/Y                                            -      A0->Y   F     AOI22_X0P5M_A9PP140ZTUL_C35        1  0.030   0.086    0.329  
  g39401__1617/Y                                            -      B->Y    F     AND4_X0P5M_A9PP140ZTUL_C35         1  0.153   0.065    0.394  
  g39400__3680/Y                                            -      A->Y    R     NAND3_X1A_A9PP140ZTUL_C35          1  0.022   0.021    0.415  
  place_opt_inst_FE_OFC176_AR_3__AC_7__ACC_add_31_50_n_0/Y  -      A->Y    F     INV_X2M_A9PP140ZTUL_C35           49  0.032   0.119    0.534  
  place_opt_inst_FE_OFC164_AR_3__AC_7__ACC_add_31_50_n_0/Y  -      A->Y    R     INV_X2M_A9PP140ZTUL_C35           34  0.223   0.154    0.688  
  place_opt_inst_FE_OFC128_AR_3__AC_7__ACC_add_31_50_n_0/Y  -      A->Y    F     INV_X2M_A9PP140ZTUL_C35           73  0.184   0.168    0.856  
  g44718/Y                                                  -      A->Y    F     AND2_X0P5B_A9PP140ZTUL_C35        49  0.246   0.388    1.244  
  g44700/Y                                                  -      A->Y    R     INV_X0P7M_A9PP140ZTUL_C35         48  0.637   0.496    1.740  
  g42432/Y                                                  -      B0->Y   R     AO22_X0P5M_A9PP140ZTUL_C35         1  0.608   0.035    1.775  
  retime_s8_7_reg/D                                         -      D       R     DFFRPQA_X1M_A9PP140ZTUL_C35        1  0.041   0.000    1.775  
#--------------------------------------------------------------------------------------------------------------------------------------------
Path 31: MET (0.075 ns) Setup Check with Pin retime_s8_12_reg/CK->D
               View: wc_analysis_view
              Group: reg2reg
         Startpoint: (R) retime_s1_6_reg/CK
              Clock: (R) CLK
           Endpoint: (R) retime_s8_12_reg/D
              Clock: (R) CLK

                       Capture       Launch
         Clock Edge:+    2.000        0.000
        Src Latency:+   -0.154       -0.154
        Net Latency:+    0.154 (P)    0.155 (P)
            Arrival:=    2.001        0.001

              Setup:-    0.026
        Uncertainty:-    0.125
      Required Time:=    1.850
       Launch Clock:=    0.001
          Data Path:+    1.773
              Slack:=    0.075

#--------------------------------------------------------------------------------------------------------------------------------------------
# Timing Point                                              Flags  Arc     Edge  Cell                          Fanout  Trans   Delay  Arrival  
#                                                                                                                       (ns)    (ns)     (ns)  
#--------------------------------------------------------------------------------------------------------------------------------------------
  retime_s1_6_reg/CK                                        -      CK      R     (arrival)                         20  0.043       -    0.001  
  retime_s1_6_reg/QN                                        -      CK->QN  F     DFFRPQNA_X1M_A9PP140ZTUL_C35       6  0.043   0.065    0.066  
  cts_opt_inst_FE_OFC246_n_2948/Y                           -      A->Y    R     INV_X2M_A9PP140ZTUL_C35           58  0.046   0.143    0.210  
  g32665__2346/Y                                            -      B->Y    R     AND2_X0P5B_A9PP140ZTUL_C35         2  0.242   0.034    0.244  
  g39405__2802/Y                                            -      A0->Y   F     AOI22_X0P5M_A9PP140ZTUL_C35        1  0.030   0.086    0.329  
  g39401__1617/Y                                            -      B->Y    F     AND4_X0P5M_A9PP140ZTUL_C35         1  0.153   0.065    0.394  
  g39400__3680/Y                                            -      A->Y    R     NAND3_X1A_A9PP140ZTUL_C35          1  0.022   0.021    0.415  
  place_opt_inst_FE_OFC176_AR_3__AC_7__ACC_add_31_50_n_0/Y  -      A->Y    F     INV_X2M_A9PP140ZTUL_C35           49  0.032   0.119    0.534  
  place_opt_inst_FE_OFC164_AR_3__AC_7__ACC_add_31_50_n_0/Y  -      A->Y    R     INV_X2M_A9PP140ZTUL_C35           34  0.223   0.154    0.688  
  place_opt_inst_FE_OFC128_AR_3__AC_7__ACC_add_31_50_n_0/Y  -      A->Y    F     INV_X2M_A9PP140ZTUL_C35           73  0.184   0.168    0.856  
  g44718/Y                                                  -      A->Y    F     AND2_X0P5B_A9PP140ZTUL_C35        49  0.246   0.388    1.244  
  g44700/Y                                                  -      A->Y    R     INV_X0P7M_A9PP140ZTUL_C35         48  0.637   0.494    1.739  
  g42398/Y                                                  -      B0->Y   R     AO22_X0P5M_A9PP140ZTUL_C35         1  0.608   0.036    1.774  
  retime_s8_12_reg/D                                        -      D       R     DFFRPQA_X1M_A9PP140ZTUL_C35        1  0.042   0.000    1.774  
#--------------------------------------------------------------------------------------------------------------------------------------------
Path 32: MET (0.078 ns) Setup Check with Pin retime_s8_2_reg/CK->D
               View: wc_analysis_view
              Group: reg2reg
         Startpoint: (R) retime_s1_6_reg/CK
              Clock: (R) CLK
           Endpoint: (R) retime_s8_2_reg/D
              Clock: (R) CLK

                       Capture       Launch
         Clock Edge:+    2.000        0.000
        Src Latency:+   -0.154       -0.154
        Net Latency:+    0.152 (P)    0.155 (P)
            Arrival:=    1.998        0.001

              Setup:-    0.026
        Uncertainty:-    0.125
      Required Time:=    1.847
       Launch Clock:=    0.001
          Data Path:+    1.769
              Slack:=    0.078

#--------------------------------------------------------------------------------------------------------------------------------------------
# Timing Point                                              Flags  Arc     Edge  Cell                          Fanout  Trans   Delay  Arrival  
#                                                                                                                       (ns)    (ns)     (ns)  
#--------------------------------------------------------------------------------------------------------------------------------------------
  retime_s1_6_reg/CK                                        -      CK      R     (arrival)                         20  0.043       -    0.001  
  retime_s1_6_reg/QN                                        -      CK->QN  F     DFFRPQNA_X1M_A9PP140ZTUL_C35       6  0.043   0.065    0.066  
  cts_opt_inst_FE_OFC246_n_2948/Y                           -      A->Y    R     INV_X2M_A9PP140ZTUL_C35           58  0.046   0.143    0.210  
  g32665__2346/Y                                            -      B->Y    R     AND2_X0P5B_A9PP140ZTUL_C35         2  0.242   0.034    0.244  
  g39405__2802/Y                                            -      A0->Y   F     AOI22_X0P5M_A9PP140ZTUL_C35        1  0.030   0.086    0.329  
  g39401__1617/Y                                            -      B->Y    F     AND4_X0P5M_A9PP140ZTUL_C35         1  0.153   0.065    0.394  
  g39400__3680/Y                                            -      A->Y    R     NAND3_X1A_A9PP140ZTUL_C35          1  0.022   0.021    0.415  
  place_opt_inst_FE_OFC176_AR_3__AC_7__ACC_add_31_50_n_0/Y  -      A->Y    F     INV_X2M_A9PP140ZTUL_C35           49  0.032   0.119    0.534  
  place_opt_inst_FE_OFC164_AR_3__AC_7__ACC_add_31_50_n_0/Y  -      A->Y    R     INV_X2M_A9PP140ZTUL_C35           34  0.223   0.154    0.688  
  place_opt_inst_FE_OFC128_AR_3__AC_7__ACC_add_31_50_n_0/Y  -      A->Y    F     INV_X2M_A9PP140ZTUL_C35           73  0.184   0.168    0.856  
  g44718/Y                                                  -      A->Y    F     AND2_X0P5B_A9PP140ZTUL_C35        49  0.246   0.388    1.244  
  g44700/Y                                                  -      A->Y    R     INV_X0P7M_A9PP140ZTUL_C35         48  0.637   0.490    1.735  
  g42338/Y                                                  -      B0->Y   R     AO22_X0P5M_A9PP140ZTUL_C35         1  0.607   0.035    1.770  
  retime_s8_2_reg/D                                         -      D       R     DFFRPQA_X1M_A9PP140ZTUL_C35        1  0.041   0.000    1.770  
#--------------------------------------------------------------------------------------------------------------------------------------------
Path 33: MET (0.079 ns) Setup Check with Pin retime_s4_13_reg/CK->D
               View: wc_analysis_view
              Group: reg2reg
         Startpoint: (R) retime_s1_6_reg/CK
              Clock: (R) CLK
           Endpoint: (F) retime_s4_13_reg/D
              Clock: (R) CLK

                       Capture       Launch
         Clock Edge:+    2.000        0.000
        Src Latency:+   -0.154       -0.154
        Net Latency:+    0.154 (P)    0.155 (P)
            Arrival:=    2.001        0.001

              Setup:-    0.062
        Uncertainty:-    0.125
      Required Time:=    1.814
       Launch Clock:=    0.001
          Data Path:+    1.734
              Slack:=    0.079

#--------------------------------------------------------------------------------------------------------------------------------------------
# Timing Point                                              Flags  Arc     Edge  Cell                          Fanout  Trans   Delay  Arrival  
#                                                                                                                       (ns)    (ns)     (ns)  
#--------------------------------------------------------------------------------------------------------------------------------------------
  retime_s1_6_reg/CK                                        -      CK      R     (arrival)                         20  0.043       -    0.001  
  retime_s1_6_reg/QN                                        -      CK->QN  R     DFFRPQNA_X1M_A9PP140ZTUL_C35       6  0.043   0.060    0.061  
  cts_opt_inst_FE_OFC246_n_2948/Y                           -      A->Y    F     INV_X2M_A9PP140ZTUL_C35           58  0.054   0.123    0.184  
  g32675/Y                                                  -      B->Y    F     AND2_X0P5B_A9PP140ZTUL_C35         2  0.208   0.078    0.263  
  g39405__2802/Y                                            -      B0->Y   R     AOI22_X0P5M_A9PP140ZTUL_C35        1  0.032   0.107    0.370  
  g39401__1617/Y                                            -      B->Y    R     AND4_X0P5M_A9PP140ZTUL_C35         1  0.188   0.038    0.408  
  g39400__3680/Y                                            -      A->Y    F     NAND3_X1A_A9PP140ZTUL_C35          1  0.025   0.023    0.431  
  place_opt_inst_FE_OFC176_AR_3__AC_7__ACC_add_31_50_n_0/Y  -      A->Y    R     INV_X2M_A9PP140ZTUL_C35           49  0.040   0.136    0.568  
  place_opt_inst_FE_OFC159_AR_3__AC_7__ACC_add_31_50_n_0/Y  -      A->Y    F     INV_X3M_A9PP140ZTUL_C35            6  0.258   0.057    0.624  
  place_opt_inst_FE_OFC174_AR_3__AC_7__ACC_add_31_50_n_0/Y  -      A->Y    R     INV_X3M_A9PP140ZTUL_C35           63  0.100   0.116    0.741  
  g44742/Y                                                  -      A->Y    R     AND2_X0P5B_A9PP140ZTUL_C35        65  0.159   0.478    1.219  
  g44723/Y                                                  -      A->Y    F     INV_X1M_A9PP140ZTUL_C35           64  0.872   0.403    1.622  
  g42257/Y                                                  -      B0->Y   F     AO22_X0P5M_A9PP140ZTUL_C35         1  0.543   0.113    1.735  
  retime_s4_13_reg/D                                        -      D       F     DFFRPQA_X1M_A9PP140ZTUL_C35        1  0.053   0.000    1.735  
#--------------------------------------------------------------------------------------------------------------------------------------------
Path 34: MET (0.079 ns) Setup Check with Pin retime_s8_4_reg/CK->D
               View: wc_analysis_view
              Group: reg2reg
         Startpoint: (R) retime_s1_6_reg/CK
              Clock: (R) CLK
           Endpoint: (R) retime_s8_4_reg/D
              Clock: (R) CLK

                       Capture       Launch
         Clock Edge:+    2.000        0.000
        Src Latency:+   -0.154       -0.154
        Net Latency:+    0.153 (P)    0.155 (P)
            Arrival:=    1.999        0.001

              Setup:-    0.026
        Uncertainty:-    0.125
      Required Time:=    1.848
       Launch Clock:=    0.001
          Data Path:+    1.768
              Slack:=    0.079

#--------------------------------------------------------------------------------------------------------------------------------------------
# Timing Point                                              Flags  Arc     Edge  Cell                          Fanout  Trans   Delay  Arrival  
#                                                                                                                       (ns)    (ns)     (ns)  
#--------------------------------------------------------------------------------------------------------------------------------------------
  retime_s1_6_reg/CK                                        -      CK      R     (arrival)                         20  0.043       -    0.001  
  retime_s1_6_reg/QN                                        -      CK->QN  F     DFFRPQNA_X1M_A9PP140ZTUL_C35       6  0.043   0.065    0.066  
  cts_opt_inst_FE_OFC246_n_2948/Y                           -      A->Y    R     INV_X2M_A9PP140ZTUL_C35           58  0.046   0.143    0.210  
  g32665__2346/Y                                            -      B->Y    R     AND2_X0P5B_A9PP140ZTUL_C35         2  0.242   0.034    0.244  
  g39405__2802/Y                                            -      A0->Y   F     AOI22_X0P5M_A9PP140ZTUL_C35        1  0.030   0.086    0.329  
  g39401__1617/Y                                            -      B->Y    F     AND4_X0P5M_A9PP140ZTUL_C35         1  0.153   0.065    0.394  
  g39400__3680/Y                                            -      A->Y    R     NAND3_X1A_A9PP140ZTUL_C35          1  0.022   0.021    0.415  
  place_opt_inst_FE_OFC176_AR_3__AC_7__ACC_add_31_50_n_0/Y  -      A->Y    F     INV_X2M_A9PP140ZTUL_C35           49  0.032   0.119    0.534  
  place_opt_inst_FE_OFC164_AR_3__AC_7__ACC_add_31_50_n_0/Y  -      A->Y    R     INV_X2M_A9PP140ZTUL_C35           34  0.223   0.154    0.688  
  place_opt_inst_FE_OFC128_AR_3__AC_7__ACC_add_31_50_n_0/Y  -      A->Y    F     INV_X2M_A9PP140ZTUL_C35           73  0.184   0.168    0.856  
  g44718/Y                                                  -      A->Y    F     AND2_X0P5B_A9PP140ZTUL_C35        49  0.246   0.388    1.244  
  g44700/Y                                                  -      A->Y    R     INV_X0P7M_A9PP140ZTUL_C35         48  0.637   0.489    1.733  
  g42290/Y                                                  -      B0->Y   R     AO22_X0P5M_A9PP140ZTUL_C35         1  0.607   0.036    1.769  
  retime_s8_4_reg/D                                         -      D       R     DFFRPQA_X1M_A9PP140ZTUL_C35        1  0.042   0.000    1.769  
#--------------------------------------------------------------------------------------------------------------------------------------------
Path 35: MET (0.080 ns) Setup Check with Pin retime_s3_47_reg/CK->D
               View: wc_analysis_view
              Group: reg2reg
         Startpoint: (R) retime_s1_6_reg/CK
              Clock: (R) CLK
           Endpoint: (F) retime_s3_47_reg/D
              Clock: (R) CLK

                       Capture       Launch
         Clock Edge:+    2.000        0.000
        Src Latency:+   -0.154       -0.154
        Net Latency:+    0.152 (P)    0.155 (P)
            Arrival:=    1.998        0.001

              Setup:-    0.062
        Uncertainty:-    0.125
      Required Time:=    1.811
       Launch Clock:=    0.001
          Data Path:+    1.730
              Slack:=    0.080

#--------------------------------------------------------------------------------------------------------------------------------------------
# Timing Point                                              Flags  Arc     Edge  Cell                          Fanout  Trans   Delay  Arrival  
#                                                                                                                       (ns)    (ns)     (ns)  
#--------------------------------------------------------------------------------------------------------------------------------------------
  retime_s1_6_reg/CK                                        -      CK      R     (arrival)                         20  0.043       -    0.001  
  retime_s1_6_reg/QN                                        -      CK->QN  R     DFFRPQNA_X1M_A9PP140ZTUL_C35       6  0.043   0.060    0.061  
  cts_opt_inst_FE_OFC246_n_2948/Y                           -      A->Y    F     INV_X2M_A9PP140ZTUL_C35           58  0.054   0.123    0.184  
  g32675/Y                                                  -      B->Y    F     AND2_X0P5B_A9PP140ZTUL_C35         2  0.208   0.078    0.263  
  g39405__2802/Y                                            -      B0->Y   R     AOI22_X0P5M_A9PP140ZTUL_C35        1  0.032   0.107    0.370  
  g39401__1617/Y                                            -      B->Y    R     AND4_X0P5M_A9PP140ZTUL_C35         1  0.188   0.038    0.408  
  g39400__3680/Y                                            -      A->Y    F     NAND3_X1A_A9PP140ZTUL_C35          1  0.025   0.023    0.431  
  place_opt_inst_FE_OFC176_AR_3__AC_7__ACC_add_31_50_n_0/Y  -      A->Y    R     INV_X2M_A9PP140ZTUL_C35           49  0.040   0.136    0.568  
  place_opt_inst_FE_OFC159_AR_3__AC_7__ACC_add_31_50_n_0/Y  -      A->Y    F     INV_X3M_A9PP140ZTUL_C35            6  0.258   0.057    0.624  
  place_opt_inst_FE_OFC174_AR_3__AC_7__ACC_add_31_50_n_0/Y  -      A->Y    R     INV_X3M_A9PP140ZTUL_C35           63  0.100   0.116    0.741  
  g44742/Y                                                  -      A->Y    R     AND2_X0P5B_A9PP140ZTUL_C35        65  0.159   0.478    1.219  
  g44723/Y                                                  -      A->Y    F     INV_X1M_A9PP140ZTUL_C35           64  0.872   0.400    1.620  
  g42235/Y                                                  -      B0->Y   F     AO22_X0P5M_A9PP140ZTUL_C35         1  0.543   0.112    1.732  
  retime_s3_47_reg/D                                        -      D       F     DFFRPQA_X1M_A9PP140ZTUL_C35        1  0.051   0.000    1.732  
#--------------------------------------------------------------------------------------------------------------------------------------------
Path 36: MET (0.080 ns) Setup Check with Pin retime_s5_13_reg/CK->D
               View: wc_analysis_view
              Group: reg2reg
         Startpoint: (R) retime_s1_6_reg/CK
              Clock: (R) CLK
           Endpoint: (F) retime_s5_13_reg/D
              Clock: (R) CLK

                       Capture       Launch
         Clock Edge:+    2.000        0.000
        Src Latency:+   -0.154       -0.154
        Net Latency:+    0.148 (P)    0.155 (P)
            Arrival:=    1.994        0.001

              Setup:-    0.064
        Uncertainty:-    0.125
      Required Time:=    1.805
       Launch Clock:=    0.001
          Data Path:+    1.724
              Slack:=    0.080

#--------------------------------------------------------------------------------------------------------------------------------------------
# Timing Point                                              Flags  Arc     Edge  Cell                          Fanout  Trans   Delay  Arrival  
#                                                                                                                       (ns)    (ns)     (ns)  
#--------------------------------------------------------------------------------------------------------------------------------------------
  retime_s1_6_reg/CK                                        -      CK      R     (arrival)                         20  0.043       -    0.001  
  retime_s1_6_reg/QN                                        -      CK->QN  R     DFFRPQNA_X1M_A9PP140ZTUL_C35       6  0.043   0.060    0.061  
  cts_opt_inst_FE_OFC246_n_2948/Y                           -      A->Y    F     INV_X2M_A9PP140ZTUL_C35           58  0.054   0.123    0.184  
  g32675/Y                                                  -      B->Y    F     AND2_X0P5B_A9PP140ZTUL_C35         2  0.208   0.078    0.263  
  g39405__2802/Y                                            -      B0->Y   R     AOI22_X0P5M_A9PP140ZTUL_C35        1  0.032   0.107    0.370  
  g39401__1617/Y                                            -      B->Y    R     AND4_X0P5M_A9PP140ZTUL_C35         1  0.188   0.038    0.408  
  g39400__3680/Y                                            -      A->Y    F     NAND3_X1A_A9PP140ZTUL_C35          1  0.025   0.023    0.431  
  place_opt_inst_FE_OFC176_AR_3__AC_7__ACC_add_31_50_n_0/Y  -      A->Y    R     INV_X2M_A9PP140ZTUL_C35           49  0.040   0.136    0.568  
  place_opt_inst_FE_OFC159_AR_3__AC_7__ACC_add_31_50_n_0/Y  -      A->Y    F     INV_X3M_A9PP140ZTUL_C35            6  0.258   0.057    0.624  
  place_opt_inst_FE_OFC174_AR_3__AC_7__ACC_add_31_50_n_0/Y  -      A->Y    R     INV_X3M_A9PP140ZTUL_C35           63  0.100   0.116    0.741  
  g44740/Y                                                  -      A->Y    R     AND2_X0P5B_A9PP140ZTUL_C35        65  0.159   0.474    1.214  
  g44721/Y                                                  -      A->Y    F     INV_X1M_A9PP140ZTUL_C35           64  0.858   0.395    1.609  
  g42346/Y                                                  -      B0->Y   F     AO22_X0P5M_A9PP140ZTUL_C35         1  0.543   0.116    1.726  
  retime_s5_13_reg/D                                        -      D       F     DFFRPQA_X1M_A9PP140ZTUL_C35        1  0.055   0.000    1.726  
#--------------------------------------------------------------------------------------------------------------------------------------------
Path 37: MET (0.080 ns) Setup Check with Pin retime_s8_11_reg/CK->D
               View: wc_analysis_view
              Group: reg2reg
         Startpoint: (R) retime_s1_6_reg/CK
              Clock: (R) CLK
           Endpoint: (R) retime_s8_11_reg/D
              Clock: (R) CLK

                       Capture       Launch
         Clock Edge:+    2.000        0.000
        Src Latency:+   -0.154       -0.154
        Net Latency:+    0.152 (P)    0.155 (P)
            Arrival:=    1.999        0.001

              Setup:-    0.026
        Uncertainty:-    0.125
      Required Time:=    1.848
       Launch Clock:=    0.001
          Data Path:+    1.767
              Slack:=    0.080

#--------------------------------------------------------------------------------------------------------------------------------------------
# Timing Point                                              Flags  Arc     Edge  Cell                          Fanout  Trans   Delay  Arrival  
#                                                                                                                       (ns)    (ns)     (ns)  
#--------------------------------------------------------------------------------------------------------------------------------------------
  retime_s1_6_reg/CK                                        -      CK      R     (arrival)                         20  0.043       -    0.001  
  retime_s1_6_reg/QN                                        -      CK->QN  F     DFFRPQNA_X1M_A9PP140ZTUL_C35       6  0.043   0.065    0.066  
  cts_opt_inst_FE_OFC246_n_2948/Y                           -      A->Y    R     INV_X2M_A9PP140ZTUL_C35           58  0.046   0.143    0.210  
  g32665__2346/Y                                            -      B->Y    R     AND2_X0P5B_A9PP140ZTUL_C35         2  0.242   0.034    0.244  
  g39405__2802/Y                                            -      A0->Y   F     AOI22_X0P5M_A9PP140ZTUL_C35        1  0.030   0.086    0.329  
  g39401__1617/Y                                            -      B->Y    F     AND4_X0P5M_A9PP140ZTUL_C35         1  0.153   0.065    0.394  
  g39400__3680/Y                                            -      A->Y    R     NAND3_X1A_A9PP140ZTUL_C35          1  0.022   0.021    0.415  
  place_opt_inst_FE_OFC176_AR_3__AC_7__ACC_add_31_50_n_0/Y  -      A->Y    F     INV_X2M_A9PP140ZTUL_C35           49  0.032   0.119    0.534  
  place_opt_inst_FE_OFC164_AR_3__AC_7__ACC_add_31_50_n_0/Y  -      A->Y    R     INV_X2M_A9PP140ZTUL_C35           34  0.223   0.154    0.688  
  place_opt_inst_FE_OFC128_AR_3__AC_7__ACC_add_31_50_n_0/Y  -      A->Y    F     INV_X2M_A9PP140ZTUL_C35           73  0.184   0.168    0.856  
  g44718/Y                                                  -      A->Y    F     AND2_X0P5B_A9PP140ZTUL_C35        49  0.246   0.388    1.244  
  g44700/Y                                                  -      A->Y    R     INV_X0P7M_A9PP140ZTUL_C35         48  0.637   0.488    1.732  
  g42241/Y                                                  -      B0->Y   R     AO22_X0P5M_A9PP140ZTUL_C35         1  0.607   0.036    1.768  
  retime_s8_11_reg/D                                        -      D       R     DFFRPQA_X1M_A9PP140ZTUL_C35        1  0.042   0.000    1.768  
#--------------------------------------------------------------------------------------------------------------------------------------------
Path 38: MET (0.081 ns) Setup Check with Pin retime_s8_8_reg/CK->D
               View: wc_analysis_view
              Group: reg2reg
         Startpoint: (R) retime_s1_6_reg/CK
              Clock: (R) CLK
           Endpoint: (R) retime_s8_8_reg/D
              Clock: (R) CLK

                       Capture       Launch
         Clock Edge:+    2.000        0.000
        Src Latency:+   -0.154       -0.154
        Net Latency:+    0.153 (P)    0.155 (P)
            Arrival:=    1.999        0.001

              Setup:-    0.026
        Uncertainty:-    0.125
      Required Time:=    1.848
       Launch Clock:=    0.001
          Data Path:+    1.766
              Slack:=    0.081

#--------------------------------------------------------------------------------------------------------------------------------------------
# Timing Point                                              Flags  Arc     Edge  Cell                          Fanout  Trans   Delay  Arrival  
#                                                                                                                       (ns)    (ns)     (ns)  
#--------------------------------------------------------------------------------------------------------------------------------------------
  retime_s1_6_reg/CK                                        -      CK      R     (arrival)                         20  0.043       -    0.001  
  retime_s1_6_reg/QN                                        -      CK->QN  F     DFFRPQNA_X1M_A9PP140ZTUL_C35       6  0.043   0.065    0.066  
  cts_opt_inst_FE_OFC246_n_2948/Y                           -      A->Y    R     INV_X2M_A9PP140ZTUL_C35           58  0.046   0.143    0.210  
  g32665__2346/Y                                            -      B->Y    R     AND2_X0P5B_A9PP140ZTUL_C35         2  0.242   0.034    0.244  
  g39405__2802/Y                                            -      A0->Y   F     AOI22_X0P5M_A9PP140ZTUL_C35        1  0.030   0.086    0.329  
  g39401__1617/Y                                            -      B->Y    F     AND4_X0P5M_A9PP140ZTUL_C35         1  0.153   0.065    0.394  
  g39400__3680/Y                                            -      A->Y    R     NAND3_X1A_A9PP140ZTUL_C35          1  0.022   0.021    0.415  
  place_opt_inst_FE_OFC176_AR_3__AC_7__ACC_add_31_50_n_0/Y  -      A->Y    F     INV_X2M_A9PP140ZTUL_C35           49  0.032   0.119    0.534  
  place_opt_inst_FE_OFC164_AR_3__AC_7__ACC_add_31_50_n_0/Y  -      A->Y    R     INV_X2M_A9PP140ZTUL_C35           34  0.223   0.154    0.688  
  place_opt_inst_FE_OFC128_AR_3__AC_7__ACC_add_31_50_n_0/Y  -      A->Y    F     INV_X2M_A9PP140ZTUL_C35           73  0.184   0.168    0.856  
  g44718/Y                                                  -      A->Y    F     AND2_X0P5B_A9PP140ZTUL_C35        49  0.246   0.388    1.244  
  g44700/Y                                                  -      A->Y    R     INV_X0P7M_A9PP140ZTUL_C35         48  0.637   0.488    1.732  
  g42291/Y                                                  -      B0->Y   R     AO22_X0P5M_A9PP140ZTUL_C35         1  0.607   0.035    1.767  
  retime_s8_8_reg/D                                         -      D       R     DFFRPQA_X1M_A9PP140ZTUL_C35        1  0.041   0.000    1.767  
#--------------------------------------------------------------------------------------------------------------------------------------------
Path 39: MET (0.081 ns) Setup Check with Pin retime_s3_235_reg/CK->D
               View: wc_analysis_view
              Group: reg2reg
         Startpoint: (R) retime_s1_6_reg/CK
              Clock: (R) CLK
           Endpoint: (F) retime_s3_235_reg/D
              Clock: (R) CLK

                       Capture       Launch
         Clock Edge:+    2.000        0.000
        Src Latency:+   -0.154       -0.154
        Net Latency:+    0.152 (P)    0.155 (P)
            Arrival:=    1.999        0.001

              Setup:-    0.062
        Uncertainty:-    0.125
      Required Time:=    1.812
       Launch Clock:=    0.001
          Data Path:+    1.730
              Slack:=    0.081

#--------------------------------------------------------------------------------------------------------------------------------------------
# Timing Point                                              Flags  Arc     Edge  Cell                          Fanout  Trans   Delay  Arrival  
#                                                                                                                       (ns)    (ns)     (ns)  
#--------------------------------------------------------------------------------------------------------------------------------------------
  retime_s1_6_reg/CK                                        -      CK      R     (arrival)                         20  0.043       -    0.001  
  retime_s1_6_reg/QN                                        -      CK->QN  R     DFFRPQNA_X1M_A9PP140ZTUL_C35       6  0.043   0.060    0.061  
  cts_opt_inst_FE_OFC246_n_2948/Y                           -      A->Y    F     INV_X2M_A9PP140ZTUL_C35           58  0.054   0.123    0.184  
  g32675/Y                                                  -      B->Y    F     AND2_X0P5B_A9PP140ZTUL_C35         2  0.208   0.078    0.263  
  g39405__2802/Y                                            -      B0->Y   R     AOI22_X0P5M_A9PP140ZTUL_C35        1  0.032   0.107    0.370  
  g39401__1617/Y                                            -      B->Y    R     AND4_X0P5M_A9PP140ZTUL_C35         1  0.188   0.038    0.408  
  g39400__3680/Y                                            -      A->Y    F     NAND3_X1A_A9PP140ZTUL_C35          1  0.025   0.023    0.431  
  place_opt_inst_FE_OFC176_AR_3__AC_7__ACC_add_31_50_n_0/Y  -      A->Y    R     INV_X2M_A9PP140ZTUL_C35           49  0.040   0.136    0.568  
  place_opt_inst_FE_OFC159_AR_3__AC_7__ACC_add_31_50_n_0/Y  -      A->Y    F     INV_X3M_A9PP140ZTUL_C35            6  0.258   0.057    0.624  
  place_opt_inst_FE_OFC174_AR_3__AC_7__ACC_add_31_50_n_0/Y  -      A->Y    R     INV_X3M_A9PP140ZTUL_C35           63  0.100   0.116    0.741  
  g44742/Y                                                  -      A->Y    R     AND2_X0P5B_A9PP140ZTUL_C35        65  0.159   0.478    1.219  
  g44723/Y                                                  -      A->Y    F     INV_X1M_A9PP140ZTUL_C35           64  0.872   0.402    1.621  
  g42362/Y                                                  -      B0->Y   F     AO22_X0P5M_A9PP140ZTUL_C35         1  0.543   0.111    1.731  
  retime_s3_235_reg/D                                       -      D       F     DFFRPQA_X1M_A9PP140ZTUL_C35        1  0.050   0.000    1.731  
#--------------------------------------------------------------------------------------------------------------------------------------------
Path 40: MET (0.081 ns) Setup Check with Pin retime_s3_150_reg/CK->D
               View: wc_analysis_view
              Group: reg2reg
         Startpoint: (R) retime_s1_6_reg/CK
              Clock: (R) CLK
           Endpoint: (F) retime_s3_150_reg/D
              Clock: (R) CLK

                       Capture       Launch
         Clock Edge:+    2.000        0.000
        Src Latency:+   -0.154       -0.154
        Net Latency:+    0.150 (P)    0.155 (P)
            Arrival:=    1.996        0.001

              Setup:-    0.060
        Uncertainty:-    0.125
      Required Time:=    1.811
       Launch Clock:=    0.001
          Data Path:+    1.729
              Slack:=    0.081

#--------------------------------------------------------------------------------------------------------------------------------------------
# Timing Point                                              Flags  Arc     Edge  Cell                          Fanout  Trans   Delay  Arrival  
#                                                                                                                       (ns)    (ns)     (ns)  
#--------------------------------------------------------------------------------------------------------------------------------------------
  retime_s1_6_reg/CK                                        -      CK      R     (arrival)                         20  0.043       -    0.001  
  retime_s1_6_reg/QN                                        -      CK->QN  R     DFFRPQNA_X1M_A9PP140ZTUL_C35       6  0.043   0.060    0.061  
  cts_opt_inst_FE_OFC246_n_2948/Y                           -      A->Y    F     INV_X2M_A9PP140ZTUL_C35           58  0.054   0.123    0.184  
  g32675/Y                                                  -      B->Y    F     AND2_X0P5B_A9PP140ZTUL_C35         2  0.208   0.078    0.263  
  g39405__2802/Y                                            -      B0->Y   R     AOI22_X0P5M_A9PP140ZTUL_C35        1  0.032   0.107    0.370  
  g39401__1617/Y                                            -      B->Y    R     AND4_X0P5M_A9PP140ZTUL_C35         1  0.188   0.038    0.408  
  g39400__3680/Y                                            -      A->Y    F     NAND3_X1A_A9PP140ZTUL_C35          1  0.025   0.023    0.431  
  place_opt_inst_FE_OFC176_AR_3__AC_7__ACC_add_31_50_n_0/Y  -      A->Y    R     INV_X2M_A9PP140ZTUL_C35           49  0.040   0.136    0.568  
  place_opt_inst_FE_OFC159_AR_3__AC_7__ACC_add_31_50_n_0/Y  -      A->Y    F     INV_X3M_A9PP140ZTUL_C35            6  0.258   0.057    0.624  
  place_opt_inst_FE_OFC174_AR_3__AC_7__ACC_add_31_50_n_0/Y  -      A->Y    R     INV_X3M_A9PP140ZTUL_C35           63  0.100   0.116    0.741  
  g44742/Y                                                  -      A->Y    R     AND2_X0P5B_A9PP140ZTUL_C35        65  0.159   0.478    1.219  
  g44723/Y                                                  -      A->Y    F     INV_X1M_A9PP140ZTUL_C35           64  0.872   0.406    1.626  
  g42213/Y                                                  -      B0->Y   F     AO22_X0P5M_A9PP140ZTUL_C35         1  0.544   0.105    1.730  
  retime_s3_150_reg/D                                       -      D       F     DFFRPQA_X1M_A9PP140ZTUL_C35        1  0.044   0.000    1.730  
#--------------------------------------------------------------------------------------------------------------------------------------------
Path 41: MET (0.081 ns) Setup Check with Pin retime_s8_9_reg/CK->D
               View: wc_analysis_view
              Group: reg2reg
         Startpoint: (R) retime_s1_6_reg/CK
              Clock: (R) CLK
           Endpoint: (R) retime_s8_9_reg/D
              Clock: (R) CLK

                       Capture       Launch
         Clock Edge:+    2.000        0.000
        Src Latency:+   -0.154       -0.154
        Net Latency:+    0.152 (P)    0.155 (P)
            Arrival:=    1.999        0.001

              Setup:-    0.026
        Uncertainty:-    0.125
      Required Time:=    1.848
       Launch Clock:=    0.001
          Data Path:+    1.766
              Slack:=    0.081

#--------------------------------------------------------------------------------------------------------------------------------------------
# Timing Point                                              Flags  Arc     Edge  Cell                          Fanout  Trans   Delay  Arrival  
#                                                                                                                       (ns)    (ns)     (ns)  
#--------------------------------------------------------------------------------------------------------------------------------------------
  retime_s1_6_reg/CK                                        -      CK      R     (arrival)                         20  0.043       -    0.001  
  retime_s1_6_reg/QN                                        -      CK->QN  F     DFFRPQNA_X1M_A9PP140ZTUL_C35       6  0.043   0.065    0.066  
  cts_opt_inst_FE_OFC246_n_2948/Y                           -      A->Y    R     INV_X2M_A9PP140ZTUL_C35           58  0.046   0.143    0.210  
  g32665__2346/Y                                            -      B->Y    R     AND2_X0P5B_A9PP140ZTUL_C35         2  0.242   0.034    0.244  
  g39405__2802/Y                                            -      A0->Y   F     AOI22_X0P5M_A9PP140ZTUL_C35        1  0.030   0.086    0.329  
  g39401__1617/Y                                            -      B->Y    F     AND4_X0P5M_A9PP140ZTUL_C35         1  0.153   0.065    0.394  
  g39400__3680/Y                                            -      A->Y    R     NAND3_X1A_A9PP140ZTUL_C35          1  0.022   0.021    0.415  
  place_opt_inst_FE_OFC176_AR_3__AC_7__ACC_add_31_50_n_0/Y  -      A->Y    F     INV_X2M_A9PP140ZTUL_C35           49  0.032   0.119    0.534  
  place_opt_inst_FE_OFC164_AR_3__AC_7__ACC_add_31_50_n_0/Y  -      A->Y    R     INV_X2M_A9PP140ZTUL_C35           34  0.223   0.154    0.688  
  place_opt_inst_FE_OFC128_AR_3__AC_7__ACC_add_31_50_n_0/Y  -      A->Y    F     INV_X2M_A9PP140ZTUL_C35           73  0.184   0.168    0.856  
  g44718/Y                                                  -      A->Y    F     AND2_X0P5B_A9PP140ZTUL_C35        49  0.246   0.388    1.244  
  g44700/Y                                                  -      A->Y    R     INV_X0P7M_A9PP140ZTUL_C35         48  0.637   0.491    1.735  
  g42354/Y                                                  -      B0->Y   R     AO22_X0P5M_A9PP140ZTUL_C35         1  0.607   0.031    1.767  
  retime_s8_9_reg/D                                         -      D       R     DFFRPQA_X1M_A9PP140ZTUL_C35        1  0.037   0.000    1.767  
#--------------------------------------------------------------------------------------------------------------------------------------------
Path 42: MET (0.081 ns) Setup Check with Pin retime_s3_149_reg/CK->D
               View: wc_analysis_view
              Group: reg2reg
         Startpoint: (R) retime_s1_6_reg/CK
              Clock: (R) CLK
           Endpoint: (F) retime_s3_149_reg/D
              Clock: (R) CLK

                       Capture       Launch
         Clock Edge:+    2.000        0.000
        Src Latency:+   -0.154       -0.154
        Net Latency:+    0.150 (P)    0.155 (P)
            Arrival:=    1.996        0.001

              Setup:-    0.060
        Uncertainty:-    0.125
      Required Time:=    1.811
       Launch Clock:=    0.001
          Data Path:+    1.729
              Slack:=    0.081

#--------------------------------------------------------------------------------------------------------------------------------------------
# Timing Point                                              Flags  Arc     Edge  Cell                          Fanout  Trans   Delay  Arrival  
#                                                                                                                       (ns)    (ns)     (ns)  
#--------------------------------------------------------------------------------------------------------------------------------------------
  retime_s1_6_reg/CK                                        -      CK      R     (arrival)                         20  0.043       -    0.001  
  retime_s1_6_reg/QN                                        -      CK->QN  R     DFFRPQNA_X1M_A9PP140ZTUL_C35       6  0.043   0.060    0.061  
  cts_opt_inst_FE_OFC246_n_2948/Y                           -      A->Y    F     INV_X2M_A9PP140ZTUL_C35           58  0.054   0.123    0.184  
  g32675/Y                                                  -      B->Y    F     AND2_X0P5B_A9PP140ZTUL_C35         2  0.208   0.078    0.263  
  g39405__2802/Y                                            -      B0->Y   R     AOI22_X0P5M_A9PP140ZTUL_C35        1  0.032   0.107    0.370  
  g39401__1617/Y                                            -      B->Y    R     AND4_X0P5M_A9PP140ZTUL_C35         1  0.188   0.038    0.408  
  g39400__3680/Y                                            -      A->Y    F     NAND3_X1A_A9PP140ZTUL_C35          1  0.025   0.023    0.431  
  place_opt_inst_FE_OFC176_AR_3__AC_7__ACC_add_31_50_n_0/Y  -      A->Y    R     INV_X2M_A9PP140ZTUL_C35           49  0.040   0.136    0.568  
  place_opt_inst_FE_OFC159_AR_3__AC_7__ACC_add_31_50_n_0/Y  -      A->Y    F     INV_X3M_A9PP140ZTUL_C35            6  0.258   0.057    0.624  
  place_opt_inst_FE_OFC174_AR_3__AC_7__ACC_add_31_50_n_0/Y  -      A->Y    R     INV_X3M_A9PP140ZTUL_C35           63  0.100   0.116    0.741  
  g44742/Y                                                  -      A->Y    R     AND2_X0P5B_A9PP140ZTUL_C35        65  0.159   0.478    1.219  
  g44723/Y                                                  -      A->Y    F     INV_X1M_A9PP140ZTUL_C35           64  0.872   0.406    1.626  
  g42254/Y                                                  -      B0->Y   F     AO22_X0P5M_A9PP140ZTUL_C35         1  0.544   0.104    1.730  
  retime_s3_149_reg/D                                       -      D       F     DFFRPQA_X1M_A9PP140ZTUL_C35        1  0.044   0.000    1.730  
#--------------------------------------------------------------------------------------------------------------------------------------------
Path 43: MET (0.081 ns) Setup Check with Pin retime_s3_147_reg/CK->D
               View: wc_analysis_view
              Group: reg2reg
         Startpoint: (R) retime_s1_6_reg/CK
              Clock: (R) CLK
           Endpoint: (F) retime_s3_147_reg/D
              Clock: (R) CLK

                       Capture       Launch
         Clock Edge:+    2.000        0.000
        Src Latency:+   -0.154       -0.154
        Net Latency:+    0.150 (P)    0.155 (P)
            Arrival:=    1.996        0.001

              Setup:-    0.060
        Uncertainty:-    0.125
      Required Time:=    1.811
       Launch Clock:=    0.001
          Data Path:+    1.728
              Slack:=    0.081

#--------------------------------------------------------------------------------------------------------------------------------------------
# Timing Point                                              Flags  Arc     Edge  Cell                          Fanout  Trans   Delay  Arrival  
#                                                                                                                       (ns)    (ns)     (ns)  
#--------------------------------------------------------------------------------------------------------------------------------------------
  retime_s1_6_reg/CK                                        -      CK      R     (arrival)                         20  0.043       -    0.001  
  retime_s1_6_reg/QN                                        -      CK->QN  R     DFFRPQNA_X1M_A9PP140ZTUL_C35       6  0.043   0.060    0.061  
  cts_opt_inst_FE_OFC246_n_2948/Y                           -      A->Y    F     INV_X2M_A9PP140ZTUL_C35           58  0.054   0.123    0.184  
  g32675/Y                                                  -      B->Y    F     AND2_X0P5B_A9PP140ZTUL_C35         2  0.208   0.078    0.263  
  g39405__2802/Y                                            -      B0->Y   R     AOI22_X0P5M_A9PP140ZTUL_C35        1  0.032   0.107    0.370  
  g39401__1617/Y                                            -      B->Y    R     AND4_X0P5M_A9PP140ZTUL_C35         1  0.188   0.038    0.408  
  g39400__3680/Y                                            -      A->Y    F     NAND3_X1A_A9PP140ZTUL_C35          1  0.025   0.023    0.431  
  place_opt_inst_FE_OFC176_AR_3__AC_7__ACC_add_31_50_n_0/Y  -      A->Y    R     INV_X2M_A9PP140ZTUL_C35           49  0.040   0.136    0.568  
  place_opt_inst_FE_OFC159_AR_3__AC_7__ACC_add_31_50_n_0/Y  -      A->Y    F     INV_X3M_A9PP140ZTUL_C35            6  0.258   0.057    0.624  
  place_opt_inst_FE_OFC174_AR_3__AC_7__ACC_add_31_50_n_0/Y  -      A->Y    R     INV_X3M_A9PP140ZTUL_C35           63  0.100   0.116    0.741  
  g44742/Y                                                  -      A->Y    R     AND2_X0P5B_A9PP140ZTUL_C35        65  0.159   0.478    1.219  
  g44723/Y                                                  -      A->Y    F     INV_X1M_A9PP140ZTUL_C35           64  0.872   0.406    1.625  
  g42302/Y                                                  -      B0->Y   F     AO22_X0P5M_A9PP140ZTUL_C35         1  0.544   0.105    1.729  
  retime_s3_147_reg/D                                       -      D       F     DFFRPQA_X1M_A9PP140ZTUL_C35        1  0.044   0.000    1.729  
#--------------------------------------------------------------------------------------------------------------------------------------------
Path 44: MET (0.082 ns) Setup Check with Pin retime_s3_206_reg/CK->D
               View: wc_analysis_view
              Group: reg2reg
         Startpoint: (R) retime_s1_6_reg/CK
              Clock: (R) CLK
           Endpoint: (F) retime_s3_206_reg/D
              Clock: (R) CLK

                       Capture       Launch
         Clock Edge:+    2.000        0.000
        Src Latency:+   -0.154       -0.154
        Net Latency:+    0.150 (P)    0.155 (P)
            Arrival:=    1.996        0.001

              Setup:-    0.060
        Uncertainty:-    0.125
      Required Time:=    1.811
       Launch Clock:=    0.001
          Data Path:+    1.728
              Slack:=    0.082

#--------------------------------------------------------------------------------------------------------------------------------------------
# Timing Point                                              Flags  Arc     Edge  Cell                          Fanout  Trans   Delay  Arrival  
#                                                                                                                       (ns)    (ns)     (ns)  
#--------------------------------------------------------------------------------------------------------------------------------------------
  retime_s1_6_reg/CK                                        -      CK      R     (arrival)                         20  0.043       -    0.001  
  retime_s1_6_reg/QN                                        -      CK->QN  R     DFFRPQNA_X1M_A9PP140ZTUL_C35       6  0.043   0.060    0.061  
  cts_opt_inst_FE_OFC246_n_2948/Y                           -      A->Y    F     INV_X2M_A9PP140ZTUL_C35           58  0.054   0.123    0.184  
  g32675/Y                                                  -      B->Y    F     AND2_X0P5B_A9PP140ZTUL_C35         2  0.208   0.078    0.263  
  g39405__2802/Y                                            -      B0->Y   R     AOI22_X0P5M_A9PP140ZTUL_C35        1  0.032   0.107    0.370  
  g39401__1617/Y                                            -      B->Y    R     AND4_X0P5M_A9PP140ZTUL_C35         1  0.188   0.038    0.408  
  g39400__3680/Y                                            -      A->Y    F     NAND3_X1A_A9PP140ZTUL_C35          1  0.025   0.023    0.431  
  place_opt_inst_FE_OFC176_AR_3__AC_7__ACC_add_31_50_n_0/Y  -      A->Y    R     INV_X2M_A9PP140ZTUL_C35           49  0.040   0.136    0.568  
  place_opt_inst_FE_OFC159_AR_3__AC_7__ACC_add_31_50_n_0/Y  -      A->Y    F     INV_X3M_A9PP140ZTUL_C35            6  0.258   0.057    0.624  
  place_opt_inst_FE_OFC174_AR_3__AC_7__ACC_add_31_50_n_0/Y  -      A->Y    R     INV_X3M_A9PP140ZTUL_C35           63  0.100   0.116    0.741  
  g44742/Y                                                  -      A->Y    R     AND2_X0P5B_A9PP140ZTUL_C35        65  0.159   0.478    1.219  
  g44723/Y                                                  -      A->Y    F     INV_X1M_A9PP140ZTUL_C35           64  0.872   0.406    1.626  
  g42255/Y                                                  -      B0->Y   F     AO22_X0P5M_A9PP140ZTUL_C35         1  0.544   0.103    1.729  
  retime_s3_206_reg/D                                       -      D       F     DFFRPQA_X1M_A9PP140ZTUL_C35        1  0.043   0.000    1.729  
#--------------------------------------------------------------------------------------------------------------------------------------------
Path 45: MET (0.082 ns) Setup Check with Pin retime_s4_9_reg/CK->D
               View: wc_analysis_view
              Group: reg2reg
         Startpoint: (R) retime_s1_6_reg/CK
              Clock: (R) CLK
           Endpoint: (F) retime_s4_9_reg/D
              Clock: (R) CLK

                       Capture       Launch
         Clock Edge:+    2.000        0.000
        Src Latency:+   -0.154       -0.154
        Net Latency:+    0.150 (P)    0.155 (P)
            Arrival:=    1.996        0.001

              Setup:-    0.061
        Uncertainty:-    0.125
      Required Time:=    1.811
       Launch Clock:=    0.001
          Data Path:+    1.727
              Slack:=    0.082

#--------------------------------------------------------------------------------------------------------------------------------------------
# Timing Point                                              Flags  Arc     Edge  Cell                          Fanout  Trans   Delay  Arrival  
#                                                                                                                       (ns)    (ns)     (ns)  
#--------------------------------------------------------------------------------------------------------------------------------------------
  retime_s1_6_reg/CK                                        -      CK      R     (arrival)                         20  0.043       -    0.001  
  retime_s1_6_reg/QN                                        -      CK->QN  R     DFFRPQNA_X1M_A9PP140ZTUL_C35       6  0.043   0.060    0.061  
  cts_opt_inst_FE_OFC246_n_2948/Y                           -      A->Y    F     INV_X2M_A9PP140ZTUL_C35           58  0.054   0.123    0.184  
  g32675/Y                                                  -      B->Y    F     AND2_X0P5B_A9PP140ZTUL_C35         2  0.208   0.078    0.263  
  g39405__2802/Y                                            -      B0->Y   R     AOI22_X0P5M_A9PP140ZTUL_C35        1  0.032   0.107    0.370  
  g39401__1617/Y                                            -      B->Y    R     AND4_X0P5M_A9PP140ZTUL_C35         1  0.188   0.038    0.408  
  g39400__3680/Y                                            -      A->Y    F     NAND3_X1A_A9PP140ZTUL_C35          1  0.025   0.023    0.431  
  place_opt_inst_FE_OFC176_AR_3__AC_7__ACC_add_31_50_n_0/Y  -      A->Y    R     INV_X2M_A9PP140ZTUL_C35           49  0.040   0.136    0.568  
  place_opt_inst_FE_OFC159_AR_3__AC_7__ACC_add_31_50_n_0/Y  -      A->Y    F     INV_X3M_A9PP140ZTUL_C35            6  0.258   0.057    0.624  
  place_opt_inst_FE_OFC174_AR_3__AC_7__ACC_add_31_50_n_0/Y  -      A->Y    R     INV_X3M_A9PP140ZTUL_C35           63  0.100   0.116    0.741  
  g44742/Y                                                  -      A->Y    R     AND2_X0P5B_A9PP140ZTUL_C35        65  0.159   0.478    1.219  
  g44723/Y                                                  -      A->Y    F     INV_X1M_A9PP140ZTUL_C35           64  0.872   0.404    1.623  
  g42256/Y                                                  -      B0->Y   F     AO22_X0P5M_A9PP140ZTUL_C35         1  0.544   0.105    1.728  
  retime_s4_9_reg/D                                         -      D       F     DFFRPQA_X1M_A9PP140ZTUL_C35        1  0.045   0.000    1.728  
#--------------------------------------------------------------------------------------------------------------------------------------------
Path 46: MET (0.083 ns) Setup Check with Pin retime_s9_43_reg/CK->D
               View: wc_analysis_view
              Group: reg2reg
         Startpoint: (R) retime_s1_6_reg/CK
              Clock: (R) CLK
           Endpoint: (R) retime_s9_43_reg/D
              Clock: (R) CLK

                       Capture       Launch
         Clock Edge:+    2.000        0.000
        Src Latency:+   -0.154       -0.154
        Net Latency:+    0.154 (P)    0.155 (P)
            Arrival:=    2.000        0.001

              Setup:-    0.026
        Uncertainty:-    0.125
      Required Time:=    1.849
       Launch Clock:=    0.001
          Data Path:+    1.765
              Slack:=    0.083

#--------------------------------------------------------------------------------------------------------------------------------------------
# Timing Point                                              Flags  Arc     Edge  Cell                          Fanout  Trans   Delay  Arrival  
#                                                                                                                       (ns)    (ns)     (ns)  
#--------------------------------------------------------------------------------------------------------------------------------------------
  retime_s1_6_reg/CK                                        -      CK      R     (arrival)                         20  0.043       -    0.001  
  retime_s1_6_reg/QN                                        -      CK->QN  F     DFFRPQNA_X1M_A9PP140ZTUL_C35       6  0.043   0.065    0.066  
  cts_opt_inst_FE_OFC246_n_2948/Y                           -      A->Y    R     INV_X2M_A9PP140ZTUL_C35           58  0.046   0.143    0.210  
  g32665__2346/Y                                            -      B->Y    R     AND2_X0P5B_A9PP140ZTUL_C35         2  0.242   0.034    0.244  
  g39405__2802/Y                                            -      A0->Y   F     AOI22_X0P5M_A9PP140ZTUL_C35        1  0.030   0.086    0.329  
  g39401__1617/Y                                            -      B->Y    F     AND4_X0P5M_A9PP140ZTUL_C35         1  0.153   0.065    0.394  
  g39400__3680/Y                                            -      A->Y    R     NAND3_X1A_A9PP140ZTUL_C35          1  0.022   0.021    0.415  
  place_opt_inst_FE_OFC176_AR_3__AC_7__ACC_add_31_50_n_0/Y  -      A->Y    F     INV_X2M_A9PP140ZTUL_C35           49  0.032   0.119    0.534  
  place_opt_inst_FE_OFC164_AR_3__AC_7__ACC_add_31_50_n_0/Y  -      A->Y    R     INV_X2M_A9PP140ZTUL_C35           34  0.223   0.154    0.688  
  place_opt_inst_FE_OFC128_AR_3__AC_7__ACC_add_31_50_n_0/Y  -      A->Y    F     INV_X2M_A9PP140ZTUL_C35           73  0.184   0.168    0.856  
  g44718/Y                                                  -      A->Y    F     AND2_X0P5B_A9PP140ZTUL_C35        49  0.246   0.388    1.244  
  g44700/Y                                                  -      A->Y    R     INV_X0P7M_A9PP140ZTUL_C35         48  0.637   0.488    1.732  
  g42243/Y                                                  -      B0->Y   R     AO22_X0P5M_A9PP140ZTUL_C35         1  0.607   0.035    1.767  
  retime_s9_43_reg/D                                        -      D       R     DFFRPQA_X1M_A9PP140ZTUL_C35        1  0.040   0.000    1.767  
#--------------------------------------------------------------------------------------------------------------------------------------------
Path 47: MET (0.083 ns) Setup Check with Pin retime_s9_44_reg/CK->D
               View: wc_analysis_view
              Group: reg2reg
         Startpoint: (R) retime_s1_6_reg/CK
              Clock: (R) CLK
           Endpoint: (R) retime_s9_44_reg/D
              Clock: (R) CLK

                       Capture       Launch
         Clock Edge:+    2.000        0.000
        Src Latency:+   -0.154       -0.154
        Net Latency:+    0.154 (P)    0.155 (P)
            Arrival:=    2.000        0.001

              Setup:-    0.026
        Uncertainty:-    0.125
      Required Time:=    1.849
       Launch Clock:=    0.001
          Data Path:+    1.765
              Slack:=    0.083

#--------------------------------------------------------------------------------------------------------------------------------------------
# Timing Point                                              Flags  Arc     Edge  Cell                          Fanout  Trans   Delay  Arrival  
#                                                                                                                       (ns)    (ns)     (ns)  
#--------------------------------------------------------------------------------------------------------------------------------------------
  retime_s1_6_reg/CK                                        -      CK      R     (arrival)                         20  0.043       -    0.001  
  retime_s1_6_reg/QN                                        -      CK->QN  F     DFFRPQNA_X1M_A9PP140ZTUL_C35       6  0.043   0.065    0.066  
  cts_opt_inst_FE_OFC246_n_2948/Y                           -      A->Y    R     INV_X2M_A9PP140ZTUL_C35           58  0.046   0.143    0.210  
  g32665__2346/Y                                            -      B->Y    R     AND2_X0P5B_A9PP140ZTUL_C35         2  0.242   0.034    0.244  
  g39405__2802/Y                                            -      A0->Y   F     AOI22_X0P5M_A9PP140ZTUL_C35        1  0.030   0.086    0.329  
  g39401__1617/Y                                            -      B->Y    F     AND4_X0P5M_A9PP140ZTUL_C35         1  0.153   0.065    0.394  
  g39400__3680/Y                                            -      A->Y    R     NAND3_X1A_A9PP140ZTUL_C35          1  0.022   0.021    0.415  
  place_opt_inst_FE_OFC176_AR_3__AC_7__ACC_add_31_50_n_0/Y  -      A->Y    F     INV_X2M_A9PP140ZTUL_C35           49  0.032   0.119    0.534  
  place_opt_inst_FE_OFC164_AR_3__AC_7__ACC_add_31_50_n_0/Y  -      A->Y    R     INV_X2M_A9PP140ZTUL_C35           34  0.223   0.154    0.688  
  place_opt_inst_FE_OFC128_AR_3__AC_7__ACC_add_31_50_n_0/Y  -      A->Y    F     INV_X2M_A9PP140ZTUL_C35           73  0.184   0.168    0.856  
  g44718/Y                                                  -      A->Y    F     AND2_X0P5B_A9PP140ZTUL_C35        49  0.246   0.388    1.244  
  g44700/Y                                                  -      A->Y    R     INV_X0P7M_A9PP140ZTUL_C35         48  0.637   0.488    1.732  
  g42201/Y                                                  -      B0->Y   R     AO22_X0P5M_A9PP140ZTUL_C35         1  0.607   0.034    1.766  
  retime_s9_44_reg/D                                        -      D       R     DFFRPQA_X1M_A9PP140ZTUL_C35        1  0.040   0.000    1.766  
#--------------------------------------------------------------------------------------------------------------------------------------------
Path 48: MET (0.084 ns) Setup Check with Pin retime_s8_3_reg/CK->D
               View: wc_analysis_view
              Group: reg2reg
         Startpoint: (R) retime_s1_6_reg/CK
              Clock: (R) CLK
           Endpoint: (R) retime_s8_3_reg/D
              Clock: (R) CLK

                       Capture       Launch
         Clock Edge:+    2.000        0.000
        Src Latency:+   -0.154       -0.154
        Net Latency:+    0.154 (P)    0.155 (P)
            Arrival:=    2.000        0.001

              Setup:-    0.026
        Uncertainty:-    0.125
      Required Time:=    1.849
       Launch Clock:=    0.001
          Data Path:+    1.764
              Slack:=    0.084

#--------------------------------------------------------------------------------------------------------------------------------------------
# Timing Point                                              Flags  Arc     Edge  Cell                          Fanout  Trans   Delay  Arrival  
#                                                                                                                       (ns)    (ns)     (ns)  
#--------------------------------------------------------------------------------------------------------------------------------------------
  retime_s1_6_reg/CK                                        -      CK      R     (arrival)                         20  0.043       -    0.001  
  retime_s1_6_reg/QN                                        -      CK->QN  F     DFFRPQNA_X1M_A9PP140ZTUL_C35       6  0.043   0.065    0.066  
  cts_opt_inst_FE_OFC246_n_2948/Y                           -      A->Y    R     INV_X2M_A9PP140ZTUL_C35           58  0.046   0.143    0.210  
  g32665__2346/Y                                            -      B->Y    R     AND2_X0P5B_A9PP140ZTUL_C35         2  0.242   0.034    0.244  
  g39405__2802/Y                                            -      A0->Y   F     AOI22_X0P5M_A9PP140ZTUL_C35        1  0.030   0.086    0.329  
  g39401__1617/Y                                            -      B->Y    F     AND4_X0P5M_A9PP140ZTUL_C35         1  0.153   0.065    0.394  
  g39400__3680/Y                                            -      A->Y    R     NAND3_X1A_A9PP140ZTUL_C35          1  0.022   0.021    0.415  
  place_opt_inst_FE_OFC176_AR_3__AC_7__ACC_add_31_50_n_0/Y  -      A->Y    F     INV_X2M_A9PP140ZTUL_C35           49  0.032   0.119    0.534  
  place_opt_inst_FE_OFC164_AR_3__AC_7__ACC_add_31_50_n_0/Y  -      A->Y    R     INV_X2M_A9PP140ZTUL_C35           34  0.223   0.154    0.688  
  place_opt_inst_FE_OFC128_AR_3__AC_7__ACC_add_31_50_n_0/Y  -      A->Y    F     INV_X2M_A9PP140ZTUL_C35           73  0.184   0.168    0.856  
  g44718/Y                                                  -      A->Y    F     AND2_X0P5B_A9PP140ZTUL_C35        49  0.246   0.388    1.244  
  g44700/Y                                                  -      A->Y    R     INV_X0P7M_A9PP140ZTUL_C35         48  0.637   0.489    1.733  
  g42339/Y                                                  -      B0->Y   R     AO22_X0P5M_A9PP140ZTUL_C35         1  0.607   0.032    1.765  
  retime_s8_3_reg/D                                         -      D       R     DFFRPQA_X1M_A9PP140ZTUL_C35        1  0.038   0.000    1.765  
#--------------------------------------------------------------------------------------------------------------------------------------------
Path 49: MET (0.084 ns) Setup Check with Pin retime_s3_186_reg/CK->D
               View: wc_analysis_view
              Group: reg2reg
         Startpoint: (R) retime_s1_6_reg/CK
              Clock: (R) CLK
           Endpoint: (F) retime_s3_186_reg/D
              Clock: (R) CLK

                       Capture       Launch
         Clock Edge:+    2.000        0.000
        Src Latency:+   -0.154       -0.154
        Net Latency:+    0.156 (P)    0.155 (P)
            Arrival:=    2.002        0.001

              Setup:-    0.061
        Uncertainty:-    0.125
      Required Time:=    1.817
       Launch Clock:=    0.001
          Data Path:+    1.731
              Slack:=    0.084

#--------------------------------------------------------------------------------------------------------------------------------------------
# Timing Point                                              Flags  Arc     Edge  Cell                          Fanout  Trans   Delay  Arrival  
#                                                                                                                       (ns)    (ns)     (ns)  
#--------------------------------------------------------------------------------------------------------------------------------------------
  retime_s1_6_reg/CK                                        -      CK      R     (arrival)                         20  0.043       -    0.001  
  retime_s1_6_reg/QN                                        -      CK->QN  R     DFFRPQNA_X1M_A9PP140ZTUL_C35       6  0.043   0.060    0.061  
  cts_opt_inst_FE_OFC246_n_2948/Y                           -      A->Y    F     INV_X2M_A9PP140ZTUL_C35           58  0.054   0.123    0.184  
  g32675/Y                                                  -      B->Y    F     AND2_X0P5B_A9PP140ZTUL_C35         2  0.208   0.078    0.263  
  g39405__2802/Y                                            -      B0->Y   R     AOI22_X0P5M_A9PP140ZTUL_C35        1  0.032   0.107    0.370  
  g39401__1617/Y                                            -      B->Y    R     AND4_X0P5M_A9PP140ZTUL_C35         1  0.188   0.038    0.408  
  g39400__3680/Y                                            -      A->Y    F     NAND3_X1A_A9PP140ZTUL_C35          1  0.025   0.023    0.431  
  place_opt_inst_FE_OFC176_AR_3__AC_7__ACC_add_31_50_n_0/Y  -      A->Y    R     INV_X2M_A9PP140ZTUL_C35           49  0.040   0.136    0.568  
  place_opt_inst_FE_OFC159_AR_3__AC_7__ACC_add_31_50_n_0/Y  -      A->Y    F     INV_X3M_A9PP140ZTUL_C35            6  0.258   0.057    0.624  
  place_opt_inst_FE_OFC174_AR_3__AC_7__ACC_add_31_50_n_0/Y  -      A->Y    R     INV_X3M_A9PP140ZTUL_C35           63  0.100   0.116    0.741  
  g44742/Y                                                  -      A->Y    R     AND2_X0P5B_A9PP140ZTUL_C35        65  0.159   0.478    1.219  
  g44723/Y                                                  -      A->Y    F     INV_X1M_A9PP140ZTUL_C35           64  0.872   0.407    1.626  
  g42474/Y                                                  -      B0->Y   F     AO22_X0P5M_A9PP140ZTUL_C35         1  0.544   0.106    1.732  
  retime_s3_186_reg/D                                       -      D       F     DFFRPQA_X1M_A9PP140ZTUL_C35        1  0.046   0.000    1.732  
#--------------------------------------------------------------------------------------------------------------------------------------------
Path 50: MET (0.085 ns) Setup Check with Pin retime_s5_94_reg/CK->D
               View: wc_analysis_view
              Group: reg2reg
         Startpoint: (R) retime_s1_6_reg/CK
              Clock: (R) CLK
           Endpoint: (F) retime_s5_94_reg/D
              Clock: (R) CLK

                       Capture       Launch
         Clock Edge:+    2.000        0.000
        Src Latency:+   -0.154       -0.154
        Net Latency:+    0.150 (P)    0.155 (P)
            Arrival:=    1.996        0.001

              Setup:-    0.061
        Uncertainty:-    0.125
      Required Time:=    1.810
       Launch Clock:=    0.001
          Data Path:+    1.725
              Slack:=    0.085

#--------------------------------------------------------------------------------------------------------------------------------------------
# Timing Point                                              Flags  Arc     Edge  Cell                          Fanout  Trans   Delay  Arrival  
#                                                                                                                       (ns)    (ns)     (ns)  
#--------------------------------------------------------------------------------------------------------------------------------------------
  retime_s1_6_reg/CK                                        -      CK      R     (arrival)                         20  0.043       -    0.001  
  retime_s1_6_reg/QN                                        -      CK->QN  R     DFFRPQNA_X1M_A9PP140ZTUL_C35       6  0.043   0.060    0.061  
  cts_opt_inst_FE_OFC246_n_2948/Y                           -      A->Y    F     INV_X2M_A9PP140ZTUL_C35           58  0.054   0.123    0.184  
  g32675/Y                                                  -      B->Y    F     AND2_X0P5B_A9PP140ZTUL_C35         2  0.208   0.078    0.263  
  g39405__2802/Y                                            -      B0->Y   R     AOI22_X0P5M_A9PP140ZTUL_C35        1  0.032   0.107    0.370  
  g39401__1617/Y                                            -      B->Y    R     AND4_X0P5M_A9PP140ZTUL_C35         1  0.188   0.038    0.408  
  g39400__3680/Y                                            -      A->Y    F     NAND3_X1A_A9PP140ZTUL_C35          1  0.025   0.023    0.431  
  place_opt_inst_FE_OFC176_AR_3__AC_7__ACC_add_31_50_n_0/Y  -      A->Y    R     INV_X2M_A9PP140ZTUL_C35           49  0.040   0.136    0.568  
  place_opt_inst_FE_OFC159_AR_3__AC_7__ACC_add_31_50_n_0/Y  -      A->Y    F     INV_X3M_A9PP140ZTUL_C35            6  0.258   0.057    0.624  
  place_opt_inst_FE_OFC174_AR_3__AC_7__ACC_add_31_50_n_0/Y  -      A->Y    R     INV_X3M_A9PP140ZTUL_C35           63  0.100   0.116    0.741  
  g44740/Y                                                  -      A->Y    R     AND2_X0P5B_A9PP140ZTUL_C35        65  0.159   0.474    1.214  
  g44721/Y                                                  -      A->Y    F     INV_X1M_A9PP140ZTUL_C35           64  0.858   0.405    1.619  
  g42557/Y                                                  -      B0->Y   F     AO22_X0P5M_A9PP140ZTUL_C35         1  0.543   0.107    1.726  
  retime_s5_94_reg/D                                        -      D       F     DFFRPQA_X1M_A9PP140ZTUL_C35        1  0.046   0.000    1.726  
#--------------------------------------------------------------------------------------------------------------------------------------------
Path 51: MET (0.085 ns) Setup Check with Pin retime_s5_97_reg/CK->D
               View: wc_analysis_view
              Group: reg2reg
         Startpoint: (R) retime_s1_6_reg/CK
              Clock: (R) CLK
           Endpoint: (F) retime_s5_97_reg/D
              Clock: (R) CLK

                       Capture       Launch
         Clock Edge:+    2.000        0.000
        Src Latency:+   -0.154       -0.154
        Net Latency:+    0.151 (P)    0.155 (P)
            Arrival:=    1.997        0.001

              Setup:-    0.060
        Uncertainty:-    0.125
      Required Time:=    1.812
       Launch Clock:=    0.001
          Data Path:+    1.726
              Slack:=    0.085

#--------------------------------------------------------------------------------------------------------------------------------------------
# Timing Point                                              Flags  Arc     Edge  Cell                          Fanout  Trans   Delay  Arrival  
#                                                                                                                       (ns)    (ns)     (ns)  
#--------------------------------------------------------------------------------------------------------------------------------------------
  retime_s1_6_reg/CK                                        -      CK      R     (arrival)                         20  0.043       -    0.001  
  retime_s1_6_reg/QN                                        -      CK->QN  R     DFFRPQNA_X1M_A9PP140ZTUL_C35       6  0.043   0.060    0.061  
  cts_opt_inst_FE_OFC246_n_2948/Y                           -      A->Y    F     INV_X2M_A9PP140ZTUL_C35           58  0.054   0.123    0.184  
  g32675/Y                                                  -      B->Y    F     AND2_X0P5B_A9PP140ZTUL_C35         2  0.208   0.078    0.263  
  g39405__2802/Y                                            -      B0->Y   R     AOI22_X0P5M_A9PP140ZTUL_C35        1  0.032   0.107    0.370  
  g39401__1617/Y                                            -      B->Y    R     AND4_X0P5M_A9PP140ZTUL_C35         1  0.188   0.038    0.408  
  g39400__3680/Y                                            -      A->Y    F     NAND3_X1A_A9PP140ZTUL_C35          1  0.025   0.023    0.431  
  place_opt_inst_FE_OFC176_AR_3__AC_7__ACC_add_31_50_n_0/Y  -      A->Y    R     INV_X2M_A9PP140ZTUL_C35           49  0.040   0.136    0.568  
  place_opt_inst_FE_OFC159_AR_3__AC_7__ACC_add_31_50_n_0/Y  -      A->Y    F     INV_X3M_A9PP140ZTUL_C35            6  0.258   0.057    0.624  
  place_opt_inst_FE_OFC174_AR_3__AC_7__ACC_add_31_50_n_0/Y  -      A->Y    R     INV_X3M_A9PP140ZTUL_C35           63  0.100   0.116    0.741  
  g44740/Y                                                  -      A->Y    R     AND2_X0P5B_A9PP140ZTUL_C35        65  0.159   0.474    1.214  
  g44721/Y                                                  -      A->Y    F     INV_X1M_A9PP140ZTUL_C35           64  0.858   0.409    1.623  
  g42314/Y                                                  -      B0->Y   F     AO22_X0P5M_A9PP140ZTUL_C35         1  0.544   0.104    1.727  
  retime_s5_97_reg/D                                        -      D       F     DFFRPQA_X1M_A9PP140ZTUL_C35        1  0.043   0.000    1.727  
#--------------------------------------------------------------------------------------------------------------------------------------------
Path 52: MET (0.085 ns) Setup Check with Pin retime_s9_40_reg/CK->D
               View: wc_analysis_view
              Group: reg2reg
         Startpoint: (R) retime_s1_6_reg/CK
              Clock: (R) CLK
           Endpoint: (R) retime_s9_40_reg/D
              Clock: (R) CLK

                       Capture       Launch
         Clock Edge:+    2.000        0.000
        Src Latency:+   -0.154       -0.154
        Net Latency:+    0.155 (P)    0.155 (P)
            Arrival:=    2.002        0.001

              Setup:-    0.026
        Uncertainty:-    0.125
      Required Time:=    1.851
       Launch Clock:=    0.001
          Data Path:+    1.765
              Slack:=    0.085

#--------------------------------------------------------------------------------------------------------------------------------------------
# Timing Point                                              Flags  Arc     Edge  Cell                          Fanout  Trans   Delay  Arrival  
#                                                                                                                       (ns)    (ns)     (ns)  
#--------------------------------------------------------------------------------------------------------------------------------------------
  retime_s1_6_reg/CK                                        -      CK      R     (arrival)                         20  0.043       -    0.001  
  retime_s1_6_reg/QN                                        -      CK->QN  F     DFFRPQNA_X1M_A9PP140ZTUL_C35       6  0.043   0.065    0.066  
  cts_opt_inst_FE_OFC246_n_2948/Y                           -      A->Y    R     INV_X2M_A9PP140ZTUL_C35           58  0.046   0.143    0.210  
  g32665__2346/Y                                            -      B->Y    R     AND2_X0P5B_A9PP140ZTUL_C35         2  0.242   0.034    0.244  
  g39405__2802/Y                                            -      A0->Y   F     AOI22_X0P5M_A9PP140ZTUL_C35        1  0.030   0.086    0.329  
  g39401__1617/Y                                            -      B->Y    F     AND4_X0P5M_A9PP140ZTUL_C35         1  0.153   0.065    0.394  
  g39400__3680/Y                                            -      A->Y    R     NAND3_X1A_A9PP140ZTUL_C35          1  0.022   0.021    0.415  
  place_opt_inst_FE_OFC176_AR_3__AC_7__ACC_add_31_50_n_0/Y  -      A->Y    F     INV_X2M_A9PP140ZTUL_C35           49  0.032   0.119    0.534  
  place_opt_inst_FE_OFC164_AR_3__AC_7__ACC_add_31_50_n_0/Y  -      A->Y    R     INV_X2M_A9PP140ZTUL_C35           34  0.223   0.154    0.688  
  place_opt_inst_FE_OFC128_AR_3__AC_7__ACC_add_31_50_n_0/Y  -      A->Y    F     INV_X2M_A9PP140ZTUL_C35           73  0.184   0.168    0.856  
  g44718/Y                                                  -      A->Y    F     AND2_X0P5B_A9PP140ZTUL_C35        49  0.246   0.388    1.244  
  g44700/Y                                                  -      A->Y    R     INV_X0P7M_A9PP140ZTUL_C35         48  0.637   0.487    1.732  
  g42293/Y                                                  -      B0->Y   R     AO22_X0P5M_A9PP140ZTUL_C35         1  0.607   0.034    1.766  
  retime_s9_40_reg/D                                        -      D       R     DFFRPQA_X1M_A9PP140ZTUL_C35        1  0.040   0.000    1.766  
#--------------------------------------------------------------------------------------------------------------------------------------------
Path 53: MET (0.086 ns) Setup Check with Pin retime_s9_36_reg/CK->D
               View: wc_analysis_view
              Group: reg2reg
         Startpoint: (R) retime_s1_6_reg/CK
              Clock: (R) CLK
           Endpoint: (R) retime_s9_36_reg/D
              Clock: (R) CLK

                       Capture       Launch
         Clock Edge:+    2.000        0.000
        Src Latency:+   -0.154       -0.154
        Net Latency:+    0.156 (P)    0.155 (P)
            Arrival:=    2.002        0.001

              Setup:-    0.026
        Uncertainty:-    0.125
      Required Time:=    1.851
       Launch Clock:=    0.001
          Data Path:+    1.764
              Slack:=    0.086

#--------------------------------------------------------------------------------------------------------------------------------------------
# Timing Point                                              Flags  Arc     Edge  Cell                          Fanout  Trans   Delay  Arrival  
#                                                                                                                       (ns)    (ns)     (ns)  
#--------------------------------------------------------------------------------------------------------------------------------------------
  retime_s1_6_reg/CK                                        -      CK      R     (arrival)                         20  0.043       -    0.001  
  retime_s1_6_reg/QN                                        -      CK->QN  F     DFFRPQNA_X1M_A9PP140ZTUL_C35       6  0.043   0.065    0.066  
  cts_opt_inst_FE_OFC246_n_2948/Y                           -      A->Y    R     INV_X2M_A9PP140ZTUL_C35           58  0.046   0.143    0.210  
  g32665__2346/Y                                            -      B->Y    R     AND2_X0P5B_A9PP140ZTUL_C35         2  0.242   0.034    0.244  
  g39405__2802/Y                                            -      A0->Y   F     AOI22_X0P5M_A9PP140ZTUL_C35        1  0.030   0.086    0.329  
  g39401__1617/Y                                            -      B->Y    F     AND4_X0P5M_A9PP140ZTUL_C35         1  0.153   0.065    0.394  
  g39400__3680/Y                                            -      A->Y    R     NAND3_X1A_A9PP140ZTUL_C35          1  0.022   0.021    0.415  
  place_opt_inst_FE_OFC176_AR_3__AC_7__ACC_add_31_50_n_0/Y  -      A->Y    F     INV_X2M_A9PP140ZTUL_C35           49  0.032   0.119    0.534  
  place_opt_inst_FE_OFC164_AR_3__AC_7__ACC_add_31_50_n_0/Y  -      A->Y    R     INV_X2M_A9PP140ZTUL_C35           34  0.223   0.154    0.688  
  place_opt_inst_FE_OFC128_AR_3__AC_7__ACC_add_31_50_n_0/Y  -      A->Y    F     INV_X2M_A9PP140ZTUL_C35           73  0.184   0.168    0.856  
  g44718/Y                                                  -      A->Y    F     AND2_X0P5B_A9PP140ZTUL_C35        49  0.246   0.388    1.244  
  g44700/Y                                                  -      A->Y    R     INV_X0P7M_A9PP140ZTUL_C35         48  0.637   0.487    1.731  
  g42399/Y                                                  -      B0->Y   R     AO22_X0P5M_A9PP140ZTUL_C35         1  0.607   0.034    1.765  
  retime_s9_36_reg/D                                        -      D       R     DFFRPQA_X1M_A9PP140ZTUL_C35        1  0.040   0.000    1.765  
#--------------------------------------------------------------------------------------------------------------------------------------------
Path 54: MET (0.086 ns) Setup Check with Pin retime_s9_37_reg/CK->D
               View: wc_analysis_view
              Group: reg2reg
         Startpoint: (R) retime_s1_6_reg/CK
              Clock: (R) CLK
           Endpoint: (R) retime_s9_37_reg/D
              Clock: (R) CLK

                       Capture       Launch
         Clock Edge:+    2.000        0.000
        Src Latency:+   -0.154       -0.154
        Net Latency:+    0.156 (P)    0.155 (P)
            Arrival:=    2.002        0.001

              Setup:-    0.026
        Uncertainty:-    0.125
      Required Time:=    1.851
       Launch Clock:=    0.001
          Data Path:+    1.764
              Slack:=    0.086

#--------------------------------------------------------------------------------------------------------------------------------------------
# Timing Point                                              Flags  Arc     Edge  Cell                          Fanout  Trans   Delay  Arrival  
#                                                                                                                       (ns)    (ns)     (ns)  
#--------------------------------------------------------------------------------------------------------------------------------------------
  retime_s1_6_reg/CK                                        -      CK      R     (arrival)                         20  0.043       -    0.001  
  retime_s1_6_reg/QN                                        -      CK->QN  F     DFFRPQNA_X1M_A9PP140ZTUL_C35       6  0.043   0.065    0.066  
  cts_opt_inst_FE_OFC246_n_2948/Y                           -      A->Y    R     INV_X2M_A9PP140ZTUL_C35           58  0.046   0.143    0.210  
  g32665__2346/Y                                            -      B->Y    R     AND2_X0P5B_A9PP140ZTUL_C35         2  0.242   0.034    0.244  
  g39405__2802/Y                                            -      A0->Y   F     AOI22_X0P5M_A9PP140ZTUL_C35        1  0.030   0.086    0.329  
  g39401__1617/Y                                            -      B->Y    F     AND4_X0P5M_A9PP140ZTUL_C35         1  0.153   0.065    0.394  
  g39400__3680/Y                                            -      A->Y    R     NAND3_X1A_A9PP140ZTUL_C35          1  0.022   0.021    0.415  
  place_opt_inst_FE_OFC176_AR_3__AC_7__ACC_add_31_50_n_0/Y  -      A->Y    F     INV_X2M_A9PP140ZTUL_C35           49  0.032   0.119    0.534  
  place_opt_inst_FE_OFC164_AR_3__AC_7__ACC_add_31_50_n_0/Y  -      A->Y    R     INV_X2M_A9PP140ZTUL_C35           34  0.223   0.154    0.688  
  place_opt_inst_FE_OFC128_AR_3__AC_7__ACC_add_31_50_n_0/Y  -      A->Y    F     INV_X2M_A9PP140ZTUL_C35           73  0.184   0.168    0.856  
  g44718/Y                                                  -      A->Y    F     AND2_X0P5B_A9PP140ZTUL_C35        49  0.246   0.388    1.244  
  g44700/Y                                                  -      A->Y    R     INV_X0P7M_A9PP140ZTUL_C35         48  0.637   0.487    1.731  
  g42400/Y                                                  -      B0->Y   R     AO22_X0P5M_A9PP140ZTUL_C35         1  0.607   0.034    1.765  
  retime_s9_37_reg/D                                        -      D       R     DFFRPQA_X1M_A9PP140ZTUL_C35        1  0.040   0.000    1.765  
#--------------------------------------------------------------------------------------------------------------------------------------------
Path 55: MET (0.086 ns) Setup Check with Pin retime_s3_152_reg/CK->D
               View: wc_analysis_view
              Group: reg2reg
         Startpoint: (R) retime_s1_6_reg/CK
              Clock: (R) CLK
           Endpoint: (F) retime_s3_152_reg/D
              Clock: (R) CLK

                       Capture       Launch
         Clock Edge:+    2.000        0.000
        Src Latency:+   -0.154       -0.154
        Net Latency:+    0.155 (P)    0.155 (P)
            Arrival:=    2.001        0.001

              Setup:-    0.060
        Uncertainty:-    0.125
      Required Time:=    1.816
       Launch Clock:=    0.001
          Data Path:+    1.729
              Slack:=    0.086

#--------------------------------------------------------------------------------------------------------------------------------------------
# Timing Point                                              Flags  Arc     Edge  Cell                          Fanout  Trans   Delay  Arrival  
#                                                                                                                       (ns)    (ns)     (ns)  
#--------------------------------------------------------------------------------------------------------------------------------------------
  retime_s1_6_reg/CK                                        -      CK      R     (arrival)                         20  0.043       -    0.001  
  retime_s1_6_reg/QN                                        -      CK->QN  R     DFFRPQNA_X1M_A9PP140ZTUL_C35       6  0.043   0.060    0.061  
  cts_opt_inst_FE_OFC246_n_2948/Y                           -      A->Y    F     INV_X2M_A9PP140ZTUL_C35           58  0.054   0.123    0.184  
  g32675/Y                                                  -      B->Y    F     AND2_X0P5B_A9PP140ZTUL_C35         2  0.208   0.078    0.263  
  g39405__2802/Y                                            -      B0->Y   R     AOI22_X0P5M_A9PP140ZTUL_C35        1  0.032   0.107    0.370  
  g39401__1617/Y                                            -      B->Y    R     AND4_X0P5M_A9PP140ZTUL_C35         1  0.188   0.038    0.408  
  g39400__3680/Y                                            -      A->Y    F     NAND3_X1A_A9PP140ZTUL_C35          1  0.025   0.023    0.431  
  place_opt_inst_FE_OFC176_AR_3__AC_7__ACC_add_31_50_n_0/Y  -      A->Y    R     INV_X2M_A9PP140ZTUL_C35           49  0.040   0.136    0.568  
  place_opt_inst_FE_OFC159_AR_3__AC_7__ACC_add_31_50_n_0/Y  -      A->Y    F     INV_X3M_A9PP140ZTUL_C35            6  0.258   0.057    0.624  
  place_opt_inst_FE_OFC174_AR_3__AC_7__ACC_add_31_50_n_0/Y  -      A->Y    R     INV_X3M_A9PP140ZTUL_C35           63  0.100   0.116    0.741  
  g44742/Y                                                  -      A->Y    R     AND2_X0P5B_A9PP140ZTUL_C35        65  0.159   0.478    1.219  
  g44723/Y                                                  -      A->Y    F     INV_X1M_A9PP140ZTUL_C35           64  0.872   0.407    1.626  
  g42842/Y                                                  -      B0->Y   F     AO22_X0P5M_A9PP140ZTUL_C35         1  0.544   0.104    1.730  
  retime_s3_152_reg/D                                       -      D       F     DFFRPQA_X1M_A9PP140ZTUL_C35        1  0.044   0.000    1.730  
#--------------------------------------------------------------------------------------------------------------------------------------------
Path 56: MET (0.086 ns) Setup Check with Pin retime_s3_184_reg/CK->D
               View: wc_analysis_view
              Group: reg2reg
         Startpoint: (R) retime_s1_6_reg/CK
              Clock: (R) CLK
           Endpoint: (F) retime_s3_184_reg/D
              Clock: (R) CLK

                       Capture       Launch
         Clock Edge:+    2.000        0.000
        Src Latency:+   -0.154       -0.154
        Net Latency:+    0.156 (P)    0.155 (P)
            Arrival:=    2.002        0.001

              Setup:-    0.060
        Uncertainty:-    0.125
      Required Time:=    1.817
       Launch Clock:=    0.001
          Data Path:+    1.729
              Slack:=    0.086

#--------------------------------------------------------------------------------------------------------------------------------------------
# Timing Point                                              Flags  Arc     Edge  Cell                          Fanout  Trans   Delay  Arrival  
#                                                                                                                       (ns)    (ns)     (ns)  
#--------------------------------------------------------------------------------------------------------------------------------------------
  retime_s1_6_reg/CK                                        -      CK      R     (arrival)                         20  0.043       -    0.001  
  retime_s1_6_reg/QN                                        -      CK->QN  R     DFFRPQNA_X1M_A9PP140ZTUL_C35       6  0.043   0.060    0.061  
  cts_opt_inst_FE_OFC246_n_2948/Y                           -      A->Y    F     INV_X2M_A9PP140ZTUL_C35           58  0.054   0.123    0.184  
  g32675/Y                                                  -      B->Y    F     AND2_X0P5B_A9PP140ZTUL_C35         2  0.208   0.078    0.263  
  g39405__2802/Y                                            -      B0->Y   R     AOI22_X0P5M_A9PP140ZTUL_C35        1  0.032   0.107    0.370  
  g39401__1617/Y                                            -      B->Y    R     AND4_X0P5M_A9PP140ZTUL_C35         1  0.188   0.038    0.408  
  g39400__3680/Y                                            -      A->Y    F     NAND3_X1A_A9PP140ZTUL_C35          1  0.025   0.023    0.431  
  place_opt_inst_FE_OFC176_AR_3__AC_7__ACC_add_31_50_n_0/Y  -      A->Y    R     INV_X2M_A9PP140ZTUL_C35           49  0.040   0.136    0.568  
  place_opt_inst_FE_OFC159_AR_3__AC_7__ACC_add_31_50_n_0/Y  -      A->Y    F     INV_X3M_A9PP140ZTUL_C35            6  0.258   0.057    0.624  
  place_opt_inst_FE_OFC174_AR_3__AC_7__ACC_add_31_50_n_0/Y  -      A->Y    R     INV_X3M_A9PP140ZTUL_C35           63  0.100   0.116    0.741  
  g44742/Y                                                  -      A->Y    R     AND2_X0P5B_A9PP140ZTUL_C35        65  0.159   0.478    1.219  
  g44723/Y                                                  -      A->Y    F     INV_X1M_A9PP140ZTUL_C35           64  0.872   0.407    1.626  
  g42604/Y                                                  -      B0->Y   F     AO22_X0P5M_A9PP140ZTUL_C35         1  0.544   0.104    1.731  
  retime_s3_184_reg/D                                       -      D       F     DFFRPQA_X1M_A9PP140ZTUL_C35        1  0.044   0.000    1.731  
#--------------------------------------------------------------------------------------------------------------------------------------------
Path 57: MET (0.086 ns) Setup Check with Pin retime_s3_155_reg/CK->D
               View: wc_analysis_view
              Group: reg2reg
         Startpoint: (R) retime_s1_6_reg/CK
              Clock: (R) CLK
           Endpoint: (F) retime_s3_155_reg/D
              Clock: (R) CLK

                       Capture       Launch
         Clock Edge:+    2.000        0.000
        Src Latency:+   -0.154       -0.154
        Net Latency:+    0.156 (P)    0.155 (P)
            Arrival:=    2.002        0.001

              Setup:-    0.060
        Uncertainty:-    0.125
      Required Time:=    1.817
       Launch Clock:=    0.001
          Data Path:+    1.729
              Slack:=    0.086

#--------------------------------------------------------------------------------------------------------------------------------------------
# Timing Point                                              Flags  Arc     Edge  Cell                          Fanout  Trans   Delay  Arrival  
#                                                                                                                       (ns)    (ns)     (ns)  
#--------------------------------------------------------------------------------------------------------------------------------------------
  retime_s1_6_reg/CK                                        -      CK      R     (arrival)                         20  0.043       -    0.001  
  retime_s1_6_reg/QN                                        -      CK->QN  R     DFFRPQNA_X1M_A9PP140ZTUL_C35       6  0.043   0.060    0.061  
  cts_opt_inst_FE_OFC246_n_2948/Y                           -      A->Y    F     INV_X2M_A9PP140ZTUL_C35           58  0.054   0.123    0.184  
  g32675/Y                                                  -      B->Y    F     AND2_X0P5B_A9PP140ZTUL_C35         2  0.208   0.078    0.263  
  g39405__2802/Y                                            -      B0->Y   R     AOI22_X0P5M_A9PP140ZTUL_C35        1  0.032   0.107    0.370  
  g39401__1617/Y                                            -      B->Y    R     AND4_X0P5M_A9PP140ZTUL_C35         1  0.188   0.038    0.408  
  g39400__3680/Y                                            -      A->Y    F     NAND3_X1A_A9PP140ZTUL_C35          1  0.025   0.023    0.431  
  place_opt_inst_FE_OFC176_AR_3__AC_7__ACC_add_31_50_n_0/Y  -      A->Y    R     INV_X2M_A9PP140ZTUL_C35           49  0.040   0.136    0.568  
  place_opt_inst_FE_OFC159_AR_3__AC_7__ACC_add_31_50_n_0/Y  -      A->Y    F     INV_X3M_A9PP140ZTUL_C35            6  0.258   0.057    0.624  
  place_opt_inst_FE_OFC174_AR_3__AC_7__ACC_add_31_50_n_0/Y  -      A->Y    R     INV_X3M_A9PP140ZTUL_C35           63  0.100   0.116    0.741  
  g44742/Y                                                  -      A->Y    R     AND2_X0P5B_A9PP140ZTUL_C35        65  0.159   0.478    1.219  
  g44723/Y                                                  -      A->Y    F     INV_X1M_A9PP140ZTUL_C35           64  0.872   0.407    1.626  
  g42409/Y                                                  -      B0->Y   F     AO22_X0P5M_A9PP140ZTUL_C35         1  0.544   0.105    1.730  
  retime_s3_155_reg/D                                       -      D       F     DFFRPQA_X1M_A9PP140ZTUL_C35        1  0.044   0.000    1.730  
#--------------------------------------------------------------------------------------------------------------------------------------------
Path 58: MET (0.086 ns) Setup Check with Pin retime_s3_222_reg/CK->D
               View: wc_analysis_view
              Group: reg2reg
         Startpoint: (R) retime_s1_6_reg/CK
              Clock: (R) CLK
           Endpoint: (F) retime_s3_222_reg/D
              Clock: (R) CLK

                       Capture       Launch
         Clock Edge:+    2.000        0.000
        Src Latency:+   -0.154       -0.154
        Net Latency:+    0.150 (P)    0.155 (P)
            Arrival:=    1.996        0.001

              Setup:-    0.060
        Uncertainty:-    0.125
      Required Time:=    1.811
       Launch Clock:=    0.001
          Data Path:+    1.724
              Slack:=    0.086

#--------------------------------------------------------------------------------------------------------------------------------------------
# Timing Point                                              Flags  Arc     Edge  Cell                          Fanout  Trans   Delay  Arrival  
#                                                                                                                       (ns)    (ns)     (ns)  
#--------------------------------------------------------------------------------------------------------------------------------------------
  retime_s1_6_reg/CK                                        -      CK      R     (arrival)                         20  0.043       -    0.001  
  retime_s1_6_reg/QN                                        -      CK->QN  R     DFFRPQNA_X1M_A9PP140ZTUL_C35       6  0.043   0.060    0.061  
  cts_opt_inst_FE_OFC246_n_2948/Y                           -      A->Y    F     INV_X2M_A9PP140ZTUL_C35           58  0.054   0.123    0.184  
  g32675/Y                                                  -      B->Y    F     AND2_X0P5B_A9PP140ZTUL_C35         2  0.208   0.078    0.263  
  g39405__2802/Y                                            -      B0->Y   R     AOI22_X0P5M_A9PP140ZTUL_C35        1  0.032   0.107    0.370  
  g39401__1617/Y                                            -      B->Y    R     AND4_X0P5M_A9PP140ZTUL_C35         1  0.188   0.038    0.408  
  g39400__3680/Y                                            -      A->Y    F     NAND3_X1A_A9PP140ZTUL_C35          1  0.025   0.023    0.431  
  place_opt_inst_FE_OFC176_AR_3__AC_7__ACC_add_31_50_n_0/Y  -      A->Y    R     INV_X2M_A9PP140ZTUL_C35           49  0.040   0.136    0.568  
  place_opt_inst_FE_OFC159_AR_3__AC_7__ACC_add_31_50_n_0/Y  -      A->Y    F     INV_X3M_A9PP140ZTUL_C35            6  0.258   0.057    0.624  
  place_opt_inst_FE_OFC174_AR_3__AC_7__ACC_add_31_50_n_0/Y  -      A->Y    R     INV_X3M_A9PP140ZTUL_C35           63  0.100   0.116    0.741  
  g44742/Y                                                  -      A->Y    R     AND2_X0P5B_A9PP140ZTUL_C35        65  0.159   0.478    1.219  
  g44723/Y                                                  -      A->Y    F     INV_X1M_A9PP140ZTUL_C35           64  0.872   0.405    1.624  
  g42303/Y                                                  -      B0->Y   F     AO22_X0P5M_A9PP140ZTUL_C35         1  0.544   0.101    1.725  
  retime_s3_222_reg/D                                       -      D       F     DFFRPQA_X1M_A9PP140ZTUL_C35        1  0.041   0.000    1.725  
#--------------------------------------------------------------------------------------------------------------------------------------------
Path 59: MET (0.087 ns) Setup Check with Pin retime_s3_183_reg/CK->D
               View: wc_analysis_view
              Group: reg2reg
         Startpoint: (R) retime_s1_6_reg/CK
              Clock: (R) CLK
           Endpoint: (F) retime_s3_183_reg/D
              Clock: (R) CLK

                       Capture       Launch
         Clock Edge:+    2.000        0.000
        Src Latency:+   -0.154       -0.154
        Net Latency:+    0.151 (P)    0.155 (P)
            Arrival:=    1.997        0.001

              Setup:-    0.059
        Uncertainty:-    0.125
      Required Time:=    1.813
       Launch Clock:=    0.001
          Data Path:+    1.725
              Slack:=    0.087

#--------------------------------------------------------------------------------------------------------------------------------------------
# Timing Point                                              Flags  Arc     Edge  Cell                          Fanout  Trans   Delay  Arrival  
#                                                                                                                       (ns)    (ns)     (ns)  
#--------------------------------------------------------------------------------------------------------------------------------------------
  retime_s1_6_reg/CK                                        -      CK      R     (arrival)                         20  0.043       -    0.001  
  retime_s1_6_reg/QN                                        -      CK->QN  R     DFFRPQNA_X1M_A9PP140ZTUL_C35       6  0.043   0.060    0.061  
  cts_opt_inst_FE_OFC246_n_2948/Y                           -      A->Y    F     INV_X2M_A9PP140ZTUL_C35           58  0.054   0.123    0.184  
  g32675/Y                                                  -      B->Y    F     AND2_X0P5B_A9PP140ZTUL_C35         2  0.208   0.078    0.263  
  g39405__2802/Y                                            -      B0->Y   R     AOI22_X0P5M_A9PP140ZTUL_C35        1  0.032   0.107    0.370  
  g39401__1617/Y                                            -      B->Y    R     AND4_X0P5M_A9PP140ZTUL_C35         1  0.188   0.038    0.408  
  g39400__3680/Y                                            -      A->Y    F     NAND3_X1A_A9PP140ZTUL_C35          1  0.025   0.023    0.431  
  place_opt_inst_FE_OFC176_AR_3__AC_7__ACC_add_31_50_n_0/Y  -      A->Y    R     INV_X2M_A9PP140ZTUL_C35           49  0.040   0.136    0.568  
  place_opt_inst_FE_OFC159_AR_3__AC_7__ACC_add_31_50_n_0/Y  -      A->Y    F     INV_X3M_A9PP140ZTUL_C35            6  0.258   0.057    0.624  
  place_opt_inst_FE_OFC174_AR_3__AC_7__ACC_add_31_50_n_0/Y  -      A->Y    R     INV_X3M_A9PP140ZTUL_C35           63  0.100   0.116    0.741  
  g44742/Y                                                  -      A->Y    R     AND2_X0P5B_A9PP140ZTUL_C35        65  0.159   0.478    1.219  
  g44723/Y                                                  -      A->Y    F     INV_X1M_A9PP140ZTUL_C35           64  0.872   0.407    1.626  
  g42552/Y                                                  -      B0->Y   F     AO22_X0P5M_A9PP140ZTUL_C35         1  0.544   0.100    1.726  
  retime_s3_183_reg/D                                       -      D       F     DFFRPQA_X1M_A9PP140ZTUL_C35        1  0.040   0.000    1.726  
#--------------------------------------------------------------------------------------------------------------------------------------------
Path 60: MET (0.087 ns) Setup Check with Pin retime_s4_20_reg/CK->D
               View: wc_analysis_view
              Group: reg2reg
         Startpoint: (R) retime_s1_6_reg/CK
              Clock: (R) CLK
           Endpoint: (F) retime_s4_20_reg/D
              Clock: (R) CLK

                       Capture       Launch
         Clock Edge:+    2.000        0.000
        Src Latency:+   -0.154       -0.154
        Net Latency:+    0.147 (P)    0.155 (P)
            Arrival:=    1.994        0.001

              Setup:-    0.062
        Uncertainty:-    0.125
      Required Time:=    1.806
       Launch Clock:=    0.001
          Data Path:+    1.718
              Slack:=    0.087

#--------------------------------------------------------------------------------------------------------------------------------------------
# Timing Point                                              Flags  Arc     Edge  Cell                          Fanout  Trans   Delay  Arrival  
#                                                                                                                       (ns)    (ns)     (ns)  
#--------------------------------------------------------------------------------------------------------------------------------------------
  retime_s1_6_reg/CK                                        -      CK      R     (arrival)                         20  0.043       -    0.001  
  retime_s1_6_reg/QN                                        -      CK->QN  R     DFFRPQNA_X1M_A9PP140ZTUL_C35       6  0.043   0.060    0.061  
  cts_opt_inst_FE_OFC246_n_2948/Y                           -      A->Y    F     INV_X2M_A9PP140ZTUL_C35           58  0.054   0.123    0.184  
  g32675/Y                                                  -      B->Y    F     AND2_X0P5B_A9PP140ZTUL_C35         2  0.208   0.078    0.263  
  g39405__2802/Y                                            -      B0->Y   R     AOI22_X0P5M_A9PP140ZTUL_C35        1  0.032   0.107    0.370  
  g39401__1617/Y                                            -      B->Y    R     AND4_X0P5M_A9PP140ZTUL_C35         1  0.188   0.038    0.408  
  g39400__3680/Y                                            -      A->Y    F     NAND3_X1A_A9PP140ZTUL_C35          1  0.025   0.023    0.431  
  place_opt_inst_FE_OFC176_AR_3__AC_7__ACC_add_31_50_n_0/Y  -      A->Y    R     INV_X2M_A9PP140ZTUL_C35           49  0.040   0.136    0.568  
  place_opt_inst_FE_OFC159_AR_3__AC_7__ACC_add_31_50_n_0/Y  -      A->Y    F     INV_X3M_A9PP140ZTUL_C35            6  0.258   0.057    0.624  
  place_opt_inst_FE_OFC174_AR_3__AC_7__ACC_add_31_50_n_0/Y  -      A->Y    R     INV_X3M_A9PP140ZTUL_C35           63  0.100   0.116    0.741  
  g44742/Y                                                  -      A->Y    R     AND2_X0P5B_A9PP140ZTUL_C35        65  0.159   0.478    1.219  
  g44723/Y                                                  -      A->Y    F     INV_X1M_A9PP140ZTUL_C35           64  0.872   0.389    1.608  
  g42363/Y                                                  -      B0->Y   F     AO22_X0P5M_A9PP140ZTUL_C35         1  0.542   0.111    1.719  
  retime_s4_20_reg/D                                        -      D       F     DFFRPQA_X1M_A9PP140ZTUL_C35        1  0.051   0.000    1.719  
#--------------------------------------------------------------------------------------------------------------------------------------------
Path 61: MET (0.087 ns) Setup Check with Pin retime_s9_33_reg/CK->D
               View: wc_analysis_view
              Group: reg2reg
         Startpoint: (R) retime_s1_6_reg/CK
              Clock: (R) CLK
           Endpoint: (R) retime_s9_33_reg/D
              Clock: (R) CLK

                       Capture       Launch
         Clock Edge:+    2.000        0.000
        Src Latency:+   -0.154       -0.154
        Net Latency:+    0.155 (P)    0.155 (P)
            Arrival:=    2.002        0.001

              Setup:-    0.026
        Uncertainty:-    0.125
      Required Time:=    1.851
       Launch Clock:=    0.001
          Data Path:+    1.763
              Slack:=    0.087

#--------------------------------------------------------------------------------------------------------------------------------------------
# Timing Point                                              Flags  Arc     Edge  Cell                          Fanout  Trans   Delay  Arrival  
#                                                                                                                       (ns)    (ns)     (ns)  
#--------------------------------------------------------------------------------------------------------------------------------------------
  retime_s1_6_reg/CK                                        -      CK      R     (arrival)                         20  0.043       -    0.001  
  retime_s1_6_reg/QN                                        -      CK->QN  F     DFFRPQNA_X1M_A9PP140ZTUL_C35       6  0.043   0.065    0.066  
  cts_opt_inst_FE_OFC246_n_2948/Y                           -      A->Y    R     INV_X2M_A9PP140ZTUL_C35           58  0.046   0.143    0.210  
  g32665__2346/Y                                            -      B->Y    R     AND2_X0P5B_A9PP140ZTUL_C35         2  0.242   0.034    0.244  
  g39405__2802/Y                                            -      A0->Y   F     AOI22_X0P5M_A9PP140ZTUL_C35        1  0.030   0.086    0.329  
  g39401__1617/Y                                            -      B->Y    F     AND4_X0P5M_A9PP140ZTUL_C35         1  0.153   0.065    0.394  
  g39400__3680/Y                                            -      A->Y    R     NAND3_X1A_A9PP140ZTUL_C35          1  0.022   0.021    0.415  
  place_opt_inst_FE_OFC176_AR_3__AC_7__ACC_add_31_50_n_0/Y  -      A->Y    F     INV_X2M_A9PP140ZTUL_C35           49  0.032   0.119    0.534  
  place_opt_inst_FE_OFC164_AR_3__AC_7__ACC_add_31_50_n_0/Y  -      A->Y    R     INV_X2M_A9PP140ZTUL_C35           34  0.223   0.154    0.688  
  place_opt_inst_FE_OFC128_AR_3__AC_7__ACC_add_31_50_n_0/Y  -      A->Y    F     INV_X2M_A9PP140ZTUL_C35           73  0.184   0.168    0.856  
  g44718/Y                                                  -      A->Y    F     AND2_X0P5B_A9PP140ZTUL_C35        49  0.246   0.388    1.244  
  g44700/Y                                                  -      A->Y    R     INV_X0P7M_A9PP140ZTUL_C35         48  0.637   0.486    1.730  
  g42507/Y                                                  -      B0->Y   R     AO22_X0P5M_A9PP140ZTUL_C35         1  0.607   0.033    1.764  
  retime_s9_33_reg/D                                        -      D       R     DFFRPQA_X1M_A9PP140ZTUL_C35        1  0.039   0.000    1.764  
#--------------------------------------------------------------------------------------------------------------------------------------------
Path 62: MET (0.087 ns) Setup Check with Pin retime_s9_38_reg/CK->D
               View: wc_analysis_view
              Group: reg2reg
         Startpoint: (R) retime_s1_6_reg/CK
              Clock: (R) CLK
           Endpoint: (R) retime_s9_38_reg/D
              Clock: (R) CLK

                       Capture       Launch
         Clock Edge:+    2.000        0.000
        Src Latency:+   -0.154       -0.154
        Net Latency:+    0.155 (P)    0.155 (P)
            Arrival:=    2.002        0.001

              Setup:-    0.026
        Uncertainty:-    0.125
      Required Time:=    1.851
       Launch Clock:=    0.001
          Data Path:+    1.763
              Slack:=    0.087

#--------------------------------------------------------------------------------------------------------------------------------------------
# Timing Point                                              Flags  Arc     Edge  Cell                          Fanout  Trans   Delay  Arrival  
#                                                                                                                       (ns)    (ns)     (ns)  
#--------------------------------------------------------------------------------------------------------------------------------------------
  retime_s1_6_reg/CK                                        -      CK      R     (arrival)                         20  0.043       -    0.001  
  retime_s1_6_reg/QN                                        -      CK->QN  F     DFFRPQNA_X1M_A9PP140ZTUL_C35       6  0.043   0.065    0.066  
  cts_opt_inst_FE_OFC246_n_2948/Y                           -      A->Y    R     INV_X2M_A9PP140ZTUL_C35           58  0.046   0.143    0.210  
  g32665__2346/Y                                            -      B->Y    R     AND2_X0P5B_A9PP140ZTUL_C35         2  0.242   0.034    0.244  
  g39405__2802/Y                                            -      A0->Y   F     AOI22_X0P5M_A9PP140ZTUL_C35        1  0.030   0.086    0.329  
  g39401__1617/Y                                            -      B->Y    F     AND4_X0P5M_A9PP140ZTUL_C35         1  0.153   0.065    0.394  
  g39400__3680/Y                                            -      A->Y    R     NAND3_X1A_A9PP140ZTUL_C35          1  0.022   0.021    0.415  
  place_opt_inst_FE_OFC176_AR_3__AC_7__ACC_add_31_50_n_0/Y  -      A->Y    F     INV_X2M_A9PP140ZTUL_C35           49  0.032   0.119    0.534  
  place_opt_inst_FE_OFC164_AR_3__AC_7__ACC_add_31_50_n_0/Y  -      A->Y    R     INV_X2M_A9PP140ZTUL_C35           34  0.223   0.154    0.688  
  place_opt_inst_FE_OFC128_AR_3__AC_7__ACC_add_31_50_n_0/Y  -      A->Y    F     INV_X2M_A9PP140ZTUL_C35           73  0.184   0.168    0.856  
  g44718/Y                                                  -      A->Y    F     AND2_X0P5B_A9PP140ZTUL_C35        49  0.246   0.388    1.244  
  g44700/Y                                                  -      A->Y    R     INV_X0P7M_A9PP140ZTUL_C35         48  0.637   0.487    1.732  
  g42340/Y                                                  -      B0->Y   R     AO22_X0P5M_A9PP140ZTUL_C35         1  0.607   0.032    1.764  
  retime_s9_38_reg/D                                        -      D       R     DFFRPQA_X1M_A9PP140ZTUL_C35        1  0.038   0.000    1.764  
#--------------------------------------------------------------------------------------------------------------------------------------------
Path 63: MET (0.087 ns) Setup Check with Pin retime_s9_35_reg/CK->D
               View: wc_analysis_view
              Group: reg2reg
         Startpoint: (R) retime_s1_6_reg/CK
              Clock: (R) CLK
           Endpoint: (R) retime_s9_35_reg/D
              Clock: (R) CLK

                       Capture       Launch
         Clock Edge:+    2.000        0.000
        Src Latency:+   -0.154       -0.154
        Net Latency:+    0.156 (P)    0.155 (P)
            Arrival:=    2.002        0.001

              Setup:-    0.026
        Uncertainty:-    0.125
      Required Time:=    1.851
       Launch Clock:=    0.001
          Data Path:+    1.763
              Slack:=    0.087

#--------------------------------------------------------------------------------------------------------------------------------------------
# Timing Point                                              Flags  Arc     Edge  Cell                          Fanout  Trans   Delay  Arrival  
#                                                                                                                       (ns)    (ns)     (ns)  
#--------------------------------------------------------------------------------------------------------------------------------------------
  retime_s1_6_reg/CK                                        -      CK      R     (arrival)                         20  0.043       -    0.001  
  retime_s1_6_reg/QN                                        -      CK->QN  F     DFFRPQNA_X1M_A9PP140ZTUL_C35       6  0.043   0.065    0.066  
  cts_opt_inst_FE_OFC246_n_2948/Y                           -      A->Y    R     INV_X2M_A9PP140ZTUL_C35           58  0.046   0.143    0.210  
  g32665__2346/Y                                            -      B->Y    R     AND2_X0P5B_A9PP140ZTUL_C35         2  0.242   0.034    0.244  
  g39405__2802/Y                                            -      A0->Y   F     AOI22_X0P5M_A9PP140ZTUL_C35        1  0.030   0.086    0.329  
  g39401__1617/Y                                            -      B->Y    F     AND4_X0P5M_A9PP140ZTUL_C35         1  0.153   0.065    0.394  
  g39400__3680/Y                                            -      A->Y    R     NAND3_X1A_A9PP140ZTUL_C35          1  0.022   0.021    0.415  
  place_opt_inst_FE_OFC176_AR_3__AC_7__ACC_add_31_50_n_0/Y  -      A->Y    F     INV_X2M_A9PP140ZTUL_C35           49  0.032   0.119    0.534  
  place_opt_inst_FE_OFC164_AR_3__AC_7__ACC_add_31_50_n_0/Y  -      A->Y    R     INV_X2M_A9PP140ZTUL_C35           34  0.223   0.154    0.688  
  place_opt_inst_FE_OFC128_AR_3__AC_7__ACC_add_31_50_n_0/Y  -      A->Y    F     INV_X2M_A9PP140ZTUL_C35           73  0.184   0.168    0.856  
  g44718/Y                                                  -      A->Y    F     AND2_X0P5B_A9PP140ZTUL_C35        49  0.246   0.388    1.244  
  g44700/Y                                                  -      A->Y    R     INV_X0P7M_A9PP140ZTUL_C35         48  0.637   0.487    1.731  
  g42433/Y                                                  -      B0->Y   R     AO22_X0P5M_A9PP140ZTUL_C35         1  0.607   0.033    1.764  
  retime_s9_35_reg/D                                        -      D       R     DFFRPQA_X1M_A9PP140ZTUL_C35        1  0.039   0.000    1.764  
#--------------------------------------------------------------------------------------------------------------------------------------------
Path 64: MET (0.087 ns) Setup Check with Pin retime_s5_92_reg/CK->D
               View: wc_analysis_view
              Group: reg2reg
         Startpoint: (R) retime_s1_6_reg/CK
              Clock: (R) CLK
           Endpoint: (F) retime_s5_92_reg/D
              Clock: (R) CLK

                       Capture       Launch
         Clock Edge:+    2.000        0.000
        Src Latency:+   -0.154       -0.154
        Net Latency:+    0.151 (P)    0.155 (P)
            Arrival:=    1.997        0.001

              Setup:-    0.059
        Uncertainty:-    0.125
      Required Time:=    1.813
       Launch Clock:=    0.001
          Data Path:+    1.725
              Slack:=    0.087

#--------------------------------------------------------------------------------------------------------------------------------------------
# Timing Point                                              Flags  Arc     Edge  Cell                          Fanout  Trans   Delay  Arrival  
#                                                                                                                       (ns)    (ns)     (ns)  
#--------------------------------------------------------------------------------------------------------------------------------------------
  retime_s1_6_reg/CK                                        -      CK      R     (arrival)                         20  0.043       -    0.001  
  retime_s1_6_reg/QN                                        -      CK->QN  R     DFFRPQNA_X1M_A9PP140ZTUL_C35       6  0.043   0.060    0.061  
  cts_opt_inst_FE_OFC246_n_2948/Y                           -      A->Y    F     INV_X2M_A9PP140ZTUL_C35           58  0.054   0.123    0.184  
  g32675/Y                                                  -      B->Y    F     AND2_X0P5B_A9PP140ZTUL_C35         2  0.208   0.078    0.263  
  g39405__2802/Y                                            -      B0->Y   R     AOI22_X0P5M_A9PP140ZTUL_C35        1  0.032   0.107    0.370  
  g39401__1617/Y                                            -      B->Y    R     AND4_X0P5M_A9PP140ZTUL_C35         1  0.188   0.038    0.408  
  g39400__3680/Y                                            -      A->Y    F     NAND3_X1A_A9PP140ZTUL_C35          1  0.025   0.023    0.431  
  place_opt_inst_FE_OFC176_AR_3__AC_7__ACC_add_31_50_n_0/Y  -      A->Y    R     INV_X2M_A9PP140ZTUL_C35           49  0.040   0.136    0.568  
  place_opt_inst_FE_OFC159_AR_3__AC_7__ACC_add_31_50_n_0/Y  -      A->Y    F     INV_X3M_A9PP140ZTUL_C35            6  0.258   0.057    0.624  
  place_opt_inst_FE_OFC174_AR_3__AC_7__ACC_add_31_50_n_0/Y  -      A->Y    R     INV_X3M_A9PP140ZTUL_C35           63  0.100   0.116    0.741  
  g44740/Y                                                  -      A->Y    R     AND2_X0P5B_A9PP140ZTUL_C35        65  0.159   0.474    1.214  
  g44721/Y                                                  -      A->Y    F     INV_X1M_A9PP140ZTUL_C35           64  0.858   0.409    1.623  
  g42266/Y                                                  -      B0->Y   F     AO22_X0P5M_A9PP140ZTUL_C35         1  0.544   0.103    1.726  
  retime_s5_92_reg/D                                        -      D       F     DFFRPQA_X1M_A9PP140ZTUL_C35        1  0.042   0.000    1.726  
#--------------------------------------------------------------------------------------------------------------------------------------------
Path 65: MET (0.087 ns) Setup Check with Pin retime_s9_42_reg/CK->D
               View: wc_analysis_view
              Group: reg2reg
         Startpoint: (R) retime_s1_6_reg/CK
              Clock: (R) CLK
           Endpoint: (R) retime_s9_42_reg/D
              Clock: (R) CLK

                       Capture       Launch
         Clock Edge:+    2.000        0.000
        Src Latency:+   -0.154       -0.154
        Net Latency:+    0.155 (P)    0.155 (P)
            Arrival:=    2.002        0.001

              Setup:-    0.026
        Uncertainty:-    0.125
      Required Time:=    1.851
       Launch Clock:=    0.001
          Data Path:+    1.762
              Slack:=    0.087

#--------------------------------------------------------------------------------------------------------------------------------------------
# Timing Point                                              Flags  Arc     Edge  Cell                          Fanout  Trans   Delay  Arrival  
#                                                                                                                       (ns)    (ns)     (ns)  
#--------------------------------------------------------------------------------------------------------------------------------------------
  retime_s1_6_reg/CK                                        -      CK      R     (arrival)                         20  0.043       -    0.001  
  retime_s1_6_reg/QN                                        -      CK->QN  F     DFFRPQNA_X1M_A9PP140ZTUL_C35       6  0.043   0.065    0.066  
  cts_opt_inst_FE_OFC246_n_2948/Y                           -      A->Y    R     INV_X2M_A9PP140ZTUL_C35           58  0.046   0.143    0.210  
  g32665__2346/Y                                            -      B->Y    R     AND2_X0P5B_A9PP140ZTUL_C35         2  0.242   0.034    0.244  
  g39405__2802/Y                                            -      A0->Y   F     AOI22_X0P5M_A9PP140ZTUL_C35        1  0.030   0.086    0.329  
  g39401__1617/Y                                            -      B->Y    F     AND4_X0P5M_A9PP140ZTUL_C35         1  0.153   0.065    0.394  
  g39400__3680/Y                                            -      A->Y    R     NAND3_X1A_A9PP140ZTUL_C35          1  0.022   0.021    0.415  
  place_opt_inst_FE_OFC176_AR_3__AC_7__ACC_add_31_50_n_0/Y  -      A->Y    F     INV_X2M_A9PP140ZTUL_C35           49  0.032   0.119    0.534  
  place_opt_inst_FE_OFC164_AR_3__AC_7__ACC_add_31_50_n_0/Y  -      A->Y    R     INV_X2M_A9PP140ZTUL_C35           34  0.223   0.154    0.688  
  place_opt_inst_FE_OFC128_AR_3__AC_7__ACC_add_31_50_n_0/Y  -      A->Y    F     INV_X2M_A9PP140ZTUL_C35           73  0.184   0.168    0.856  
  g44718/Y                                                  -      A->Y    F     AND2_X0P5B_A9PP140ZTUL_C35        49  0.246   0.388    1.244  
  g44700/Y                                                  -      A->Y    R     INV_X0P7M_A9PP140ZTUL_C35         48  0.637   0.488    1.732  
  g42242/Y                                                  -      B0->Y   R     AO22_X0P5M_A9PP140ZTUL_C35         1  0.607   0.031    1.763  
  retime_s9_42_reg/D                                        -      D       R     DFFRPQA_X1M_A9PP140ZTUL_C35        1  0.037   0.000    1.763  
#--------------------------------------------------------------------------------------------------------------------------------------------
Path 66: MET (0.087 ns) Setup Check with Pin retime_s9_30_reg/CK->D
               View: wc_analysis_view
              Group: reg2reg
         Startpoint: (R) retime_s1_6_reg/CK
              Clock: (R) CLK
           Endpoint: (R) retime_s9_30_reg/D
              Clock: (R) CLK

                       Capture       Launch
         Clock Edge:+    2.000        0.000
        Src Latency:+   -0.154       -0.154
        Net Latency:+    0.155 (P)    0.155 (P)
            Arrival:=    2.001        0.001

              Setup:-    0.026
        Uncertainty:-    0.125
      Required Time:=    1.851
       Launch Clock:=    0.001
          Data Path:+    1.762
              Slack:=    0.087

#--------------------------------------------------------------------------------------------------------------------------------------------
# Timing Point                                              Flags  Arc     Edge  Cell                          Fanout  Trans   Delay  Arrival  
#                                                                                                                       (ns)    (ns)     (ns)  
#--------------------------------------------------------------------------------------------------------------------------------------------
  retime_s1_6_reg/CK                                        -      CK      R     (arrival)                         20  0.043       -    0.001  
  retime_s1_6_reg/QN                                        -      CK->QN  F     DFFRPQNA_X1M_A9PP140ZTUL_C35       6  0.043   0.065    0.066  
  cts_opt_inst_FE_OFC246_n_2948/Y                           -      A->Y    R     INV_X2M_A9PP140ZTUL_C35           58  0.046   0.143    0.210  
  g32665__2346/Y                                            -      B->Y    R     AND2_X0P5B_A9PP140ZTUL_C35         2  0.242   0.034    0.244  
  g39405__2802/Y                                            -      A0->Y   F     AOI22_X0P5M_A9PP140ZTUL_C35        1  0.030   0.086    0.329  
  g39401__1617/Y                                            -      B->Y    F     AND4_X0P5M_A9PP140ZTUL_C35         1  0.153   0.065    0.394  
  g39400__3680/Y                                            -      A->Y    R     NAND3_X1A_A9PP140ZTUL_C35          1  0.022   0.021    0.415  
  place_opt_inst_FE_OFC176_AR_3__AC_7__ACC_add_31_50_n_0/Y  -      A->Y    F     INV_X2M_A9PP140ZTUL_C35           49  0.032   0.119    0.534  
  place_opt_inst_FE_OFC164_AR_3__AC_7__ACC_add_31_50_n_0/Y  -      A->Y    R     INV_X2M_A9PP140ZTUL_C35           34  0.223   0.154    0.688  
  place_opt_inst_FE_OFC128_AR_3__AC_7__ACC_add_31_50_n_0/Y  -      A->Y    F     INV_X2M_A9PP140ZTUL_C35           73  0.184   0.168    0.856  
  g44718/Y                                                  -      A->Y    F     AND2_X0P5B_A9PP140ZTUL_C35        49  0.246   0.388    1.244  
  g44700/Y                                                  -      A->Y    R     INV_X0P7M_A9PP140ZTUL_C35         48  0.637   0.485    1.729  
  g42597/Y                                                  -      B0->Y   R     AO22_X0P5M_A9PP140ZTUL_C35         1  0.607   0.034    1.763  
  retime_s9_30_reg/D                                        -      D       R     DFFRPQA_X1M_A9PP140ZTUL_C35        1  0.040   0.000    1.763  
#--------------------------------------------------------------------------------------------------------------------------------------------
Path 67: MET (0.087 ns) Setup Check with Pin retime_s6_97_reg/CK->D
               View: wc_analysis_view
              Group: reg2reg
         Startpoint: (R) retime_s1_6_reg/CK
              Clock: (R) CLK
           Endpoint: (F) retime_s6_97_reg/D
              Clock: (R) CLK

                       Capture       Launch
         Clock Edge:+    2.000        0.000
        Src Latency:+   -0.154       -0.154
        Net Latency:+    0.150 (P)    0.155 (P)
            Arrival:=    1.996        0.001

              Setup:-    0.062
        Uncertainty:-    0.125
      Required Time:=    1.809
       Launch Clock:=    0.001
          Data Path:+    1.720
              Slack:=    0.087

#--------------------------------------------------------------------------------------------------------------------------------------------
# Timing Point                                              Flags  Arc     Edge  Cell                          Fanout  Trans   Delay  Arrival  
#                                                                                                                       (ns)    (ns)     (ns)  
#--------------------------------------------------------------------------------------------------------------------------------------------
  retime_s1_6_reg/CK                                        -      CK      R     (arrival)                         20  0.043       -    0.001  
  retime_s1_6_reg/QN                                        -      CK->QN  R     DFFRPQNA_X1M_A9PP140ZTUL_C35       6  0.043   0.060    0.061  
  cts_opt_inst_FE_OFC246_n_2948/Y                           -      A->Y    F     INV_X2M_A9PP140ZTUL_C35           58  0.054   0.123    0.184  
  g32675/Y                                                  -      B->Y    F     AND2_X0P5B_A9PP140ZTUL_C35         2  0.208   0.078    0.263  
  g39405__2802/Y                                            -      B0->Y   R     AOI22_X0P5M_A9PP140ZTUL_C35        1  0.032   0.107    0.370  
  g39401__1617/Y                                            -      B->Y    R     AND4_X0P5M_A9PP140ZTUL_C35         1  0.188   0.038    0.408  
  g39400__3680/Y                                            -      A->Y    F     NAND3_X1A_A9PP140ZTUL_C35          1  0.025   0.023    0.431  
  place_opt_inst_FE_OFC176_AR_3__AC_7__ACC_add_31_50_n_0/Y  -      A->Y    R     INV_X2M_A9PP140ZTUL_C35           49  0.040   0.136    0.568  
  place_opt_inst_FE_OFC159_AR_3__AC_7__ACC_add_31_50_n_0/Y  -      A->Y    F     INV_X3M_A9PP140ZTUL_C35            6  0.258   0.057    0.624  
  place_opt_inst_FE_OFC174_AR_3__AC_7__ACC_add_31_50_n_0/Y  -      A->Y    R     INV_X3M_A9PP140ZTUL_C35           63  0.100   0.116    0.741  
  g44740/Y                                                  -      A->Y    R     AND2_X0P5B_A9PP140ZTUL_C35        65  0.159   0.474    1.214  
  g44721/Y                                                  -      A->Y    F     INV_X1M_A9PP140ZTUL_C35           64  0.858   0.395    1.609  
  g42615/Y                                                  -      B0->Y   F     AO22_X0P5M_A9PP140ZTUL_C35         1  0.543   0.112    1.721  
  retime_s6_97_reg/D                                        -      D       F     DFFRPQA_X1M_A9PP140ZTUL_C35        1  0.051   0.000    1.721  
#--------------------------------------------------------------------------------------------------------------------------------------------
Path 68: MET (0.088 ns) Setup Check with Pin retime_s3_187_reg/CK->D
               View: wc_analysis_view
              Group: reg2reg
         Startpoint: (R) retime_s1_6_reg/CK
              Clock: (R) CLK
           Endpoint: (F) retime_s3_187_reg/D
              Clock: (R) CLK

                       Capture       Launch
         Clock Edge:+    2.000        0.000
        Src Latency:+   -0.154       -0.154
        Net Latency:+    0.156 (P)    0.155 (P)
            Arrival:=    2.002        0.001

              Setup:-    0.060
        Uncertainty:-    0.125
      Required Time:=    1.817
       Launch Clock:=    0.001
          Data Path:+    1.729
              Slack:=    0.088

#--------------------------------------------------------------------------------------------------------------------------------------------
# Timing Point                                              Flags  Arc     Edge  Cell                          Fanout  Trans   Delay  Arrival  
#                                                                                                                       (ns)    (ns)     (ns)  
#--------------------------------------------------------------------------------------------------------------------------------------------
  retime_s1_6_reg/CK                                        -      CK      R     (arrival)                         20  0.043       -    0.001  
  retime_s1_6_reg/QN                                        -      CK->QN  R     DFFRPQNA_X1M_A9PP140ZTUL_C35       6  0.043   0.060    0.061  
  cts_opt_inst_FE_OFC246_n_2948/Y                           -      A->Y    F     INV_X2M_A9PP140ZTUL_C35           58  0.054   0.123    0.184  
  g32675/Y                                                  -      B->Y    F     AND2_X0P5B_A9PP140ZTUL_C35         2  0.208   0.078    0.263  
  g39405__2802/Y                                            -      B0->Y   R     AOI22_X0P5M_A9PP140ZTUL_C35        1  0.032   0.107    0.370  
  g39401__1617/Y                                            -      B->Y    R     AND4_X0P5M_A9PP140ZTUL_C35         1  0.188   0.038    0.408  
  g39400__3680/Y                                            -      A->Y    F     NAND3_X1A_A9PP140ZTUL_C35          1  0.025   0.023    0.431  
  place_opt_inst_FE_OFC176_AR_3__AC_7__ACC_add_31_50_n_0/Y  -      A->Y    R     INV_X2M_A9PP140ZTUL_C35           49  0.040   0.136    0.568  
  place_opt_inst_FE_OFC159_AR_3__AC_7__ACC_add_31_50_n_0/Y  -      A->Y    F     INV_X3M_A9PP140ZTUL_C35            6  0.258   0.057    0.624  
  place_opt_inst_FE_OFC174_AR_3__AC_7__ACC_add_31_50_n_0/Y  -      A->Y    R     INV_X3M_A9PP140ZTUL_C35           63  0.100   0.116    0.741  
  g44742/Y                                                  -      A->Y    R     AND2_X0P5B_A9PP140ZTUL_C35        65  0.159   0.478    1.219  
  g44723/Y                                                  -      A->Y    F     INV_X1M_A9PP140ZTUL_C35           64  0.872   0.407    1.626  
  g42475/Y                                                  -      B0->Y   F     AO22_X0P5M_A9PP140ZTUL_C35         1  0.544   0.104    1.730  
  retime_s3_187_reg/D                                       -      D       F     DFFRPQA_X1M_A9PP140ZTUL_C35        1  0.043   0.000    1.730  
#--------------------------------------------------------------------------------------------------------------------------------------------
Path 69: MET (0.088 ns) Setup Check with Pin retime_s6_95_reg/CK->D
               View: wc_analysis_view
              Group: reg2reg
         Startpoint: (R) retime_s1_6_reg/CK
              Clock: (R) CLK
           Endpoint: (F) retime_s6_95_reg/D
              Clock: (R) CLK

                       Capture       Launch
         Clock Edge:+    2.000        0.000
        Src Latency:+   -0.154       -0.154
        Net Latency:+    0.150 (P)    0.155 (P)
            Arrival:=    1.997        0.001

              Setup:-    0.059
        Uncertainty:-    0.125
      Required Time:=    1.812
       Launch Clock:=    0.001
          Data Path:+    1.724
              Slack:=    0.088

#--------------------------------------------------------------------------------------------------------------------------------------------
# Timing Point                                              Flags  Arc     Edge  Cell                          Fanout  Trans   Delay  Arrival  
#                                                                                                                       (ns)    (ns)     (ns)  
#--------------------------------------------------------------------------------------------------------------------------------------------
  retime_s1_6_reg/CK                                        -      CK      R     (arrival)                         20  0.043       -    0.001  
  retime_s1_6_reg/QN                                        -      CK->QN  R     DFFRPQNA_X1M_A9PP140ZTUL_C35       6  0.043   0.060    0.061  
  cts_opt_inst_FE_OFC246_n_2948/Y                           -      A->Y    F     INV_X2M_A9PP140ZTUL_C35           58  0.054   0.123    0.184  
  g32675/Y                                                  -      B->Y    F     AND2_X0P5B_A9PP140ZTUL_C35         2  0.208   0.078    0.263  
  g39405__2802/Y                                            -      B0->Y   R     AOI22_X0P5M_A9PP140ZTUL_C35        1  0.032   0.107    0.370  
  g39401__1617/Y                                            -      B->Y    R     AND4_X0P5M_A9PP140ZTUL_C35         1  0.188   0.038    0.408  
  g39400__3680/Y                                            -      A->Y    F     NAND3_X1A_A9PP140ZTUL_C35          1  0.025   0.023    0.431  
  place_opt_inst_FE_OFC176_AR_3__AC_7__ACC_add_31_50_n_0/Y  -      A->Y    R     INV_X2M_A9PP140ZTUL_C35           49  0.040   0.136    0.568  
  place_opt_inst_FE_OFC159_AR_3__AC_7__ACC_add_31_50_n_0/Y  -      A->Y    F     INV_X3M_A9PP140ZTUL_C35            6  0.258   0.057    0.624  
  place_opt_inst_FE_OFC174_AR_3__AC_7__ACC_add_31_50_n_0/Y  -      A->Y    R     INV_X3M_A9PP140ZTUL_C35           63  0.100   0.116    0.741  
  g44740/Y                                                  -      A->Y    R     AND2_X0P5B_A9PP140ZTUL_C35        65  0.159   0.474    1.214  
  g44721/Y                                                  -      A->Y    F     INV_X1M_A9PP140ZTUL_C35           64  0.858   0.408    1.623  
  g42275/Y                                                  -      B0->Y   F     AO22_X0P5M_A9PP140ZTUL_C35         1  0.544   0.102    1.725  
  retime_s6_95_reg/D                                        -      D       F     DFFRPQA_X1M_A9PP140ZTUL_C35        1  0.042   0.000    1.725  
#--------------------------------------------------------------------------------------------------------------------------------------------
Path 70: MET (0.088 ns) Setup Check with Pin retime_s9_39_reg/CK->D
               View: wc_analysis_view
              Group: reg2reg
         Startpoint: (R) retime_s1_6_reg/CK
              Clock: (R) CLK
           Endpoint: (R) retime_s9_39_reg/D
              Clock: (R) CLK

                       Capture       Launch
         Clock Edge:+    2.000        0.000
        Src Latency:+   -0.154       -0.154
        Net Latency:+    0.155 (P)    0.155 (P)
            Arrival:=    2.002        0.001

              Setup:-    0.026
        Uncertainty:-    0.125
      Required Time:=    1.851
       Launch Clock:=    0.001
          Data Path:+    1.762
              Slack:=    0.088

#--------------------------------------------------------------------------------------------------------------------------------------------
# Timing Point                                              Flags  Arc     Edge  Cell                          Fanout  Trans   Delay  Arrival  
#                                                                                                                       (ns)    (ns)     (ns)  
#--------------------------------------------------------------------------------------------------------------------------------------------
  retime_s1_6_reg/CK                                        -      CK      R     (arrival)                         20  0.043       -    0.001  
  retime_s1_6_reg/QN                                        -      CK->QN  F     DFFRPQNA_X1M_A9PP140ZTUL_C35       6  0.043   0.065    0.066  
  cts_opt_inst_FE_OFC246_n_2948/Y                           -      A->Y    R     INV_X2M_A9PP140ZTUL_C35           58  0.046   0.143    0.210  
  g32665__2346/Y                                            -      B->Y    R     AND2_X0P5B_A9PP140ZTUL_C35         2  0.242   0.034    0.244  
  g39405__2802/Y                                            -      A0->Y   F     AOI22_X0P5M_A9PP140ZTUL_C35        1  0.030   0.086    0.329  
  g39401__1617/Y                                            -      B->Y    F     AND4_X0P5M_A9PP140ZTUL_C35         1  0.153   0.065    0.394  
  g39400__3680/Y                                            -      A->Y    R     NAND3_X1A_A9PP140ZTUL_C35          1  0.022   0.021    0.415  
  place_opt_inst_FE_OFC176_AR_3__AC_7__ACC_add_31_50_n_0/Y  -      A->Y    F     INV_X2M_A9PP140ZTUL_C35           49  0.032   0.119    0.534  
  place_opt_inst_FE_OFC164_AR_3__AC_7__ACC_add_31_50_n_0/Y  -      A->Y    R     INV_X2M_A9PP140ZTUL_C35           34  0.223   0.154    0.688  
  place_opt_inst_FE_OFC128_AR_3__AC_7__ACC_add_31_50_n_0/Y  -      A->Y    F     INV_X2M_A9PP140ZTUL_C35           73  0.184   0.168    0.856  
  g44718/Y                                                  -      A->Y    F     AND2_X0P5B_A9PP140ZTUL_C35        49  0.246   0.388    1.244  
  g44700/Y                                                  -      A->Y    R     INV_X0P7M_A9PP140ZTUL_C35         48  0.637   0.487    1.732  
  g42341/Y                                                  -      B0->Y   R     AO22_X0P5M_A9PP140ZTUL_C35         1  0.607   0.032    1.763  
  retime_s9_39_reg/D                                        -      D       R     DFFRPQA_X1M_A9PP140ZTUL_C35        1  0.038   0.000    1.763  
#--------------------------------------------------------------------------------------------------------------------------------------------
Path 71: MET (0.088 ns) Setup Check with Pin retime_s9_41_reg/CK->D
               View: wc_analysis_view
              Group: reg2reg
         Startpoint: (R) retime_s1_6_reg/CK
              Clock: (R) CLK
           Endpoint: (R) retime_s9_41_reg/D
              Clock: (R) CLK

                       Capture       Launch
         Clock Edge:+    2.000        0.000
        Src Latency:+   -0.154       -0.154
        Net Latency:+    0.155 (P)    0.155 (P)
            Arrival:=    2.002        0.001

              Setup:-    0.026
        Uncertainty:-    0.125
      Required Time:=    1.851
       Launch Clock:=    0.001
          Data Path:+    1.762
              Slack:=    0.088

#--------------------------------------------------------------------------------------------------------------------------------------------
# Timing Point                                              Flags  Arc     Edge  Cell                          Fanout  Trans   Delay  Arrival  
#                                                                                                                       (ns)    (ns)     (ns)  
#--------------------------------------------------------------------------------------------------------------------------------------------
  retime_s1_6_reg/CK                                        -      CK      R     (arrival)                         20  0.043       -    0.001  
  retime_s1_6_reg/QN                                        -      CK->QN  F     DFFRPQNA_X1M_A9PP140ZTUL_C35       6  0.043   0.065    0.066  
  cts_opt_inst_FE_OFC246_n_2948/Y                           -      A->Y    R     INV_X2M_A9PP140ZTUL_C35           58  0.046   0.143    0.210  
  g32665__2346/Y                                            -      B->Y    R     AND2_X0P5B_A9PP140ZTUL_C35         2  0.242   0.034    0.244  
  g39405__2802/Y                                            -      A0->Y   F     AOI22_X0P5M_A9PP140ZTUL_C35        1  0.030   0.086    0.329  
  g39401__1617/Y                                            -      B->Y    F     AND4_X0P5M_A9PP140ZTUL_C35         1  0.153   0.065    0.394  
  g39400__3680/Y                                            -      A->Y    R     NAND3_X1A_A9PP140ZTUL_C35          1  0.022   0.021    0.415  
  place_opt_inst_FE_OFC176_AR_3__AC_7__ACC_add_31_50_n_0/Y  -      A->Y    F     INV_X2M_A9PP140ZTUL_C35           49  0.032   0.119    0.534  
  place_opt_inst_FE_OFC164_AR_3__AC_7__ACC_add_31_50_n_0/Y  -      A->Y    R     INV_X2M_A9PP140ZTUL_C35           34  0.223   0.154    0.688  
  place_opt_inst_FE_OFC128_AR_3__AC_7__ACC_add_31_50_n_0/Y  -      A->Y    F     INV_X2M_A9PP140ZTUL_C35           73  0.184   0.168    0.856  
  g44718/Y                                                  -      A->Y    F     AND2_X0P5B_A9PP140ZTUL_C35        49  0.246   0.388    1.244  
  g44700/Y                                                  -      A->Y    R     INV_X0P7M_A9PP140ZTUL_C35         48  0.637   0.488    1.732  
  g42292/Y                                                  -      B0->Y   R     AO22_X0P5M_A9PP140ZTUL_C35         1  0.607   0.031    1.763  
  retime_s9_41_reg/D                                        -      D       R     DFFRPQA_X1M_A9PP140ZTUL_C35        1  0.037   0.000    1.763  
#--------------------------------------------------------------------------------------------------------------------------------------------
Path 72: MET (0.088 ns) Setup Check with Pin retime_s5_93_reg/CK->D
               View: wc_analysis_view
              Group: reg2reg
         Startpoint: (R) retime_s1_6_reg/CK
              Clock: (R) CLK
           Endpoint: (F) retime_s5_93_reg/D
              Clock: (R) CLK

                       Capture       Launch
         Clock Edge:+    2.000        0.000
        Src Latency:+   -0.154       -0.154
        Net Latency:+    0.150 (P)    0.155 (P)
            Arrival:=    1.997        0.001

              Setup:-    0.059
        Uncertainty:-    0.125
      Required Time:=    1.813
       Launch Clock:=    0.001
          Data Path:+    1.723
              Slack:=    0.088

#--------------------------------------------------------------------------------------------------------------------------------------------
# Timing Point                                              Flags  Arc     Edge  Cell                          Fanout  Trans   Delay  Arrival  
#                                                                                                                       (ns)    (ns)     (ns)  
#--------------------------------------------------------------------------------------------------------------------------------------------
  retime_s1_6_reg/CK                                        -      CK      R     (arrival)                         20  0.043       -    0.001  
  retime_s1_6_reg/QN                                        -      CK->QN  R     DFFRPQNA_X1M_A9PP140ZTUL_C35       6  0.043   0.060    0.061  
  cts_opt_inst_FE_OFC246_n_2948/Y                           -      A->Y    F     INV_X2M_A9PP140ZTUL_C35           58  0.054   0.123    0.184  
  g32675/Y                                                  -      B->Y    F     AND2_X0P5B_A9PP140ZTUL_C35         2  0.208   0.078    0.263  
  g39405__2802/Y                                            -      B0->Y   R     AOI22_X0P5M_A9PP140ZTUL_C35        1  0.032   0.107    0.370  
  g39401__1617/Y                                            -      B->Y    R     AND4_X0P5M_A9PP140ZTUL_C35         1  0.188   0.038    0.408  
  g39400__3680/Y                                            -      A->Y    F     NAND3_X1A_A9PP140ZTUL_C35          1  0.025   0.023    0.431  
  place_opt_inst_FE_OFC176_AR_3__AC_7__ACC_add_31_50_n_0/Y  -      A->Y    R     INV_X2M_A9PP140ZTUL_C35           49  0.040   0.136    0.568  
  place_opt_inst_FE_OFC159_AR_3__AC_7__ACC_add_31_50_n_0/Y  -      A->Y    F     INV_X3M_A9PP140ZTUL_C35            6  0.258   0.057    0.624  
  place_opt_inst_FE_OFC174_AR_3__AC_7__ACC_add_31_50_n_0/Y  -      A->Y    R     INV_X3M_A9PP140ZTUL_C35           63  0.100   0.116    0.741  
  g44740/Y                                                  -      A->Y    R     AND2_X0P5B_A9PP140ZTUL_C35        65  0.159   0.474    1.214  
  g44721/Y                                                  -      A->Y    F     INV_X1M_A9PP140ZTUL_C35           64  0.858   0.409    1.623  
  g42224/Y                                                  -      B0->Y   F     AO22_X0P5M_A9PP140ZTUL_C35         1  0.544   0.102    1.725  
  retime_s5_93_reg/D                                        -      D       F     DFFRPQA_X1M_A9PP140ZTUL_C35        1  0.041   0.000    1.725  
#--------------------------------------------------------------------------------------------------------------------------------------------
Path 73: MET (0.088 ns) Setup Check with Pin retime_s9_34_reg/CK->D
               View: wc_analysis_view
              Group: reg2reg
         Startpoint: (R) retime_s1_6_reg/CK
              Clock: (R) CLK
           Endpoint: (R) retime_s9_34_reg/D
              Clock: (R) CLK

                       Capture       Launch
         Clock Edge:+    2.000        0.000
        Src Latency:+   -0.154       -0.154
        Net Latency:+    0.156 (P)    0.155 (P)
            Arrival:=    2.002        0.001

              Setup:-    0.026
        Uncertainty:-    0.125
      Required Time:=    1.851
       Launch Clock:=    0.001
          Data Path:+    1.762
              Slack:=    0.088

#--------------------------------------------------------------------------------------------------------------------------------------------
# Timing Point                                              Flags  Arc     Edge  Cell                          Fanout  Trans   Delay  Arrival  
#                                                                                                                       (ns)    (ns)     (ns)  
#--------------------------------------------------------------------------------------------------------------------------------------------
  retime_s1_6_reg/CK                                        -      CK      R     (arrival)                         20  0.043       -    0.001  
  retime_s1_6_reg/QN                                        -      CK->QN  F     DFFRPQNA_X1M_A9PP140ZTUL_C35       6  0.043   0.065    0.066  
  cts_opt_inst_FE_OFC246_n_2948/Y                           -      A->Y    R     INV_X2M_A9PP140ZTUL_C35           58  0.046   0.143    0.210  
  g32665__2346/Y                                            -      B->Y    R     AND2_X0P5B_A9PP140ZTUL_C35         2  0.242   0.034    0.244  
  g39405__2802/Y                                            -      A0->Y   F     AOI22_X0P5M_A9PP140ZTUL_C35        1  0.030   0.086    0.329  
  g39401__1617/Y                                            -      B->Y    F     AND4_X0P5M_A9PP140ZTUL_C35         1  0.153   0.065    0.394  
  g39400__3680/Y                                            -      A->Y    R     NAND3_X1A_A9PP140ZTUL_C35          1  0.022   0.021    0.415  
  place_opt_inst_FE_OFC176_AR_3__AC_7__ACC_add_31_50_n_0/Y  -      A->Y    F     INV_X2M_A9PP140ZTUL_C35           49  0.032   0.119    0.534  
  place_opt_inst_FE_OFC164_AR_3__AC_7__ACC_add_31_50_n_0/Y  -      A->Y    R     INV_X2M_A9PP140ZTUL_C35           34  0.223   0.154    0.688  
  place_opt_inst_FE_OFC128_AR_3__AC_7__ACC_add_31_50_n_0/Y  -      A->Y    F     INV_X2M_A9PP140ZTUL_C35           73  0.184   0.168    0.856  
  g44718/Y                                                  -      A->Y    F     AND2_X0P5B_A9PP140ZTUL_C35        49  0.246   0.388    1.244  
  g44700/Y                                                  -      A->Y    R     INV_X0P7M_A9PP140ZTUL_C35         48  0.637   0.486    1.731  
  g42461/Y                                                  -      B0->Y   R     AO22_X0P5M_A9PP140ZTUL_C35         1  0.607   0.032    1.763  
  retime_s9_34_reg/D                                        -      D       R     DFFRPQA_X1M_A9PP140ZTUL_C35        1  0.038   0.000    1.763  
#--------------------------------------------------------------------------------------------------------------------------------------------
Path 74: MET (0.089 ns) Setup Check with Pin retime_s5_100_reg/CK->D
               View: wc_analysis_view
              Group: reg2reg
         Startpoint: (R) retime_s1_6_reg/CK
              Clock: (R) CLK
           Endpoint: (F) retime_s5_100_reg/D
              Clock: (R) CLK

                       Capture       Launch
         Clock Edge:+    2.000        0.000
        Src Latency:+   -0.154       -0.154
        Net Latency:+    0.155 (P)    0.155 (P)
            Arrival:=    2.001        0.001

              Setup:-    0.060
        Uncertainty:-    0.125
      Required Time:=    1.816
       Launch Clock:=    0.001
          Data Path:+    1.726
              Slack:=    0.089

#--------------------------------------------------------------------------------------------------------------------------------------------
# Timing Point                                              Flags  Arc     Edge  Cell                          Fanout  Trans   Delay  Arrival  
#                                                                                                                       (ns)    (ns)     (ns)  
#--------------------------------------------------------------------------------------------------------------------------------------------
  retime_s1_6_reg/CK                                        -      CK      R     (arrival)                         20  0.043       -    0.001  
  retime_s1_6_reg/QN                                        -      CK->QN  R     DFFRPQNA_X1M_A9PP140ZTUL_C35       6  0.043   0.060    0.061  
  cts_opt_inst_FE_OFC246_n_2948/Y                           -      A->Y    F     INV_X2M_A9PP140ZTUL_C35           58  0.054   0.123    0.184  
  g32675/Y                                                  -      B->Y    F     AND2_X0P5B_A9PP140ZTUL_C35         2  0.208   0.078    0.263  
  g39405__2802/Y                                            -      B0->Y   R     AOI22_X0P5M_A9PP140ZTUL_C35        1  0.032   0.107    0.370  
  g39401__1617/Y                                            -      B->Y    R     AND4_X0P5M_A9PP140ZTUL_C35         1  0.188   0.038    0.408  
  g39400__3680/Y                                            -      A->Y    F     NAND3_X1A_A9PP140ZTUL_C35          1  0.025   0.023    0.431  
  place_opt_inst_FE_OFC176_AR_3__AC_7__ACC_add_31_50_n_0/Y  -      A->Y    R     INV_X2M_A9PP140ZTUL_C35           49  0.040   0.136    0.568  
  place_opt_inst_FE_OFC159_AR_3__AC_7__ACC_add_31_50_n_0/Y  -      A->Y    F     INV_X3M_A9PP140ZTUL_C35            6  0.258   0.057    0.624  
  place_opt_inst_FE_OFC174_AR_3__AC_7__ACC_add_31_50_n_0/Y  -      A->Y    R     INV_X3M_A9PP140ZTUL_C35           63  0.100   0.116    0.741  
  g44740/Y                                                  -      A->Y    R     AND2_X0P5B_A9PP140ZTUL_C35        65  0.159   0.474    1.214  
  g44721/Y                                                  -      A->Y    F     INV_X1M_A9PP140ZTUL_C35           64  0.858   0.409    1.623  
  g42347/Y                                                  -      B0->Y   F     AO22_X0P5M_A9PP140ZTUL_C35         1  0.544   0.104    1.727  
  retime_s5_100_reg/D                                       -      D       F     DFFRPQA_X1M_A9PP140ZTUL_C35        1  0.044   0.000    1.727  
#--------------------------------------------------------------------------------------------------------------------------------------------
Path 75: MET (0.089 ns) Setup Check with Pin retime_s4_11_reg/CK->D
               View: wc_analysis_view
              Group: reg2reg
         Startpoint: (R) retime_s1_6_reg/CK
              Clock: (R) CLK
           Endpoint: (F) retime_s4_11_reg/D
              Clock: (R) CLK

                       Capture       Launch
         Clock Edge:+    2.000        0.000
        Src Latency:+   -0.154       -0.154
        Net Latency:+    0.153 (P)    0.155 (P)
            Arrival:=    1.999        0.001

              Setup:-    0.059
        Uncertainty:-    0.125
      Required Time:=    1.815
       Launch Clock:=    0.001
          Data Path:+    1.725
              Slack:=    0.089

#--------------------------------------------------------------------------------------------------------------------------------------------
# Timing Point                                              Flags  Arc     Edge  Cell                          Fanout  Trans   Delay  Arrival  
#                                                                                                                       (ns)    (ns)     (ns)  
#--------------------------------------------------------------------------------------------------------------------------------------------
  retime_s1_6_reg/CK                                        -      CK      R     (arrival)                         20  0.043       -    0.001  
  retime_s1_6_reg/QN                                        -      CK->QN  R     DFFRPQNA_X1M_A9PP140ZTUL_C35       6  0.043   0.060    0.061  
  cts_opt_inst_FE_OFC246_n_2948/Y                           -      A->Y    F     INV_X2M_A9PP140ZTUL_C35           58  0.054   0.123    0.184  
  g32675/Y                                                  -      B->Y    F     AND2_X0P5B_A9PP140ZTUL_C35         2  0.208   0.078    0.263  
  g39405__2802/Y                                            -      B0->Y   R     AOI22_X0P5M_A9PP140ZTUL_C35        1  0.032   0.107    0.370  
  g39401__1617/Y                                            -      B->Y    R     AND4_X0P5M_A9PP140ZTUL_C35         1  0.188   0.038    0.408  
  g39400__3680/Y                                            -      A->Y    F     NAND3_X1A_A9PP140ZTUL_C35          1  0.025   0.023    0.431  
  place_opt_inst_FE_OFC176_AR_3__AC_7__ACC_add_31_50_n_0/Y  -      A->Y    R     INV_X2M_A9PP140ZTUL_C35           49  0.040   0.136    0.568  
  place_opt_inst_FE_OFC159_AR_3__AC_7__ACC_add_31_50_n_0/Y  -      A->Y    F     INV_X3M_A9PP140ZTUL_C35            6  0.258   0.057    0.624  
  place_opt_inst_FE_OFC174_AR_3__AC_7__ACC_add_31_50_n_0/Y  -      A->Y    R     INV_X3M_A9PP140ZTUL_C35           63  0.100   0.116    0.741  
  g44742/Y                                                  -      A->Y    R     AND2_X0P5B_A9PP140ZTUL_C35        65  0.159   0.478    1.219  
  g44723/Y                                                  -      A->Y    F     INV_X1M_A9PP140ZTUL_C35           64  0.872   0.405    1.624  
  g42216/Y                                                  -      B0->Y   F     AO22_X0P5M_A9PP140ZTUL_C35         1  0.544   0.103    1.726  
  retime_s4_11_reg/D                                        -      D       F     DFFRPQA_X1M_A9PP140ZTUL_C35        1  0.043   0.000    1.726  
#--------------------------------------------------------------------------------------------------------------------------------------------
Path 76: MET (0.089 ns) Setup Check with Pin retime_s4_10_reg/CK->D
               View: wc_analysis_view
              Group: reg2reg
         Startpoint: (R) retime_s1_6_reg/CK
              Clock: (R) CLK
           Endpoint: (F) retime_s4_10_reg/D
              Clock: (R) CLK

                       Capture       Launch
         Clock Edge:+    2.000        0.000
        Src Latency:+   -0.154       -0.154
        Net Latency:+    0.153 (P)    0.155 (P)
            Arrival:=    1.999        0.001

              Setup:-    0.059
        Uncertainty:-    0.125
      Required Time:=    1.815
       Launch Clock:=    0.001
          Data Path:+    1.725
              Slack:=    0.089

#--------------------------------------------------------------------------------------------------------------------------------------------
# Timing Point                                              Flags  Arc     Edge  Cell                          Fanout  Trans   Delay  Arrival  
#                                                                                                                       (ns)    (ns)     (ns)  
#--------------------------------------------------------------------------------------------------------------------------------------------
  retime_s1_6_reg/CK                                        -      CK      R     (arrival)                         20  0.043       -    0.001  
  retime_s1_6_reg/QN                                        -      CK->QN  R     DFFRPQNA_X1M_A9PP140ZTUL_C35       6  0.043   0.060    0.061  
  cts_opt_inst_FE_OFC246_n_2948/Y                           -      A->Y    F     INV_X2M_A9PP140ZTUL_C35           58  0.054   0.123    0.184  
  g32675/Y                                                  -      B->Y    F     AND2_X0P5B_A9PP140ZTUL_C35         2  0.208   0.078    0.263  
  g39405__2802/Y                                            -      B0->Y   R     AOI22_X0P5M_A9PP140ZTUL_C35        1  0.032   0.107    0.370  
  g39401__1617/Y                                            -      B->Y    R     AND4_X0P5M_A9PP140ZTUL_C35         1  0.188   0.038    0.408  
  g39400__3680/Y                                            -      A->Y    F     NAND3_X1A_A9PP140ZTUL_C35          1  0.025   0.023    0.431  
  place_opt_inst_FE_OFC176_AR_3__AC_7__ACC_add_31_50_n_0/Y  -      A->Y    R     INV_X2M_A9PP140ZTUL_C35           49  0.040   0.136    0.568  
  place_opt_inst_FE_OFC159_AR_3__AC_7__ACC_add_31_50_n_0/Y  -      A->Y    F     INV_X3M_A9PP140ZTUL_C35            6  0.258   0.057    0.624  
  place_opt_inst_FE_OFC174_AR_3__AC_7__ACC_add_31_50_n_0/Y  -      A->Y    R     INV_X3M_A9PP140ZTUL_C35           63  0.100   0.116    0.741  
  g44742/Y                                                  -      A->Y    R     AND2_X0P5B_A9PP140ZTUL_C35        65  0.159   0.478    1.219  
  g44723/Y                                                  -      A->Y    F     INV_X1M_A9PP140ZTUL_C35           64  0.872   0.406    1.625  
  g42193/Y                                                  -      B0->Y   F     AO22_X0P5M_A9PP140ZTUL_C35         1  0.544   0.101    1.726  
  retime_s4_10_reg/D                                        -      D       F     DFFRPQA_X1M_A9PP140ZTUL_C35        1  0.041   0.000    1.726  
#--------------------------------------------------------------------------------------------------------------------------------------------
Path 77: MET (0.090 ns) Setup Check with Pin retime_s6_82_reg/CK->D
               View: wc_analysis_view
              Group: reg2reg
         Startpoint: (R) retime_s1_6_reg/CK
              Clock: (R) CLK
           Endpoint: (F) retime_s6_82_reg/D
              Clock: (R) CLK

                       Capture       Launch
         Clock Edge:+    2.000        0.000
        Src Latency:+   -0.154       -0.154
        Net Latency:+    0.150 (P)    0.155 (P)
            Arrival:=    1.996        0.001

              Setup:-    0.062
        Uncertainty:-    0.125
      Required Time:=    1.809
       Launch Clock:=    0.001
          Data Path:+    1.718
              Slack:=    0.090

#--------------------------------------------------------------------------------------------------------------------------------------------
# Timing Point                                              Flags  Arc     Edge  Cell                          Fanout  Trans   Delay  Arrival  
#                                                                                                                       (ns)    (ns)     (ns)  
#--------------------------------------------------------------------------------------------------------------------------------------------
  retime_s1_6_reg/CK                                        -      CK      R     (arrival)                         20  0.043       -    0.001  
  retime_s1_6_reg/QN                                        -      CK->QN  R     DFFRPQNA_X1M_A9PP140ZTUL_C35       6  0.043   0.060    0.061  
  cts_opt_inst_FE_OFC246_n_2948/Y                           -      A->Y    F     INV_X2M_A9PP140ZTUL_C35           58  0.054   0.123    0.184  
  g32675/Y                                                  -      B->Y    F     AND2_X0P5B_A9PP140ZTUL_C35         2  0.208   0.078    0.263  
  g39405__2802/Y                                            -      B0->Y   R     AOI22_X0P5M_A9PP140ZTUL_C35        1  0.032   0.107    0.370  
  g39401__1617/Y                                            -      B->Y    R     AND4_X0P5M_A9PP140ZTUL_C35         1  0.188   0.038    0.408  
  g39400__3680/Y                                            -      A->Y    F     NAND3_X1A_A9PP140ZTUL_C35          1  0.025   0.023    0.431  
  place_opt_inst_FE_OFC176_AR_3__AC_7__ACC_add_31_50_n_0/Y  -      A->Y    R     INV_X2M_A9PP140ZTUL_C35           49  0.040   0.136    0.568  
  place_opt_inst_FE_OFC159_AR_3__AC_7__ACC_add_31_50_n_0/Y  -      A->Y    F     INV_X3M_A9PP140ZTUL_C35            6  0.258   0.057    0.624  
  place_opt_inst_FE_OFC174_AR_3__AC_7__ACC_add_31_50_n_0/Y  -      A->Y    R     INV_X3M_A9PP140ZTUL_C35           63  0.100   0.116    0.741  
  g44740/Y                                                  -      A->Y    R     AND2_X0P5B_A9PP140ZTUL_C35        65  0.159   0.474    1.214  
  g44721/Y                                                  -      A->Y    F     INV_X1M_A9PP140ZTUL_C35           64  0.858   0.394    1.608  
  g42560/Y                                                  -      B0->Y   F     AO22_X0P5M_A9PP140ZTUL_C35         1  0.543   0.111    1.719  
  retime_s6_82_reg/D                                        -      D       F     DFFRPQA_X1M_A9PP140ZTUL_C35        1  0.050   0.000    1.719  
#--------------------------------------------------------------------------------------------------------------------------------------------
Path 78: MET (0.090 ns) Setup Check with Pin retime_s6_96_reg/CK->D
               View: wc_analysis_view
              Group: reg2reg
         Startpoint: (R) retime_s1_6_reg/CK
              Clock: (R) CLK
           Endpoint: (F) retime_s6_96_reg/D
              Clock: (R) CLK

                       Capture       Launch
         Clock Edge:+    2.000        0.000
        Src Latency:+   -0.154       -0.154
        Net Latency:+    0.150 (P)    0.155 (P)
            Arrival:=    1.997        0.001

              Setup:-    0.059
        Uncertainty:-    0.125
      Required Time:=    1.813
       Launch Clock:=    0.001
          Data Path:+    1.722
              Slack:=    0.090

#--------------------------------------------------------------------------------------------------------------------------------------------
# Timing Point                                              Flags  Arc     Edge  Cell                          Fanout  Trans   Delay  Arrival  
#                                                                                                                       (ns)    (ns)     (ns)  
#--------------------------------------------------------------------------------------------------------------------------------------------
  retime_s1_6_reg/CK                                        -      CK      R     (arrival)                         20  0.043       -    0.001  
  retime_s1_6_reg/QN                                        -      CK->QN  R     DFFRPQNA_X1M_A9PP140ZTUL_C35       6  0.043   0.060    0.061  
  cts_opt_inst_FE_OFC246_n_2948/Y                           -      A->Y    F     INV_X2M_A9PP140ZTUL_C35           58  0.054   0.123    0.184  
  g32675/Y                                                  -      B->Y    F     AND2_X0P5B_A9PP140ZTUL_C35         2  0.208   0.078    0.263  
  g39405__2802/Y                                            -      B0->Y   R     AOI22_X0P5M_A9PP140ZTUL_C35        1  0.032   0.107    0.370  
  g39401__1617/Y                                            -      B->Y    R     AND4_X0P5M_A9PP140ZTUL_C35         1  0.188   0.038    0.408  
  g39400__3680/Y                                            -      A->Y    F     NAND3_X1A_A9PP140ZTUL_C35          1  0.025   0.023    0.431  
  place_opt_inst_FE_OFC176_AR_3__AC_7__ACC_add_31_50_n_0/Y  -      A->Y    R     INV_X2M_A9PP140ZTUL_C35           49  0.040   0.136    0.568  
  place_opt_inst_FE_OFC159_AR_3__AC_7__ACC_add_31_50_n_0/Y  -      A->Y    F     INV_X3M_A9PP140ZTUL_C35            6  0.258   0.057    0.624  
  place_opt_inst_FE_OFC174_AR_3__AC_7__ACC_add_31_50_n_0/Y  -      A->Y    R     INV_X3M_A9PP140ZTUL_C35           63  0.100   0.116    0.741  
  g44740/Y                                                  -      A->Y    R     AND2_X0P5B_A9PP140ZTUL_C35        65  0.159   0.474    1.214  
  g44721/Y                                                  -      A->Y    F     INV_X1M_A9PP140ZTUL_C35           64  0.858   0.408    1.623  
  g42229/Y                                                  -      B0->Y   F     AO22_X0P5M_A9PP140ZTUL_C35         1  0.544   0.100    1.723  
  retime_s6_96_reg/D                                        -      D       F     DFFRPQA_X1M_A9PP140ZTUL_C35        1  0.040   0.000    1.723  
#--------------------------------------------------------------------------------------------------------------------------------------------
Path 79: MET (0.090 ns) Setup Check with Pin retime_s5_95_reg/CK->D
               View: wc_analysis_view
              Group: reg2reg
         Startpoint: (R) retime_s1_6_reg/CK
              Clock: (R) CLK
           Endpoint: (F) retime_s5_95_reg/D
              Clock: (R) CLK

                       Capture       Launch
         Clock Edge:+    2.000        0.000
        Src Latency:+   -0.154       -0.154
        Net Latency:+    0.150 (P)    0.155 (P)
            Arrival:=    1.996        0.001

              Setup:-    0.060
        Uncertainty:-    0.125
      Required Time:=    1.811
       Launch Clock:=    0.001
          Data Path:+    1.720
              Slack:=    0.090

#--------------------------------------------------------------------------------------------------------------------------------------------
# Timing Point                                              Flags  Arc     Edge  Cell                          Fanout  Trans   Delay  Arrival  
#                                                                                                                       (ns)    (ns)     (ns)  
#--------------------------------------------------------------------------------------------------------------------------------------------
  retime_s1_6_reg/CK                                        -      CK      R     (arrival)                         20  0.043       -    0.001  
  retime_s1_6_reg/QN                                        -      CK->QN  R     DFFRPQNA_X1M_A9PP140ZTUL_C35       6  0.043   0.060    0.061  
  cts_opt_inst_FE_OFC246_n_2948/Y                           -      A->Y    F     INV_X2M_A9PP140ZTUL_C35           58  0.054   0.123    0.184  
  g32675/Y                                                  -      B->Y    F     AND2_X0P5B_A9PP140ZTUL_C35         2  0.208   0.078    0.263  
  g39405__2802/Y                                            -      B0->Y   R     AOI22_X0P5M_A9PP140ZTUL_C35        1  0.032   0.107    0.370  
  g39401__1617/Y                                            -      B->Y    R     AND4_X0P5M_A9PP140ZTUL_C35         1  0.188   0.038    0.408  
  g39400__3680/Y                                            -      A->Y    F     NAND3_X1A_A9PP140ZTUL_C35          1  0.025   0.023    0.431  
  place_opt_inst_FE_OFC176_AR_3__AC_7__ACC_add_31_50_n_0/Y  -      A->Y    R     INV_X2M_A9PP140ZTUL_C35           49  0.040   0.136    0.568  
  place_opt_inst_FE_OFC159_AR_3__AC_7__ACC_add_31_50_n_0/Y  -      A->Y    F     INV_X3M_A9PP140ZTUL_C35            6  0.258   0.057    0.624  
  place_opt_inst_FE_OFC174_AR_3__AC_7__ACC_add_31_50_n_0/Y  -      A->Y    R     INV_X3M_A9PP140ZTUL_C35           63  0.100   0.116    0.741  
  g44740/Y                                                  -      A->Y    R     AND2_X0P5B_A9PP140ZTUL_C35        65  0.159   0.474    1.214  
  g44721/Y                                                  -      A->Y    F     INV_X1M_A9PP140ZTUL_C35           64  0.858   0.403    1.617  
  g42611/Y                                                  -      B0->Y   F     AO22_X0P5M_A9PP140ZTUL_C35         1  0.543   0.104    1.721  
  retime_s5_95_reg/D                                        -      D       F     DFFRPQA_X1M_A9PP140ZTUL_C35        1  0.043   0.000    1.721  
#--------------------------------------------------------------------------------------------------------------------------------------------
Path 80: MET (0.090 ns) Setup Check with Pin retime_s9_32_reg/CK->D
               View: wc_analysis_view
              Group: reg2reg
         Startpoint: (R) retime_s1_6_reg/CK
              Clock: (R) CLK
           Endpoint: (R) retime_s9_32_reg/D
              Clock: (R) CLK

                       Capture       Launch
         Clock Edge:+    2.000        0.000
        Src Latency:+   -0.154       -0.154
        Net Latency:+    0.155 (P)    0.155 (P)
            Arrival:=    2.002        0.001

              Setup:-    0.026
        Uncertainty:-    0.125
      Required Time:=    1.851
       Launch Clock:=    0.001
          Data Path:+    1.760
              Slack:=    0.090

#--------------------------------------------------------------------------------------------------------------------------------------------
# Timing Point                                              Flags  Arc     Edge  Cell                          Fanout  Trans   Delay  Arrival  
#                                                                                                                       (ns)    (ns)     (ns)  
#--------------------------------------------------------------------------------------------------------------------------------------------
  retime_s1_6_reg/CK                                        -      CK      R     (arrival)                         20  0.043       -    0.001  
  retime_s1_6_reg/QN                                        -      CK->QN  F     DFFRPQNA_X1M_A9PP140ZTUL_C35       6  0.043   0.065    0.066  
  cts_opt_inst_FE_OFC246_n_2948/Y                           -      A->Y    R     INV_X2M_A9PP140ZTUL_C35           58  0.046   0.143    0.210  
  g32665__2346/Y                                            -      B->Y    R     AND2_X0P5B_A9PP140ZTUL_C35         2  0.242   0.034    0.244  
  g39405__2802/Y                                            -      A0->Y   F     AOI22_X0P5M_A9PP140ZTUL_C35        1  0.030   0.086    0.329  
  g39401__1617/Y                                            -      B->Y    F     AND4_X0P5M_A9PP140ZTUL_C35         1  0.153   0.065    0.394  
  g39400__3680/Y                                            -      A->Y    R     NAND3_X1A_A9PP140ZTUL_C35          1  0.022   0.021    0.415  
  place_opt_inst_FE_OFC176_AR_3__AC_7__ACC_add_31_50_n_0/Y  -      A->Y    F     INV_X2M_A9PP140ZTUL_C35           49  0.032   0.119    0.534  
  place_opt_inst_FE_OFC164_AR_3__AC_7__ACC_add_31_50_n_0/Y  -      A->Y    R     INV_X2M_A9PP140ZTUL_C35           34  0.223   0.154    0.688  
  place_opt_inst_FE_OFC128_AR_3__AC_7__ACC_add_31_50_n_0/Y  -      A->Y    F     INV_X2M_A9PP140ZTUL_C35           73  0.184   0.168    0.856  
  g44718/Y                                                  -      A->Y    F     AND2_X0P5B_A9PP140ZTUL_C35        49  0.246   0.388    1.244  
  g44700/Y                                                  -      A->Y    R     INV_X0P7M_A9PP140ZTUL_C35         48  0.637   0.486    1.730  
  g42548/Y                                                  -      B0->Y   R     AO22_X0P5M_A9PP140ZTUL_C35         1  0.607   0.031    1.761  
  retime_s9_32_reg/D                                        -      D       R     DFFRPQA_X1M_A9PP140ZTUL_C35        1  0.037   0.000    1.761  
#--------------------------------------------------------------------------------------------------------------------------------------------
Path 81: MET (0.090 ns) Setup Check with Pin retime_s9_29_reg/CK->D
               View: wc_analysis_view
              Group: reg2reg
         Startpoint: (R) retime_s1_6_reg/CK
              Clock: (R) CLK
           Endpoint: (R) retime_s9_29_reg/D
              Clock: (R) CLK

                       Capture       Launch
         Clock Edge:+    2.000        0.000
        Src Latency:+   -0.154       -0.154
        Net Latency:+    0.155 (P)    0.155 (P)
            Arrival:=    2.001        0.001

              Setup:-    0.026
        Uncertainty:-    0.125
      Required Time:=    1.851
       Launch Clock:=    0.001
          Data Path:+    1.759
              Slack:=    0.090

#--------------------------------------------------------------------------------------------------------------------------------------------
# Timing Point                                              Flags  Arc     Edge  Cell                          Fanout  Trans   Delay  Arrival  
#                                                                                                                       (ns)    (ns)     (ns)  
#--------------------------------------------------------------------------------------------------------------------------------------------
  retime_s1_6_reg/CK                                        -      CK      R     (arrival)                         20  0.043       -    0.001  
  retime_s1_6_reg/QN                                        -      CK->QN  F     DFFRPQNA_X1M_A9PP140ZTUL_C35       6  0.043   0.065    0.066  
  cts_opt_inst_FE_OFC246_n_2948/Y                           -      A->Y    R     INV_X2M_A9PP140ZTUL_C35           58  0.046   0.143    0.210  
  g32665__2346/Y                                            -      B->Y    R     AND2_X0P5B_A9PP140ZTUL_C35         2  0.242   0.034    0.244  
  g39405__2802/Y                                            -      A0->Y   F     AOI22_X0P5M_A9PP140ZTUL_C35        1  0.030   0.086    0.329  
  g39401__1617/Y                                            -      B->Y    F     AND4_X0P5M_A9PP140ZTUL_C35         1  0.153   0.065    0.394  
  g39400__3680/Y                                            -      A->Y    R     NAND3_X1A_A9PP140ZTUL_C35          1  0.022   0.021    0.415  
  place_opt_inst_FE_OFC176_AR_3__AC_7__ACC_add_31_50_n_0/Y  -      A->Y    F     INV_X2M_A9PP140ZTUL_C35           49  0.032   0.119    0.534  
  place_opt_inst_FE_OFC164_AR_3__AC_7__ACC_add_31_50_n_0/Y  -      A->Y    R     INV_X2M_A9PP140ZTUL_C35           34  0.223   0.154    0.688  
  place_opt_inst_FE_OFC128_AR_3__AC_7__ACC_add_31_50_n_0/Y  -      A->Y    F     INV_X2M_A9PP140ZTUL_C35           73  0.184   0.168    0.856  
  g44718/Y                                                  -      A->Y    F     AND2_X0P5B_A9PP140ZTUL_C35        49  0.246   0.388    1.244  
  g44700/Y                                                  -      A->Y    R     INV_X0P7M_A9PP140ZTUL_C35         48  0.637   0.485    1.729  
  g42596/Y                                                  -      B0->Y   R     AO22_X0P5M_A9PP140ZTUL_C35         1  0.607   0.031    1.760  
  retime_s9_29_reg/D                                        -      D       R     DFFRPQA_X1M_A9PP140ZTUL_C35        1  0.037   0.000    1.760  
#--------------------------------------------------------------------------------------------------------------------------------------------
Path 82: MET (0.091 ns) Setup Check with Pin retime_s9_31_reg/CK->D
               View: wc_analysis_view
              Group: reg2reg
         Startpoint: (R) retime_s1_6_reg/CK
              Clock: (R) CLK
           Endpoint: (R) retime_s9_31_reg/D
              Clock: (R) CLK

                       Capture       Launch
         Clock Edge:+    2.000        0.000
        Src Latency:+   -0.154       -0.154
        Net Latency:+    0.155 (P)    0.155 (P)
            Arrival:=    2.002        0.001

              Setup:-    0.026
        Uncertainty:-    0.125
      Required Time:=    1.851
       Launch Clock:=    0.001
          Data Path:+    1.759
              Slack:=    0.091

#--------------------------------------------------------------------------------------------------------------------------------------------
# Timing Point                                              Flags  Arc     Edge  Cell                          Fanout  Trans   Delay  Arrival  
#                                                                                                                       (ns)    (ns)     (ns)  
#--------------------------------------------------------------------------------------------------------------------------------------------
  retime_s1_6_reg/CK                                        -      CK      R     (arrival)                         20  0.043       -    0.001  
  retime_s1_6_reg/QN                                        -      CK->QN  F     DFFRPQNA_X1M_A9PP140ZTUL_C35       6  0.043   0.065    0.066  
  cts_opt_inst_FE_OFC246_n_2948/Y                           -      A->Y    R     INV_X2M_A9PP140ZTUL_C35           58  0.046   0.143    0.210  
  g32665__2346/Y                                            -      B->Y    R     AND2_X0P5B_A9PP140ZTUL_C35         2  0.242   0.034    0.244  
  g39405__2802/Y                                            -      A0->Y   F     AOI22_X0P5M_A9PP140ZTUL_C35        1  0.030   0.086    0.329  
  g39401__1617/Y                                            -      B->Y    F     AND4_X0P5M_A9PP140ZTUL_C35         1  0.153   0.065    0.394  
  g39400__3680/Y                                            -      A->Y    R     NAND3_X1A_A9PP140ZTUL_C35          1  0.022   0.021    0.415  
  place_opt_inst_FE_OFC176_AR_3__AC_7__ACC_add_31_50_n_0/Y  -      A->Y    F     INV_X2M_A9PP140ZTUL_C35           49  0.032   0.119    0.534  
  place_opt_inst_FE_OFC164_AR_3__AC_7__ACC_add_31_50_n_0/Y  -      A->Y    R     INV_X2M_A9PP140ZTUL_C35           34  0.223   0.154    0.688  
  place_opt_inst_FE_OFC128_AR_3__AC_7__ACC_add_31_50_n_0/Y  -      A->Y    F     INV_X2M_A9PP140ZTUL_C35           73  0.184   0.168    0.856  
  g44718/Y                                                  -      A->Y    F     AND2_X0P5B_A9PP140ZTUL_C35        49  0.246   0.388    1.244  
  g44700/Y                                                  -      A->Y    R     INV_X0P7M_A9PP140ZTUL_C35         48  0.637   0.485    1.729  
  g42598/Y                                                  -      B0->Y   R     AO22_X0P5M_A9PP140ZTUL_C35         1  0.607   0.031    1.760  
  retime_s9_31_reg/D                                        -      D       R     DFFRPQA_X1M_A9PP140ZTUL_C35        1  0.037   0.000    1.760  
#--------------------------------------------------------------------------------------------------------------------------------------------
Path 83: MET (0.091 ns) Setup Check with Pin retime_s3_164_reg/CK->D
               View: wc_analysis_view
              Group: reg2reg
         Startpoint: (R) retime_s1_6_reg/CK
              Clock: (R) CLK
           Endpoint: (F) retime_s3_164_reg/D
              Clock: (R) CLK

                       Capture       Launch
         Clock Edge:+    2.000        0.000
        Src Latency:+   -0.154       -0.154
        Net Latency:+    0.156 (P)    0.155 (P)
            Arrival:=    2.002        0.001

              Setup:-    0.059
        Uncertainty:-    0.125
      Required Time:=    1.817
       Launch Clock:=    0.001
          Data Path:+    1.726
              Slack:=    0.091

#--------------------------------------------------------------------------------------------------------------------------------------------
# Timing Point                                              Flags  Arc     Edge  Cell                          Fanout  Trans   Delay  Arrival  
#                                                                                                                       (ns)    (ns)     (ns)  
#--------------------------------------------------------------------------------------------------------------------------------------------
  retime_s1_6_reg/CK                                        -      CK      R     (arrival)                         20  0.043       -    0.001  
  retime_s1_6_reg/QN                                        -      CK->QN  R     DFFRPQNA_X1M_A9PP140ZTUL_C35       6  0.043   0.060    0.061  
  cts_opt_inst_FE_OFC246_n_2948/Y                           -      A->Y    F     INV_X2M_A9PP140ZTUL_C35           58  0.054   0.123    0.184  
  g32675/Y                                                  -      B->Y    F     AND2_X0P5B_A9PP140ZTUL_C35         2  0.208   0.078    0.263  
  g39405__2802/Y                                            -      B0->Y   R     AOI22_X0P5M_A9PP140ZTUL_C35        1  0.032   0.107    0.370  
  g39401__1617/Y                                            -      B->Y    R     AND4_X0P5M_A9PP140ZTUL_C35         1  0.188   0.038    0.408  
  g39400__3680/Y                                            -      A->Y    F     NAND3_X1A_A9PP140ZTUL_C35          1  0.025   0.023    0.431  
  place_opt_inst_FE_OFC176_AR_3__AC_7__ACC_add_31_50_n_0/Y  -      A->Y    R     INV_X2M_A9PP140ZTUL_C35           49  0.040   0.136    0.568  
  place_opt_inst_FE_OFC159_AR_3__AC_7__ACC_add_31_50_n_0/Y  -      A->Y    F     INV_X3M_A9PP140ZTUL_C35            6  0.258   0.057    0.624  
  place_opt_inst_FE_OFC174_AR_3__AC_7__ACC_add_31_50_n_0/Y  -      A->Y    R     INV_X3M_A9PP140ZTUL_C35           63  0.100   0.116    0.741  
  g44742/Y                                                  -      A->Y    R     AND2_X0P5B_A9PP140ZTUL_C35        65  0.159   0.478    1.219  
  g44723/Y                                                  -      A->Y    F     INV_X1M_A9PP140ZTUL_C35           64  0.872   0.407    1.626  
  g42442/Y                                                  -      B0->Y   F     AO22_X0P5M_A9PP140ZTUL_C35         1  0.544   0.101    1.727  
  retime_s3_164_reg/D                                       -      D       F     DFFRPQA_X1M_A9PP140ZTUL_C35        1  0.041   0.000    1.727  
#--------------------------------------------------------------------------------------------------------------------------------------------
Path 84: MET (0.091 ns) Setup Check with Pin retime_s3_151_reg/CK->D
               View: wc_analysis_view
              Group: reg2reg
         Startpoint: (R) retime_s1_6_reg/CK
              Clock: (R) CLK
           Endpoint: (F) retime_s3_151_reg/D
              Clock: (R) CLK

                       Capture       Launch
         Clock Edge:+    2.000        0.000
        Src Latency:+   -0.154       -0.154
        Net Latency:+    0.154 (P)    0.155 (P)
            Arrival:=    2.000        0.001

              Setup:-    0.059
        Uncertainty:-    0.125
      Required Time:=    1.816
       Launch Clock:=    0.001
          Data Path:+    1.724
              Slack:=    0.091

#--------------------------------------------------------------------------------------------------------------------------------------------
# Timing Point                                              Flags  Arc     Edge  Cell                          Fanout  Trans   Delay  Arrival  
#                                                                                                                       (ns)    (ns)     (ns)  
#--------------------------------------------------------------------------------------------------------------------------------------------
  retime_s1_6_reg/CK                                        -      CK      R     (arrival)                         20  0.043       -    0.001  
  retime_s1_6_reg/QN                                        -      CK->QN  R     DFFRPQNA_X1M_A9PP140ZTUL_C35       6  0.043   0.060    0.061  
  cts_opt_inst_FE_OFC246_n_2948/Y                           -      A->Y    F     INV_X2M_A9PP140ZTUL_C35           58  0.054   0.123    0.184  
  g32675/Y                                                  -      B->Y    F     AND2_X0P5B_A9PP140ZTUL_C35         2  0.208   0.078    0.263  
  g39405__2802/Y                                            -      B0->Y   R     AOI22_X0P5M_A9PP140ZTUL_C35        1  0.032   0.107    0.370  
  g39401__1617/Y                                            -      B->Y    R     AND4_X0P5M_A9PP140ZTUL_C35         1  0.188   0.038    0.408  
  g39400__3680/Y                                            -      A->Y    F     NAND3_X1A_A9PP140ZTUL_C35          1  0.025   0.023    0.431  
  place_opt_inst_FE_OFC176_AR_3__AC_7__ACC_add_31_50_n_0/Y  -      A->Y    R     INV_X2M_A9PP140ZTUL_C35           49  0.040   0.136    0.568  
  place_opt_inst_FE_OFC159_AR_3__AC_7__ACC_add_31_50_n_0/Y  -      A->Y    F     INV_X3M_A9PP140ZTUL_C35            6  0.258   0.057    0.624  
  place_opt_inst_FE_OFC174_AR_3__AC_7__ACC_add_31_50_n_0/Y  -      A->Y    R     INV_X3M_A9PP140ZTUL_C35           63  0.100   0.116    0.741  
  g44742/Y                                                  -      A->Y    R     AND2_X0P5B_A9PP140ZTUL_C35        65  0.159   0.478    1.219  
  g44723/Y                                                  -      A->Y    F     INV_X1M_A9PP140ZTUL_C35           64  0.872   0.407    1.626  
  g42214/Y                                                  -      B0->Y   F     AO22_X0P5M_A9PP140ZTUL_C35         1  0.544   0.100    1.726  
  retime_s3_151_reg/D                                       -      D       F     DFFRPQA_X1M_A9PP140ZTUL_C35        1  0.040   0.000    1.726  
#--------------------------------------------------------------------------------------------------------------------------------------------
Path 85: MET (0.091 ns) Setup Check with Pin retime_s6_88_reg/CK->D
               View: wc_analysis_view
              Group: reg2reg
         Startpoint: (R) retime_s1_6_reg/CK
              Clock: (R) CLK
           Endpoint: (F) retime_s6_88_reg/D
              Clock: (R) CLK

                       Capture       Launch
         Clock Edge:+    2.000        0.000
        Src Latency:+   -0.154       -0.154
        Net Latency:+    0.153 (P)    0.155 (P)
            Arrival:=    1.999        0.001

              Setup:-    0.060
        Uncertainty:-    0.125
      Required Time:=    1.814
       Launch Clock:=    0.001
          Data Path:+    1.722
              Slack:=    0.091

#--------------------------------------------------------------------------------------------------------------------------------------------
# Timing Point                                              Flags  Arc     Edge  Cell                          Fanout  Trans   Delay  Arrival  
#                                                                                                                       (ns)    (ns)     (ns)  
#--------------------------------------------------------------------------------------------------------------------------------------------
  retime_s1_6_reg/CK                                        -      CK      R     (arrival)                         20  0.043       -    0.001  
  retime_s1_6_reg/QN                                        -      CK->QN  R     DFFRPQNA_X1M_A9PP140ZTUL_C35       6  0.043   0.060    0.061  
  cts_opt_inst_FE_OFC246_n_2948/Y                           -      A->Y    F     INV_X2M_A9PP140ZTUL_C35           58  0.054   0.123    0.184  
  g32675/Y                                                  -      B->Y    F     AND2_X0P5B_A9PP140ZTUL_C35         2  0.208   0.078    0.263  
  g39405__2802/Y                                            -      B0->Y   R     AOI22_X0P5M_A9PP140ZTUL_C35        1  0.032   0.107    0.370  
  g39401__1617/Y                                            -      B->Y    R     AND4_X0P5M_A9PP140ZTUL_C35         1  0.188   0.038    0.408  
  g39400__3680/Y                                            -      A->Y    F     NAND3_X1A_A9PP140ZTUL_C35          1  0.025   0.023    0.431  
  place_opt_inst_FE_OFC176_AR_3__AC_7__ACC_add_31_50_n_0/Y  -      A->Y    R     INV_X2M_A9PP140ZTUL_C35           49  0.040   0.136    0.568  
  place_opt_inst_FE_OFC159_AR_3__AC_7__ACC_add_31_50_n_0/Y  -      A->Y    F     INV_X3M_A9PP140ZTUL_C35            6  0.258   0.057    0.624  
  place_opt_inst_FE_OFC174_AR_3__AC_7__ACC_add_31_50_n_0/Y  -      A->Y    R     INV_X3M_A9PP140ZTUL_C35           63  0.100   0.116    0.741  
  g44740/Y                                                  -      A->Y    R     AND2_X0P5B_A9PP140ZTUL_C35        65  0.159   0.474    1.214  
  g44721/Y                                                  -      A->Y    F     INV_X1M_A9PP140ZTUL_C35           64  0.858   0.402    1.617  
  g42350/Y                                                  -      B0->Y   F     AO22_X0P5M_A9PP140ZTUL_C35         1  0.543   0.107    1.724  
  retime_s6_88_reg/D                                        -      D       F     DFFRPQA_X1M_A9PP140ZTUL_C35        1  0.046   0.000    1.724  
#--------------------------------------------------------------------------------------------------------------------------------------------
Path 86: MET (0.091 ns) Setup Check with Pin retime_s6_87_reg/CK->D
               View: wc_analysis_view
              Group: reg2reg
         Startpoint: (R) retime_s1_6_reg/CK
              Clock: (R) CLK
           Endpoint: (F) retime_s6_87_reg/D
              Clock: (R) CLK

                       Capture       Launch
         Clock Edge:+    2.000        0.000
        Src Latency:+   -0.154       -0.154
        Net Latency:+    0.149 (P)    0.155 (P)
            Arrival:=    1.996        0.001

              Setup:-    0.061
        Uncertainty:-    0.125
      Required Time:=    1.810
       Launch Clock:=    0.001
          Data Path:+    1.718
              Slack:=    0.091

#--------------------------------------------------------------------------------------------------------------------------------------------
# Timing Point                                              Flags  Arc     Edge  Cell                          Fanout  Trans   Delay  Arrival  
#                                                                                                                       (ns)    (ns)     (ns)  
#--------------------------------------------------------------------------------------------------------------------------------------------
  retime_s1_6_reg/CK                                        -      CK      R     (arrival)                         20  0.043       -    0.001  
  retime_s1_6_reg/QN                                        -      CK->QN  R     DFFRPQNA_X1M_A9PP140ZTUL_C35       6  0.043   0.060    0.061  
  cts_opt_inst_FE_OFC246_n_2948/Y                           -      A->Y    F     INV_X2M_A9PP140ZTUL_C35           58  0.054   0.123    0.184  
  g32675/Y                                                  -      B->Y    F     AND2_X0P5B_A9PP140ZTUL_C35         2  0.208   0.078    0.263  
  g39405__2802/Y                                            -      B0->Y   R     AOI22_X0P5M_A9PP140ZTUL_C35        1  0.032   0.107    0.370  
  g39401__1617/Y                                            -      B->Y    R     AND4_X0P5M_A9PP140ZTUL_C35         1  0.188   0.038    0.408  
  g39400__3680/Y                                            -      A->Y    F     NAND3_X1A_A9PP140ZTUL_C35          1  0.025   0.023    0.431  
  place_opt_inst_FE_OFC176_AR_3__AC_7__ACC_add_31_50_n_0/Y  -      A->Y    R     INV_X2M_A9PP140ZTUL_C35           49  0.040   0.136    0.568  
  place_opt_inst_FE_OFC159_AR_3__AC_7__ACC_add_31_50_n_0/Y  -      A->Y    F     INV_X3M_A9PP140ZTUL_C35            6  0.258   0.057    0.624  
  place_opt_inst_FE_OFC174_AR_3__AC_7__ACC_add_31_50_n_0/Y  -      A->Y    R     INV_X3M_A9PP140ZTUL_C35           63  0.100   0.116    0.741  
  g44740/Y                                                  -      A->Y    R     AND2_X0P5B_A9PP140ZTUL_C35        65  0.159   0.474    1.214  
  g44721/Y                                                  -      A->Y    F     INV_X1M_A9PP140ZTUL_C35           64  0.858   0.399    1.614  
  g42423/Y                                                  -      B0->Y   F     AO22_X0P5M_A9PP140ZTUL_C35         1  0.543   0.105    1.719  
  retime_s6_87_reg/D                                        -      D       F     DFFRPQA_X1M_A9PP140ZTUL_C35        1  0.045   0.000    1.719  
#--------------------------------------------------------------------------------------------------------------------------------------------
Path 87: MET (0.091 ns) Setup Check with Pin retime_s3_165_reg/CK->D
               View: wc_analysis_view
              Group: reg2reg
         Startpoint: (R) retime_s1_6_reg/CK
              Clock: (R) CLK
           Endpoint: (F) retime_s3_165_reg/D
              Clock: (R) CLK

                       Capture       Launch
         Clock Edge:+    2.000        0.000
        Src Latency:+   -0.154       -0.154
        Net Latency:+    0.156 (P)    0.155 (P)
            Arrival:=    2.002        0.001

              Setup:-    0.059
        Uncertainty:-    0.125
      Required Time:=    1.818
       Launch Clock:=    0.001
          Data Path:+    1.725
              Slack:=    0.091

#--------------------------------------------------------------------------------------------------------------------------------------------
# Timing Point                                              Flags  Arc     Edge  Cell                          Fanout  Trans   Delay  Arrival  
#                                                                                                                       (ns)    (ns)     (ns)  
#--------------------------------------------------------------------------------------------------------------------------------------------
  retime_s1_6_reg/CK                                        -      CK      R     (arrival)                         20  0.043       -    0.001  
  retime_s1_6_reg/QN                                        -      CK->QN  R     DFFRPQNA_X1M_A9PP140ZTUL_C35       6  0.043   0.060    0.061  
  cts_opt_inst_FE_OFC246_n_2948/Y                           -      A->Y    F     INV_X2M_A9PP140ZTUL_C35           58  0.054   0.123    0.184  
  g32675/Y                                                  -      B->Y    F     AND2_X0P5B_A9PP140ZTUL_C35         2  0.208   0.078    0.263  
  g39405__2802/Y                                            -      B0->Y   R     AOI22_X0P5M_A9PP140ZTUL_C35        1  0.032   0.107    0.370  
  g39401__1617/Y                                            -      B->Y    R     AND4_X0P5M_A9PP140ZTUL_C35         1  0.188   0.038    0.408  
  g39400__3680/Y                                            -      A->Y    F     NAND3_X1A_A9PP140ZTUL_C35          1  0.025   0.023    0.431  
  place_opt_inst_FE_OFC176_AR_3__AC_7__ACC_add_31_50_n_0/Y  -      A->Y    R     INV_X2M_A9PP140ZTUL_C35           49  0.040   0.136    0.568  
  place_opt_inst_FE_OFC159_AR_3__AC_7__ACC_add_31_50_n_0/Y  -      A->Y    F     INV_X3M_A9PP140ZTUL_C35            6  0.258   0.057    0.624  
  place_opt_inst_FE_OFC174_AR_3__AC_7__ACC_add_31_50_n_0/Y  -      A->Y    R     INV_X3M_A9PP140ZTUL_C35           63  0.100   0.116    0.741  
  g44742/Y                                                  -      A->Y    R     AND2_X0P5B_A9PP140ZTUL_C35        65  0.159   0.478    1.219  
  g44723/Y                                                  -      A->Y    F     INV_X1M_A9PP140ZTUL_C35           64  0.872   0.407    1.626  
  g42410/Y                                                  -      B0->Y   F     AO22_X0P5M_A9PP140ZTUL_C35         1  0.544   0.101    1.727  
  retime_s3_165_reg/D                                       -      D       F     DFFRPQA_X1M_A9PP140ZTUL_C35        1  0.041   0.000    1.727  
#--------------------------------------------------------------------------------------------------------------------------------------------
Path 88: MET (0.091 ns) Setup Check with Pin retime_s5_101_reg/CK->D
               View: wc_analysis_view
              Group: reg2reg
         Startpoint: (R) retime_s1_6_reg/CK
              Clock: (R) CLK
           Endpoint: (F) retime_s5_101_reg/D
              Clock: (R) CLK

                       Capture       Launch
         Clock Edge:+    2.000        0.000
        Src Latency:+   -0.154       -0.154
        Net Latency:+    0.151 (P)    0.155 (P)
            Arrival:=    1.997        0.001

              Setup:-    0.059
        Uncertainty:-    0.125
      Required Time:=    1.814
       Launch Clock:=    0.001
          Data Path:+    1.722
              Slack:=    0.091

#--------------------------------------------------------------------------------------------------------------------------------------------
# Timing Point                                              Flags  Arc     Edge  Cell                          Fanout  Trans   Delay  Arrival  
#                                                                                                                       (ns)    (ns)     (ns)  
#--------------------------------------------------------------------------------------------------------------------------------------------
  retime_s1_6_reg/CK                                        -      CK      R     (arrival)                         20  0.043       -    0.001  
  retime_s1_6_reg/QN                                        -      CK->QN  R     DFFRPQNA_X1M_A9PP140ZTUL_C35       6  0.043   0.060    0.061  
  cts_opt_inst_FE_OFC246_n_2948/Y                           -      A->Y    F     INV_X2M_A9PP140ZTUL_C35           58  0.054   0.123    0.184  
  g32675/Y                                                  -      B->Y    F     AND2_X0P5B_A9PP140ZTUL_C35         2  0.208   0.078    0.263  
  g39405__2802/Y                                            -      B0->Y   R     AOI22_X0P5M_A9PP140ZTUL_C35        1  0.032   0.107    0.370  
  g39401__1617/Y                                            -      B->Y    R     AND4_X0P5M_A9PP140ZTUL_C35         1  0.188   0.038    0.408  
  g39400__3680/Y                                            -      A->Y    F     NAND3_X1A_A9PP140ZTUL_C35          1  0.025   0.023    0.431  
  place_opt_inst_FE_OFC176_AR_3__AC_7__ACC_add_31_50_n_0/Y  -      A->Y    R     INV_X2M_A9PP140ZTUL_C35           49  0.040   0.136    0.568  
  place_opt_inst_FE_OFC159_AR_3__AC_7__ACC_add_31_50_n_0/Y  -      A->Y    F     INV_X3M_A9PP140ZTUL_C35            6  0.258   0.057    0.624  
  place_opt_inst_FE_OFC174_AR_3__AC_7__ACC_add_31_50_n_0/Y  -      A->Y    R     INV_X3M_A9PP140ZTUL_C35           63  0.100   0.116    0.741  
  g44740/Y                                                  -      A->Y    R     AND2_X0P5B_A9PP140ZTUL_C35        65  0.159   0.474    1.214  
  g44721/Y                                                  -      A->Y    F     INV_X1M_A9PP140ZTUL_C35           64  0.858   0.409    1.623  
  g42267/Y                                                  -      B0->Y   F     AO22_X0P5M_A9PP140ZTUL_C35         1  0.544   0.100    1.723  
  retime_s5_101_reg/D                                       -      D       F     DFFRPQA_X1M_A9PP140ZTUL_C35        1  0.040   0.000    1.723  
#--------------------------------------------------------------------------------------------------------------------------------------------
Path 89: MET (0.091 ns) Setup Check with Pin retime_s6_93_reg/CK->D
               View: wc_analysis_view
              Group: reg2reg
         Startpoint: (R) retime_s1_6_reg/CK
              Clock: (R) CLK
           Endpoint: (F) retime_s6_93_reg/D
              Clock: (R) CLK

                       Capture       Launch
         Clock Edge:+    2.000        0.000
        Src Latency:+   -0.154       -0.154
        Net Latency:+    0.150 (P)    0.155 (P)
            Arrival:=    1.997        0.001

              Setup:-    0.059
        Uncertainty:-    0.125
      Required Time:=    1.813
       Launch Clock:=    0.001
          Data Path:+    1.721
              Slack:=    0.091

#--------------------------------------------------------------------------------------------------------------------------------------------
# Timing Point                                              Flags  Arc     Edge  Cell                          Fanout  Trans   Delay  Arrival  
#                                                                                                                       (ns)    (ns)     (ns)  
#--------------------------------------------------------------------------------------------------------------------------------------------
  retime_s1_6_reg/CK                                        -      CK      R     (arrival)                         20  0.043       -    0.001  
  retime_s1_6_reg/QN                                        -      CK->QN  R     DFFRPQNA_X1M_A9PP140ZTUL_C35       6  0.043   0.060    0.061  
  cts_opt_inst_FE_OFC246_n_2948/Y                           -      A->Y    F     INV_X2M_A9PP140ZTUL_C35           58  0.054   0.123    0.184  
  g32675/Y                                                  -      B->Y    F     AND2_X0P5B_A9PP140ZTUL_C35         2  0.208   0.078    0.263  
  g39405__2802/Y                                            -      B0->Y   R     AOI22_X0P5M_A9PP140ZTUL_C35        1  0.032   0.107    0.370  
  g39401__1617/Y                                            -      B->Y    R     AND4_X0P5M_A9PP140ZTUL_C35         1  0.188   0.038    0.408  
  g39400__3680/Y                                            -      A->Y    F     NAND3_X1A_A9PP140ZTUL_C35          1  0.025   0.023    0.431  
  place_opt_inst_FE_OFC176_AR_3__AC_7__ACC_add_31_50_n_0/Y  -      A->Y    R     INV_X2M_A9PP140ZTUL_C35           49  0.040   0.136    0.568  
  place_opt_inst_FE_OFC159_AR_3__AC_7__ACC_add_31_50_n_0/Y  -      A->Y    F     INV_X3M_A9PP140ZTUL_C35            6  0.258   0.057    0.624  
  place_opt_inst_FE_OFC174_AR_3__AC_7__ACC_add_31_50_n_0/Y  -      A->Y    R     INV_X3M_A9PP140ZTUL_C35           63  0.100   0.116    0.741  
  g44740/Y                                                  -      A->Y    R     AND2_X0P5B_A9PP140ZTUL_C35        65  0.159   0.474    1.214  
  g44721/Y                                                  -      A->Y    F     INV_X1M_A9PP140ZTUL_C35           64  0.858   0.408    1.622  
  g42274/Y                                                  -      B0->Y   F     AO22_X0P5M_A9PP140ZTUL_C35         1  0.544   0.099    1.722  
  retime_s6_93_reg/D                                        -      D       F     DFFRPQA_X1M_A9PP140ZTUL_C35        1  0.039   0.000    1.722  
#--------------------------------------------------------------------------------------------------------------------------------------------
Path 90: MET (0.091 ns) Setup Check with Pin retime_s6_90_reg/CK->D
               View: wc_analysis_view
              Group: reg2reg
         Startpoint: (R) retime_s1_6_reg/CK
              Clock: (R) CLK
           Endpoint: (F) retime_s6_90_reg/D
              Clock: (R) CLK

                       Capture       Launch
         Clock Edge:+    2.000        0.000
        Src Latency:+   -0.154       -0.154
        Net Latency:+    0.150 (P)    0.155 (P)
            Arrival:=    1.996        0.001

              Setup:-    0.061
        Uncertainty:-    0.125
      Required Time:=    1.810
       Launch Clock:=    0.001
          Data Path:+    1.718
              Slack:=    0.091

#--------------------------------------------------------------------------------------------------------------------------------------------
# Timing Point                                              Flags  Arc     Edge  Cell                          Fanout  Trans   Delay  Arrival  
#                                                                                                                       (ns)    (ns)     (ns)  
#--------------------------------------------------------------------------------------------------------------------------------------------
  retime_s1_6_reg/CK                                        -      CK      R     (arrival)                         20  0.043       -    0.001  
  retime_s1_6_reg/QN                                        -      CK->QN  R     DFFRPQNA_X1M_A9PP140ZTUL_C35       6  0.043   0.060    0.061  
  cts_opt_inst_FE_OFC246_n_2948/Y                           -      A->Y    F     INV_X2M_A9PP140ZTUL_C35           58  0.054   0.123    0.184  
  g32675/Y                                                  -      B->Y    F     AND2_X0P5B_A9PP140ZTUL_C35         2  0.208   0.078    0.263  
  g39405__2802/Y                                            -      B0->Y   R     AOI22_X0P5M_A9PP140ZTUL_C35        1  0.032   0.107    0.370  
  g39401__1617/Y                                            -      B->Y    R     AND4_X0P5M_A9PP140ZTUL_C35         1  0.188   0.038    0.408  
  g39400__3680/Y                                            -      A->Y    F     NAND3_X1A_A9PP140ZTUL_C35          1  0.025   0.023    0.431  
  place_opt_inst_FE_OFC176_AR_3__AC_7__ACC_add_31_50_n_0/Y  -      A->Y    R     INV_X2M_A9PP140ZTUL_C35           49  0.040   0.136    0.568  
  place_opt_inst_FE_OFC159_AR_3__AC_7__ACC_add_31_50_n_0/Y  -      A->Y    F     INV_X3M_A9PP140ZTUL_C35            6  0.258   0.057    0.624  
  place_opt_inst_FE_OFC174_AR_3__AC_7__ACC_add_31_50_n_0/Y  -      A->Y    R     INV_X3M_A9PP140ZTUL_C35           63  0.100   0.116    0.741  
  g44740/Y                                                  -      A->Y    R     AND2_X0P5B_A9PP140ZTUL_C35        65  0.159   0.474    1.214  
  g44721/Y                                                  -      A->Y    F     INV_X1M_A9PP140ZTUL_C35           64  0.858   0.398    1.612  
  g42492/Y                                                  -      B0->Y   F     AO22_X0P5M_A9PP140ZTUL_C35         1  0.543   0.107    1.719  
  retime_s6_90_reg/D                                        -      D       F     DFFRPQA_X1M_A9PP140ZTUL_C35        1  0.046   0.000    1.719  
#--------------------------------------------------------------------------------------------------------------------------------------------
Path 91: MET (0.092 ns) Setup Check with Pin retime_s5_91_reg/CK->D
               View: wc_analysis_view
              Group: reg2reg
         Startpoint: (R) retime_s1_6_reg/CK
              Clock: (R) CLK
           Endpoint: (F) retime_s5_91_reg/D
              Clock: (R) CLK

                       Capture       Launch
         Clock Edge:+    2.000        0.000
        Src Latency:+   -0.154       -0.154
        Net Latency:+    0.155 (P)    0.155 (P)
            Arrival:=    2.001        0.001

              Setup:-    0.060
        Uncertainty:-    0.125
      Required Time:=    1.816
       Launch Clock:=    0.001
          Data Path:+    1.724
              Slack:=    0.092

#--------------------------------------------------------------------------------------------------------------------------------------------
# Timing Point                                              Flags  Arc     Edge  Cell                          Fanout  Trans   Delay  Arrival  
#                                                                                                                       (ns)    (ns)     (ns)  
#--------------------------------------------------------------------------------------------------------------------------------------------
  retime_s1_6_reg/CK                                        -      CK      R     (arrival)                         20  0.043       -    0.001  
  retime_s1_6_reg/QN                                        -      CK->QN  R     DFFRPQNA_X1M_A9PP140ZTUL_C35       6  0.043   0.060    0.061  
  cts_opt_inst_FE_OFC246_n_2948/Y                           -      A->Y    F     INV_X2M_A9PP140ZTUL_C35           58  0.054   0.123    0.184  
  g32675/Y                                                  -      B->Y    F     AND2_X0P5B_A9PP140ZTUL_C35         2  0.208   0.078    0.263  
  g39405__2802/Y                                            -      B0->Y   R     AOI22_X0P5M_A9PP140ZTUL_C35        1  0.032   0.107    0.370  
  g39401__1617/Y                                            -      B->Y    R     AND4_X0P5M_A9PP140ZTUL_C35         1  0.188   0.038    0.408  
  g39400__3680/Y                                            -      A->Y    F     NAND3_X1A_A9PP140ZTUL_C35          1  0.025   0.023    0.431  
  place_opt_inst_FE_OFC176_AR_3__AC_7__ACC_add_31_50_n_0/Y  -      A->Y    R     INV_X2M_A9PP140ZTUL_C35           49  0.040   0.136    0.568  
  place_opt_inst_FE_OFC159_AR_3__AC_7__ACC_add_31_50_n_0/Y  -      A->Y    F     INV_X3M_A9PP140ZTUL_C35            6  0.258   0.057    0.624  
  place_opt_inst_FE_OFC174_AR_3__AC_7__ACC_add_31_50_n_0/Y  -      A->Y    R     INV_X3M_A9PP140ZTUL_C35           63  0.100   0.116    0.741  
  g44740/Y                                                  -      A->Y    R     AND2_X0P5B_A9PP140ZTUL_C35        65  0.159   0.474    1.214  
  g44721/Y                                                  -      A->Y    F     INV_X1M_A9PP140ZTUL_C35           64  0.858   0.406    1.621  
  g42373/Y                                                  -      B0->Y   F     AO22_X0P5M_A9PP140ZTUL_C35         1  0.544   0.104    1.725  
  retime_s5_91_reg/D                                        -      D       F     DFFRPQA_X1M_A9PP140ZTUL_C35        1  0.043   0.000    1.725  
#--------------------------------------------------------------------------------------------------------------------------------------------
Path 92: MET (0.092 ns) Setup Check with Pin retime_s3_46_reg/CK->D
               View: wc_analysis_view
              Group: reg2reg
         Startpoint: (R) retime_s1_6_reg/CK
              Clock: (R) CLK
           Endpoint: (F) retime_s3_46_reg/D
              Clock: (R) CLK

                       Capture       Launch
         Clock Edge:+    2.000        0.000
        Src Latency:+   -0.154       -0.154
        Net Latency:+    0.152 (P)    0.155 (P)
            Arrival:=    1.999        0.001

              Setup:-    0.060
        Uncertainty:-    0.125
      Required Time:=    1.813
       Launch Clock:=    0.001
          Data Path:+    1.721
              Slack:=    0.092

#--------------------------------------------------------------------------------------------------------------------------------------------
# Timing Point                                              Flags  Arc     Edge  Cell                          Fanout  Trans   Delay  Arrival  
#                                                                                                                       (ns)    (ns)     (ns)  
#--------------------------------------------------------------------------------------------------------------------------------------------
  retime_s1_6_reg/CK                                        -      CK      R     (arrival)                         20  0.043       -    0.001  
  retime_s1_6_reg/QN                                        -      CK->QN  R     DFFRPQNA_X1M_A9PP140ZTUL_C35       6  0.043   0.060    0.061  
  cts_opt_inst_FE_OFC246_n_2948/Y                           -      A->Y    F     INV_X2M_A9PP140ZTUL_C35           58  0.054   0.123    0.184  
  g32675/Y                                                  -      B->Y    F     AND2_X0P5B_A9PP140ZTUL_C35         2  0.208   0.078    0.263  
  g39405__2802/Y                                            -      B0->Y   R     AOI22_X0P5M_A9PP140ZTUL_C35        1  0.032   0.107    0.370  
  g39401__1617/Y                                            -      B->Y    R     AND4_X0P5M_A9PP140ZTUL_C35         1  0.188   0.038    0.408  
  g39400__3680/Y                                            -      A->Y    F     NAND3_X1A_A9PP140ZTUL_C35          1  0.025   0.023    0.431  
  place_opt_inst_FE_OFC176_AR_3__AC_7__ACC_add_31_50_n_0/Y  -      A->Y    R     INV_X2M_A9PP140ZTUL_C35           49  0.040   0.136    0.568  
  place_opt_inst_FE_OFC159_AR_3__AC_7__ACC_add_31_50_n_0/Y  -      A->Y    F     INV_X3M_A9PP140ZTUL_C35            6  0.258   0.057    0.624  
  place_opt_inst_FE_OFC174_AR_3__AC_7__ACC_add_31_50_n_0/Y  -      A->Y    R     INV_X3M_A9PP140ZTUL_C35           63  0.100   0.116    0.741  
  g44742/Y                                                  -      A->Y    R     AND2_X0P5B_A9PP140ZTUL_C35        65  0.159   0.478    1.219  
  g44723/Y                                                  -      A->Y    F     INV_X1M_A9PP140ZTUL_C35           64  0.872   0.397    1.616  
  g42285/Y                                                  -      B0->Y   F     AO22_X0P5M_A9PP140ZTUL_C35         1  0.543   0.105    1.722  
  retime_s3_46_reg/D                                        -      D       F     DFFRPQA_X1M_A9PP140ZTUL_C35        1  0.045   0.000    1.722  
#--------------------------------------------------------------------------------------------------------------------------------------------
Path 93: MET (0.092 ns) Setup Check with Pin retime_s3_145_reg/CK->D
               View: wc_analysis_view
              Group: reg2reg
         Startpoint: (R) retime_s1_6_reg/CK
              Clock: (R) CLK
           Endpoint: (F) retime_s3_145_reg/D
              Clock: (R) CLK

                       Capture       Launch
         Clock Edge:+    2.000        0.000
        Src Latency:+   -0.154       -0.154
        Net Latency:+    0.156 (P)    0.155 (P)
            Arrival:=    2.002        0.001

              Setup:-    0.059
        Uncertainty:-    0.125
      Required Time:=    1.818
       Launch Clock:=    0.001
          Data Path:+    1.725
              Slack:=    0.092

#--------------------------------------------------------------------------------------------------------------------------------------------
# Timing Point                                              Flags  Arc     Edge  Cell                          Fanout  Trans   Delay  Arrival  
#                                                                                                                       (ns)    (ns)     (ns)  
#--------------------------------------------------------------------------------------------------------------------------------------------
  retime_s1_6_reg/CK                                        -      CK      R     (arrival)                         20  0.043       -    0.001  
  retime_s1_6_reg/QN                                        -      CK->QN  R     DFFRPQNA_X1M_A9PP140ZTUL_C35       6  0.043   0.060    0.061  
  cts_opt_inst_FE_OFC246_n_2948/Y                           -      A->Y    F     INV_X2M_A9PP140ZTUL_C35           58  0.054   0.123    0.184  
  g32675/Y                                                  -      B->Y    F     AND2_X0P5B_A9PP140ZTUL_C35         2  0.208   0.078    0.263  
  g39405__2802/Y                                            -      B0->Y   R     AOI22_X0P5M_A9PP140ZTUL_C35        1  0.032   0.107    0.370  
  g39401__1617/Y                                            -      B->Y    R     AND4_X0P5M_A9PP140ZTUL_C35         1  0.188   0.038    0.408  
  g39400__3680/Y                                            -      A->Y    F     NAND3_X1A_A9PP140ZTUL_C35          1  0.025   0.023    0.431  
  place_opt_inst_FE_OFC176_AR_3__AC_7__ACC_add_31_50_n_0/Y  -      A->Y    R     INV_X2M_A9PP140ZTUL_C35           49  0.040   0.136    0.568  
  place_opt_inst_FE_OFC159_AR_3__AC_7__ACC_add_31_50_n_0/Y  -      A->Y    F     INV_X3M_A9PP140ZTUL_C35            6  0.258   0.057    0.624  
  place_opt_inst_FE_OFC174_AR_3__AC_7__ACC_add_31_50_n_0/Y  -      A->Y    R     INV_X3M_A9PP140ZTUL_C35           63  0.100   0.116    0.741  
  g44742/Y                                                  -      A->Y    R     AND2_X0P5B_A9PP140ZTUL_C35        65  0.159   0.478    1.219  
  g44723/Y                                                  -      A->Y    F     INV_X1M_A9PP140ZTUL_C35           64  0.872   0.407    1.626  
  g42361/Y                                                  -      B0->Y   F     AO22_X0P5M_A9PP140ZTUL_C35         1  0.544   0.100    1.726  
  retime_s3_145_reg/D                                       -      D       F     DFFRPQA_X1M_A9PP140ZTUL_C35        1  0.040   0.000    1.726  
#--------------------------------------------------------------------------------------------------------------------------------------------
Path 94: MET (0.092 ns) Setup Check with Pin retime_s3_49_reg/CK->D
               View: wc_analysis_view
              Group: reg2reg
         Startpoint: (R) retime_s1_6_reg/CK
              Clock: (R) CLK
           Endpoint: (F) retime_s3_49_reg/D
              Clock: (R) CLK

                       Capture       Launch
         Clock Edge:+    2.000        0.000
        Src Latency:+   -0.154       -0.154
        Net Latency:+    0.152 (P)    0.155 (P)
            Arrival:=    1.998        0.001

              Setup:-    0.061
        Uncertainty:-    0.125
      Required Time:=    1.812
       Launch Clock:=    0.001
          Data Path:+    1.720
              Slack:=    0.092

#--------------------------------------------------------------------------------------------------------------------------------------------
# Timing Point                                              Flags  Arc     Edge  Cell                          Fanout  Trans   Delay  Arrival  
#                                                                                                                       (ns)    (ns)     (ns)  
#--------------------------------------------------------------------------------------------------------------------------------------------
  retime_s1_6_reg/CK                                        -      CK      R     (arrival)                         20  0.043       -    0.001  
  retime_s1_6_reg/QN                                        -      CK->QN  R     DFFRPQNA_X1M_A9PP140ZTUL_C35       6  0.043   0.060    0.061  
  cts_opt_inst_FE_OFC246_n_2948/Y                           -      A->Y    F     INV_X2M_A9PP140ZTUL_C35           58  0.054   0.123    0.184  
  g32675/Y                                                  -      B->Y    F     AND2_X0P5B_A9PP140ZTUL_C35         2  0.208   0.078    0.263  
  g39405__2802/Y                                            -      B0->Y   R     AOI22_X0P5M_A9PP140ZTUL_C35        1  0.032   0.107    0.370  
  g39401__1617/Y                                            -      B->Y    R     AND4_X0P5M_A9PP140ZTUL_C35         1  0.188   0.038    0.408  
  g39400__3680/Y                                            -      A->Y    F     NAND3_X1A_A9PP140ZTUL_C35          1  0.025   0.023    0.431  
  place_opt_inst_FE_OFC176_AR_3__AC_7__ACC_add_31_50_n_0/Y  -      A->Y    R     INV_X2M_A9PP140ZTUL_C35           49  0.040   0.136    0.568  
  place_opt_inst_FE_OFC159_AR_3__AC_7__ACC_add_31_50_n_0/Y  -      A->Y    F     INV_X3M_A9PP140ZTUL_C35            6  0.258   0.057    0.624  
  place_opt_inst_FE_OFC174_AR_3__AC_7__ACC_add_31_50_n_0/Y  -      A->Y    R     INV_X3M_A9PP140ZTUL_C35           63  0.100   0.116    0.741  
  g44742/Y                                                  -      A->Y    R     AND2_X0P5B_A9PP140ZTUL_C35        65  0.159   0.478    1.219  
  g44723/Y                                                  -      A->Y    F     INV_X1M_A9PP140ZTUL_C35           64  0.872   0.396    1.615  
  g42199/Y                                                  -      B0->Y   F     AO22_X0P5M_A9PP140ZTUL_C35         1  0.543   0.106    1.721  
  retime_s3_49_reg/D                                        -      D       F     DFFRPQA_X1M_A9PP140ZTUL_C35        1  0.045   0.000    1.721  
#--------------------------------------------------------------------------------------------------------------------------------------------
Path 95: MET (0.092 ns) Setup Check with Pin retime_s6_89_reg/CK->D
               View: wc_analysis_view
              Group: reg2reg
         Startpoint: (R) retime_s1_6_reg/CK
              Clock: (R) CLK
           Endpoint: (F) retime_s6_89_reg/D
              Clock: (R) CLK

                       Capture       Launch
         Clock Edge:+    2.000        0.000
        Src Latency:+   -0.154       -0.154
        Net Latency:+    0.150 (P)    0.155 (P)
            Arrival:=    1.996        0.001

              Setup:-    0.062
        Uncertainty:-    0.125
      Required Time:=    1.810
       Launch Clock:=    0.001
          Data Path:+    1.716
              Slack:=    0.092

#--------------------------------------------------------------------------------------------------------------------------------------------
# Timing Point                                              Flags  Arc     Edge  Cell                          Fanout  Trans   Delay  Arrival  
#                                                                                                                       (ns)    (ns)     (ns)  
#--------------------------------------------------------------------------------------------------------------------------------------------
  retime_s1_6_reg/CK                                        -      CK      R     (arrival)                         20  0.043       -    0.001  
  retime_s1_6_reg/QN                                        -      CK->QN  R     DFFRPQNA_X1M_A9PP140ZTUL_C35       6  0.043   0.060    0.061  
  cts_opt_inst_FE_OFC246_n_2948/Y                           -      A->Y    F     INV_X2M_A9PP140ZTUL_C35           58  0.054   0.123    0.184  
  g32675/Y                                                  -      B->Y    F     AND2_X0P5B_A9PP140ZTUL_C35         2  0.208   0.078    0.263  
  g39405__2802/Y                                            -      B0->Y   R     AOI22_X0P5M_A9PP140ZTUL_C35        1  0.032   0.107    0.370  
  g39401__1617/Y                                            -      B->Y    R     AND4_X0P5M_A9PP140ZTUL_C35         1  0.188   0.038    0.408  
  g39400__3680/Y                                            -      A->Y    F     NAND3_X1A_A9PP140ZTUL_C35          1  0.025   0.023    0.431  
  place_opt_inst_FE_OFC176_AR_3__AC_7__ACC_add_31_50_n_0/Y  -      A->Y    R     INV_X2M_A9PP140ZTUL_C35           49  0.040   0.136    0.568  
  place_opt_inst_FE_OFC159_AR_3__AC_7__ACC_add_31_50_n_0/Y  -      A->Y    F     INV_X3M_A9PP140ZTUL_C35            6  0.258   0.057    0.624  
  place_opt_inst_FE_OFC174_AR_3__AC_7__ACC_add_31_50_n_0/Y  -      A->Y    R     INV_X3M_A9PP140ZTUL_C35           63  0.100   0.116    0.741  
  g44740/Y                                                  -      A->Y    R     AND2_X0P5B_A9PP140ZTUL_C35        65  0.159   0.474    1.214  
  g44721/Y                                                  -      A->Y    F     INV_X1M_A9PP140ZTUL_C35           64  0.858   0.395    1.609  
  g42573/Y                                                  -      B0->Y   F     AO22_X0P5M_A9PP140ZTUL_C35         1  0.543   0.108    1.718  
  retime_s6_89_reg/D                                        -      D       F     DFFRPQA_X1M_A9PP140ZTUL_C35        1  0.048   0.000    1.718  
#--------------------------------------------------------------------------------------------------------------------------------------------
Path 96: MET (0.092 ns) Setup Check with Pin retime_s5_86_reg/CK->D
               View: wc_analysis_view
              Group: reg2reg
         Startpoint: (R) retime_s1_6_reg/CK
              Clock: (R) CLK
           Endpoint: (F) retime_s5_86_reg/D
              Clock: (R) CLK

                       Capture       Launch
         Clock Edge:+    2.000        0.000
        Src Latency:+   -0.154       -0.154
        Net Latency:+    0.150 (P)    0.155 (P)
            Arrival:=    1.996        0.001

              Setup:-    0.060
        Uncertainty:-    0.125
      Required Time:=    1.812
       Launch Clock:=    0.001
          Data Path:+    1.719
              Slack:=    0.092

#--------------------------------------------------------------------------------------------------------------------------------------------
# Timing Point                                              Flags  Arc     Edge  Cell                          Fanout  Trans   Delay  Arrival  
#                                                                                                                       (ns)    (ns)     (ns)  
#--------------------------------------------------------------------------------------------------------------------------------------------
  retime_s1_6_reg/CK                                        -      CK      R     (arrival)                         20  0.043       -    0.001  
  retime_s1_6_reg/QN                                        -      CK->QN  R     DFFRPQNA_X1M_A9PP140ZTUL_C35       6  0.043   0.060    0.061  
  cts_opt_inst_FE_OFC246_n_2948/Y                           -      A->Y    F     INV_X2M_A9PP140ZTUL_C35           58  0.054   0.123    0.184  
  g32675/Y                                                  -      B->Y    F     AND2_X0P5B_A9PP140ZTUL_C35         2  0.208   0.078    0.263  
  g39405__2802/Y                                            -      B0->Y   R     AOI22_X0P5M_A9PP140ZTUL_C35        1  0.032   0.107    0.370  
  g39401__1617/Y                                            -      B->Y    R     AND4_X0P5M_A9PP140ZTUL_C35         1  0.188   0.038    0.408  
  g39400__3680/Y                                            -      A->Y    F     NAND3_X1A_A9PP140ZTUL_C35          1  0.025   0.023    0.431  
  place_opt_inst_FE_OFC176_AR_3__AC_7__ACC_add_31_50_n_0/Y  -      A->Y    R     INV_X2M_A9PP140ZTUL_C35           49  0.040   0.136    0.568  
  place_opt_inst_FE_OFC159_AR_3__AC_7__ACC_add_31_50_n_0/Y  -      A->Y    F     INV_X3M_A9PP140ZTUL_C35            6  0.258   0.057    0.624  
  place_opt_inst_FE_OFC174_AR_3__AC_7__ACC_add_31_50_n_0/Y  -      A->Y    R     INV_X3M_A9PP140ZTUL_C35           63  0.100   0.116    0.741  
  g44740/Y                                                  -      A->Y    R     AND2_X0P5B_A9PP140ZTUL_C35        65  0.159   0.474    1.214  
  g44721/Y                                                  -      A->Y    F     INV_X1M_A9PP140ZTUL_C35           64  0.858   0.405    1.619  
  g42484/Y                                                  -      B0->Y   F     AO22_X0P5M_A9PP140ZTUL_C35         1  0.543   0.101    1.720  
  retime_s5_86_reg/D                                        -      D       F     DFFRPQA_X1M_A9PP140ZTUL_C35        1  0.041   0.000    1.720  
#--------------------------------------------------------------------------------------------------------------------------------------------
Path 97: MET (0.092 ns) Setup Check with Pin retime_s5_10_reg/CK->D
               View: wc_analysis_view
              Group: reg2reg
         Startpoint: (R) retime_s1_6_reg/CK
              Clock: (R) CLK
           Endpoint: (F) retime_s5_10_reg/D
              Clock: (R) CLK

                       Capture       Launch
         Clock Edge:+    2.000        0.000
        Src Latency:+   -0.154       -0.154
        Net Latency:+    0.148 (P)    0.155 (P)
            Arrival:=    1.994        0.001

              Setup:-    0.063
        Uncertainty:-    0.125
      Required Time:=    1.806
       Launch Clock:=    0.001
          Data Path:+    1.713
              Slack:=    0.092

#--------------------------------------------------------------------------------------------------------------------------------------------
# Timing Point                                              Flags  Arc     Edge  Cell                          Fanout  Trans   Delay  Arrival  
#                                                                                                                       (ns)    (ns)     (ns)  
#--------------------------------------------------------------------------------------------------------------------------------------------
  retime_s1_6_reg/CK                                        -      CK      R     (arrival)                         20  0.043       -    0.001  
  retime_s1_6_reg/QN                                        -      CK->QN  R     DFFRPQNA_X1M_A9PP140ZTUL_C35       6  0.043   0.060    0.061  
  cts_opt_inst_FE_OFC246_n_2948/Y                           -      A->Y    F     INV_X2M_A9PP140ZTUL_C35           58  0.054   0.123    0.184  
  g32675/Y                                                  -      B->Y    F     AND2_X0P5B_A9PP140ZTUL_C35         2  0.208   0.078    0.263  
  g39405__2802/Y                                            -      B0->Y   R     AOI22_X0P5M_A9PP140ZTUL_C35        1  0.032   0.107    0.370  
  g39401__1617/Y                                            -      B->Y    R     AND4_X0P5M_A9PP140ZTUL_C35         1  0.188   0.038    0.408  
  g39400__3680/Y                                            -      A->Y    F     NAND3_X1A_A9PP140ZTUL_C35          1  0.025   0.023    0.431  
  place_opt_inst_FE_OFC176_AR_3__AC_7__ACC_add_31_50_n_0/Y  -      A->Y    R     INV_X2M_A9PP140ZTUL_C35           49  0.040   0.136    0.568  
  place_opt_inst_FE_OFC159_AR_3__AC_7__ACC_add_31_50_n_0/Y  -      A->Y    F     INV_X3M_A9PP140ZTUL_C35            6  0.258   0.057    0.624  
  place_opt_inst_FE_OFC174_AR_3__AC_7__ACC_add_31_50_n_0/Y  -      A->Y    R     INV_X3M_A9PP140ZTUL_C35           63  0.100   0.116    0.741  
  g44740/Y                                                  -      A->Y    R     AND2_X0P5B_A9PP140ZTUL_C35        65  0.159   0.474    1.214  
  g44721/Y                                                  -      A->Y    F     INV_X1M_A9PP140ZTUL_C35           64  0.858   0.387    1.602  
  g42368/Y                                                  -      B0->Y   F     AO22_X0P5M_A9PP140ZTUL_C35         1  0.542   0.112    1.714  
  retime_s5_10_reg/D                                        -      D       F     DFFRPQA_X1M_A9PP140ZTUL_C35        1  0.051   0.000    1.714  
#--------------------------------------------------------------------------------------------------------------------------------------------
Path 98: MET (0.092 ns) Setup Check with Pin retime_s6_81_reg/CK->D
               View: wc_analysis_view
              Group: reg2reg
         Startpoint: (R) retime_s1_6_reg/CK
              Clock: (R) CLK
           Endpoint: (F) retime_s6_81_reg/D
              Clock: (R) CLK

                       Capture       Launch
         Clock Edge:+    2.000        0.000
        Src Latency:+   -0.154       -0.154
        Net Latency:+    0.149 (P)    0.155 (P)
            Arrival:=    1.995        0.001

              Setup:-    0.061
        Uncertainty:-    0.125
      Required Time:=    1.810
       Launch Clock:=    0.001
          Data Path:+    1.716
              Slack:=    0.092

#--------------------------------------------------------------------------------------------------------------------------------------------
# Timing Point                                              Flags  Arc     Edge  Cell                          Fanout  Trans   Delay  Arrival  
#                                                                                                                       (ns)    (ns)     (ns)  
#--------------------------------------------------------------------------------------------------------------------------------------------
  retime_s1_6_reg/CK                                        -      CK      R     (arrival)                         20  0.043       -    0.001  
  retime_s1_6_reg/QN                                        -      CK->QN  R     DFFRPQNA_X1M_A9PP140ZTUL_C35       6  0.043   0.060    0.061  
  cts_opt_inst_FE_OFC246_n_2948/Y                           -      A->Y    F     INV_X2M_A9PP140ZTUL_C35           58  0.054   0.123    0.184  
  g32675/Y                                                  -      B->Y    F     AND2_X0P5B_A9PP140ZTUL_C35         2  0.208   0.078    0.263  
  g39405__2802/Y                                            -      B0->Y   R     AOI22_X0P5M_A9PP140ZTUL_C35        1  0.032   0.107    0.370  
  g39401__1617/Y                                            -      B->Y    R     AND4_X0P5M_A9PP140ZTUL_C35         1  0.188   0.038    0.408  
  g39400__3680/Y                                            -      A->Y    F     NAND3_X1A_A9PP140ZTUL_C35          1  0.025   0.023    0.431  
  place_opt_inst_FE_OFC176_AR_3__AC_7__ACC_add_31_50_n_0/Y  -      A->Y    R     INV_X2M_A9PP140ZTUL_C35           49  0.040   0.136    0.568  
  place_opt_inst_FE_OFC159_AR_3__AC_7__ACC_add_31_50_n_0/Y  -      A->Y    F     INV_X3M_A9PP140ZTUL_C35            6  0.258   0.057    0.624  
  place_opt_inst_FE_OFC174_AR_3__AC_7__ACC_add_31_50_n_0/Y  -      A->Y    R     INV_X3M_A9PP140ZTUL_C35           63  0.100   0.116    0.741  
  g44740/Y                                                  -      A->Y    R     AND2_X0P5B_A9PP140ZTUL_C35        65  0.159   0.474    1.214  
  g44721/Y                                                  -      A->Y    F     INV_X1M_A9PP140ZTUL_C35           64  0.858   0.399    1.613  
  g42453/Y                                                  -      B0->Y   F     AO22_X0P5M_A9PP140ZTUL_C35         1  0.543   0.105    1.717  
  retime_s6_81_reg/D                                        -      D       F     DFFRPQA_X1M_A9PP140ZTUL_C35        1  0.044   0.000    1.717  
#--------------------------------------------------------------------------------------------------------------------------------------------
Path 99: MET (0.093 ns) Setup Check with Pin retime_s6_84_reg/CK->D
               View: wc_analysis_view
              Group: reg2reg
         Startpoint: (R) retime_s1_6_reg/CK
              Clock: (R) CLK
           Endpoint: (F) retime_s6_84_reg/D
              Clock: (R) CLK

                       Capture       Launch
         Clock Edge:+    2.000        0.000
        Src Latency:+   -0.154       -0.154
        Net Latency:+    0.150 (P)    0.155 (P)
            Arrival:=    1.996        0.001

              Setup:-    0.061
        Uncertainty:-    0.125
      Required Time:=    1.810
       Launch Clock:=    0.001
          Data Path:+    1.716
              Slack:=    0.093

#--------------------------------------------------------------------------------------------------------------------------------------------
# Timing Point                                              Flags  Arc     Edge  Cell                          Fanout  Trans   Delay  Arrival  
#                                                                                                                       (ns)    (ns)     (ns)  
#--------------------------------------------------------------------------------------------------------------------------------------------
  retime_s1_6_reg/CK                                        -      CK      R     (arrival)                         20  0.043       -    0.001  
  retime_s1_6_reg/QN                                        -      CK->QN  R     DFFRPQNA_X1M_A9PP140ZTUL_C35       6  0.043   0.060    0.061  
  cts_opt_inst_FE_OFC246_n_2948/Y                           -      A->Y    F     INV_X2M_A9PP140ZTUL_C35           58  0.054   0.123    0.184  
  g32675/Y                                                  -      B->Y    F     AND2_X0P5B_A9PP140ZTUL_C35         2  0.208   0.078    0.263  
  g39405__2802/Y                                            -      B0->Y   R     AOI22_X0P5M_A9PP140ZTUL_C35        1  0.032   0.107    0.370  
  g39401__1617/Y                                            -      B->Y    R     AND4_X0P5M_A9PP140ZTUL_C35         1  0.188   0.038    0.408  
  g39400__3680/Y                                            -      A->Y    F     NAND3_X1A_A9PP140ZTUL_C35          1  0.025   0.023    0.431  
  place_opt_inst_FE_OFC176_AR_3__AC_7__ACC_add_31_50_n_0/Y  -      A->Y    R     INV_X2M_A9PP140ZTUL_C35           49  0.040   0.136    0.568  
  place_opt_inst_FE_OFC159_AR_3__AC_7__ACC_add_31_50_n_0/Y  -      A->Y    F     INV_X3M_A9PP140ZTUL_C35            6  0.258   0.057    0.624  
  place_opt_inst_FE_OFC174_AR_3__AC_7__ACC_add_31_50_n_0/Y  -      A->Y    R     INV_X3M_A9PP140ZTUL_C35           63  0.100   0.116    0.741  
  g44740/Y                                                  -      A->Y    R     AND2_X0P5B_A9PP140ZTUL_C35        65  0.159   0.474    1.214  
  g44721/Y                                                  -      A->Y    F     INV_X1M_A9PP140ZTUL_C35           64  0.858   0.396    1.610  
  g42491/Y                                                  -      B0->Y   F     AO22_X0P5M_A9PP140ZTUL_C35         1  0.543   0.107    1.717  
  retime_s6_84_reg/D                                        -      D       F     DFFRPQA_X1M_A9PP140ZTUL_C35        1  0.046   0.000    1.717  
#--------------------------------------------------------------------------------------------------------------------------------------------
Path 100: MET (0.093 ns) Setup Check with Pin retime_s4_24_reg/CK->D
               View: wc_analysis_view
              Group: reg2reg
         Startpoint: (R) retime_s1_6_reg/CK
              Clock: (R) CLK
           Endpoint: (F) retime_s4_24_reg/D
              Clock: (R) CLK

                       Capture       Launch
         Clock Edge:+    2.000        0.000
        Src Latency:+   -0.154       -0.154
        Net Latency:+    0.151 (P)    0.155 (P)
            Arrival:=    1.998        0.001

              Setup:-    0.062
        Uncertainty:-    0.125
      Required Time:=    1.810
       Launch Clock:=    0.001
          Data Path:+    1.716
              Slack:=    0.093

#--------------------------------------------------------------------------------------------------------------------------------------------
# Timing Point                                              Flags  Arc     Edge  Cell                          Fanout  Trans   Delay  Arrival  
#                                                                                                                       (ns)    (ns)     (ns)  
#--------------------------------------------------------------------------------------------------------------------------------------------
  retime_s1_6_reg/CK                                        -      CK      R     (arrival)                         20  0.043       -    0.001  
  retime_s1_6_reg/QN                                        -      CK->QN  R     DFFRPQNA_X1M_A9PP140ZTUL_C35       6  0.043   0.060    0.061  
  cts_opt_inst_FE_OFC246_n_2948/Y                           -      A->Y    F     INV_X2M_A9PP140ZTUL_C35           58  0.054   0.123    0.184  
  g32675/Y                                                  -      B->Y    F     AND2_X0P5B_A9PP140ZTUL_C35         2  0.208   0.078    0.263  
  g39405__2802/Y                                            -      B0->Y   R     AOI22_X0P5M_A9PP140ZTUL_C35        1  0.032   0.107    0.370  
  g39401__1617/Y                                            -      B->Y    R     AND4_X0P5M_A9PP140ZTUL_C35         1  0.188   0.038    0.408  
  g39400__3680/Y                                            -      A->Y    F     NAND3_X1A_A9PP140ZTUL_C35          1  0.025   0.023    0.431  
  place_opt_inst_FE_OFC176_AR_3__AC_7__ACC_add_31_50_n_0/Y  -      A->Y    R     INV_X2M_A9PP140ZTUL_C35           49  0.040   0.136    0.568  
  place_opt_inst_FE_OFC159_AR_3__AC_7__ACC_add_31_50_n_0/Y  -      A->Y    F     INV_X3M_A9PP140ZTUL_C35            6  0.258   0.057    0.624  
  place_opt_inst_FE_OFC174_AR_3__AC_7__ACC_add_31_50_n_0/Y  -      A->Y    R     INV_X3M_A9PP140ZTUL_C35           63  0.100   0.116    0.741  
  g44742/Y                                                  -      A->Y    R     AND2_X0P5B_A9PP140ZTUL_C35        65  0.159   0.478    1.219  
  g44723/Y                                                  -      A->Y    F     INV_X1M_A9PP140ZTUL_C35           64  0.872   0.388    1.607  
  g42364/Y                                                  -      B0->Y   F     AO22_X0P5M_A9PP140ZTUL_C35         1  0.542   0.111    1.718  
  retime_s4_24_reg/D                                        -      D       F     DFFRPQA_X1M_A9PP140ZTUL_C35        1  0.050   0.000    1.718  
#--------------------------------------------------------------------------------------------------------------------------------------------

