###############################################################
#  Generated by:      Cadence Innovus 23.13-s082_1
#  OS:                Linux x86_64(Host ID mun)
#  Generated on:      Tue Jun 24 07:53:04 2025
#  Design:            axis_sa
#  Command:           report_timing -max_paths 100 -group $cg  > "${reports_path}/$this_run(stage)/${cg}.setup.timing.rpt"
###############################################################
Path 1: MET (0.003 ns) Setup Check with Pin retime_s3_60_reg/CK->D
               View: wc_analysis_view
              Group: reg2reg
         Startpoint: (R) retime_s1_6_reg/CK
              Clock: (R) CLK
           Endpoint: (F) retime_s3_60_reg/D
              Clock: (R) CLK

                       Capture       Launch
         Clock Edge:+    2.000        0.000
        Src Latency:+   -0.154       -0.154
        Net Latency:+    0.155 (P)    0.157 (P)
            Arrival:=    2.001        0.003

              Setup:-    0.073
        Uncertainty:-    0.125
      Required Time:=    1.804
       Launch Clock:=    0.003
          Data Path:+    1.797
              Slack:=    0.003

#--------------------------------------------------------------------------------------------------------------------------------------------
# Timing Point                                              Flags  Arc     Edge  Cell                          Fanout  Trans   Delay  Arrival  
#                                                                                                                       (ns)    (ns)     (ns)  
#--------------------------------------------------------------------------------------------------------------------------------------------
  retime_s1_6_reg/CK                                        -      CK      R     (arrival)                         20  0.042       -    0.003  
  retime_s1_6_reg/QN                                        -      CK->QN  F     DFFRPQNA_X1M_A9PP140ZTUL_C35       2  0.042   0.056    0.060  
  cts_opt_inst_FE_OFC246_n_2948/Y                           -      A->Y    R     INV_X2M_A9PP140ZTUL_C35           58  0.035   0.144    0.204  
  g32665__2346/Y                                            -      B->Y    R     AND2_X0P5B_A9PP140ZTUL_C35         2  0.251   0.041    0.245  
  g39405__2802/Y                                            -      A0->Y   F     AOI22_X2M_A9PP140ZTUL_C35          1  0.039   0.043    0.287  
  g39401__1617/Y                                            -      B->Y    F     AND4_X0P5M_A9PP140ZTUL_C35         1  0.078   0.049    0.336  
  g39400__3680/Y                                            -      A->Y    R     NAND3_X1A_A9PP140ZTUL_C35          1  0.019   0.020    0.356  
  place_opt_inst_FE_OFC176_AR_3__AC_7__ACC_add_31_50_n_0/Y  -      A->Y    F     INV_X2M_A9PP140ZTUL_C35           49  0.034   0.112    0.469  
  place_opt_inst_FE_OFC159_AR_3__AC_7__ACC_add_31_50_n_0/Y  -      A->Y    R     INV_X3M_A9PP140ZTUL_C35            6  0.222   0.082    0.550  
  place_opt_inst_FE_OFC174_AR_3__AC_7__ACC_add_31_50_n_0/Y  -      A->Y    F     INV_X3M_A9PP140ZTUL_C35           63  0.098   0.102    0.652  
  g39398__6783/Y                                            -      A->Y    F     AND2_X1M_A9PP140ZTUL_C35          75  0.149   0.329    0.981  
  place_opt_inst_FE_OFC121_AR_0__AC_3__ACC_n_156/Y          -      A->Y    R     INV_X1M_A9PP140ZTUL_C35           51  0.511   0.355    1.337  
  place_opt_inst_FE_OFC122_AR_0__AC_3__ACC_n_156/Y          -      A->Y    F     INV_X1M_A9PP140ZTUL_C35           26  0.443   0.174    1.511  
  g43934/Y                                                  -      B0->Y   F     AO22_X0P5M_A9PP140ZTUL_C35         1  0.245   0.118    1.629  
  cts_opt_inst_FE_PHC1238_n_1018/Y                          -      A->Y    F     DLY4_X0P5M_A9PP140ZTUL_C35         1  0.099   0.171    1.800  
  retime_s3_60_reg/D                                        -      D       F     DFFRPQA_X1M_A9PP140ZTUL_C35        1  0.089   0.000    1.800  
#--------------------------------------------------------------------------------------------------------------------------------------------
Path 2: MET (0.007 ns) Setup Check with Pin AR[1].AC[2].ACC_add_31_50_retime_s3_173_reg/CK->D
               View: wc_analysis_view
              Group: reg2reg
         Startpoint: (R) retime_s1_6_reg/CK
              Clock: (R) CLK
           Endpoint: (F) AR[1].AC[2].ACC_add_31_50_retime_s3_173_reg/D
              Clock: (R) CLK

                       Capture       Launch
         Clock Edge:+    2.000        0.000
        Src Latency:+   -0.154       -0.154
        Net Latency:+    0.159 (P)    0.157 (P)
            Arrival:=    2.005        0.003

              Setup:-    0.062
        Uncertainty:-    0.125
      Required Time:=    1.818
       Launch Clock:=    0.003
          Data Path:+    1.808
              Slack:=    0.007

#--------------------------------------------------------------------------------------------------------------------------------------------
# Timing Point                                              Flags  Arc     Edge  Cell                          Fanout  Trans   Delay  Arrival  
#                                                                                                                       (ns)    (ns)     (ns)  
#--------------------------------------------------------------------------------------------------------------------------------------------
  retime_s1_6_reg/CK                                        -      CK      R     (arrival)                         20  0.042       -    0.003  
  retime_s1_6_reg/QN                                        -      CK->QN  R     DFFRPQNA_X1M_A9PP140ZTUL_C35       2  0.042   0.050    0.053  
  cts_opt_inst_FE_OFC246_n_2948/Y                           -      A->Y    F     INV_X2M_A9PP140ZTUL_C35           58  0.039   0.122    0.175  
  g32665__2346/Y                                            -      B->Y    F     AND2_X0P5B_A9PP140ZTUL_C35         2  0.213   0.085    0.260  
  g39405__2802/Y                                            -      A0->Y   R     AOI22_X2M_A9PP140ZTUL_C35          1  0.039   0.049    0.309  
  g39401__1617/Y                                            -      B->Y    R     AND4_X0P5M_A9PP140ZTUL_C35         1  0.074   0.039    0.349  
  g39400__3680/Y                                            -      A->Y    F     NAND3_X1A_A9PP140ZTUL_C35          1  0.023   0.023    0.372  
  place_opt_inst_FE_OFC176_AR_3__AC_7__ACC_add_31_50_n_0/Y  -      A->Y    R     INV_X2M_A9PP140ZTUL_C35           49  0.041   0.140    0.512  
  place_opt_inst_FE_OFC159_AR_3__AC_7__ACC_add_31_50_n_0/Y  -      A->Y    F     INV_X3M_A9PP140ZTUL_C35            6  0.263   0.055    0.567  
  place_opt_inst_FE_OFC174_AR_3__AC_7__ACC_add_31_50_n_0/Y  -      A->Y    R     INV_X3M_A9PP140ZTUL_C35           63  0.100   0.123    0.690  
  g39398__6783/Y                                            -      A->Y    R     AND2_X1M_A9PP140ZTUL_C35          75  0.169   0.351    1.040  
  place_opt_inst_FE_OFC121_AR_0__AC_3__ACC_n_156/Y          -      A->Y    F     INV_X1M_A9PP140ZTUL_C35           51  0.622   0.287    1.327  
  place_opt_inst_FE_OFC228_AR_0__AC_3__ACC_n_156/Y          -      A->Y    F     BUF_X1M_A9PP140ZTUL_C35           70  0.398   0.285    1.612  
  AR[1].AC[2].ACC_add_31_50_g1112/Y                         -      A0->Y   F     AO22_X0P5M_A9PP140ZTUL_C35         1  0.389   0.118    1.730  
  cts_opt_inst_FE_PHC2511_AR_1_AC_2_ACC_add_31_50_n_5/Y     -      A->Y    F     DLY2_X0P5M_A9PP140ZTUL_C35         1  0.065   0.081    1.811  
  AR[1].AC[2].ACC_add_31_50_retime_s3_173_reg/D             -      D       F     DFFRPQA_X1M_A9PP140ZTUL_C35        1  0.051   0.000    1.811  
#--------------------------------------------------------------------------------------------------------------------------------------------
Path 3: MET (0.008 ns) Setup Check with Pin ro_reg[0][1][13]/CK->D
               View: wc_analysis_view
              Group: reg2reg
         Startpoint: (R) retime_s1_6_reg/CK
              Clock: (R) CLK
           Endpoint: (R) ro_reg[0][1][13]/D
              Clock: (R) CLK

                       Capture       Launch
         Clock Edge:+    2.000        0.000
        Src Latency:+   -0.154       -0.154
        Net Latency:+    0.157 (P)    0.157 (P)
            Arrival:=    2.004        0.003

              Setup:-    0.018
        Uncertainty:-    0.125
      Required Time:=    1.860
       Launch Clock:=    0.003
          Data Path:+    1.849
              Slack:=    0.008

#---------------------------------------------------------------------------------------------------------------------
# Timing Point                      Flags  Arc     Edge  Cell                           Fanout  Trans   Delay  Arrival  
#                                                                                                (ns)    (ns)     (ns)  
#---------------------------------------------------------------------------------------------------------------------
  retime_s1_6_reg/CK                -      CK      R     (arrival)                          20  0.042       -    0.003  
  retime_s1_6_reg/QN                -      CK->QN  R     DFFRPQNA_X1M_A9PP140ZTUL_C35        2  0.042   0.050    0.053  
  cts_opt_inst_FE_OFC246_n_2948/Y   -      A->Y    F     INV_X2M_A9PP140ZTUL_C35            58  0.039   0.096    0.150  
  g32670__2398/Y                    -      A->Y    F     AND2_X0P5B_A9PP140ZTUL_C35          2  0.206   0.092    0.242  
  g39858__6131/Y                    -      A->Y    R     NAND2XB_X0P5M_A9PP140ZTUL_C35      34  0.051   0.341    0.583  
  g44756/Y                          -      A->Y    F     INV_X0P5B_A9PP140ZTUL_C35          35  0.627   0.396    0.978  
  g44708/Y                          -      B->Y    R     NOR2_X0P5A_A9PP140ZTUL_C35         17  0.572   0.432    1.411  
  g44691/Y                          -      A->Y    F     INV_X0P5B_A9PP140ZTUL_C35          16  0.512   0.171    1.581  
  g41731/Y                          -      B0->Y   R     OAI22_X0P5M_A9PP140ZTUL_C35         1  0.270   0.183    1.764  
  cts_opt_inst_FE_PHC2504_n_1991/Y  -      A->Y    R     DLY2_X4M_A9PP140ZTUL_C35            1  0.267   0.088    1.852  
  ro_reg[0][1][13]/D                -      D       R     DFFRPQNA_X1M_A9PP140ZTUL_C35        1  0.037   0.000    1.852  
#---------------------------------------------------------------------------------------------------------------------
Path 4: MET (0.021 ns) Setup Check with Pin retime_s4_169_reg/CK->D
               View: wc_analysis_view
              Group: reg2reg
         Startpoint: (R) retime_s1_6_reg/CK
              Clock: (R) CLK
           Endpoint: (F) retime_s4_169_reg/D
              Clock: (R) CLK

                       Capture       Launch
         Clock Edge:+    2.000        0.000
        Src Latency:+   -0.154       -0.154
        Net Latency:+    0.158 (P)    0.157 (P)
            Arrival:=    2.004        0.003

              Setup:-    0.053
        Uncertainty:-    0.125
      Required Time:=    1.826
       Launch Clock:=    0.003
          Data Path:+    1.802
              Slack:=    0.021

#---------------------------------------------------------------------------------------------------------------------------------------------
# Timing Point                                              Flags  Arc     Edge  Cell                           Fanout  Trans   Delay  Arrival  
#                                                                                                                        (ns)    (ns)     (ns)  
#---------------------------------------------------------------------------------------------------------------------------------------------
  retime_s1_6_reg/CK                                        -      CK      R     (arrival)                          20  0.042       -    0.003  
  retime_s1_6_reg/QN                                        -      CK->QN  R     DFFRPQNA_X1M_A9PP140ZTUL_C35        2  0.042   0.050    0.053  
  cts_opt_inst_FE_OFC246_n_2948/Y                           -      A->Y    F     INV_X2M_A9PP140ZTUL_C35            58  0.039   0.122    0.175  
  g32665__2346/Y                                            -      B->Y    F     AND2_X0P5B_A9PP140ZTUL_C35          2  0.213   0.085    0.260  
  g39405__2802/Y                                            -      A0->Y   R     AOI22_X2M_A9PP140ZTUL_C35           1  0.039   0.049    0.309  
  g39401__1617/Y                                            -      B->Y    R     AND4_X0P5M_A9PP140ZTUL_C35          1  0.074   0.039    0.349  
  g39400__3680/Y                                            -      A->Y    F     NAND3_X1A_A9PP140ZTUL_C35           1  0.023   0.023    0.372  
  place_opt_inst_FE_OFC176_AR_3__AC_7__ACC_add_31_50_n_0/Y  -      A->Y    R     INV_X2M_A9PP140ZTUL_C35            49  0.041   0.140    0.512  
  place_opt_inst_FE_OFC159_AR_3__AC_7__ACC_add_31_50_n_0/Y  -      A->Y    F     INV_X3M_A9PP140ZTUL_C35             6  0.263   0.055    0.567  
  place_opt_inst_FE_OFC174_AR_3__AC_7__ACC_add_31_50_n_0/Y  -      A->Y    R     INV_X3M_A9PP140ZTUL_C35            63  0.100   0.123    0.690  
  g39398__6783/Y                                            -      A->Y    R     AND2_X1M_A9PP140ZTUL_C35           75  0.169   0.351    1.040  
  place_opt_inst_FE_OFC121_AR_0__AC_3__ACC_n_156/Y          -      A->Y    F     INV_X1M_A9PP140ZTUL_C35            51  0.622   0.287    1.327  
  place_opt_inst_FE_OFC228_AR_0__AC_3__ACC_n_156/Y          -      A->Y    F     BUF_X1M_A9PP140ZTUL_C35            70  0.398   0.317    1.644  
  g43925/Y                                                  -      B0N->Y  F     OAI22BB_X0P5M_A9PP140ZTUL_C35       1  0.392   0.122    1.766  
  cts_opt_inst_FE_PHC1898_n_1027/Y                          -      A->Y    F     BUF_X1B_A9PP140ZTUL_C35             1  0.110   0.039    1.805  
  retime_s4_169_reg/D                                       -      D       F     DFFRPQA_X1M_A9PP140ZTUL_C35         1  0.018   0.000    1.805  
#---------------------------------------------------------------------------------------------------------------------------------------------
Path 5: MET (0.021 ns) Setup Check with Pin retime_s3_50_reg/CK->D
               View: wc_analysis_view
              Group: reg2reg
         Startpoint: (R) retime_s1_6_reg/CK
              Clock: (R) CLK
           Endpoint: (F) retime_s3_50_reg/D
              Clock: (R) CLK

                       Capture       Launch
         Clock Edge:+    2.000        0.000
        Src Latency:+   -0.154       -0.154
        Net Latency:+    0.155 (P)    0.157 (P)
            Arrival:=    2.001        0.003

              Setup:-    0.070
        Uncertainty:-    0.125
      Required Time:=    1.806
       Launch Clock:=    0.003
          Data Path:+    1.781
              Slack:=    0.021

#--------------------------------------------------------------------------------------------------------------------------------------------
# Timing Point                                              Flags  Arc     Edge  Cell                          Fanout  Trans   Delay  Arrival  
#                                                                                                                       (ns)    (ns)     (ns)  
#--------------------------------------------------------------------------------------------------------------------------------------------
  retime_s1_6_reg/CK                                        -      CK      R     (arrival)                         20  0.042       -    0.003  
  retime_s1_6_reg/QN                                        -      CK->QN  F     DFFRPQNA_X1M_A9PP140ZTUL_C35       2  0.042   0.056    0.060  
  cts_opt_inst_FE_OFC246_n_2948/Y                           -      A->Y    R     INV_X2M_A9PP140ZTUL_C35           58  0.035   0.144    0.204  
  g32665__2346/Y                                            -      B->Y    R     AND2_X0P5B_A9PP140ZTUL_C35         2  0.251   0.041    0.245  
  g39405__2802/Y                                            -      A0->Y   F     AOI22_X2M_A9PP140ZTUL_C35          1  0.039   0.043    0.287  
  g39401__1617/Y                                            -      B->Y    F     AND4_X0P5M_A9PP140ZTUL_C35         1  0.078   0.049    0.336  
  g39400__3680/Y                                            -      A->Y    R     NAND3_X1A_A9PP140ZTUL_C35          1  0.019   0.020    0.356  
  place_opt_inst_FE_OFC176_AR_3__AC_7__ACC_add_31_50_n_0/Y  -      A->Y    F     INV_X2M_A9PP140ZTUL_C35           49  0.034   0.112    0.469  
  place_opt_inst_FE_OFC159_AR_3__AC_7__ACC_add_31_50_n_0/Y  -      A->Y    R     INV_X3M_A9PP140ZTUL_C35            6  0.222   0.082    0.550  
  place_opt_inst_FE_OFC174_AR_3__AC_7__ACC_add_31_50_n_0/Y  -      A->Y    F     INV_X3M_A9PP140ZTUL_C35           63  0.098   0.102    0.652  
  g39398__6783/Y                                            -      A->Y    F     AND2_X1M_A9PP140ZTUL_C35          75  0.149   0.329    0.981  
  place_opt_inst_FE_OFC121_AR_0__AC_3__ACC_n_156/Y          -      A->Y    R     INV_X1M_A9PP140ZTUL_C35           51  0.511   0.355    1.337  
  place_opt_inst_FE_OFC122_AR_0__AC_3__ACC_n_156/Y          -      A->Y    F     INV_X1M_A9PP140ZTUL_C35           26  0.443   0.175    1.512  
  g43933/Y                                                  -      B0->Y   F     AO22_X0P5M_A9PP140ZTUL_C35         1  0.245   0.111    1.622  
  cts_opt_inst_FE_PHC1338_n_1019/Y                          -      A->Y    F     DLY4_X0P5M_A9PP140ZTUL_C35         2  0.086   0.162    1.784  
  retime_s3_50_reg/D                                        -      D       F     DFFRPQA_X1M_A9PP140ZTUL_C35        2  0.081   0.000    1.784  
#--------------------------------------------------------------------------------------------------------------------------------------------
Path 6: MET (0.022 ns) Setup Check with Pin ro_reg[0][1][12]/CK->D
               View: wc_analysis_view
              Group: reg2reg
         Startpoint: (R) retime_s1_6_reg/CK
              Clock: (R) CLK
           Endpoint: (R) ro_reg[0][1][12]/D
              Clock: (R) CLK

                       Capture       Launch
         Clock Edge:+    2.000        0.000
        Src Latency:+   -0.154       -0.154
        Net Latency:+    0.157 (P)    0.157 (P)
            Arrival:=    2.004        0.003

              Setup:-    0.019
        Uncertainty:-    0.125
      Required Time:=    1.860
       Launch Clock:=    0.003
          Data Path:+    1.835
              Slack:=    0.022

#---------------------------------------------------------------------------------------------------------------------
# Timing Point                      Flags  Arc     Edge  Cell                           Fanout  Trans   Delay  Arrival  
#                                                                                                (ns)    (ns)     (ns)  
#---------------------------------------------------------------------------------------------------------------------
  retime_s1_6_reg/CK                -      CK      R     (arrival)                          20  0.042       -    0.003  
  retime_s1_6_reg/QN                -      CK->QN  R     DFFRPQNA_X1M_A9PP140ZTUL_C35        2  0.042   0.050    0.053  
  cts_opt_inst_FE_OFC246_n_2948/Y   -      A->Y    F     INV_X2M_A9PP140ZTUL_C35            58  0.039   0.096    0.150  
  g32670__2398/Y                    -      A->Y    F     AND2_X0P5B_A9PP140ZTUL_C35          2  0.206   0.092    0.242  
  g39858__6131/Y                    -      A->Y    R     NAND2XB_X0P5M_A9PP140ZTUL_C35      34  0.051   0.341    0.583  
  g44756/Y                          -      A->Y    F     INV_X0P5B_A9PP140ZTUL_C35          35  0.627   0.396    0.978  
  g44708/Y                          -      B->Y    R     NOR2_X0P5A_A9PP140ZTUL_C35         17  0.572   0.432    1.411  
  g44691/Y                          -      A->Y    F     INV_X0P5B_A9PP140ZTUL_C35          16  0.512   0.171    1.581  
  g41730/Y                          -      B0->Y   R     OAI22_X0P5M_A9PP140ZTUL_C35         1  0.270   0.163    1.744  
  cts_opt_inst_FE_PHC3352_n_1992/Y  -      A->Y    R     BUF_X0P5M_A9PP140ZTUL_C35           1  0.238   0.047    1.791  
  cts_opt_inst_FE_PHC3404_n_1992/Y  -      A->Y    R     BUFH_X1M_A9PP140ZTUL_C35            1  0.058   0.047    1.838  
  ro_reg[0][1][12]/D                -      D       R     DFFRPQNA_X1M_A9PP140ZTUL_C35        1  0.058   0.000    1.838  
#---------------------------------------------------------------------------------------------------------------------
Path 7: MET (0.025 ns) Setup Check with Pin retime_s3_360_reg/CK->D
               View: wc_analysis_view
              Group: reg2reg
         Startpoint: (R) retime_s1_6_reg/CK
              Clock: (R) CLK
           Endpoint: (F) retime_s3_360_reg/D
              Clock: (R) CLK

                       Capture       Launch
         Clock Edge:+    2.000        0.000
        Src Latency:+   -0.154       -0.154
        Net Latency:+    0.158 (P)    0.157 (P)
            Arrival:=    2.004        0.003

              Setup:-    0.052
        Uncertainty:-    0.125
      Required Time:=    1.827
       Launch Clock:=    0.003
          Data Path:+    1.798
              Slack:=    0.025

#---------------------------------------------------------------------------------------------------------------------------------------------
# Timing Point                                              Flags  Arc     Edge  Cell                           Fanout  Trans   Delay  Arrival  
#                                                                                                                        (ns)    (ns)     (ns)  
#---------------------------------------------------------------------------------------------------------------------------------------------
  retime_s1_6_reg/CK                                        -      CK      R     (arrival)                          20  0.042       -    0.003  
  retime_s1_6_reg/QN                                        -      CK->QN  R     DFFRPQNA_X1M_A9PP140ZTUL_C35        2  0.042   0.050    0.053  
  cts_opt_inst_FE_OFC246_n_2948/Y                           -      A->Y    F     INV_X2M_A9PP140ZTUL_C35            58  0.039   0.122    0.175  
  g32665__2346/Y                                            -      B->Y    F     AND2_X0P5B_A9PP140ZTUL_C35          2  0.213   0.085    0.260  
  g39405__2802/Y                                            -      A0->Y   R     AOI22_X2M_A9PP140ZTUL_C35           1  0.039   0.049    0.309  
  g39401__1617/Y                                            -      B->Y    R     AND4_X0P5M_A9PP140ZTUL_C35          1  0.074   0.039    0.349  
  g39400__3680/Y                                            -      A->Y    F     NAND3_X1A_A9PP140ZTUL_C35           1  0.023   0.023    0.372  
  place_opt_inst_FE_OFC176_AR_3__AC_7__ACC_add_31_50_n_0/Y  -      A->Y    R     INV_X2M_A9PP140ZTUL_C35            49  0.041   0.140    0.512  
  place_opt_inst_FE_OFC159_AR_3__AC_7__ACC_add_31_50_n_0/Y  -      A->Y    F     INV_X3M_A9PP140ZTUL_C35             6  0.263   0.055    0.567  
  place_opt_inst_FE_OFC174_AR_3__AC_7__ACC_add_31_50_n_0/Y  -      A->Y    R     INV_X3M_A9PP140ZTUL_C35            63  0.100   0.123    0.690  
  g39398__6783/Y                                            -      A->Y    R     AND2_X1M_A9PP140ZTUL_C35           75  0.169   0.351    1.040  
  place_opt_inst_FE_OFC121_AR_0__AC_3__ACC_n_156/Y          -      A->Y    F     INV_X1M_A9PP140ZTUL_C35            51  0.622   0.287    1.327  
  place_opt_inst_FE_OFC228_AR_0__AC_3__ACC_n_156/Y          -      A->Y    F     BUF_X1M_A9PP140ZTUL_C35            70  0.398   0.317    1.644  
  g43919/Y                                                  -      B0N->Y  F     OAI22BB_X0P5M_A9PP140ZTUL_C35       1  0.392   0.120    1.764  
  cts_opt_inst_FE_PHC1895_n_1033/Y                          -      A->Y    F     BUF_X1B_A9PP140ZTUL_C35             1  0.106   0.038    1.802  
  retime_s3_360_reg/D                                       -      D       F     DFFRPQA_X1M_A9PP140ZTUL_C35         1  0.017   0.000    1.802  
#---------------------------------------------------------------------------------------------------------------------------------------------
Path 8: MET (0.027 ns) Setup Check with Pin retime_s3_308_reg/CK->D
               View: wc_analysis_view
              Group: reg2reg
         Startpoint: (R) retime_s1_6_reg/CK
              Clock: (R) CLK
           Endpoint: (F) retime_s3_308_reg/D
              Clock: (R) CLK

                       Capture       Launch
         Clock Edge:+    2.000        0.000
        Src Latency:+   -0.154       -0.154
        Net Latency:+    0.158 (P)    0.157 (P)
            Arrival:=    2.004        0.003

              Setup:-    0.052
        Uncertainty:-    0.125
      Required Time:=    1.827
       Launch Clock:=    0.003
          Data Path:+    1.797
              Slack:=    0.027

#---------------------------------------------------------------------------------------------------------------------------------------------
# Timing Point                                              Flags  Arc     Edge  Cell                           Fanout  Trans   Delay  Arrival  
#                                                                                                                        (ns)    (ns)     (ns)  
#---------------------------------------------------------------------------------------------------------------------------------------------
  retime_s1_6_reg/CK                                        -      CK      R     (arrival)                          20  0.042       -    0.003  
  retime_s1_6_reg/QN                                        -      CK->QN  R     DFFRPQNA_X1M_A9PP140ZTUL_C35        2  0.042   0.050    0.053  
  cts_opt_inst_FE_OFC246_n_2948/Y                           -      A->Y    F     INV_X2M_A9PP140ZTUL_C35            58  0.039   0.122    0.175  
  g32665__2346/Y                                            -      B->Y    F     AND2_X0P5B_A9PP140ZTUL_C35          2  0.213   0.085    0.260  
  g39405__2802/Y                                            -      A0->Y   R     AOI22_X2M_A9PP140ZTUL_C35           1  0.039   0.049    0.309  
  g39401__1617/Y                                            -      B->Y    R     AND4_X0P5M_A9PP140ZTUL_C35          1  0.074   0.039    0.349  
  g39400__3680/Y                                            -      A->Y    F     NAND3_X1A_A9PP140ZTUL_C35           1  0.023   0.023    0.372  
  place_opt_inst_FE_OFC176_AR_3__AC_7__ACC_add_31_50_n_0/Y  -      A->Y    R     INV_X2M_A9PP140ZTUL_C35            49  0.041   0.140    0.512  
  place_opt_inst_FE_OFC159_AR_3__AC_7__ACC_add_31_50_n_0/Y  -      A->Y    F     INV_X3M_A9PP140ZTUL_C35             6  0.263   0.055    0.567  
  place_opt_inst_FE_OFC174_AR_3__AC_7__ACC_add_31_50_n_0/Y  -      A->Y    R     INV_X3M_A9PP140ZTUL_C35            63  0.100   0.123    0.690  
  g39398__6783/Y                                            -      A->Y    R     AND2_X1M_A9PP140ZTUL_C35           75  0.169   0.351    1.040  
  place_opt_inst_FE_OFC121_AR_0__AC_3__ACC_n_156/Y          -      A->Y    F     INV_X1M_A9PP140ZTUL_C35            51  0.622   0.287    1.327  
  place_opt_inst_FE_OFC228_AR_0__AC_3__ACC_n_156/Y          -      A->Y    F     BUF_X1M_A9PP140ZTUL_C35            70  0.398   0.317    1.644  
  g43916/Y                                                  -      B0N->Y  F     OAI22BB_X0P5M_A9PP140ZTUL_C35       1  0.392   0.120    1.764  
  cts_opt_inst_FE_PHC1903_n_1036/Y                          -      A->Y    F     BUFH_X1M_A9PP140ZTUL_C35            1  0.106   0.036    1.800  
  retime_s3_308_reg/D                                       -      D       F     DFFRPQA_X1M_A9PP140ZTUL_C35         1  0.014   0.000    1.800  
#---------------------------------------------------------------------------------------------------------------------------------------------
Path 9: MET (0.028 ns) Setup Check with Pin retime_s3_5_reg/CK->D
               View: wc_analysis_view
              Group: reg2reg
         Startpoint: (R) retime_s1_6_reg/CK
              Clock: (R) CLK
           Endpoint: (F) retime_s3_5_reg/D
              Clock: (R) CLK

                       Capture       Launch
         Clock Edge:+    2.000        0.000
        Src Latency:+   -0.154       -0.154
        Net Latency:+    0.153 (P)    0.157 (P)
            Arrival:=    1.999        0.003

              Setup:-    0.055
        Uncertainty:-    0.125
      Required Time:=    1.820
       Launch Clock:=    0.003
          Data Path:+    1.789
              Slack:=    0.028

#--------------------------------------------------------------------------------------------------------------------------------------------
# Timing Point                                              Flags  Arc     Edge  Cell                          Fanout  Trans   Delay  Arrival  
#                                                                                                                       (ns)    (ns)     (ns)  
#--------------------------------------------------------------------------------------------------------------------------------------------
  retime_s1_6_reg/CK                                        -      CK      R     (arrival)                         20  0.042       -    0.003  
  retime_s1_6_reg/QN                                        -      CK->QN  R     DFFRPQNA_X1M_A9PP140ZTUL_C35       2  0.042   0.050    0.053  
  cts_opt_inst_FE_OFC246_n_2948/Y                           -      A->Y    F     INV_X2M_A9PP140ZTUL_C35           58  0.039   0.122    0.175  
  g32665__2346/Y                                            -      B->Y    F     AND2_X0P5B_A9PP140ZTUL_C35         2  0.213   0.085    0.260  
  g39405__2802/Y                                            -      A0->Y   R     AOI22_X2M_A9PP140ZTUL_C35          1  0.039   0.049    0.309  
  g39401__1617/Y                                            -      B->Y    R     AND4_X0P5M_A9PP140ZTUL_C35         1  0.074   0.039    0.349  
  g39400__3680/Y                                            -      A->Y    F     NAND3_X1A_A9PP140ZTUL_C35          1  0.023   0.023    0.372  
  place_opt_inst_FE_OFC176_AR_3__AC_7__ACC_add_31_50_n_0/Y  -      A->Y    R     INV_X2M_A9PP140ZTUL_C35           49  0.041   0.140    0.512  
  place_opt_inst_FE_OFC159_AR_3__AC_7__ACC_add_31_50_n_0/Y  -      A->Y    F     INV_X3M_A9PP140ZTUL_C35            6  0.263   0.055    0.567  
  place_opt_inst_FE_OFC174_AR_3__AC_7__ACC_add_31_50_n_0/Y  -      A->Y    R     INV_X3M_A9PP140ZTUL_C35           63  0.100   0.123    0.690  
  g39398__6783/Y                                            -      A->Y    R     AND2_X1M_A9PP140ZTUL_C35          75  0.169   0.351    1.040  
  place_opt_inst_FE_OFC121_AR_0__AC_3__ACC_n_156/Y          -      A->Y    F     INV_X1M_A9PP140ZTUL_C35           51  0.622   0.287    1.327  
  place_opt_inst_FE_OFC228_AR_0__AC_3__ACC_n_156/Y          -      A->Y    F     BUF_X1M_A9PP140ZTUL_C35           70  0.398   0.308    1.635  
  g43932/Y                                                  -      A0->Y   F     AO22_X0P5M_A9PP140ZTUL_C35         1  0.392   0.100    1.735  
  cts_opt_inst_FE_PHC1742_n_1020/Y                          -      A->Y    F     DLY2_X0P5M_A9PP140ZTUL_C35         1  0.047   0.057    1.792  
  retime_s3_5_reg/D                                         -      D       F     DFFRPQA_X1M_A9PP140ZTUL_C35        1  0.024   0.000    1.792  
#--------------------------------------------------------------------------------------------------------------------------------------------
Path 10: MET (0.029 ns) Setup Check with Pin retime_s4_159_reg/CK->D
               View: wc_analysis_view
              Group: reg2reg
         Startpoint: (R) retime_s1_6_reg/CK
              Clock: (R) CLK
           Endpoint: (F) retime_s4_159_reg/D
              Clock: (R) CLK

                       Capture       Launch
         Clock Edge:+    2.000        0.000
        Src Latency:+   -0.154       -0.154
        Net Latency:+    0.157 (P)    0.157 (P)
            Arrival:=    2.004        0.003

              Setup:-    0.052
        Uncertainty:-    0.125
      Required Time:=    1.826
       Launch Clock:=    0.003
          Data Path:+    1.794
              Slack:=    0.029

#---------------------------------------------------------------------------------------------------------------------------------------------
# Timing Point                                              Flags  Arc     Edge  Cell                           Fanout  Trans   Delay  Arrival  
#                                                                                                                        (ns)    (ns)     (ns)  
#---------------------------------------------------------------------------------------------------------------------------------------------
  retime_s1_6_reg/CK                                        -      CK      R     (arrival)                          20  0.042       -    0.003  
  retime_s1_6_reg/QN                                        -      CK->QN  R     DFFRPQNA_X1M_A9PP140ZTUL_C35        2  0.042   0.050    0.053  
  cts_opt_inst_FE_OFC246_n_2948/Y                           -      A->Y    F     INV_X2M_A9PP140ZTUL_C35            58  0.039   0.122    0.175  
  g32665__2346/Y                                            -      B->Y    F     AND2_X0P5B_A9PP140ZTUL_C35          2  0.213   0.085    0.260  
  g39405__2802/Y                                            -      A0->Y   R     AOI22_X2M_A9PP140ZTUL_C35           1  0.039   0.049    0.309  
  g39401__1617/Y                                            -      B->Y    R     AND4_X0P5M_A9PP140ZTUL_C35          1  0.074   0.039    0.349  
  g39400__3680/Y                                            -      A->Y    F     NAND3_X1A_A9PP140ZTUL_C35           1  0.023   0.023    0.372  
  place_opt_inst_FE_OFC176_AR_3__AC_7__ACC_add_31_50_n_0/Y  -      A->Y    R     INV_X2M_A9PP140ZTUL_C35            49  0.041   0.140    0.512  
  place_opt_inst_FE_OFC159_AR_3__AC_7__ACC_add_31_50_n_0/Y  -      A->Y    F     INV_X3M_A9PP140ZTUL_C35             6  0.263   0.055    0.567  
  place_opt_inst_FE_OFC174_AR_3__AC_7__ACC_add_31_50_n_0/Y  -      A->Y    R     INV_X3M_A9PP140ZTUL_C35            63  0.100   0.123    0.690  
  g39398__6783/Y                                            -      A->Y    R     AND2_X1M_A9PP140ZTUL_C35           75  0.169   0.351    1.040  
  place_opt_inst_FE_OFC121_AR_0__AC_3__ACC_n_156/Y          -      A->Y    F     INV_X1M_A9PP140ZTUL_C35            51  0.622   0.287    1.327  
  place_opt_inst_FE_OFC228_AR_0__AC_3__ACC_n_156/Y          -      A->Y    F     BUF_X1M_A9PP140ZTUL_C35            70  0.398   0.317    1.644  
  g43924/Y                                                  -      B0N->Y  F     OAI22BB_X0P5M_A9PP140ZTUL_C35       1  0.392   0.117    1.761  
  cts_opt_inst_FE_PHC1896_n_1028/Y                          -      A->Y    F     BUF_X1B_A9PP140ZTUL_C35             1  0.101   0.037    1.798  
  retime_s4_159_reg/D                                       -      D       F     DFFRPQA_X1M_A9PP140ZTUL_C35         1  0.016   0.000    1.798  
#---------------------------------------------------------------------------------------------------------------------------------------------
Path 11: MET (0.029 ns) Setup Check with Pin retime_s3_79_reg/CK->D
               View: wc_analysis_view
              Group: reg2reg
         Startpoint: (R) retime_s1_6_reg/CK
              Clock: (R) CLK
           Endpoint: (F) retime_s3_79_reg/D
              Clock: (R) CLK

                       Capture       Launch
         Clock Edge:+    2.000        0.000
        Src Latency:+   -0.154       -0.154
        Net Latency:+    0.155 (P)    0.157 (P)
            Arrival:=    2.001        0.003

              Setup:-    0.053
        Uncertainty:-    0.125
      Required Time:=    1.823
       Launch Clock:=    0.003
          Data Path:+    1.791
              Slack:=    0.029

#--------------------------------------------------------------------------------------------------------------------------------------------
# Timing Point                                              Flags  Arc     Edge  Cell                          Fanout  Trans   Delay  Arrival  
#                                                                                                                       (ns)    (ns)     (ns)  
#--------------------------------------------------------------------------------------------------------------------------------------------
  retime_s1_6_reg/CK                                        -      CK      R     (arrival)                         20  0.042       -    0.003  
  retime_s1_6_reg/QN                                        -      CK->QN  R     DFFRPQNA_X1M_A9PP140ZTUL_C35       2  0.042   0.050    0.053  
  cts_opt_inst_FE_OFC246_n_2948/Y                           -      A->Y    F     INV_X2M_A9PP140ZTUL_C35           58  0.039   0.122    0.175  
  g32665__2346/Y                                            -      B->Y    F     AND2_X0P5B_A9PP140ZTUL_C35         2  0.213   0.085    0.260  
  g39405__2802/Y                                            -      A0->Y   R     AOI22_X2M_A9PP140ZTUL_C35          1  0.039   0.049    0.309  
  g39401__1617/Y                                            -      B->Y    R     AND4_X0P5M_A9PP140ZTUL_C35         1  0.074   0.039    0.349  
  g39400__3680/Y                                            -      A->Y    F     NAND3_X1A_A9PP140ZTUL_C35          1  0.023   0.023    0.372  
  place_opt_inst_FE_OFC176_AR_3__AC_7__ACC_add_31_50_n_0/Y  -      A->Y    R     INV_X2M_A9PP140ZTUL_C35           49  0.041   0.140    0.512  
  place_opt_inst_FE_OFC159_AR_3__AC_7__ACC_add_31_50_n_0/Y  -      A->Y    F     INV_X3M_A9PP140ZTUL_C35            6  0.263   0.055    0.567  
  place_opt_inst_FE_OFC174_AR_3__AC_7__ACC_add_31_50_n_0/Y  -      A->Y    R     INV_X3M_A9PP140ZTUL_C35           63  0.100   0.123    0.690  
  g39398__6783/Y                                            -      A->Y    R     AND2_X1M_A9PP140ZTUL_C35          75  0.169   0.351    1.040  
  place_opt_inst_FE_OFC121_AR_0__AC_3__ACC_n_156/Y          -      A->Y    F     INV_X1M_A9PP140ZTUL_C35           51  0.622   0.287    1.327  
  place_opt_inst_FE_OFC228_AR_0__AC_3__ACC_n_156/Y          -      A->Y    F     BUF_X1M_A9PP140ZTUL_C35           70  0.398   0.308    1.635  
  g43897/Y                                                  -      A0->Y   F     AO22_X0P5M_A9PP140ZTUL_C35         1  0.392   0.101    1.736  
  cts_opt_inst_FE_PHC1740_n_1055/Y                          -      A->Y    F     DLY2_X0P5M_A9PP140ZTUL_C35         1  0.048   0.059    1.794  
  retime_s3_79_reg/D                                        -      D       F     DFFRPQA_X1M_A9PP140ZTUL_C35        1  0.026   0.000    1.794  
#--------------------------------------------------------------------------------------------------------------------------------------------
Path 12: MET (0.029 ns) Setup Check with Pin AR[1].AC[2].ACC_add_31_50_retime_s3_135_reg/CK->D
               View: wc_analysis_view
              Group: reg2reg
         Startpoint: (R) retime_s1_6_reg/CK
              Clock: (R) CLK
           Endpoint: (F) AR[1].AC[2].ACC_add_31_50_retime_s3_135_reg/D
              Clock: (R) CLK

                       Capture       Launch
         Clock Edge:+    2.000        0.000
        Src Latency:+   -0.154       -0.154
        Net Latency:+    0.155 (P)    0.157 (P)
            Arrival:=    2.002        0.003

              Setup:-    0.058
        Uncertainty:-    0.125
      Required Time:=    1.818
       Launch Clock:=    0.003
          Data Path:+    1.786
              Slack:=    0.029

#--------------------------------------------------------------------------------------------------------------------------------------------
# Timing Point                                              Flags  Arc     Edge  Cell                          Fanout  Trans   Delay  Arrival  
#                                                                                                                       (ns)    (ns)     (ns)  
#--------------------------------------------------------------------------------------------------------------------------------------------
  retime_s1_6_reg/CK                                        -      CK      R     (arrival)                         20  0.042       -    0.003  
  retime_s1_6_reg/QN                                        -      CK->QN  R     DFFRPQNA_X1M_A9PP140ZTUL_C35       2  0.042   0.050    0.053  
  cts_opt_inst_FE_OFC246_n_2948/Y                           -      A->Y    F     INV_X2M_A9PP140ZTUL_C35           58  0.039   0.122    0.175  
  g32665__2346/Y                                            -      B->Y    F     AND2_X0P5B_A9PP140ZTUL_C35         2  0.213   0.085    0.260  
  g39405__2802/Y                                            -      A0->Y   R     AOI22_X2M_A9PP140ZTUL_C35          1  0.039   0.049    0.309  
  g39401__1617/Y                                            -      B->Y    R     AND4_X0P5M_A9PP140ZTUL_C35         1  0.074   0.039    0.349  
  g39400__3680/Y                                            -      A->Y    F     NAND3_X1A_A9PP140ZTUL_C35          1  0.023   0.023    0.372  
  place_opt_inst_FE_OFC176_AR_3__AC_7__ACC_add_31_50_n_0/Y  -      A->Y    R     INV_X2M_A9PP140ZTUL_C35           49  0.041   0.140    0.512  
  place_opt_inst_FE_OFC159_AR_3__AC_7__ACC_add_31_50_n_0/Y  -      A->Y    F     INV_X3M_A9PP140ZTUL_C35            6  0.263   0.055    0.567  
  place_opt_inst_FE_OFC174_AR_3__AC_7__ACC_add_31_50_n_0/Y  -      A->Y    R     INV_X3M_A9PP140ZTUL_C35           63  0.100   0.123    0.690  
  g39398__6783/Y                                            -      A->Y    R     AND2_X1M_A9PP140ZTUL_C35          75  0.169   0.351    1.040  
  place_opt_inst_FE_OFC121_AR_0__AC_3__ACC_n_156/Y          -      A->Y    F     INV_X1M_A9PP140ZTUL_C35           51  0.622   0.287    1.327  
  place_opt_inst_FE_OFC228_AR_0__AC_3__ACC_n_156/Y          -      A->Y    F     BUF_X1M_A9PP140ZTUL_C35           70  0.398   0.281    1.608  
  AR[1].AC[2].ACC_add_31_50_g1110/Y                         -      A0->Y   F     AO22_X0P5M_A9PP140ZTUL_C35         1  0.387   0.110    1.718  
  cts_opt_inst_FE_PHC2558_AR_1_AC_2_ACC_add_31_50_n_7/Y     -      A->Y    F     DLY2_X0P5M_A9PP140ZTUL_C35         1  0.057   0.071    1.789  
  AR[1].AC[2].ACC_add_31_50_retime_s3_135_reg/D             -      D       F     DFFRPQA_X1M_A9PP140ZTUL_C35        1  0.039   0.000    1.789  
#--------------------------------------------------------------------------------------------------------------------------------------------
Path 13: MET (0.029 ns) Setup Check with Pin retime_s3_1_reg/CK->D
               View: wc_analysis_view
              Group: reg2reg
         Startpoint: (R) retime_s1_6_reg/CK
              Clock: (R) CLK
           Endpoint: (F) retime_s3_1_reg/D
              Clock: (R) CLK

                       Capture       Launch
         Clock Edge:+    2.000        0.000
        Src Latency:+   -0.154       -0.154
        Net Latency:+    0.153 (P)    0.157 (P)
            Arrival:=    2.000        0.003

              Setup:-    0.054
        Uncertainty:-    0.125
      Required Time:=    1.820
       Launch Clock:=    0.003
          Data Path:+    1.788
              Slack:=    0.029

#--------------------------------------------------------------------------------------------------------------------------------------------
# Timing Point                                              Flags  Arc     Edge  Cell                          Fanout  Trans   Delay  Arrival  
#                                                                                                                       (ns)    (ns)     (ns)  
#--------------------------------------------------------------------------------------------------------------------------------------------
  retime_s1_6_reg/CK                                        -      CK      R     (arrival)                         20  0.042       -    0.003  
  retime_s1_6_reg/QN                                        -      CK->QN  R     DFFRPQNA_X1M_A9PP140ZTUL_C35       2  0.042   0.050    0.053  
  cts_opt_inst_FE_OFC246_n_2948/Y                           -      A->Y    F     INV_X2M_A9PP140ZTUL_C35           58  0.039   0.122    0.175  
  g32665__2346/Y                                            -      B->Y    F     AND2_X0P5B_A9PP140ZTUL_C35         2  0.213   0.085    0.260  
  g39405__2802/Y                                            -      A0->Y   R     AOI22_X2M_A9PP140ZTUL_C35          1  0.039   0.049    0.309  
  g39401__1617/Y                                            -      B->Y    R     AND4_X0P5M_A9PP140ZTUL_C35         1  0.074   0.039    0.349  
  g39400__3680/Y                                            -      A->Y    F     NAND3_X1A_A9PP140ZTUL_C35          1  0.023   0.023    0.372  
  place_opt_inst_FE_OFC176_AR_3__AC_7__ACC_add_31_50_n_0/Y  -      A->Y    R     INV_X2M_A9PP140ZTUL_C35           49  0.041   0.140    0.512  
  place_opt_inst_FE_OFC159_AR_3__AC_7__ACC_add_31_50_n_0/Y  -      A->Y    F     INV_X3M_A9PP140ZTUL_C35            6  0.263   0.055    0.567  
  place_opt_inst_FE_OFC174_AR_3__AC_7__ACC_add_31_50_n_0/Y  -      A->Y    R     INV_X3M_A9PP140ZTUL_C35           63  0.100   0.123    0.690  
  g39398__6783/Y                                            -      A->Y    R     AND2_X1M_A9PP140ZTUL_C35          75  0.169   0.351    1.040  
  place_opt_inst_FE_OFC121_AR_0__AC_3__ACC_n_156/Y          -      A->Y    F     INV_X1M_A9PP140ZTUL_C35           51  0.622   0.287    1.327  
  place_opt_inst_FE_OFC228_AR_0__AC_3__ACC_n_156/Y          -      A->Y    F     BUF_X1M_A9PP140ZTUL_C35           70  0.398   0.308    1.635  
  g43930/Y                                                  -      A0->Y   F     AO22_X0P5M_A9PP140ZTUL_C35         1  0.392   0.100    1.735  
  cts_opt_inst_FE_PHC1713_n_1022/Y                          -      A->Y    F     DLY2_X0P5M_A9PP140ZTUL_C35         1  0.047   0.056    1.791  
  retime_s3_1_reg/D                                         -      D       F     DFFRPQA_X1M_A9PP140ZTUL_C35        1  0.024   0.000    1.791  
#--------------------------------------------------------------------------------------------------------------------------------------------
Path 14: MET (0.030 ns) Setup Check with Pin retime_s3_105_reg/CK->D
               View: wc_analysis_view
              Group: reg2reg
         Startpoint: (R) retime_s1_6_reg/CK
              Clock: (R) CLK
           Endpoint: (F) retime_s3_105_reg/D
              Clock: (R) CLK

                       Capture       Launch
         Clock Edge:+    2.000        0.000
        Src Latency:+   -0.154       -0.154
        Net Latency:+    0.155 (P)    0.157 (P)
            Arrival:=    2.001        0.003

              Setup:-    0.073
        Uncertainty:-    0.125
      Required Time:=    1.803
       Launch Clock:=    0.003
          Data Path:+    1.770
              Slack:=    0.030

#--------------------------------------------------------------------------------------------------------------------------------------------
# Timing Point                                              Flags  Arc     Edge  Cell                          Fanout  Trans   Delay  Arrival  
#                                                                                                                       (ns)    (ns)     (ns)  
#--------------------------------------------------------------------------------------------------------------------------------------------
  retime_s1_6_reg/CK                                        -      CK      R     (arrival)                         20  0.042       -    0.003  
  retime_s1_6_reg/QN                                        -      CK->QN  F     DFFRPQNA_X1M_A9PP140ZTUL_C35       2  0.042   0.056    0.060  
  cts_opt_inst_FE_OFC246_n_2948/Y                           -      A->Y    R     INV_X2M_A9PP140ZTUL_C35           58  0.035   0.144    0.204  
  g32665__2346/Y                                            -      B->Y    R     AND2_X0P5B_A9PP140ZTUL_C35         2  0.251   0.041    0.245  
  g39405__2802/Y                                            -      A0->Y   F     AOI22_X2M_A9PP140ZTUL_C35          1  0.039   0.043    0.287  
  g39401__1617/Y                                            -      B->Y    F     AND4_X0P5M_A9PP140ZTUL_C35         1  0.078   0.049    0.336  
  g39400__3680/Y                                            -      A->Y    R     NAND3_X1A_A9PP140ZTUL_C35          1  0.019   0.020    0.356  
  place_opt_inst_FE_OFC176_AR_3__AC_7__ACC_add_31_50_n_0/Y  -      A->Y    F     INV_X2M_A9PP140ZTUL_C35           49  0.034   0.112    0.469  
  place_opt_inst_FE_OFC159_AR_3__AC_7__ACC_add_31_50_n_0/Y  -      A->Y    R     INV_X3M_A9PP140ZTUL_C35            6  0.222   0.082    0.550  
  place_opt_inst_FE_OFC174_AR_3__AC_7__ACC_add_31_50_n_0/Y  -      A->Y    F     INV_X3M_A9PP140ZTUL_C35           63  0.098   0.102    0.652  
  g39398__6783/Y                                            -      A->Y    F     AND2_X1M_A9PP140ZTUL_C35          75  0.149   0.329    0.981  
  place_opt_inst_FE_OFC121_AR_0__AC_3__ACC_n_156/Y          -      A->Y    R     INV_X1M_A9PP140ZTUL_C35           51  0.511   0.355    1.337  
  place_opt_inst_FE_OFC122_AR_0__AC_3__ACC_n_156/Y          -      A->Y    F     INV_X1M_A9PP140ZTUL_C35           26  0.443   0.175    1.512  
  g43905/Y                                                  -      B0->Y   F     AO22_X0P5M_A9PP140ZTUL_C35         1  0.245   0.100    1.612  
  cts_opt_inst_FE_PHC1576_n_1047/Y                          -      A->Y    F     DLY4_X0P5M_A9PP140ZTUL_C35         2  0.069   0.161    1.773  
  retime_s3_105_reg/D                                       -      D       F     DFFRPQA_X1M_A9PP140ZTUL_C35        2  0.091   0.000    1.773  
#--------------------------------------------------------------------------------------------------------------------------------------------
Path 15: MET (0.030 ns) Setup Check with Pin retime_s3_110_reg/CK->D
               View: wc_analysis_view
              Group: reg2reg
         Startpoint: (R) retime_s1_6_reg/CK
              Clock: (R) CLK
           Endpoint: (F) retime_s3_110_reg/D
              Clock: (R) CLK

                       Capture       Launch
         Clock Edge:+    2.000        0.000
        Src Latency:+   -0.154       -0.154
        Net Latency:+    0.155 (P)    0.157 (P)
            Arrival:=    2.001        0.003

              Setup:-    0.068
        Uncertainty:-    0.125
      Required Time:=    1.808
       Launch Clock:=    0.003
          Data Path:+    1.775
              Slack:=    0.030

#--------------------------------------------------------------------------------------------------------------------------------------------
# Timing Point                                              Flags  Arc     Edge  Cell                          Fanout  Trans   Delay  Arrival  
#                                                                                                                       (ns)    (ns)     (ns)  
#--------------------------------------------------------------------------------------------------------------------------------------------
  retime_s1_6_reg/CK                                        -      CK      R     (arrival)                         20  0.042       -    0.003  
  retime_s1_6_reg/QN                                        -      CK->QN  F     DFFRPQNA_X1M_A9PP140ZTUL_C35       2  0.042   0.056    0.060  
  cts_opt_inst_FE_OFC246_n_2948/Y                           -      A->Y    R     INV_X2M_A9PP140ZTUL_C35           58  0.035   0.144    0.204  
  g32665__2346/Y                                            -      B->Y    R     AND2_X0P5B_A9PP140ZTUL_C35         2  0.251   0.041    0.245  
  g39405__2802/Y                                            -      A0->Y   F     AOI22_X2M_A9PP140ZTUL_C35          1  0.039   0.043    0.287  
  g39401__1617/Y                                            -      B->Y    F     AND4_X0P5M_A9PP140ZTUL_C35         1  0.078   0.049    0.336  
  g39400__3680/Y                                            -      A->Y    R     NAND3_X1A_A9PP140ZTUL_C35          1  0.019   0.020    0.356  
  place_opt_inst_FE_OFC176_AR_3__AC_7__ACC_add_31_50_n_0/Y  -      A->Y    F     INV_X2M_A9PP140ZTUL_C35           49  0.034   0.112    0.469  
  place_opt_inst_FE_OFC159_AR_3__AC_7__ACC_add_31_50_n_0/Y  -      A->Y    R     INV_X3M_A9PP140ZTUL_C35            6  0.222   0.082    0.550  
  place_opt_inst_FE_OFC174_AR_3__AC_7__ACC_add_31_50_n_0/Y  -      A->Y    F     INV_X3M_A9PP140ZTUL_C35           63  0.098   0.102    0.652  
  g39398__6783/Y                                            -      A->Y    F     AND2_X1M_A9PP140ZTUL_C35          75  0.149   0.329    0.981  
  place_opt_inst_FE_OFC121_AR_0__AC_3__ACC_n_156/Y          -      A->Y    R     INV_X1M_A9PP140ZTUL_C35           51  0.511   0.355    1.337  
  place_opt_inst_FE_OFC122_AR_0__AC_3__ACC_n_156/Y          -      A->Y    F     INV_X1M_A9PP140ZTUL_C35           26  0.443   0.175    1.512  
  g43907/Y                                                  -      B0->Y   F     AO22_X0P5M_A9PP140ZTUL_C35         1  0.245   0.109    1.621  
  cts_opt_inst_FE_PHC1642_n_1045/Y                          -      A->Y    F     DLY4_X0P5M_A9PP140ZTUL_C35         1  0.082   0.157    1.778  
  retime_s3_110_reg/D                                       -      D       F     DFFRPQA_X1M_A9PP140ZTUL_C35        1  0.074   0.000    1.778  
#--------------------------------------------------------------------------------------------------------------------------------------------
Path 16: MET (0.035 ns) Setup Check with Pin retime_s3_83_reg/CK->D
               View: wc_analysis_view
              Group: reg2reg
         Startpoint: (R) retime_s1_6_reg/CK
              Clock: (R) CLK
           Endpoint: (F) retime_s3_83_reg/D
              Clock: (R) CLK

                       Capture       Launch
         Clock Edge:+    2.000        0.000
        Src Latency:+   -0.154       -0.154
        Net Latency:+    0.155 (P)    0.157 (P)
            Arrival:=    2.001        0.003

              Setup:-    0.052
        Uncertainty:-    0.125
      Required Time:=    1.824
       Launch Clock:=    0.003
          Data Path:+    1.786
              Slack:=    0.035

#--------------------------------------------------------------------------------------------------------------------------------------------
# Timing Point                                              Flags  Arc     Edge  Cell                          Fanout  Trans   Delay  Arrival  
#                                                                                                                       (ns)    (ns)     (ns)  
#--------------------------------------------------------------------------------------------------------------------------------------------
  retime_s1_6_reg/CK                                        -      CK      R     (arrival)                         20  0.042       -    0.003  
  retime_s1_6_reg/QN                                        -      CK->QN  R     DFFRPQNA_X1M_A9PP140ZTUL_C35       2  0.042   0.050    0.053  
  cts_opt_inst_FE_OFC246_n_2948/Y                           -      A->Y    F     INV_X2M_A9PP140ZTUL_C35           58  0.039   0.122    0.175  
  g32665__2346/Y                                            -      B->Y    F     AND2_X0P5B_A9PP140ZTUL_C35         2  0.213   0.085    0.260  
  g39405__2802/Y                                            -      A0->Y   R     AOI22_X2M_A9PP140ZTUL_C35          1  0.039   0.049    0.309  
  g39401__1617/Y                                            -      B->Y    R     AND4_X0P5M_A9PP140ZTUL_C35         1  0.074   0.039    0.349  
  g39400__3680/Y                                            -      A->Y    F     NAND3_X1A_A9PP140ZTUL_C35          1  0.023   0.023    0.372  
  place_opt_inst_FE_OFC176_AR_3__AC_7__ACC_add_31_50_n_0/Y  -      A->Y    R     INV_X2M_A9PP140ZTUL_C35           49  0.041   0.140    0.512  
  place_opt_inst_FE_OFC159_AR_3__AC_7__ACC_add_31_50_n_0/Y  -      A->Y    F     INV_X3M_A9PP140ZTUL_C35            6  0.263   0.055    0.567  
  place_opt_inst_FE_OFC174_AR_3__AC_7__ACC_add_31_50_n_0/Y  -      A->Y    R     INV_X3M_A9PP140ZTUL_C35           63  0.100   0.123    0.690  
  g39398__6783/Y                                            -      A->Y    R     AND2_X1M_A9PP140ZTUL_C35          75  0.169   0.351    1.040  
  place_opt_inst_FE_OFC121_AR_0__AC_3__ACC_n_156/Y          -      A->Y    F     INV_X1M_A9PP140ZTUL_C35           51  0.622   0.287    1.327  
  place_opt_inst_FE_OFC228_AR_0__AC_3__ACC_n_156/Y          -      A->Y    F     BUF_X1M_A9PP140ZTUL_C35           70  0.398   0.308    1.635  
  g43899/Y                                                  -      A0->Y   F     AO22_X0P5M_A9PP140ZTUL_C35         1  0.392   0.100    1.735  
  cts_opt_inst_FE_PHC1747_n_1053/Y                          -      A->Y    F     DLY2_X0P5M_A9PP140ZTUL_C35         1  0.047   0.054    1.789  
  retime_s3_83_reg/D                                        -      D       F     DFFRPQA_X1M_A9PP140ZTUL_C35        1  0.021   0.000    1.789  
#--------------------------------------------------------------------------------------------------------------------------------------------
Path 17: MET (0.036 ns) Setup Check with Pin ro_reg[0][1][2]/CK->D
               View: wc_analysis_view
              Group: reg2reg
         Startpoint: (R) retime_s1_6_reg/CK
              Clock: (R) CLK
           Endpoint: (R) ro_reg[0][1][2]/D
              Clock: (R) CLK

                       Capture       Launch
         Clock Edge:+    2.000        0.000
        Src Latency:+   -0.154       -0.154
        Net Latency:+    0.158 (P)    0.157 (P)
            Arrival:=    2.004        0.003

              Setup:-    0.018
        Uncertainty:-    0.125
      Required Time:=    1.861
       Launch Clock:=    0.003
          Data Path:+    1.822
              Slack:=    0.036

#---------------------------------------------------------------------------------------------------------------------
# Timing Point                      Flags  Arc     Edge  Cell                           Fanout  Trans   Delay  Arrival  
#                                                                                                (ns)    (ns)     (ns)  
#---------------------------------------------------------------------------------------------------------------------
  retime_s1_6_reg/CK                -      CK      R     (arrival)                          20  0.042       -    0.003  
  retime_s1_6_reg/QN                -      CK->QN  R     DFFRPQNA_X1M_A9PP140ZTUL_C35        2  0.042   0.050    0.053  
  cts_opt_inst_FE_OFC246_n_2948/Y   -      A->Y    F     INV_X2M_A9PP140ZTUL_C35            58  0.039   0.096    0.150  
  g32670__2398/Y                    -      A->Y    F     AND2_X0P5B_A9PP140ZTUL_C35          2  0.206   0.092    0.242  
  g39858__6131/Y                    -      A->Y    R     NAND2XB_X0P5M_A9PP140ZTUL_C35      34  0.051   0.341    0.583  
  g44756/Y                          -      A->Y    F     INV_X0P5B_A9PP140ZTUL_C35          35  0.627   0.396    0.978  
  g44708/Y                          -      B->Y    R     NOR2_X0P5A_A9PP140ZTUL_C35         17  0.572   0.432    1.411  
  g44691/Y                          -      A->Y    F     INV_X0P5B_A9PP140ZTUL_C35          16  0.512   0.171    1.582  
  g41718/Y                          -      B0->Y   R     OAI22_X0P5M_A9PP140ZTUL_C35         1  0.270   0.137    1.719  
  cts_opt_inst_FE_PHC2522_n_2004/Y  -      A->Y    R     DLY2_X0P5M_A9PP140ZTUL_C35          1  0.202   0.083    1.802  
  cts_opt_inst_FE_PHC3105_n_2004/Y  -      A->Y    R     BUFH_X1M_A9PP140ZTUL_C35            1  0.074   0.024    1.825  
  ro_reg[0][1][2]/D                 -      D       R     DFFRPQNA_X1M_A9PP140ZTUL_C35        1  0.016   0.000    1.825  
#---------------------------------------------------------------------------------------------------------------------
Path 18: MET (0.037 ns) Setup Check with Pin retime_s3_98_reg/CK->D
               View: wc_analysis_view
              Group: reg2reg
         Startpoint: (R) retime_s1_6_reg/CK
              Clock: (R) CLK
           Endpoint: (F) retime_s3_98_reg/D
              Clock: (R) CLK

                       Capture       Launch
         Clock Edge:+    2.000        0.000
        Src Latency:+   -0.154       -0.154
        Net Latency:+    0.155 (P)    0.157 (P)
            Arrival:=    2.001        0.003

              Setup:-    0.053
        Uncertainty:-    0.125
      Required Time:=    1.823
       Launch Clock:=    0.003
          Data Path:+    1.783
              Slack:=    0.037

#--------------------------------------------------------------------------------------------------------------------------------------------
# Timing Point                                              Flags  Arc     Edge  Cell                          Fanout  Trans   Delay  Arrival  
#                                                                                                                       (ns)    (ns)     (ns)  
#--------------------------------------------------------------------------------------------------------------------------------------------
  retime_s1_6_reg/CK                                        -      CK      R     (arrival)                         20  0.042       -    0.003  
  retime_s1_6_reg/QN                                        -      CK->QN  R     DFFRPQNA_X1M_A9PP140ZTUL_C35       2  0.042   0.050    0.053  
  cts_opt_inst_FE_OFC246_n_2948/Y                           -      A->Y    F     INV_X2M_A9PP140ZTUL_C35           58  0.039   0.122    0.175  
  g32665__2346/Y                                            -      B->Y    F     AND2_X0P5B_A9PP140ZTUL_C35         2  0.213   0.085    0.260  
  g39405__2802/Y                                            -      A0->Y   R     AOI22_X2M_A9PP140ZTUL_C35          1  0.039   0.049    0.309  
  g39401__1617/Y                                            -      B->Y    R     AND4_X0P5M_A9PP140ZTUL_C35         1  0.074   0.039    0.349  
  g39400__3680/Y                                            -      A->Y    F     NAND3_X1A_A9PP140ZTUL_C35          1  0.023   0.023    0.372  
  place_opt_inst_FE_OFC176_AR_3__AC_7__ACC_add_31_50_n_0/Y  -      A->Y    R     INV_X2M_A9PP140ZTUL_C35           49  0.041   0.140    0.512  
  place_opt_inst_FE_OFC159_AR_3__AC_7__ACC_add_31_50_n_0/Y  -      A->Y    F     INV_X3M_A9PP140ZTUL_C35            6  0.263   0.055    0.567  
  place_opt_inst_FE_OFC174_AR_3__AC_7__ACC_add_31_50_n_0/Y  -      A->Y    R     INV_X3M_A9PP140ZTUL_C35           63  0.100   0.123    0.690  
  g39398__6783/Y                                            -      A->Y    R     AND2_X1M_A9PP140ZTUL_C35          75  0.169   0.351    1.040  
  place_opt_inst_FE_OFC121_AR_0__AC_3__ACC_n_156/Y          -      A->Y    F     INV_X1M_A9PP140ZTUL_C35           51  0.622   0.287    1.327  
  place_opt_inst_FE_OFC228_AR_0__AC_3__ACC_n_156/Y          -      A->Y    F     BUF_X1M_A9PP140ZTUL_C35           70  0.398   0.308    1.635  
  g43903/Y                                                  -      A0->Y   F     AO22_X0P5M_A9PP140ZTUL_C35         1  0.392   0.096    1.730  
  cts_opt_inst_FE_PHC1709_n_1049/Y                          -      A->Y    F     DLY2_X0P5M_A9PP140ZTUL_C35         1  0.043   0.056    1.786  
  retime_s3_98_reg/D                                        -      D       F     DFFRPQA_X1M_A9PP140ZTUL_C35        1  0.024   0.000    1.786  
#--------------------------------------------------------------------------------------------------------------------------------------------
Path 19: MET (0.038 ns) Setup Check with Pin retime_s3_211_reg/CK->D
               View: wc_analysis_view
              Group: reg2reg
         Startpoint: (R) retime_s1_6_reg/CK
              Clock: (R) CLK
           Endpoint: (F) retime_s3_211_reg/D
              Clock: (R) CLK

                       Capture       Launch
         Clock Edge:+    2.000        0.000
        Src Latency:+   -0.154       -0.154
        Net Latency:+    0.155 (P)    0.157 (P)
            Arrival:=    2.001        0.003

              Setup:-    0.069
        Uncertainty:-    0.125
      Required Time:=    1.807
       Launch Clock:=    0.003
          Data Path:+    1.766
              Slack:=    0.038

#--------------------------------------------------------------------------------------------------------------------------------------------
# Timing Point                                              Flags  Arc     Edge  Cell                          Fanout  Trans   Delay  Arrival  
#                                                                                                                       (ns)    (ns)     (ns)  
#--------------------------------------------------------------------------------------------------------------------------------------------
  retime_s1_6_reg/CK                                        -      CK      R     (arrival)                         20  0.042       -    0.003  
  retime_s1_6_reg/QN                                        -      CK->QN  F     DFFRPQNA_X1M_A9PP140ZTUL_C35       2  0.042   0.056    0.060  
  cts_opt_inst_FE_OFC246_n_2948/Y                           -      A->Y    R     INV_X2M_A9PP140ZTUL_C35           58  0.035   0.144    0.204  
  g32665__2346/Y                                            -      B->Y    R     AND2_X0P5B_A9PP140ZTUL_C35         2  0.251   0.041    0.245  
  g39405__2802/Y                                            -      A0->Y   F     AOI22_X2M_A9PP140ZTUL_C35          1  0.039   0.043    0.287  
  g39401__1617/Y                                            -      B->Y    F     AND4_X0P5M_A9PP140ZTUL_C35         1  0.078   0.049    0.336  
  g39400__3680/Y                                            -      A->Y    R     NAND3_X1A_A9PP140ZTUL_C35          1  0.019   0.020    0.356  
  place_opt_inst_FE_OFC176_AR_3__AC_7__ACC_add_31_50_n_0/Y  -      A->Y    F     INV_X2M_A9PP140ZTUL_C35           49  0.034   0.112    0.469  
  place_opt_inst_FE_OFC159_AR_3__AC_7__ACC_add_31_50_n_0/Y  -      A->Y    R     INV_X3M_A9PP140ZTUL_C35            6  0.222   0.082    0.550  
  place_opt_inst_FE_OFC174_AR_3__AC_7__ACC_add_31_50_n_0/Y  -      A->Y    F     INV_X3M_A9PP140ZTUL_C35           63  0.098   0.102    0.652  
  g39398__6783/Y                                            -      A->Y    F     AND2_X1M_A9PP140ZTUL_C35          75  0.149   0.329    0.981  
  place_opt_inst_FE_OFC121_AR_0__AC_3__ACC_n_156/Y          -      A->Y    R     INV_X1M_A9PP140ZTUL_C35           51  0.511   0.355    1.337  
  place_opt_inst_FE_OFC122_AR_0__AC_3__ACC_n_156/Y          -      A->Y    F     INV_X1M_A9PP140ZTUL_C35           26  0.443   0.175    1.512  
  g43910/Y                                                  -      B0->Y   F     AO22_X0P5M_A9PP140ZTUL_C35         1  0.245   0.104    1.615  
  cts_opt_inst_FE_PHC1214_n_1042/Y                          -      A->Y    F     DLY4_X0P5M_A9PP140ZTUL_C35         2  0.074   0.154    1.770  
  retime_s3_211_reg/D                                       -      D       F     DFFRPQA_X1M_A9PP140ZTUL_C35        2  0.075   0.000    1.770  
#--------------------------------------------------------------------------------------------------------------------------------------------
Path 20: MET (0.038 ns) Setup Check with Pin retime_s3_231_reg/CK->D
               View: wc_analysis_view
              Group: reg2reg
         Startpoint: (R) retime_s1_6_reg/CK
              Clock: (R) CLK
           Endpoint: (F) retime_s3_231_reg/D
              Clock: (R) CLK

                       Capture       Launch
         Clock Edge:+    2.000        0.000
        Src Latency:+   -0.154       -0.154
        Net Latency:+    0.155 (P)    0.157 (P)
            Arrival:=    2.001        0.003

              Setup:-    0.052
        Uncertainty:-    0.125
      Required Time:=    1.824
       Launch Clock:=    0.003
          Data Path:+    1.783
              Slack:=    0.038

#--------------------------------------------------------------------------------------------------------------------------------------------
# Timing Point                                              Flags  Arc     Edge  Cell                          Fanout  Trans   Delay  Arrival  
#                                                                                                                       (ns)    (ns)     (ns)  
#--------------------------------------------------------------------------------------------------------------------------------------------
  retime_s1_6_reg/CK                                        -      CK      R     (arrival)                         20  0.042       -    0.003  
  retime_s1_6_reg/QN                                        -      CK->QN  R     DFFRPQNA_X1M_A9PP140ZTUL_C35       2  0.042   0.050    0.053  
  cts_opt_inst_FE_OFC246_n_2948/Y                           -      A->Y    F     INV_X2M_A9PP140ZTUL_C35           58  0.039   0.122    0.175  
  g32665__2346/Y                                            -      B->Y    F     AND2_X0P5B_A9PP140ZTUL_C35         2  0.213   0.085    0.260  
  g39405__2802/Y                                            -      A0->Y   R     AOI22_X2M_A9PP140ZTUL_C35          1  0.039   0.049    0.309  
  g39401__1617/Y                                            -      B->Y    R     AND4_X0P5M_A9PP140ZTUL_C35         1  0.074   0.039    0.349  
  g39400__3680/Y                                            -      A->Y    F     NAND3_X1A_A9PP140ZTUL_C35          1  0.023   0.023    0.372  
  place_opt_inst_FE_OFC176_AR_3__AC_7__ACC_add_31_50_n_0/Y  -      A->Y    R     INV_X2M_A9PP140ZTUL_C35           49  0.041   0.140    0.512  
  place_opt_inst_FE_OFC159_AR_3__AC_7__ACC_add_31_50_n_0/Y  -      A->Y    F     INV_X3M_A9PP140ZTUL_C35            6  0.263   0.055    0.567  
  place_opt_inst_FE_OFC174_AR_3__AC_7__ACC_add_31_50_n_0/Y  -      A->Y    R     INV_X3M_A9PP140ZTUL_C35           63  0.100   0.123    0.690  
  g39398__6783/Y                                            -      A->Y    R     AND2_X1M_A9PP140ZTUL_C35          75  0.169   0.351    1.040  
  place_opt_inst_FE_OFC121_AR_0__AC_3__ACC_n_156/Y          -      A->Y    F     INV_X1M_A9PP140ZTUL_C35           51  0.622   0.287    1.327  
  place_opt_inst_FE_OFC228_AR_0__AC_3__ACC_n_156/Y          -      A->Y    F     BUF_X1M_A9PP140ZTUL_C35           70  0.398   0.305    1.633  
  g43911/Y                                                  -      A0->Y   F     AO22_X0P5M_A9PP140ZTUL_C35         1  0.392   0.100    1.732  
  cts_opt_inst_FE_PHC1743_n_1041/Y                          -      A->Y    F     DLY2_X0P5M_A9PP140ZTUL_C35         1  0.047   0.054    1.786  
  retime_s3_231_reg/D                                       -      D       F     DFFRPQA_X1M_A9PP140ZTUL_C35        1  0.021   0.000    1.786  
#--------------------------------------------------------------------------------------------------------------------------------------------
Path 21: MET (0.038 ns) Setup Check with Pin ro_reg[0][1][11]/CK->D
               View: wc_analysis_view
              Group: reg2reg
         Startpoint: (R) retime_s1_6_reg/CK
              Clock: (R) CLK
           Endpoint: (R) ro_reg[0][1][11]/D
              Clock: (R) CLK

                       Capture       Launch
         Clock Edge:+    2.000        0.000
        Src Latency:+   -0.154       -0.154
        Net Latency:+    0.158 (P)    0.157 (P)
            Arrival:=    2.004        0.003

              Setup:-    0.019
        Uncertainty:-    0.125
      Required Time:=    1.860
       Launch Clock:=    0.003
          Data Path:+    1.819
              Slack:=    0.038

#---------------------------------------------------------------------------------------------------------------------
# Timing Point                      Flags  Arc     Edge  Cell                           Fanout  Trans   Delay  Arrival  
#                                                                                                (ns)    (ns)     (ns)  
#---------------------------------------------------------------------------------------------------------------------
  retime_s1_6_reg/CK                -      CK      R     (arrival)                          20  0.042       -    0.003  
  retime_s1_6_reg/QN                -      CK->QN  R     DFFRPQNA_X1M_A9PP140ZTUL_C35        2  0.042   0.050    0.053  
  cts_opt_inst_FE_OFC246_n_2948/Y   -      A->Y    F     INV_X2M_A9PP140ZTUL_C35            58  0.039   0.096    0.150  
  g32670__2398/Y                    -      A->Y    F     AND2_X0P5B_A9PP140ZTUL_C35          2  0.206   0.092    0.242  
  g39858__6131/Y                    -      A->Y    R     NAND2XB_X0P5M_A9PP140ZTUL_C35      34  0.051   0.341    0.583  
  g44756/Y                          -      A->Y    F     INV_X0P5B_A9PP140ZTUL_C35          35  0.627   0.396    0.978  
  g44708/Y                          -      B->Y    R     NOR2_X0P5A_A9PP140ZTUL_C35         17  0.572   0.432    1.411  
  g44691/Y                          -      A->Y    F     INV_X0P5B_A9PP140ZTUL_C35          16  0.512   0.171    1.581  
  g41729/Y                          -      B0->Y   R     OAI22_X0P5M_A9PP140ZTUL_C35         1  0.270   0.156    1.737  
  cts_opt_inst_FE_PHC2542_n_1993/Y  -      A->Y    R     DLY2_X0P5M_A9PP140ZTUL_C35          1  0.228   0.085    1.822  
  ro_reg[0][1][11]/D                -      D       R     DFFRPQNA_X1M_A9PP140ZTUL_C35        1  0.077   0.000    1.822  
#---------------------------------------------------------------------------------------------------------------------
Path 22: MET (0.039 ns) Setup Check with Pin retime_s5_116_reg/CK->D
               View: wc_analysis_view
              Group: reg2reg
         Startpoint: (R) retime_s1_6_reg/CK
              Clock: (R) CLK
           Endpoint: (F) retime_s5_116_reg/D
              Clock: (R) CLK

                       Capture       Launch
         Clock Edge:+    2.000        0.000
        Src Latency:+   -0.154       -0.154
        Net Latency:+    0.155 (P)    0.157 (P)
            Arrival:=    2.001        0.003

              Setup:-    0.065
        Uncertainty:-    0.125
      Required Time:=    1.811
       Launch Clock:=    0.003
          Data Path:+    1.769
              Slack:=    0.039

#--------------------------------------------------------------------------------------------------------------------------------------------
# Timing Point                                              Flags  Arc     Edge  Cell                          Fanout  Trans   Delay  Arrival  
#                                                                                                                       (ns)    (ns)     (ns)  
#--------------------------------------------------------------------------------------------------------------------------------------------
  retime_s1_6_reg/CK                                        -      CK      R     (arrival)                         20  0.042       -    0.003  
  retime_s1_6_reg/QN                                        -      CK->QN  F     DFFRPQNA_X1M_A9PP140ZTUL_C35       2  0.042   0.056    0.060  
  cts_opt_inst_FE_OFC246_n_2948/Y                           -      A->Y    R     INV_X2M_A9PP140ZTUL_C35           58  0.035   0.144    0.204  
  g32665__2346/Y                                            -      B->Y    R     AND2_X0P5B_A9PP140ZTUL_C35         2  0.251   0.041    0.245  
  g39405__2802/Y                                            -      A0->Y   F     AOI22_X2M_A9PP140ZTUL_C35          1  0.039   0.043    0.287  
  g39401__1617/Y                                            -      B->Y    F     AND4_X0P5M_A9PP140ZTUL_C35         1  0.078   0.049    0.336  
  g39400__3680/Y                                            -      A->Y    R     NAND3_X1A_A9PP140ZTUL_C35          1  0.019   0.020    0.356  
  place_opt_inst_FE_OFC176_AR_3__AC_7__ACC_add_31_50_n_0/Y  -      A->Y    F     INV_X2M_A9PP140ZTUL_C35           49  0.034   0.112    0.469  
  place_opt_inst_FE_OFC159_AR_3__AC_7__ACC_add_31_50_n_0/Y  -      A->Y    R     INV_X3M_A9PP140ZTUL_C35            6  0.222   0.082    0.550  
  place_opt_inst_FE_OFC174_AR_3__AC_7__ACC_add_31_50_n_0/Y  -      A->Y    F     INV_X3M_A9PP140ZTUL_C35           63  0.098   0.102    0.652  
  g39398__6783/Y                                            -      A->Y    F     AND2_X1M_A9PP140ZTUL_C35          75  0.149   0.329    0.981  
  place_opt_inst_FE_OFC121_AR_0__AC_3__ACC_n_156/Y          -      A->Y    R     INV_X1M_A9PP140ZTUL_C35           51  0.511   0.355    1.337  
  place_opt_inst_FE_OFC122_AR_0__AC_3__ACC_n_156/Y          -      A->Y    F     INV_X1M_A9PP140ZTUL_C35           26  0.443   0.175    1.512  
  g43927/Y                                                  -      B0->Y   F     AO22_X0P5M_A9PP140ZTUL_C35         1  0.245   0.110    1.622  
  cts_opt_inst_FE_PHC1515_n_1025/Y                          -      A->Y    F     DLY4_X0P5M_A9PP140ZTUL_C35         1  0.084   0.151    1.773  
  retime_s5_116_reg/D                                       -      D       F     DFFRPQA_X1M_A9PP140ZTUL_C35        1  0.062   0.000    1.773  
#--------------------------------------------------------------------------------------------------------------------------------------------
Path 23: MET (0.040 ns) Setup Check with Pin retime_s3_3_reg/CK->D
               View: wc_analysis_view
              Group: reg2reg
         Startpoint: (R) retime_s1_6_reg/CK
              Clock: (R) CLK
           Endpoint: (F) retime_s3_3_reg/D
              Clock: (R) CLK

                       Capture       Launch
         Clock Edge:+    2.000        0.000
        Src Latency:+   -0.154       -0.154
        Net Latency:+    0.155 (P)    0.157 (P)
            Arrival:=    2.001        0.003

              Setup:-    0.051
        Uncertainty:-    0.125
      Required Time:=    1.825
       Launch Clock:=    0.003
          Data Path:+    1.781
              Slack:=    0.040

#--------------------------------------------------------------------------------------------------------------------------------------------
# Timing Point                                              Flags  Arc     Edge  Cell                          Fanout  Trans   Delay  Arrival  
#                                                                                                                       (ns)    (ns)     (ns)  
#--------------------------------------------------------------------------------------------------------------------------------------------
  retime_s1_6_reg/CK                                        -      CK      R     (arrival)                         20  0.042       -    0.003  
  retime_s1_6_reg/QN                                        -      CK->QN  R     DFFRPQNA_X1M_A9PP140ZTUL_C35       2  0.042   0.050    0.053  
  cts_opt_inst_FE_OFC246_n_2948/Y                           -      A->Y    F     INV_X2M_A9PP140ZTUL_C35           58  0.039   0.122    0.175  
  g32665__2346/Y                                            -      B->Y    F     AND2_X0P5B_A9PP140ZTUL_C35         2  0.213   0.085    0.260  
  g39405__2802/Y                                            -      A0->Y   R     AOI22_X2M_A9PP140ZTUL_C35          1  0.039   0.049    0.309  
  g39401__1617/Y                                            -      B->Y    R     AND4_X0P5M_A9PP140ZTUL_C35         1  0.074   0.039    0.349  
  g39400__3680/Y                                            -      A->Y    F     NAND3_X1A_A9PP140ZTUL_C35          1  0.023   0.023    0.372  
  place_opt_inst_FE_OFC176_AR_3__AC_7__ACC_add_31_50_n_0/Y  -      A->Y    R     INV_X2M_A9PP140ZTUL_C35           49  0.041   0.140    0.512  
  place_opt_inst_FE_OFC159_AR_3__AC_7__ACC_add_31_50_n_0/Y  -      A->Y    F     INV_X3M_A9PP140ZTUL_C35            6  0.263   0.055    0.567  
  place_opt_inst_FE_OFC174_AR_3__AC_7__ACC_add_31_50_n_0/Y  -      A->Y    R     INV_X3M_A9PP140ZTUL_C35           63  0.100   0.123    0.690  
  g39398__6783/Y                                            -      A->Y    R     AND2_X1M_A9PP140ZTUL_C35          75  0.169   0.351    1.040  
  place_opt_inst_FE_OFC121_AR_0__AC_3__ACC_n_156/Y          -      A->Y    F     INV_X1M_A9PP140ZTUL_C35           51  0.622   0.287    1.327  
  place_opt_inst_FE_OFC228_AR_0__AC_3__ACC_n_156/Y          -      A->Y    F     BUF_X1M_A9PP140ZTUL_C35           70  0.398   0.308    1.635  
  g43931/Y                                                  -      A0->Y   F     AO22_X0P5M_A9PP140ZTUL_C35         1  0.392   0.098    1.733  
  cts_opt_inst_FE_PHC1716_n_1021/Y                          -      A->Y    F     DLY2_X0P5M_A9PP140ZTUL_C35         1  0.045   0.052    1.784  
  retime_s3_3_reg/D                                         -      D       F     DFFRPQA_X1M_A9PP140ZTUL_C35        1  0.019   0.000    1.784  
#--------------------------------------------------------------------------------------------------------------------------------------------
Path 24: MET (0.044 ns) Setup Check with Pin retime_s3_75_reg/CK->D
               View: wc_analysis_view
              Group: reg2reg
         Startpoint: (R) retime_s1_6_reg/CK
              Clock: (R) CLK
           Endpoint: (F) retime_s3_75_reg/D
              Clock: (R) CLK

                       Capture       Launch
         Clock Edge:+    2.000        0.000
        Src Latency:+   -0.154       -0.154
        Net Latency:+    0.155 (P)    0.157 (P)
            Arrival:=    2.001        0.003

              Setup:-    0.052
        Uncertainty:-    0.125
      Required Time:=    1.825
       Launch Clock:=    0.003
          Data Path:+    1.777
              Slack:=    0.044

#--------------------------------------------------------------------------------------------------------------------------------------------
# Timing Point                                              Flags  Arc     Edge  Cell                          Fanout  Trans   Delay  Arrival  
#                                                                                                                       (ns)    (ns)     (ns)  
#--------------------------------------------------------------------------------------------------------------------------------------------
  retime_s1_6_reg/CK                                        -      CK      R     (arrival)                         20  0.042       -    0.003  
  retime_s1_6_reg/QN                                        -      CK->QN  R     DFFRPQNA_X1M_A9PP140ZTUL_C35       2  0.042   0.050    0.053  
  cts_opt_inst_FE_OFC246_n_2948/Y                           -      A->Y    F     INV_X2M_A9PP140ZTUL_C35           58  0.039   0.122    0.175  
  g32665__2346/Y                                            -      B->Y    F     AND2_X0P5B_A9PP140ZTUL_C35         2  0.213   0.085    0.260  
  g39405__2802/Y                                            -      A0->Y   R     AOI22_X2M_A9PP140ZTUL_C35          1  0.039   0.049    0.309  
  g39401__1617/Y                                            -      B->Y    R     AND4_X0P5M_A9PP140ZTUL_C35         1  0.074   0.039    0.349  
  g39400__3680/Y                                            -      A->Y    F     NAND3_X1A_A9PP140ZTUL_C35          1  0.023   0.023    0.372  
  place_opt_inst_FE_OFC176_AR_3__AC_7__ACC_add_31_50_n_0/Y  -      A->Y    R     INV_X2M_A9PP140ZTUL_C35           49  0.041   0.140    0.512  
  place_opt_inst_FE_OFC159_AR_3__AC_7__ACC_add_31_50_n_0/Y  -      A->Y    F     INV_X3M_A9PP140ZTUL_C35            6  0.263   0.055    0.567  
  place_opt_inst_FE_OFC174_AR_3__AC_7__ACC_add_31_50_n_0/Y  -      A->Y    R     INV_X3M_A9PP140ZTUL_C35           63  0.100   0.123    0.690  
  g39398__6783/Y                                            -      A->Y    R     AND2_X1M_A9PP140ZTUL_C35          75  0.169   0.351    1.040  
  place_opt_inst_FE_OFC121_AR_0__AC_3__ACC_n_156/Y          -      A->Y    F     INV_X1M_A9PP140ZTUL_C35           51  0.622   0.287    1.327  
  place_opt_inst_FE_OFC228_AR_0__AC_3__ACC_n_156/Y          -      A->Y    F     BUF_X1M_A9PP140ZTUL_C35           70  0.398   0.308    1.635  
  g43896/Y                                                  -      A0->Y   F     AO22_X0P5M_A9PP140ZTUL_C35         1  0.392   0.095    1.730  
  cts_opt_inst_FE_PHC1722_n_1056/Y                          -      A->Y    F     DLY2_X0P5M_A9PP140ZTUL_C35         1  0.042   0.051    1.781  
  retime_s3_75_reg/D                                        -      D       F     DFFRPQA_X1M_A9PP140ZTUL_C35        1  0.019   0.000    1.781  
#--------------------------------------------------------------------------------------------------------------------------------------------
Path 25: MET (0.045 ns) Setup Check with Pin retime_s4_116_reg/CK->D
               View: wc_analysis_view
              Group: reg2reg
         Startpoint: (R) retime_s1_6_reg/CK
              Clock: (R) CLK
           Endpoint: (F) retime_s4_116_reg/D
              Clock: (R) CLK

                       Capture       Launch
         Clock Edge:+    2.000        0.000
        Src Latency:+   -0.154       -0.154
        Net Latency:+    0.157 (P)    0.157 (P)
            Arrival:=    2.003        0.003

              Setup:-    0.064
        Uncertainty:-    0.125
      Required Time:=    1.814
       Launch Clock:=    0.003
          Data Path:+    1.766
              Slack:=    0.045

#--------------------------------------------------------------------------------------------------------------------------------------------
# Timing Point                                              Flags  Arc     Edge  Cell                          Fanout  Trans   Delay  Arrival  
#                                                                                                                       (ns)    (ns)     (ns)  
#--------------------------------------------------------------------------------------------------------------------------------------------
  retime_s1_6_reg/CK                                        -      CK      R     (arrival)                         20  0.042       -    0.003  
  retime_s1_6_reg/QN                                        -      CK->QN  F     DFFRPQNA_X1M_A9PP140ZTUL_C35       2  0.042   0.056    0.060  
  cts_opt_inst_FE_OFC246_n_2948/Y                           -      A->Y    R     INV_X2M_A9PP140ZTUL_C35           58  0.035   0.144    0.204  
  g32665__2346/Y                                            -      B->Y    R     AND2_X0P5B_A9PP140ZTUL_C35         2  0.251   0.041    0.245  
  g39405__2802/Y                                            -      A0->Y   F     AOI22_X2M_A9PP140ZTUL_C35          1  0.039   0.043    0.287  
  g39401__1617/Y                                            -      B->Y    F     AND4_X0P5M_A9PP140ZTUL_C35         1  0.078   0.049    0.336  
  g39400__3680/Y                                            -      A->Y    R     NAND3_X1A_A9PP140ZTUL_C35          1  0.019   0.020    0.356  
  place_opt_inst_FE_OFC176_AR_3__AC_7__ACC_add_31_50_n_0/Y  -      A->Y    F     INV_X2M_A9PP140ZTUL_C35           49  0.034   0.112    0.469  
  place_opt_inst_FE_OFC159_AR_3__AC_7__ACC_add_31_50_n_0/Y  -      A->Y    R     INV_X3M_A9PP140ZTUL_C35            6  0.222   0.082    0.550  
  place_opt_inst_FE_OFC174_AR_3__AC_7__ACC_add_31_50_n_0/Y  -      A->Y    F     INV_X3M_A9PP140ZTUL_C35           63  0.098   0.102    0.652  
  g39398__6783/Y                                            -      A->Y    F     AND2_X1M_A9PP140ZTUL_C35          75  0.149   0.329    0.981  
  place_opt_inst_FE_OFC121_AR_0__AC_3__ACC_n_156/Y          -      A->Y    R     INV_X1M_A9PP140ZTUL_C35           51  0.511   0.355    1.337  
  place_opt_inst_FE_OFC122_AR_0__AC_3__ACC_n_156/Y          -      A->Y    F     INV_X1M_A9PP140ZTUL_C35           26  0.443   0.176    1.513  
  g43921/Y                                                  -      B0->Y   F     AO22_X0P5M_A9PP140ZTUL_C35         1  0.245   0.107    1.620  
  cts_opt_inst_FE_PHC1518_n_1031/Y                          -      A->Y    F     DLY4_X0P5M_A9PP140ZTUL_C35         1  0.080   0.149    1.769  
  retime_s4_116_reg/D                                       -      D       F     DFFRPQA_X1M_A9PP140ZTUL_C35        1  0.061   0.000    1.769  
#--------------------------------------------------------------------------------------------------------------------------------------------
Path 26: MET (0.046 ns) Setup Check with Pin retime_s3_70_reg/CK->D
               View: wc_analysis_view
              Group: reg2reg
         Startpoint: (R) retime_s1_6_reg/CK
              Clock: (R) CLK
           Endpoint: (F) retime_s3_70_reg/D
              Clock: (R) CLK

                       Capture       Launch
         Clock Edge:+    2.000        0.000
        Src Latency:+   -0.154       -0.154
        Net Latency:+    0.155 (P)    0.157 (P)
            Arrival:=    2.001        0.003

              Setup:-    0.068
        Uncertainty:-    0.125
      Required Time:=    1.808
       Launch Clock:=    0.003
          Data Path:+    1.759
              Slack:=    0.046

#--------------------------------------------------------------------------------------------------------------------------------------------
# Timing Point                                              Flags  Arc     Edge  Cell                          Fanout  Trans   Delay  Arrival  
#                                                                                                                       (ns)    (ns)     (ns)  
#--------------------------------------------------------------------------------------------------------------------------------------------
  retime_s1_6_reg/CK                                        -      CK      R     (arrival)                         20  0.042       -    0.003  
  retime_s1_6_reg/QN                                        -      CK->QN  F     DFFRPQNA_X1M_A9PP140ZTUL_C35       2  0.042   0.056    0.060  
  cts_opt_inst_FE_OFC246_n_2948/Y                           -      A->Y    R     INV_X2M_A9PP140ZTUL_C35           58  0.035   0.144    0.204  
  g32665__2346/Y                                            -      B->Y    R     AND2_X0P5B_A9PP140ZTUL_C35         2  0.251   0.041    0.245  
  g39405__2802/Y                                            -      A0->Y   F     AOI22_X2M_A9PP140ZTUL_C35          1  0.039   0.043    0.287  
  g39401__1617/Y                                            -      B->Y    F     AND4_X0P5M_A9PP140ZTUL_C35         1  0.078   0.049    0.336  
  g39400__3680/Y                                            -      A->Y    R     NAND3_X1A_A9PP140ZTUL_C35          1  0.019   0.020    0.356  
  place_opt_inst_FE_OFC176_AR_3__AC_7__ACC_add_31_50_n_0/Y  -      A->Y    F     INV_X2M_A9PP140ZTUL_C35           49  0.034   0.112    0.469  
  place_opt_inst_FE_OFC159_AR_3__AC_7__ACC_add_31_50_n_0/Y  -      A->Y    R     INV_X3M_A9PP140ZTUL_C35            6  0.222   0.082    0.550  
  place_opt_inst_FE_OFC174_AR_3__AC_7__ACC_add_31_50_n_0/Y  -      A->Y    F     INV_X3M_A9PP140ZTUL_C35           63  0.098   0.102    0.652  
  g39398__6783/Y                                            -      A->Y    F     AND2_X1M_A9PP140ZTUL_C35          75  0.149   0.329    0.981  
  place_opt_inst_FE_OFC121_AR_0__AC_3__ACC_n_156/Y          -      A->Y    R     INV_X1M_A9PP140ZTUL_C35           51  0.511   0.355    1.337  
  place_opt_inst_FE_OFC122_AR_0__AC_3__ACC_n_156/Y          -      A->Y    F     INV_X1M_A9PP140ZTUL_C35           26  0.443   0.175    1.512  
  g43895/Y                                                  -      B0->Y   F     AO22_X0P5M_A9PP140ZTUL_C35         1  0.245   0.099    1.611  
  cts_opt_inst_FE_PHC1268_n_1057/Y                          -      A->Y    F     DLY4_X0P5M_A9PP140ZTUL_C35         2  0.067   0.151    1.762  
  retime_s3_70_reg/D                                        -      D       F     DFFRPQA_X1M_A9PP140ZTUL_C35        2  0.074   0.000    1.762  
#--------------------------------------------------------------------------------------------------------------------------------------------
Path 27: MET (0.046 ns) Setup Check with Pin ro_reg[0][1][4]/CK->D
               View: wc_analysis_view
              Group: reg2reg
         Startpoint: (R) retime_s1_6_reg/CK
              Clock: (R) CLK
           Endpoint: (R) ro_reg[0][1][4]/D
              Clock: (R) CLK

                       Capture       Launch
         Clock Edge:+    2.000        0.000
        Src Latency:+   -0.154       -0.154
        Net Latency:+    0.154 (P)    0.157 (P)
            Arrival:=    2.001        0.003

              Setup:-    0.019
        Uncertainty:-    0.125
      Required Time:=    1.857
       Launch Clock:=    0.003
          Data Path:+    1.807
              Slack:=    0.046

#---------------------------------------------------------------------------------------------------------------------
# Timing Point                      Flags  Arc     Edge  Cell                           Fanout  Trans   Delay  Arrival  
#                                                                                                (ns)    (ns)     (ns)  
#---------------------------------------------------------------------------------------------------------------------
  retime_s1_6_reg/CK                -      CK      R     (arrival)                          20  0.042       -    0.003  
  retime_s1_6_reg/QN                -      CK->QN  R     DFFRPQNA_X1M_A9PP140ZTUL_C35        2  0.042   0.050    0.053  
  cts_opt_inst_FE_OFC246_n_2948/Y   -      A->Y    F     INV_X2M_A9PP140ZTUL_C35            58  0.039   0.096    0.150  
  g32670__2398/Y                    -      A->Y    F     AND2_X0P5B_A9PP140ZTUL_C35          2  0.206   0.092    0.242  
  g39858__6131/Y                    -      A->Y    R     NAND2XB_X0P5M_A9PP140ZTUL_C35      34  0.051   0.341    0.583  
  g44756/Y                          -      A->Y    F     INV_X0P5B_A9PP140ZTUL_C35          35  0.627   0.396    0.978  
  g44708/Y                          -      B->Y    R     NOR2_X0P5A_A9PP140ZTUL_C35         17  0.572   0.432    1.411  
  g44691/Y                          -      A->Y    F     INV_X0P5B_A9PP140ZTUL_C35          16  0.512   0.171    1.582  
  g41721/Y                          -      B0->Y   R     OAI22_X0P5M_A9PP140ZTUL_C35         1  0.270   0.149    1.731  
  cts_opt_inst_FE_PHC2553_n_2001/Y  -      A->Y    R     DLY2_X0P5M_A9PP140ZTUL_C35          1  0.218   0.079    1.810  
  ro_reg[0][1][4]/D                 -      D       R     DFFRPQNA_X1M_A9PP140ZTUL_C35        1  0.068   0.000    1.810  
#---------------------------------------------------------------------------------------------------------------------
Path 28: MET (0.047 ns) Setup Check with Pin ro_reg[0][1][0]/CK->D
               View: wc_analysis_view
              Group: reg2reg
         Startpoint: (R) retime_s1_6_reg/CK
              Clock: (R) CLK
           Endpoint: (R) ro_reg[0][1][0]/D
              Clock: (R) CLK

                       Capture       Launch
         Clock Edge:+    2.000        0.000
        Src Latency:+   -0.154       -0.154
        Net Latency:+    0.158 (P)    0.157 (P)
            Arrival:=    2.004        0.003

              Setup:-    0.019
        Uncertainty:-    0.125
      Required Time:=    1.860
       Launch Clock:=    0.003
          Data Path:+    1.810
              Slack:=    0.047

#---------------------------------------------------------------------------------------------------------------------
# Timing Point                      Flags  Arc     Edge  Cell                           Fanout  Trans   Delay  Arrival  
#                                                                                                (ns)    (ns)     (ns)  
#---------------------------------------------------------------------------------------------------------------------
  retime_s1_6_reg/CK                -      CK      R     (arrival)                          20  0.042       -    0.003  
  retime_s1_6_reg/QN                -      CK->QN  R     DFFRPQNA_X1M_A9PP140ZTUL_C35        2  0.042   0.050    0.053  
  cts_opt_inst_FE_OFC246_n_2948/Y   -      A->Y    F     INV_X2M_A9PP140ZTUL_C35            58  0.039   0.096    0.150  
  g32670__2398/Y                    -      A->Y    F     AND2_X0P5B_A9PP140ZTUL_C35          2  0.206   0.092    0.242  
  g39858__6131/Y                    -      A->Y    R     NAND2XB_X0P5M_A9PP140ZTUL_C35      34  0.051   0.341    0.583  
  g44756/Y                          -      A->Y    F     INV_X0P5B_A9PP140ZTUL_C35          35  0.627   0.396    0.978  
  g44708/Y                          -      B->Y    R     NOR2_X0P5A_A9PP140ZTUL_C35         17  0.572   0.432    1.411  
  g44691/Y                          -      A->Y    F     INV_X0P5B_A9PP140ZTUL_C35          16  0.512   0.171    1.582  
  g41723/Y                          -      B0->Y   R     OAI22_X0P5M_A9PP140ZTUL_C35         1  0.270   0.086    1.667  
  cts_opt_inst_FE_PHC3278_n_1999/Y  -      A->Y    R     BUF_X0P5M_A9PP140ZTUL_C35           1  0.138   0.063    1.731  
  cts_opt_inst_FE_PHC3412_n_1999/Y  -      A->Y    R     BUFH_X1M_A9PP140ZTUL_C35            1  0.083   0.034    1.765  
  cts_opt_inst_FE_PHC3361_n_1999/Y  -      A->Y    R     BUF_X0P5M_A9PP140ZTUL_C35           1  0.032   0.049    1.814  
  ro_reg[0][1][0]/D                 -      D       R     DFFRPQNA_X1M_A9PP140ZTUL_C35        1  0.059   0.000    1.814  
#---------------------------------------------------------------------------------------------------------------------
Path 29: MET (0.048 ns) Setup Check with Pin retime_s7_2_reg/CK->D
               View: wc_analysis_view
              Group: reg2reg
         Startpoint: (R) retime_s1_6_reg/CK
              Clock: (R) CLK
           Endpoint: (F) retime_s7_2_reg/D
              Clock: (R) CLK

                       Capture       Launch
         Clock Edge:+    2.000        0.000
        Src Latency:+   -0.154       -0.154
        Net Latency:+    0.152 (P)    0.157 (P)
            Arrival:=    1.999        0.003

              Setup:-    0.067
        Uncertainty:-    0.125
      Required Time:=    1.807
       Launch Clock:=    0.003
          Data Path:+    1.755
              Slack:=    0.048

#--------------------------------------------------------------------------------------------------------------------------------------------
# Timing Point                                              Flags  Arc     Edge  Cell                          Fanout  Trans   Delay  Arrival  
#                                                                                                                       (ns)    (ns)     (ns)  
#--------------------------------------------------------------------------------------------------------------------------------------------
  retime_s1_6_reg/CK                                        -      CK      R     (arrival)                         20  0.042       -    0.003  
  retime_s1_6_reg/QN                                        -      CK->QN  R     DFFRPQNA_X1M_A9PP140ZTUL_C35       2  0.042   0.050    0.053  
  cts_opt_inst_FE_OFC246_n_2948/Y                           -      A->Y    F     INV_X2M_A9PP140ZTUL_C35           58  0.039   0.122    0.175  
  g32665__2346/Y                                            -      B->Y    F     AND2_X0P5B_A9PP140ZTUL_C35         2  0.213   0.085    0.260  
  g39405__2802/Y                                            -      A0->Y   R     AOI22_X2M_A9PP140ZTUL_C35          1  0.039   0.049    0.309  
  g39401__1617/Y                                            -      B->Y    R     AND4_X0P5M_A9PP140ZTUL_C35         1  0.074   0.039    0.349  
  g39400__3680/Y                                            -      A->Y    F     NAND3_X1A_A9PP140ZTUL_C35          1  0.023   0.023    0.372  
  place_opt_inst_FE_OFC176_AR_3__AC_7__ACC_add_31_50_n_0/Y  -      A->Y    R     INV_X2M_A9PP140ZTUL_C35           49  0.041   0.151    0.523  
  place_opt_inst_FE_OFC164_AR_3__AC_7__ACC_add_31_50_n_0/Y  -      A->Y    F     INV_X2M_A9PP140ZTUL_C35           34  0.264   0.127    0.650  
  place_opt_inst_FE_OFC128_AR_3__AC_7__ACC_add_31_50_n_0/Y  -      A->Y    R     INV_X2M_A9PP140ZTUL_C35           73  0.173   0.212    0.862  
  g44743/Y                                                  -      A->Y    R     AND2_X1M_A9PP140ZTUL_C35          65  0.295   0.238    1.100  
  cts_opt_inst_FE_OFC244_n_243/Y                            -      A->Y    F     INV_X1M_A9PP140ZTUL_C35           64  0.506   0.359    1.458  
  g42493/Y                                                  -      B0->Y   F     AO22_X0P5M_A9PP140ZTUL_C35         1  0.479   0.144    1.602  
  cts_opt_inst_FE_PHC1611_n_1687/Y                          -      A->Y    F     DLY4_X0P5M_A9PP140ZTUL_C35         1  0.091   0.156    1.759  
  retime_s7_2_reg/D                                         -      D       F     DFFRPQA_X1M_A9PP140ZTUL_C35        1  0.068   0.000    1.759  
#--------------------------------------------------------------------------------------------------------------------------------------------
Path 30: MET (0.051 ns) Setup Check with Pin retime_s3_86_reg/CK->D
               View: wc_analysis_view
              Group: reg2reg
         Startpoint: (R) retime_s1_6_reg/CK
              Clock: (R) CLK
           Endpoint: (F) retime_s3_86_reg/D
              Clock: (R) CLK

                       Capture       Launch
         Clock Edge:+    2.000        0.000
        Src Latency:+   -0.154       -0.154
        Net Latency:+    0.154 (P)    0.157 (P)
            Arrival:=    2.000        0.003

              Setup:-    0.053
        Uncertainty:-    0.125
      Required Time:=    1.822
       Launch Clock:=    0.003
          Data Path:+    1.768
              Slack:=    0.051

#--------------------------------------------------------------------------------------------------------------------------------------------
# Timing Point                                              Flags  Arc     Edge  Cell                          Fanout  Trans   Delay  Arrival  
#                                                                                                                       (ns)    (ns)     (ns)  
#--------------------------------------------------------------------------------------------------------------------------------------------
  retime_s1_6_reg/CK                                        -      CK      R     (arrival)                         20  0.042       -    0.003  
  retime_s1_6_reg/QN                                        -      CK->QN  R     DFFRPQNA_X1M_A9PP140ZTUL_C35       2  0.042   0.050    0.053  
  cts_opt_inst_FE_OFC246_n_2948/Y                           -      A->Y    F     INV_X2M_A9PP140ZTUL_C35           58  0.039   0.122    0.175  
  g32665__2346/Y                                            -      B->Y    F     AND2_X0P5B_A9PP140ZTUL_C35         2  0.213   0.085    0.260  
  g39405__2802/Y                                            -      A0->Y   R     AOI22_X2M_A9PP140ZTUL_C35          1  0.039   0.049    0.309  
  g39401__1617/Y                                            -      B->Y    R     AND4_X0P5M_A9PP140ZTUL_C35         1  0.074   0.039    0.349  
  g39400__3680/Y                                            -      A->Y    F     NAND3_X1A_A9PP140ZTUL_C35          1  0.023   0.023    0.372  
  place_opt_inst_FE_OFC176_AR_3__AC_7__ACC_add_31_50_n_0/Y  -      A->Y    R     INV_X2M_A9PP140ZTUL_C35           49  0.041   0.140    0.512  
  place_opt_inst_FE_OFC159_AR_3__AC_7__ACC_add_31_50_n_0/Y  -      A->Y    F     INV_X3M_A9PP140ZTUL_C35            6  0.263   0.055    0.567  
  place_opt_inst_FE_OFC174_AR_3__AC_7__ACC_add_31_50_n_0/Y  -      A->Y    R     INV_X3M_A9PP140ZTUL_C35           63  0.100   0.123    0.690  
  g39398__6783/Y                                            -      A->Y    R     AND2_X1M_A9PP140ZTUL_C35          75  0.169   0.351    1.040  
  place_opt_inst_FE_OFC121_AR_0__AC_3__ACC_n_156/Y          -      A->Y    F     INV_X1M_A9PP140ZTUL_C35           51  0.622   0.287    1.327  
  place_opt_inst_FE_OFC228_AR_0__AC_3__ACC_n_156/Y          -      A->Y    F     BUF_X1M_A9PP140ZTUL_C35           70  0.398   0.300    1.627  
  g43900/Y                                                  -      A0->Y   F     AO22_X0P5M_A9PP140ZTUL_C35         1  0.391   0.093    1.720  
  cts_opt_inst_FE_PHC1737_n_1052/Y                          -      A->Y    F     DLY2_X0P5M_A9PP140ZTUL_C35         1  0.041   0.051    1.772  
  retime_s3_86_reg/D                                        -      D       F     DFFRPQA_X1M_A9PP140ZTUL_C35        1  0.020   0.000    1.772  
#--------------------------------------------------------------------------------------------------------------------------------------------
Path 31: MET (0.051 ns) Setup Check with Pin retime_s3_202_reg/CK->D
               View: wc_analysis_view
              Group: reg2reg
         Startpoint: (R) retime_s1_6_reg/CK
              Clock: (R) CLK
           Endpoint: (F) retime_s3_202_reg/D
              Clock: (R) CLK

                       Capture       Launch
         Clock Edge:+    2.000        0.000
        Src Latency:+   -0.154       -0.154
        Net Latency:+    0.156 (P)    0.157 (P)
            Arrival:=    2.003        0.003

              Setup:-    0.063
        Uncertainty:-    0.125
      Required Time:=    1.814
       Launch Clock:=    0.003
          Data Path:+    1.760
              Slack:=    0.051

#--------------------------------------------------------------------------------------------------------------------------------------------
# Timing Point                                              Flags  Arc     Edge  Cell                          Fanout  Trans   Delay  Arrival  
#                                                                                                                       (ns)    (ns)     (ns)  
#--------------------------------------------------------------------------------------------------------------------------------------------
  retime_s1_6_reg/CK                                        -      CK      R     (arrival)                         20  0.042       -    0.003  
  retime_s1_6_reg/QN                                        -      CK->QN  F     DFFRPQNA_X1M_A9PP140ZTUL_C35       2  0.042   0.056    0.060  
  cts_opt_inst_FE_OFC246_n_2948/Y                           -      A->Y    R     INV_X2M_A9PP140ZTUL_C35           58  0.035   0.144    0.204  
  g32665__2346/Y                                            -      B->Y    R     AND2_X0P5B_A9PP140ZTUL_C35         2  0.251   0.041    0.245  
  g39405__2802/Y                                            -      A0->Y   F     AOI22_X2M_A9PP140ZTUL_C35          1  0.039   0.043    0.287  
  g39401__1617/Y                                            -      B->Y    F     AND4_X0P5M_A9PP140ZTUL_C35         1  0.078   0.049    0.336  
  g39400__3680/Y                                            -      A->Y    R     NAND3_X1A_A9PP140ZTUL_C35          1  0.019   0.020    0.356  
  place_opt_inst_FE_OFC176_AR_3__AC_7__ACC_add_31_50_n_0/Y  -      A->Y    F     INV_X2M_A9PP140ZTUL_C35           49  0.034   0.112    0.469  
  place_opt_inst_FE_OFC159_AR_3__AC_7__ACC_add_31_50_n_0/Y  -      A->Y    R     INV_X3M_A9PP140ZTUL_C35            6  0.222   0.082    0.550  
  place_opt_inst_FE_OFC174_AR_3__AC_7__ACC_add_31_50_n_0/Y  -      A->Y    F     INV_X3M_A9PP140ZTUL_C35           63  0.098   0.102    0.652  
  g39398__6783/Y                                            -      A->Y    F     AND2_X1M_A9PP140ZTUL_C35          75  0.149   0.329    0.981  
  place_opt_inst_FE_OFC121_AR_0__AC_3__ACC_n_156/Y          -      A->Y    R     INV_X1M_A9PP140ZTUL_C35           51  0.511   0.355    1.337  
  place_opt_inst_FE_OFC122_AR_0__AC_3__ACC_n_156/Y          -      A->Y    F     INV_X1M_A9PP140ZTUL_C35           26  0.443   0.176    1.513  
  g43909/Y                                                  -      B0->Y   F     AO22_X0P5M_A9PP140ZTUL_C35         1  0.245   0.104    1.617  
  cts_opt_inst_FE_PHC1495_n_1043/Y                          -      A->Y    F     DLY4_X0P5M_A9PP140ZTUL_C35         1  0.075   0.147    1.764  
  retime_s3_202_reg/D                                       -      D       F     DFFRPQA_X1M_A9PP140ZTUL_C35        1  0.060   0.000    1.764  
#--------------------------------------------------------------------------------------------------------------------------------------------
Path 32: MET (0.052 ns) Setup Check with Pin retime_s8_51_reg/CK->D
               View: wc_analysis_view
              Group: reg2reg
         Startpoint: (R) retime_s1_6_reg/CK
              Clock: (R) CLK
           Endpoint: (F) retime_s8_51_reg/D
              Clock: (R) CLK

                       Capture       Launch
         Clock Edge:+    2.000        0.000
        Src Latency:+   -0.154       -0.154
        Net Latency:+    0.154 (P)    0.157 (P)
            Arrival:=    2.000        0.003

              Setup:-    0.067
        Uncertainty:-    0.125
      Required Time:=    1.808
       Launch Clock:=    0.003
          Data Path:+    1.753
              Slack:=    0.052

#--------------------------------------------------------------------------------------------------------------------------------------------
# Timing Point                                              Flags  Arc     Edge  Cell                          Fanout  Trans   Delay  Arrival  
#                                                                                                                       (ns)    (ns)     (ns)  
#--------------------------------------------------------------------------------------------------------------------------------------------
  retime_s1_6_reg/CK                                        -      CK      R     (arrival)                         20  0.042       -    0.003  
  retime_s1_6_reg/QN                                        -      CK->QN  R     DFFRPQNA_X1M_A9PP140ZTUL_C35       2  0.042   0.050    0.053  
  cts_opt_inst_FE_OFC246_n_2948/Y                           -      A->Y    F     INV_X2M_A9PP140ZTUL_C35           58  0.039   0.122    0.175  
  g32665__2346/Y                                            -      B->Y    F     AND2_X0P5B_A9PP140ZTUL_C35         2  0.213   0.085    0.260  
  g39405__2802/Y                                            -      A0->Y   R     AOI22_X2M_A9PP140ZTUL_C35          1  0.039   0.049    0.309  
  g39401__1617/Y                                            -      B->Y    R     AND4_X0P5M_A9PP140ZTUL_C35         1  0.074   0.039    0.349  
  g39400__3680/Y                                            -      A->Y    F     NAND3_X1A_A9PP140ZTUL_C35          1  0.023   0.023    0.372  
  place_opt_inst_FE_OFC176_AR_3__AC_7__ACC_add_31_50_n_0/Y  -      A->Y    R     INV_X2M_A9PP140ZTUL_C35           49  0.041   0.151    0.523  
  place_opt_inst_FE_OFC164_AR_3__AC_7__ACC_add_31_50_n_0/Y  -      A->Y    F     INV_X2M_A9PP140ZTUL_C35           34  0.264   0.127    0.650  
  place_opt_inst_FE_OFC128_AR_3__AC_7__ACC_add_31_50_n_0/Y  -      A->Y    R     INV_X2M_A9PP140ZTUL_C35           73  0.173   0.212    0.862  
  g44743/Y                                                  -      A->Y    R     AND2_X1M_A9PP140ZTUL_C35          65  0.295   0.238    1.100  
  cts_opt_inst_FE_OFC244_n_243/Y                            -      A->Y    F     INV_X1M_A9PP140ZTUL_C35           64  0.506   0.350    1.450  
  g42622/Y                                                  -      B0->Y   F     AO22_X0P5M_A9PP140ZTUL_C35         1  0.479   0.148    1.598  
  cts_opt_inst_FE_PHC1135_n_1558/Y                          -      A->Y    F     DLY4_X0P5M_A9PP140ZTUL_C35         1  0.094   0.159    1.756  
  retime_s8_51_reg/D                                        -      D       F     DFFRPQA_X1M_A9PP140ZTUL_C35        1  0.070   0.000    1.756  
#--------------------------------------------------------------------------------------------------------------------------------------------
Path 33: MET (0.053 ns) Setup Check with Pin retime_s4_110_reg/CK->D
               View: wc_analysis_view
              Group: reg2reg
         Startpoint: (R) retime_s1_6_reg/CK
              Clock: (R) CLK
           Endpoint: (F) retime_s4_110_reg/D
              Clock: (R) CLK

                       Capture       Launch
         Clock Edge:+    2.000        0.000
        Src Latency:+   -0.154       -0.154
        Net Latency:+    0.156 (P)    0.157 (P)
            Arrival:=    2.003        0.003

              Setup:-    0.063
        Uncertainty:-    0.125
      Required Time:=    1.814
       Launch Clock:=    0.003
          Data Path:+    1.758
              Slack:=    0.053

#--------------------------------------------------------------------------------------------------------------------------------------------
# Timing Point                                              Flags  Arc     Edge  Cell                          Fanout  Trans   Delay  Arrival  
#                                                                                                                       (ns)    (ns)     (ns)  
#--------------------------------------------------------------------------------------------------------------------------------------------
  retime_s1_6_reg/CK                                        -      CK      R     (arrival)                         20  0.042       -    0.003  
  retime_s1_6_reg/QN                                        -      CK->QN  F     DFFRPQNA_X1M_A9PP140ZTUL_C35       2  0.042   0.056    0.060  
  cts_opt_inst_FE_OFC246_n_2948/Y                           -      A->Y    R     INV_X2M_A9PP140ZTUL_C35           58  0.035   0.144    0.204  
  g32665__2346/Y                                            -      B->Y    R     AND2_X0P5B_A9PP140ZTUL_C35         2  0.251   0.041    0.245  
  g39405__2802/Y                                            -      A0->Y   F     AOI22_X2M_A9PP140ZTUL_C35          1  0.039   0.043    0.287  
  g39401__1617/Y                                            -      B->Y    F     AND4_X0P5M_A9PP140ZTUL_C35         1  0.078   0.049    0.336  
  g39400__3680/Y                                            -      A->Y    R     NAND3_X1A_A9PP140ZTUL_C35          1  0.019   0.020    0.356  
  place_opt_inst_FE_OFC176_AR_3__AC_7__ACC_add_31_50_n_0/Y  -      A->Y    F     INV_X2M_A9PP140ZTUL_C35           49  0.034   0.112    0.469  
  place_opt_inst_FE_OFC159_AR_3__AC_7__ACC_add_31_50_n_0/Y  -      A->Y    R     INV_X3M_A9PP140ZTUL_C35            6  0.222   0.082    0.550  
  place_opt_inst_FE_OFC174_AR_3__AC_7__ACC_add_31_50_n_0/Y  -      A->Y    F     INV_X3M_A9PP140ZTUL_C35           63  0.098   0.102    0.652  
  g39398__6783/Y                                            -      A->Y    F     AND2_X1M_A9PP140ZTUL_C35          75  0.149   0.329    0.981  
  place_opt_inst_FE_OFC121_AR_0__AC_3__ACC_n_156/Y          -      A->Y    R     INV_X1M_A9PP140ZTUL_C35           51  0.511   0.355    1.337  
  place_opt_inst_FE_OFC122_AR_0__AC_3__ACC_n_156/Y          -      A->Y    F     INV_X1M_A9PP140ZTUL_C35           26  0.443   0.176    1.513  
  g43914/Y                                                  -      B0->Y   F     AO22_X0P5M_A9PP140ZTUL_C35         1  0.245   0.103    1.615  
  cts_opt_inst_FE_PHC1583_n_1038/Y                          -      A->Y    F     DLY4_X0P5M_A9PP140ZTUL_C35         1  0.073   0.146    1.761  
  retime_s4_110_reg/D                                       -      D       F     DFFRPQA_X1M_A9PP140ZTUL_C35        1  0.061   0.000    1.761  
#--------------------------------------------------------------------------------------------------------------------------------------------
Path 34: MET (0.053 ns) Setup Check with Pin ro_reg[0][1][3]/CK->D
               View: wc_analysis_view
              Group: reg2reg
         Startpoint: (R) retime_s1_6_reg/CK
              Clock: (R) CLK
           Endpoint: (R) ro_reg[0][1][3]/D
              Clock: (R) CLK

                       Capture       Launch
         Clock Edge:+    2.000        0.000
        Src Latency:+   -0.154       -0.154
        Net Latency:+    0.158 (P)    0.157 (P)
            Arrival:=    2.004        0.003

              Setup:-    0.018
        Uncertainty:-    0.125
      Required Time:=    1.861
       Launch Clock:=    0.003
          Data Path:+    1.804
              Slack:=    0.053

#---------------------------------------------------------------------------------------------------------------------
# Timing Point                      Flags  Arc     Edge  Cell                           Fanout  Trans   Delay  Arrival  
#                                                                                                (ns)    (ns)     (ns)  
#---------------------------------------------------------------------------------------------------------------------
  retime_s1_6_reg/CK                -      CK      R     (arrival)                          20  0.042       -    0.003  
  retime_s1_6_reg/QN                -      CK->QN  R     DFFRPQNA_X1M_A9PP140ZTUL_C35        2  0.042   0.050    0.053  
  cts_opt_inst_FE_OFC246_n_2948/Y   -      A->Y    F     INV_X2M_A9PP140ZTUL_C35            58  0.039   0.096    0.150  
  g32670__2398/Y                    -      A->Y    F     AND2_X0P5B_A9PP140ZTUL_C35          2  0.206   0.092    0.242  
  g39858__6131/Y                    -      A->Y    R     NAND2XB_X0P5M_A9PP140ZTUL_C35      34  0.051   0.341    0.583  
  g44756/Y                          -      A->Y    F     INV_X0P5B_A9PP140ZTUL_C35          35  0.627   0.396    0.978  
  g44708/Y                          -      B->Y    R     NOR2_X0P5A_A9PP140ZTUL_C35         17  0.572   0.432    1.411  
  g44691/Y                          -      A->Y    F     INV_X0P5B_A9PP140ZTUL_C35          16  0.512   0.171    1.582  
  g41720/Y                          -      B0->Y   R     OAI22_X0P5M_A9PP140ZTUL_C35         1  0.270   0.129    1.711  
  cts_opt_inst_FE_PHC2525_n_2002/Y  -      A->Y    R     DLY2_X0P5M_A9PP140ZTUL_C35          1  0.192   0.076    1.787  
  cts_opt_inst_FE_PHC3097_n_2002/Y  -      A->Y    R     BUFH_X1M_A9PP140ZTUL_C35            1  0.062   0.021    1.808  
  ro_reg[0][1][3]/D                 -      D       R     DFFRPQNA_X1M_A9PP140ZTUL_C35        1  0.012   0.000    1.808  
#---------------------------------------------------------------------------------------------------------------------
Path 35: MET (0.055 ns) Setup Check with Pin ro_reg[0][1][15]/CK->D
               View: wc_analysis_view
              Group: reg2reg
         Startpoint: (R) retime_s1_6_reg/CK
              Clock: (R) CLK
           Endpoint: (R) ro_reg[0][1][15]/D
              Clock: (R) CLK

                       Capture       Launch
         Clock Edge:+    2.000        0.000
        Src Latency:+   -0.154       -0.154
        Net Latency:+    0.157 (P)    0.157 (P)
            Arrival:=    2.004        0.003

              Setup:-    0.019
        Uncertainty:-    0.125
      Required Time:=    1.860
       Launch Clock:=    0.003
          Data Path:+    1.802
              Slack:=    0.055

#---------------------------------------------------------------------------------------------------------------------
# Timing Point                      Flags  Arc     Edge  Cell                           Fanout  Trans   Delay  Arrival  
#                                                                                                (ns)    (ns)     (ns)  
#---------------------------------------------------------------------------------------------------------------------
  retime_s1_6_reg/CK                -      CK      R     (arrival)                          20  0.042       -    0.003  
  retime_s1_6_reg/QN                -      CK->QN  R     DFFRPQNA_X1M_A9PP140ZTUL_C35        2  0.042   0.050    0.053  
  cts_opt_inst_FE_OFC246_n_2948/Y   -      A->Y    F     INV_X2M_A9PP140ZTUL_C35            58  0.039   0.096    0.150  
  g32670__2398/Y                    -      A->Y    F     AND2_X0P5B_A9PP140ZTUL_C35          2  0.206   0.092    0.242  
  g39858__6131/Y                    -      A->Y    R     NAND2XB_X0P5M_A9PP140ZTUL_C35      34  0.051   0.341    0.583  
  g44756/Y                          -      A->Y    F     INV_X0P5B_A9PP140ZTUL_C35          35  0.627   0.396    0.978  
  g44708/Y                          -      B->Y    R     NOR2_X0P5A_A9PP140ZTUL_C35         17  0.572   0.432    1.411  
  g44691/Y                          -      A->Y    F     INV_X0P5B_A9PP140ZTUL_C35          16  0.512   0.171    1.581  
  g41733/Y                          -      B0->Y   R     OAI22_X0P5M_A9PP140ZTUL_C35         1  0.270   0.144    1.725  
  cts_opt_inst_FE_PHC2515_n_1989/Y  -      A->Y    R     DLY2_X0P5M_A9PP140ZTUL_C35          1  0.211   0.080    1.805  
  ro_reg[0][1][15]/D                -      D       R     DFFRPQNA_X1M_A9PP140ZTUL_C35        1  0.069   0.000    1.805  
#---------------------------------------------------------------------------------------------------------------------
Path 36: MET (0.055 ns) Setup Check with Pin retime_s3_108_reg/CK->D
               View: wc_analysis_view
              Group: reg2reg
         Startpoint: (R) retime_s1_6_reg/CK
              Clock: (R) CLK
           Endpoint: (F) retime_s3_108_reg/D
              Clock: (R) CLK

                       Capture       Launch
         Clock Edge:+    2.000        0.000
        Src Latency:+   -0.154       -0.154
        Net Latency:+    0.156 (P)    0.157 (P)
            Arrival:=    2.003        0.003

              Setup:-    0.063
        Uncertainty:-    0.125
      Required Time:=    1.815
       Launch Clock:=    0.003
          Data Path:+    1.756
              Slack:=    0.055

#--------------------------------------------------------------------------------------------------------------------------------------------
# Timing Point                                              Flags  Arc     Edge  Cell                          Fanout  Trans   Delay  Arrival  
#                                                                                                                       (ns)    (ns)     (ns)  
#--------------------------------------------------------------------------------------------------------------------------------------------
  retime_s1_6_reg/CK                                        -      CK      R     (arrival)                         20  0.042       -    0.003  
  retime_s1_6_reg/QN                                        -      CK->QN  F     DFFRPQNA_X1M_A9PP140ZTUL_C35       2  0.042   0.056    0.060  
  cts_opt_inst_FE_OFC246_n_2948/Y                           -      A->Y    R     INV_X2M_A9PP140ZTUL_C35           58  0.035   0.144    0.204  
  g32665__2346/Y                                            -      B->Y    R     AND2_X0P5B_A9PP140ZTUL_C35         2  0.251   0.041    0.245  
  g39405__2802/Y                                            -      A0->Y   F     AOI22_X2M_A9PP140ZTUL_C35          1  0.039   0.043    0.287  
  g39401__1617/Y                                            -      B->Y    F     AND4_X0P5M_A9PP140ZTUL_C35         1  0.078   0.049    0.336  
  g39400__3680/Y                                            -      A->Y    R     NAND3_X1A_A9PP140ZTUL_C35          1  0.019   0.020    0.356  
  place_opt_inst_FE_OFC176_AR_3__AC_7__ACC_add_31_50_n_0/Y  -      A->Y    F     INV_X2M_A9PP140ZTUL_C35           49  0.034   0.112    0.469  
  place_opt_inst_FE_OFC159_AR_3__AC_7__ACC_add_31_50_n_0/Y  -      A->Y    R     INV_X3M_A9PP140ZTUL_C35            6  0.222   0.082    0.550  
  place_opt_inst_FE_OFC174_AR_3__AC_7__ACC_add_31_50_n_0/Y  -      A->Y    F     INV_X3M_A9PP140ZTUL_C35           63  0.098   0.102    0.652  
  g39398__6783/Y                                            -      A->Y    F     AND2_X1M_A9PP140ZTUL_C35          75  0.149   0.329    0.981  
  place_opt_inst_FE_OFC121_AR_0__AC_3__ACC_n_156/Y          -      A->Y    R     INV_X1M_A9PP140ZTUL_C35           51  0.511   0.355    1.337  
  place_opt_inst_FE_OFC122_AR_0__AC_3__ACC_n_156/Y          -      A->Y    F     INV_X1M_A9PP140ZTUL_C35           26  0.443   0.176    1.513  
  g43906/Y                                                  -      B0->Y   F     AO22_X0P5M_A9PP140ZTUL_C35         1  0.245   0.102    1.615  
  cts_opt_inst_FE_PHC1564_n_1046/Y                          -      A->Y    F     DLY4_X0P5M_A9PP140ZTUL_C35         1  0.072   0.145    1.760  
  retime_s3_108_reg/D                                       -      D       F     DFFRPQA_X1M_A9PP140ZTUL_C35        1  0.059   0.000    1.760  
#--------------------------------------------------------------------------------------------------------------------------------------------
Path 37: MET (0.055 ns) Setup Check with Pin retime_s7_3_reg/CK->D
               View: wc_analysis_view
              Group: reg2reg
         Startpoint: (R) retime_s1_6_reg/CK
              Clock: (R) CLK
           Endpoint: (F) retime_s7_3_reg/D
              Clock: (R) CLK

                       Capture       Launch
         Clock Edge:+    2.000        0.000
        Src Latency:+   -0.154       -0.154
        Net Latency:+    0.152 (P)    0.157 (P)
            Arrival:=    1.999        0.003

              Setup:-    0.066
        Uncertainty:-    0.125
      Required Time:=    1.807
       Launch Clock:=    0.003
          Data Path:+    1.749
              Slack:=    0.055

#--------------------------------------------------------------------------------------------------------------------------------------------
# Timing Point                                              Flags  Arc     Edge  Cell                          Fanout  Trans   Delay  Arrival  
#                                                                                                                       (ns)    (ns)     (ns)  
#--------------------------------------------------------------------------------------------------------------------------------------------
  retime_s1_6_reg/CK                                        -      CK      R     (arrival)                         20  0.042       -    0.003  
  retime_s1_6_reg/QN                                        -      CK->QN  R     DFFRPQNA_X1M_A9PP140ZTUL_C35       2  0.042   0.050    0.053  
  cts_opt_inst_FE_OFC246_n_2948/Y                           -      A->Y    F     INV_X2M_A9PP140ZTUL_C35           58  0.039   0.122    0.175  
  g32665__2346/Y                                            -      B->Y    F     AND2_X0P5B_A9PP140ZTUL_C35         2  0.213   0.085    0.260  
  g39405__2802/Y                                            -      A0->Y   R     AOI22_X2M_A9PP140ZTUL_C35          1  0.039   0.049    0.309  
  g39401__1617/Y                                            -      B->Y    R     AND4_X0P5M_A9PP140ZTUL_C35         1  0.074   0.039    0.349  
  g39400__3680/Y                                            -      A->Y    F     NAND3_X1A_A9PP140ZTUL_C35          1  0.023   0.023    0.372  
  place_opt_inst_FE_OFC176_AR_3__AC_7__ACC_add_31_50_n_0/Y  -      A->Y    R     INV_X2M_A9PP140ZTUL_C35           49  0.041   0.151    0.523  
  place_opt_inst_FE_OFC164_AR_3__AC_7__ACC_add_31_50_n_0/Y  -      A->Y    F     INV_X2M_A9PP140ZTUL_C35           34  0.264   0.127    0.650  
  place_opt_inst_FE_OFC128_AR_3__AC_7__ACC_add_31_50_n_0/Y  -      A->Y    R     INV_X2M_A9PP140ZTUL_C35           73  0.173   0.212    0.862  
  g44743/Y                                                  -      A->Y    R     AND2_X1M_A9PP140ZTUL_C35          65  0.295   0.238    1.100  
  cts_opt_inst_FE_OFC244_n_243/Y                            -      A->Y    F     INV_X1M_A9PP140ZTUL_C35           64  0.506   0.359    1.458  
  g42494/Y                                                  -      B0->Y   F     AO22_X0P5M_A9PP140ZTUL_C35         1  0.479   0.141    1.599  
  cts_opt_inst_FE_PHC1551_n_1686/Y                          -      A->Y    F     DLY4_X0P5M_A9PP140ZTUL_C35         1  0.085   0.153    1.752  
  retime_s7_3_reg/D                                         -      D       F     DFFRPQA_X1M_A9PP140ZTUL_C35        1  0.066   0.000    1.752  
#--------------------------------------------------------------------------------------------------------------------------------------------
Path 38: MET (0.059 ns) Setup Check with Pin retime_s3_126_reg/CK->D
               View: wc_analysis_view
              Group: reg2reg
         Startpoint: (R) retime_s1_6_reg/CK
              Clock: (R) CLK
           Endpoint: (F) retime_s3_126_reg/D
              Clock: (R) CLK

                       Capture       Launch
         Clock Edge:+    2.000        0.000
        Src Latency:+   -0.154       -0.154
        Net Latency:+    0.157 (P)    0.157 (P)
            Arrival:=    2.003        0.003

              Setup:-    0.061
        Uncertainty:-    0.125
      Required Time:=    1.817
       Launch Clock:=    0.003
          Data Path:+    1.755
              Slack:=    0.059

#--------------------------------------------------------------------------------------------------------------------------------------------
# Timing Point                                              Flags  Arc     Edge  Cell                          Fanout  Trans   Delay  Arrival  
#                                                                                                                       (ns)    (ns)     (ns)  
#--------------------------------------------------------------------------------------------------------------------------------------------
  retime_s1_6_reg/CK                                        -      CK      R     (arrival)                         20  0.042       -    0.003  
  retime_s1_6_reg/QN                                        -      CK->QN  F     DFFRPQNA_X1M_A9PP140ZTUL_C35       2  0.042   0.056    0.060  
  cts_opt_inst_FE_OFC246_n_2948/Y                           -      A->Y    R     INV_X2M_A9PP140ZTUL_C35           58  0.035   0.144    0.204  
  g32665__2346/Y                                            -      B->Y    R     AND2_X0P5B_A9PP140ZTUL_C35         2  0.251   0.041    0.245  
  g39405__2802/Y                                            -      A0->Y   F     AOI22_X2M_A9PP140ZTUL_C35          1  0.039   0.043    0.287  
  g39401__1617/Y                                            -      B->Y    F     AND4_X0P5M_A9PP140ZTUL_C35         1  0.078   0.049    0.336  
  g39400__3680/Y                                            -      A->Y    R     NAND3_X1A_A9PP140ZTUL_C35          1  0.019   0.020    0.356  
  place_opt_inst_FE_OFC176_AR_3__AC_7__ACC_add_31_50_n_0/Y  -      A->Y    F     INV_X2M_A9PP140ZTUL_C35           49  0.034   0.112    0.469  
  place_opt_inst_FE_OFC159_AR_3__AC_7__ACC_add_31_50_n_0/Y  -      A->Y    R     INV_X3M_A9PP140ZTUL_C35            6  0.222   0.082    0.550  
  place_opt_inst_FE_OFC174_AR_3__AC_7__ACC_add_31_50_n_0/Y  -      A->Y    F     INV_X3M_A9PP140ZTUL_C35           63  0.098   0.102    0.652  
  g39398__6783/Y                                            -      A->Y    F     AND2_X1M_A9PP140ZTUL_C35          75  0.149   0.329    0.981  
  place_opt_inst_FE_OFC121_AR_0__AC_3__ACC_n_156/Y          -      A->Y    R     INV_X1M_A9PP140ZTUL_C35           51  0.511   0.355    1.337  
  place_opt_inst_FE_OFC122_AR_0__AC_3__ACC_n_156/Y          -      A->Y    F     INV_X1M_A9PP140ZTUL_C35           26  0.443   0.176    1.513  
  g43908/Y                                                  -      B0->Y   F     AO22_X0P5M_A9PP140ZTUL_C35         1  0.245   0.104    1.616  
  cts_opt_inst_FE_PHC1247_n_1044/Y                          -      A->Y    F     DLY4_X0P5M_A9PP140ZTUL_C35         1  0.074   0.142    1.758  
  retime_s3_126_reg/D                                       -      D       F     DFFRPQA_X1M_A9PP140ZTUL_C35        1  0.052   0.000    1.758  
#--------------------------------------------------------------------------------------------------------------------------------------------
Path 39: MET (0.065 ns) Setup Check with Pin retime_s3_93_reg/CK->D
               View: wc_analysis_view
              Group: reg2reg
         Startpoint: (R) retime_s1_6_reg/CK
              Clock: (R) CLK
           Endpoint: (F) retime_s3_93_reg/D
              Clock: (R) CLK

                       Capture       Launch
         Clock Edge:+    2.000        0.000
        Src Latency:+   -0.154       -0.154
        Net Latency:+    0.157 (P)    0.157 (P)
            Arrival:=    2.003        0.003

              Setup:-    0.062
        Uncertainty:-    0.125
      Required Time:=    1.816
       Launch Clock:=    0.003
          Data Path:+    1.748
              Slack:=    0.065

#--------------------------------------------------------------------------------------------------------------------------------------------
# Timing Point                                              Flags  Arc     Edge  Cell                          Fanout  Trans   Delay  Arrival  
#                                                                                                                       (ns)    (ns)     (ns)  
#--------------------------------------------------------------------------------------------------------------------------------------------
  retime_s1_6_reg/CK                                        -      CK      R     (arrival)                         20  0.042       -    0.003  
  retime_s1_6_reg/QN                                        -      CK->QN  F     DFFRPQNA_X1M_A9PP140ZTUL_C35       2  0.042   0.056    0.060  
  cts_opt_inst_FE_OFC246_n_2948/Y                           -      A->Y    R     INV_X2M_A9PP140ZTUL_C35           58  0.035   0.144    0.204  
  g32665__2346/Y                                            -      B->Y    R     AND2_X0P5B_A9PP140ZTUL_C35         2  0.251   0.041    0.245  
  g39405__2802/Y                                            -      A0->Y   F     AOI22_X2M_A9PP140ZTUL_C35          1  0.039   0.043    0.287  
  g39401__1617/Y                                            -      B->Y    F     AND4_X0P5M_A9PP140ZTUL_C35         1  0.078   0.049    0.336  
  g39400__3680/Y                                            -      A->Y    R     NAND3_X1A_A9PP140ZTUL_C35          1  0.019   0.020    0.356  
  place_opt_inst_FE_OFC176_AR_3__AC_7__ACC_add_31_50_n_0/Y  -      A->Y    F     INV_X2M_A9PP140ZTUL_C35           49  0.034   0.112    0.469  
  place_opt_inst_FE_OFC159_AR_3__AC_7__ACC_add_31_50_n_0/Y  -      A->Y    R     INV_X3M_A9PP140ZTUL_C35            6  0.222   0.082    0.550  
  place_opt_inst_FE_OFC174_AR_3__AC_7__ACC_add_31_50_n_0/Y  -      A->Y    F     INV_X3M_A9PP140ZTUL_C35           63  0.098   0.102    0.652  
  g39398__6783/Y                                            -      A->Y    F     AND2_X1M_A9PP140ZTUL_C35          75  0.149   0.329    0.981  
  place_opt_inst_FE_OFC121_AR_0__AC_3__ACC_n_156/Y          -      A->Y    R     INV_X1M_A9PP140ZTUL_C35           51  0.511   0.355    1.337  
  place_opt_inst_FE_OFC122_AR_0__AC_3__ACC_n_156/Y          -      A->Y    F     INV_X1M_A9PP140ZTUL_C35           26  0.443   0.176    1.513  
  g43901/Y                                                  -      B0->Y   F     AO22_X0P5M_A9PP140ZTUL_C35         1  0.245   0.098    1.610  
  cts_opt_inst_FE_PHC1251_n_1051/Y                          -      A->Y    F     DLY4_X0P5M_A9PP140ZTUL_C35         1  0.065   0.141    1.751  
  retime_s3_93_reg/D                                        -      D       F     DFFRPQA_X1M_A9PP140ZTUL_C35        1  0.055   0.000    1.751  
#--------------------------------------------------------------------------------------------------------------------------------------------
Path 40: MET (0.065 ns) Setup Check with Pin ro_reg[0][1][1]/CK->D
               View: wc_analysis_view
              Group: reg2reg
         Startpoint: (R) retime_s1_6_reg/CK
              Clock: (R) CLK
           Endpoint: (R) ro_reg[0][1][1]/D
              Clock: (R) CLK

                       Capture       Launch
         Clock Edge:+    2.000        0.000
        Src Latency:+   -0.154       -0.154
        Net Latency:+    0.158 (P)    0.157 (P)
            Arrival:=    2.004        0.003

              Setup:-    0.019
        Uncertainty:-    0.125
      Required Time:=    1.860
       Launch Clock:=    0.003
          Data Path:+    1.792
              Slack:=    0.065

#---------------------------------------------------------------------------------------------------------------------
# Timing Point                      Flags  Arc     Edge  Cell                           Fanout  Trans   Delay  Arrival  
#                                                                                                (ns)    (ns)     (ns)  
#---------------------------------------------------------------------------------------------------------------------
  retime_s1_6_reg/CK                -      CK      R     (arrival)                          20  0.042       -    0.003  
  retime_s1_6_reg/QN                -      CK->QN  R     DFFRPQNA_X1M_A9PP140ZTUL_C35        2  0.042   0.050    0.053  
  cts_opt_inst_FE_OFC246_n_2948/Y   -      A->Y    F     INV_X2M_A9PP140ZTUL_C35            58  0.039   0.096    0.150  
  g32670__2398/Y                    -      A->Y    F     AND2_X0P5B_A9PP140ZTUL_C35          2  0.206   0.092    0.242  
  g39858__6131/Y                    -      A->Y    R     NAND2XB_X0P5M_A9PP140ZTUL_C35      34  0.051   0.341    0.583  
  g44756/Y                          -      A->Y    F     INV_X0P5B_A9PP140ZTUL_C35          35  0.627   0.396    0.978  
  g44708/Y                          -      B->Y    R     NOR2_X0P5A_A9PP140ZTUL_C35         17  0.572   0.432    1.411  
  g44691/Y                          -      A->Y    F     INV_X0P5B_A9PP140ZTUL_C35          16  0.512   0.171    1.582  
  g41719/Y                          -      B0->Y   R     OAI22_X0P5M_A9PP140ZTUL_C35         1  0.270   0.137    1.718  
  cts_opt_inst_FE_PHC2519_n_2003/Y  -      A->Y    R     DLY2_X0P5M_A9PP140ZTUL_C35          1  0.201   0.077    1.795  
  ro_reg[0][1][1]/D                 -      D       R     DFFRPQNA_X1M_A9PP140ZTUL_C35        1  0.064   0.000    1.795  
#---------------------------------------------------------------------------------------------------------------------
Path 41: MET (0.067 ns) Setup Check with Pin retime_s8_46_reg/CK->D
               View: wc_analysis_view
              Group: reg2reg
         Startpoint: (R) retime_s1_6_reg/CK
              Clock: (R) CLK
           Endpoint: (F) retime_s8_46_reg/D
              Clock: (R) CLK

                       Capture       Launch
         Clock Edge:+    2.000        0.000
        Src Latency:+   -0.154       -0.154
        Net Latency:+    0.153 (P)    0.157 (P)
            Arrival:=    1.999        0.003

              Setup:-    0.066
        Uncertainty:-    0.125
      Required Time:=    1.808
       Launch Clock:=    0.003
          Data Path:+    1.738
              Slack:=    0.067

#--------------------------------------------------------------------------------------------------------------------------------------------
# Timing Point                                              Flags  Arc     Edge  Cell                          Fanout  Trans   Delay  Arrival  
#                                                                                                                       (ns)    (ns)     (ns)  
#--------------------------------------------------------------------------------------------------------------------------------------------
  retime_s1_6_reg/CK                                        -      CK      R     (arrival)                         20  0.042       -    0.003  
  retime_s1_6_reg/QN                                        -      CK->QN  R     DFFRPQNA_X1M_A9PP140ZTUL_C35       2  0.042   0.050    0.053  
  cts_opt_inst_FE_OFC246_n_2948/Y                           -      A->Y    F     INV_X2M_A9PP140ZTUL_C35           58  0.039   0.122    0.175  
  g32665__2346/Y                                            -      B->Y    F     AND2_X0P5B_A9PP140ZTUL_C35         2  0.213   0.085    0.260  
  g39405__2802/Y                                            -      A0->Y   R     AOI22_X2M_A9PP140ZTUL_C35          1  0.039   0.049    0.309  
  g39401__1617/Y                                            -      B->Y    R     AND4_X0P5M_A9PP140ZTUL_C35         1  0.074   0.039    0.349  
  g39400__3680/Y                                            -      A->Y    F     NAND3_X1A_A9PP140ZTUL_C35          1  0.023   0.023    0.372  
  place_opt_inst_FE_OFC176_AR_3__AC_7__ACC_add_31_50_n_0/Y  -      A->Y    R     INV_X2M_A9PP140ZTUL_C35           49  0.041   0.151    0.523  
  place_opt_inst_FE_OFC164_AR_3__AC_7__ACC_add_31_50_n_0/Y  -      A->Y    F     INV_X2M_A9PP140ZTUL_C35           34  0.264   0.127    0.650  
  place_opt_inst_FE_OFC128_AR_3__AC_7__ACC_add_31_50_n_0/Y  -      A->Y    R     INV_X2M_A9PP140ZTUL_C35           73  0.173   0.212    0.862  
  g44743/Y                                                  -      A->Y    R     AND2_X1M_A9PP140ZTUL_C35          65  0.295   0.238    1.100  
  cts_opt_inst_FE_OFC244_n_243/Y                            -      A->Y    F     INV_X1M_A9PP140ZTUL_C35           64  0.506   0.346    1.446  
  g42498/Y                                                  -      B0->Y   F     AO22_X0P5M_A9PP140ZTUL_C35         1  0.478   0.141    1.587  
  cts_opt_inst_FE_PHC1158_n_1682/Y                          -      A->Y    F     DLY4_X0P5M_A9PP140ZTUL_C35         1  0.085   0.154    1.741  
  retime_s8_46_reg/D                                        -      D       F     DFFRPQA_X1M_A9PP140ZTUL_C35        1  0.068   0.000    1.741  
#--------------------------------------------------------------------------------------------------------------------------------------------
Path 42: MET (0.068 ns) Setup Check with Pin retime_s3_62_reg/CK->D
               View: wc_analysis_view
              Group: reg2reg
         Startpoint: (R) retime_s1_6_reg/CK
              Clock: (R) CLK
           Endpoint: (F) retime_s3_62_reg/D
              Clock: (R) CLK

                       Capture       Launch
         Clock Edge:+    2.000        0.000
        Src Latency:+   -0.154       -0.154
        Net Latency:+    0.157 (P)    0.157 (P)
            Arrival:=    2.003        0.003

              Setup:-    0.061
        Uncertainty:-    0.125
      Required Time:=    1.816
       Launch Clock:=    0.003
          Data Path:+    1.746
              Slack:=    0.068

#--------------------------------------------------------------------------------------------------------------------------------------------
# Timing Point                                              Flags  Arc     Edge  Cell                          Fanout  Trans   Delay  Arrival  
#                                                                                                                       (ns)    (ns)     (ns)  
#--------------------------------------------------------------------------------------------------------------------------------------------
  retime_s1_6_reg/CK                                        -      CK      R     (arrival)                         20  0.042       -    0.003  
  retime_s1_6_reg/QN                                        -      CK->QN  F     DFFRPQNA_X1M_A9PP140ZTUL_C35       2  0.042   0.056    0.060  
  cts_opt_inst_FE_OFC246_n_2948/Y                           -      A->Y    R     INV_X2M_A9PP140ZTUL_C35           58  0.035   0.144    0.204  
  g32665__2346/Y                                            -      B->Y    R     AND2_X0P5B_A9PP140ZTUL_C35         2  0.251   0.041    0.245  
  g39405__2802/Y                                            -      A0->Y   F     AOI22_X2M_A9PP140ZTUL_C35          1  0.039   0.043    0.287  
  g39401__1617/Y                                            -      B->Y    F     AND4_X0P5M_A9PP140ZTUL_C35         1  0.078   0.049    0.336  
  g39400__3680/Y                                            -      A->Y    R     NAND3_X1A_A9PP140ZTUL_C35          1  0.019   0.020    0.356  
  place_opt_inst_FE_OFC176_AR_3__AC_7__ACC_add_31_50_n_0/Y  -      A->Y    F     INV_X2M_A9PP140ZTUL_C35           49  0.034   0.112    0.469  
  place_opt_inst_FE_OFC159_AR_3__AC_7__ACC_add_31_50_n_0/Y  -      A->Y    R     INV_X3M_A9PP140ZTUL_C35            6  0.222   0.082    0.550  
  place_opt_inst_FE_OFC174_AR_3__AC_7__ACC_add_31_50_n_0/Y  -      A->Y    F     INV_X3M_A9PP140ZTUL_C35           63  0.098   0.102    0.652  
  g39398__6783/Y                                            -      A->Y    F     AND2_X1M_A9PP140ZTUL_C35          75  0.149   0.329    0.981  
  place_opt_inst_FE_OFC121_AR_0__AC_3__ACC_n_156/Y          -      A->Y    R     INV_X1M_A9PP140ZTUL_C35           51  0.511   0.355    1.337  
  place_opt_inst_FE_OFC122_AR_0__AC_3__ACC_n_156/Y          -      A->Y    F     INV_X1M_A9PP140ZTUL_C35           26  0.443   0.176    1.512  
  g43935/Y                                                  -      B0->Y   F     AO22_X0P5M_A9PP140ZTUL_C35         1  0.245   0.097    1.610  
  cts_opt_inst_FE_PHC1207_n_1017/Y                          -      A->Y    F     DLY4_X0P5M_A9PP140ZTUL_C35         1  0.064   0.139    1.749  
  retime_s3_62_reg/D                                        -      D       F     DFFRPQA_X1M_A9PP140ZTUL_C35        1  0.054   0.000    1.749  
#--------------------------------------------------------------------------------------------------------------------------------------------
Path 43: MET (0.074 ns) Setup Check with Pin AR[2].AC[1].ACC_add_31_50_retime_s3_191_reg/CK->D
               View: wc_analysis_view
              Group: reg2reg
         Startpoint: (R) retime_s1_6_reg/CK
              Clock: (R) CLK
           Endpoint: (F) AR[2].AC[1].ACC_add_31_50_retime_s3_191_reg/D
              Clock: (R) CLK

                       Capture       Launch
         Clock Edge:+    2.000        0.000
        Src Latency:+   -0.154       -0.154
        Net Latency:+    0.154 (P)    0.157 (P)
            Arrival:=    2.000        0.003

              Setup:-    0.061
        Uncertainty:-    0.125
      Required Time:=    1.814
       Launch Clock:=    0.003
          Data Path:+    1.737
              Slack:=    0.074

#--------------------------------------------------------------------------------------------------------------------------------------------
# Timing Point                                              Flags  Arc     Edge  Cell                          Fanout  Trans   Delay  Arrival  
#                                                                                                                       (ns)    (ns)     (ns)  
#--------------------------------------------------------------------------------------------------------------------------------------------
  retime_s1_6_reg/CK                                        -      CK      R     (arrival)                         20  0.042       -    0.003  
  retime_s1_6_reg/QN                                        -      CK->QN  R     DFFRPQNA_X1M_A9PP140ZTUL_C35       2  0.042   0.050    0.053  
  cts_opt_inst_FE_OFC246_n_2948/Y                           -      A->Y    F     INV_X2M_A9PP140ZTUL_C35           58  0.039   0.122    0.175  
  g32665__2346/Y                                            -      B->Y    F     AND2_X0P5B_A9PP140ZTUL_C35         2  0.213   0.085    0.260  
  g39405__2802/Y                                            -      A0->Y   R     AOI22_X2M_A9PP140ZTUL_C35          1  0.039   0.049    0.309  
  g39401__1617/Y                                            -      B->Y    R     AND4_X0P5M_A9PP140ZTUL_C35         1  0.074   0.039    0.349  
  g39400__3680/Y                                            -      A->Y    F     NAND3_X1A_A9PP140ZTUL_C35          1  0.023   0.023    0.372  
  place_opt_inst_FE_OFC176_AR_3__AC_7__ACC_add_31_50_n_0/Y  -      A->Y    R     INV_X2M_A9PP140ZTUL_C35           49  0.041   0.140    0.512  
  place_opt_inst_FE_OFC159_AR_3__AC_7__ACC_add_31_50_n_0/Y  -      A->Y    F     INV_X3M_A9PP140ZTUL_C35            6  0.263   0.055    0.567  
  place_opt_inst_FE_OFC174_AR_3__AC_7__ACC_add_31_50_n_0/Y  -      A->Y    R     INV_X3M_A9PP140ZTUL_C35           63  0.100   0.123    0.690  
  g39398__6783/Y                                            -      A->Y    R     AND2_X1M_A9PP140ZTUL_C35          75  0.169   0.351    1.040  
  place_opt_inst_FE_OFC121_AR_0__AC_3__ACC_n_156/Y          -      A->Y    F     INV_X1M_A9PP140ZTUL_C35           51  0.622   0.287    1.327  
  place_opt_inst_FE_OFC228_AR_0__AC_3__ACC_n_156/Y          -      A->Y    F     BUF_X1M_A9PP140ZTUL_C35           70  0.398   0.313    1.640  
  AR[2].AC[1].ACC_add_31_50_g1106/Y                         -      A0->Y   F     AO22_X0P5M_A9PP140ZTUL_C35         1  0.392   0.100    1.740  
  AR[2].AC[1].ACC_add_31_50_retime_s3_191_reg/D             -      D       F     DFFRPQA_X1M_A9PP140ZTUL_C35        1  0.047   0.000    1.740  
#--------------------------------------------------------------------------------------------------------------------------------------------
Path 44: MET (0.077 ns) Setup Check with Pin AR[2].AC[1].ACC_add_31_50_retime_s3_198_reg/CK->D
               View: wc_analysis_view
              Group: reg2reg
         Startpoint: (R) retime_s1_6_reg/CK
              Clock: (R) CLK
           Endpoint: (F) AR[2].AC[1].ACC_add_31_50_retime_s3_198_reg/D
              Clock: (R) CLK

                       Capture       Launch
         Clock Edge:+    2.000        0.000
        Src Latency:+   -0.154       -0.154
        Net Latency:+    0.152 (P)    0.157 (P)
            Arrival:=    1.998        0.003

              Setup:-    0.060
        Uncertainty:-    0.125
      Required Time:=    1.813
       Launch Clock:=    0.003
          Data Path:+    1.733
              Slack:=    0.077

#--------------------------------------------------------------------------------------------------------------------------------------------
# Timing Point                                              Flags  Arc     Edge  Cell                          Fanout  Trans   Delay  Arrival  
#                                                                                                                       (ns)    (ns)     (ns)  
#--------------------------------------------------------------------------------------------------------------------------------------------
  retime_s1_6_reg/CK                                        -      CK      R     (arrival)                         20  0.042       -    0.003  
  retime_s1_6_reg/QN                                        -      CK->QN  R     DFFRPQNA_X1M_A9PP140ZTUL_C35       2  0.042   0.050    0.053  
  cts_opt_inst_FE_OFC246_n_2948/Y                           -      A->Y    F     INV_X2M_A9PP140ZTUL_C35           58  0.039   0.122    0.175  
  g32665__2346/Y                                            -      B->Y    F     AND2_X0P5B_A9PP140ZTUL_C35         2  0.213   0.085    0.260  
  g39405__2802/Y                                            -      A0->Y   R     AOI22_X2M_A9PP140ZTUL_C35          1  0.039   0.049    0.309  
  g39401__1617/Y                                            -      B->Y    R     AND4_X0P5M_A9PP140ZTUL_C35         1  0.074   0.039    0.349  
  g39400__3680/Y                                            -      A->Y    F     NAND3_X1A_A9PP140ZTUL_C35          1  0.023   0.023    0.372  
  place_opt_inst_FE_OFC176_AR_3__AC_7__ACC_add_31_50_n_0/Y  -      A->Y    R     INV_X2M_A9PP140ZTUL_C35           49  0.041   0.140    0.512  
  place_opt_inst_FE_OFC159_AR_3__AC_7__ACC_add_31_50_n_0/Y  -      A->Y    F     INV_X3M_A9PP140ZTUL_C35            6  0.263   0.055    0.567  
  place_opt_inst_FE_OFC174_AR_3__AC_7__ACC_add_31_50_n_0/Y  -      A->Y    R     INV_X3M_A9PP140ZTUL_C35           63  0.100   0.123    0.690  
  g39398__6783/Y                                            -      A->Y    R     AND2_X1M_A9PP140ZTUL_C35          75  0.169   0.351    1.040  
  place_opt_inst_FE_OFC121_AR_0__AC_3__ACC_n_156/Y          -      A->Y    F     INV_X1M_A9PP140ZTUL_C35           51  0.622   0.287    1.327  
  place_opt_inst_FE_OFC228_AR_0__AC_3__ACC_n_156/Y          -      A->Y    F     BUF_X1M_A9PP140ZTUL_C35           70  0.398   0.311    1.639  
  AR[2].AC[1].ACC_add_31_50_g1103/Y                         -      A0->Y   F     AO22_X0P5M_A9PP140ZTUL_C35         1  0.392   0.098    1.736  
  AR[2].AC[1].ACC_add_31_50_retime_s3_198_reg/D             -      D       F     DFFRPQA_X1M_A9PP140ZTUL_C35        1  0.045   0.000    1.736  
#--------------------------------------------------------------------------------------------------------------------------------------------
Path 45: MET (0.078 ns) Setup Check with Pin ro_reg[0][1][10]/CK->D
               View: wc_analysis_view
              Group: reg2reg
         Startpoint: (R) retime_s1_6_reg/CK
              Clock: (R) CLK
           Endpoint: (R) ro_reg[0][1][10]/D
              Clock: (R) CLK

                       Capture       Launch
         Clock Edge:+    2.000        0.000
        Src Latency:+   -0.154       -0.154
        Net Latency:+    0.158 (P)    0.157 (P)
            Arrival:=    2.004        0.003

              Setup:-    0.019
        Uncertainty:-    0.125
      Required Time:=    1.860
       Launch Clock:=    0.003
          Data Path:+    1.779
              Slack:=    0.078

#---------------------------------------------------------------------------------------------------------------------
# Timing Point                      Flags  Arc     Edge  Cell                           Fanout  Trans   Delay  Arrival  
#                                                                                                (ns)    (ns)     (ns)  
#---------------------------------------------------------------------------------------------------------------------
  retime_s1_6_reg/CK                -      CK      R     (arrival)                          20  0.042       -    0.003  
  retime_s1_6_reg/QN                -      CK->QN  R     DFFRPQNA_X1M_A9PP140ZTUL_C35        2  0.042   0.050    0.053  
  cts_opt_inst_FE_OFC246_n_2948/Y   -      A->Y    F     INV_X2M_A9PP140ZTUL_C35            58  0.039   0.096    0.150  
  g32670__2398/Y                    -      A->Y    F     AND2_X0P5B_A9PP140ZTUL_C35          2  0.206   0.092    0.242  
  g39858__6131/Y                    -      A->Y    R     NAND2XB_X0P5M_A9PP140ZTUL_C35      34  0.051   0.341    0.583  
  g44756/Y                          -      A->Y    F     INV_X0P5B_A9PP140ZTUL_C35          35  0.627   0.396    0.978  
  g44708/Y                          -      B->Y    R     NOR2_X0P5A_A9PP140ZTUL_C35         17  0.572   0.432    1.411  
  g44691/Y                          -      A->Y    F     INV_X0P5B_A9PP140ZTUL_C35          16  0.512   0.171    1.581  
  g41728/Y                          -      B0->Y   R     OAI22_X0P5M_A9PP140ZTUL_C35         1  0.270   0.152    1.733  
  cts_opt_inst_FE_PHC3336_n_1994/Y  -      A->Y    R     BUF_X0P5M_A9PP140ZTUL_C35           1  0.221   0.050    1.783  
  ro_reg[0][1][10]/D                -      D       R     DFFRPQNA_X1M_A9PP140ZTUL_C35        1  0.062   0.000    1.783  
#---------------------------------------------------------------------------------------------------------------------
Path 46: MET (0.079 ns) Setup Check with Pin retime_s3_258_reg/CK->D
               View: wc_analysis_view
              Group: reg2reg
         Startpoint: (R) retime_s1_6_reg/CK
              Clock: (R) CLK
           Endpoint: (F) retime_s3_258_reg/D
              Clock: (R) CLK

                       Capture       Launch
         Clock Edge:+    2.000        0.000
        Src Latency:+   -0.154       -0.154
        Net Latency:+    0.156 (P)    0.157 (P)
            Arrival:=    2.003        0.003

              Setup:-    0.065
        Uncertainty:-    0.125
      Required Time:=    1.813
       Launch Clock:=    0.003
          Data Path:+    1.731
              Slack:=    0.079

#---------------------------------------------------------------------------------------------------------------------------------------------
# Timing Point                                              Flags  Arc     Edge  Cell                           Fanout  Trans   Delay  Arrival  
#                                                                                                                        (ns)    (ns)     (ns)  
#---------------------------------------------------------------------------------------------------------------------------------------------
  retime_s1_6_reg/CK                                        -      CK      R     (arrival)                          20  0.042       -    0.003  
  retime_s1_6_reg/QN                                        -      CK->QN  R     DFFRPQNA_X1M_A9PP140ZTUL_C35        2  0.042   0.050    0.053  
  cts_opt_inst_FE_OFC246_n_2948/Y                           -      A->Y    F     INV_X2M_A9PP140ZTUL_C35            58  0.039   0.122    0.175  
  g32665__2346/Y                                            -      B->Y    F     AND2_X0P5B_A9PP140ZTUL_C35          2  0.213   0.085    0.260  
  g39405__2802/Y                                            -      A0->Y   R     AOI22_X2M_A9PP140ZTUL_C35           1  0.039   0.049    0.309  
  g39401__1617/Y                                            -      B->Y    R     AND4_X0P5M_A9PP140ZTUL_C35          1  0.074   0.039    0.349  
  g39400__3680/Y                                            -      A->Y    F     NAND3_X1A_A9PP140ZTUL_C35           1  0.023   0.023    0.372  
  place_opt_inst_FE_OFC176_AR_3__AC_7__ACC_add_31_50_n_0/Y  -      A->Y    R     INV_X2M_A9PP140ZTUL_C35            49  0.041   0.140    0.512  
  place_opt_inst_FE_OFC159_AR_3__AC_7__ACC_add_31_50_n_0/Y  -      A->Y    F     INV_X3M_A9PP140ZTUL_C35             6  0.263   0.055    0.567  
  place_opt_inst_FE_OFC174_AR_3__AC_7__ACC_add_31_50_n_0/Y  -      A->Y    R     INV_X3M_A9PP140ZTUL_C35            63  0.100   0.122    0.689  
  g39397__5526/Y                                            -      A->Y    R     AND2_X1M_A9PP140ZTUL_C35           61  0.169   0.268    0.958  
  g44759/Y                                                  -      A->Y    F     INV_X1M_A9PP140ZTUL_C35            38  0.494   0.234    1.191  
  cts_opt_inst_FE_OFC300_AR_0__AC_2__ACC_add_31_50_n_0/Y    -      A->Y    F     BUF_X1M_A9PP140ZTUL_C35            75  0.327   0.272    1.463  
  g43975/Y                                                  -      B0N->Y  F     OAI22BB_X0P5M_A9PP140ZTUL_C35       1  0.348   0.155    1.618  
  cts_opt_inst_FE_PHC2516_n_977/Y                           -      A->Y    F     DLY2_X0P5M_A9PP140ZTUL_C35          1  0.172   0.116    1.734  
  retime_s3_258_reg/D                                       -      D       F     DFFRPQA_X1M_A9PP140ZTUL_C35         1  0.059   0.000    1.734  
#---------------------------------------------------------------------------------------------------------------------------------------------
Path 47: MET (0.079 ns) Setup Check with Pin AR[2].AC[1].ACC_add_31_50_retime_s3_117_reg/CK->D
               View: wc_analysis_view
              Group: reg2reg
         Startpoint: (R) retime_s1_6_reg/CK
              Clock: (R) CLK
           Endpoint: (F) AR[2].AC[1].ACC_add_31_50_retime_s3_117_reg/D
              Clock: (R) CLK

                       Capture       Launch
         Clock Edge:+    2.000        0.000
        Src Latency:+   -0.154       -0.154
        Net Latency:+    0.154 (P)    0.157 (P)
            Arrival:=    2.001        0.003

              Setup:-    0.060
        Uncertainty:-    0.125
      Required Time:=    1.815
       Launch Clock:=    0.003
          Data Path:+    1.733
              Slack:=    0.079

#--------------------------------------------------------------------------------------------------------------------------------------------
# Timing Point                                              Flags  Arc     Edge  Cell                          Fanout  Trans   Delay  Arrival  
#                                                                                                                       (ns)    (ns)     (ns)  
#--------------------------------------------------------------------------------------------------------------------------------------------
  retime_s1_6_reg/CK                                        -      CK      R     (arrival)                         20  0.042       -    0.003  
  retime_s1_6_reg/QN                                        -      CK->QN  R     DFFRPQNA_X1M_A9PP140ZTUL_C35       2  0.042   0.050    0.053  
  cts_opt_inst_FE_OFC246_n_2948/Y                           -      A->Y    F     INV_X2M_A9PP140ZTUL_C35           58  0.039   0.122    0.175  
  g32665__2346/Y                                            -      B->Y    F     AND2_X0P5B_A9PP140ZTUL_C35         2  0.213   0.085    0.260  
  g39405__2802/Y                                            -      A0->Y   R     AOI22_X2M_A9PP140ZTUL_C35          1  0.039   0.049    0.309  
  g39401__1617/Y                                            -      B->Y    R     AND4_X0P5M_A9PP140ZTUL_C35         1  0.074   0.039    0.349  
  g39400__3680/Y                                            -      A->Y    F     NAND3_X1A_A9PP140ZTUL_C35          1  0.023   0.023    0.372  
  place_opt_inst_FE_OFC176_AR_3__AC_7__ACC_add_31_50_n_0/Y  -      A->Y    R     INV_X2M_A9PP140ZTUL_C35           49  0.041   0.140    0.512  
  place_opt_inst_FE_OFC159_AR_3__AC_7__ACC_add_31_50_n_0/Y  -      A->Y    F     INV_X3M_A9PP140ZTUL_C35            6  0.263   0.055    0.567  
  place_opt_inst_FE_OFC174_AR_3__AC_7__ACC_add_31_50_n_0/Y  -      A->Y    R     INV_X3M_A9PP140ZTUL_C35           63  0.100   0.123    0.690  
  g39398__6783/Y                                            -      A->Y    R     AND2_X1M_A9PP140ZTUL_C35          75  0.169   0.351    1.040  
  place_opt_inst_FE_OFC121_AR_0__AC_3__ACC_n_156/Y          -      A->Y    F     INV_X1M_A9PP140ZTUL_C35           51  0.622   0.287    1.327  
  place_opt_inst_FE_OFC228_AR_0__AC_3__ACC_n_156/Y          -      A->Y    F     BUF_X1M_A9PP140ZTUL_C35           70  0.398   0.313    1.640  
  AR[2].AC[1].ACC_add_31_50_g1105/Y                         -      A0->Y   F     AO22_X0P5M_A9PP140ZTUL_C35         1  0.392   0.096    1.736  
  AR[2].AC[1].ACC_add_31_50_retime_s3_117_reg/D             -      D       F     DFFRPQA_X1M_A9PP140ZTUL_C35        1  0.043   0.000    1.736  
#--------------------------------------------------------------------------------------------------------------------------------------------
Path 48: MET (0.080 ns) Setup Check with Pin retime_s6_41_reg/CK->D
               View: wc_analysis_view
              Group: reg2reg
         Startpoint: (R) retime_s1_6_reg/CK
              Clock: (R) CLK
           Endpoint: (F) retime_s6_41_reg/D
              Clock: (R) CLK

                       Capture       Launch
         Clock Edge:+    2.000        0.000
        Src Latency:+   -0.154       -0.154
        Net Latency:+    0.153 (P)    0.157 (P)
            Arrival:=    2.000        0.003

              Setup:-    0.059
        Uncertainty:-    0.125
      Required Time:=    1.816
       Launch Clock:=    0.003
          Data Path:+    1.733
              Slack:=    0.080

#--------------------------------------------------------------------------------------------------------------------------------------------
# Timing Point                                              Flags  Arc     Edge  Cell                          Fanout  Trans   Delay  Arrival  
#                                                                                                                       (ns)    (ns)     (ns)  
#--------------------------------------------------------------------------------------------------------------------------------------------
  retime_s1_6_reg/CK                                        -      CK      R     (arrival)                         20  0.042       -    0.003  
  retime_s1_6_reg/QN                                        -      CK->QN  R     DFFRPQNA_X1M_A9PP140ZTUL_C35       2  0.042   0.050    0.053  
  cts_opt_inst_FE_OFC246_n_2948/Y                           -      A->Y    F     INV_X2M_A9PP140ZTUL_C35           58  0.039   0.122    0.175  
  g32665__2346/Y                                            -      B->Y    F     AND2_X0P5B_A9PP140ZTUL_C35         2  0.213   0.085    0.260  
  g39405__2802/Y                                            -      A0->Y   R     AOI22_X2M_A9PP140ZTUL_C35          1  0.039   0.049    0.309  
  g39401__1617/Y                                            -      B->Y    R     AND4_X0P5M_A9PP140ZTUL_C35         1  0.074   0.039    0.349  
  g39400__3680/Y                                            -      A->Y    F     NAND3_X1A_A9PP140ZTUL_C35          1  0.023   0.023    0.372  
  place_opt_inst_FE_OFC176_AR_3__AC_7__ACC_add_31_50_n_0/Y  -      A->Y    R     INV_X2M_A9PP140ZTUL_C35           49  0.041   0.140    0.512  
  place_opt_inst_FE_OFC159_AR_3__AC_7__ACC_add_31_50_n_0/Y  -      A->Y    F     INV_X3M_A9PP140ZTUL_C35            6  0.263   0.055    0.567  
  place_opt_inst_FE_OFC174_AR_3__AC_7__ACC_add_31_50_n_0/Y  -      A->Y    R     INV_X3M_A9PP140ZTUL_C35           63  0.100   0.123    0.690  
  g39398__6783/Y                                            -      A->Y    R     AND2_X1M_A9PP140ZTUL_C35          75  0.169   0.351    1.040  
  place_opt_inst_FE_OFC121_AR_0__AC_3__ACC_n_156/Y          -      A->Y    F     INV_X1M_A9PP140ZTUL_C35           51  0.622   0.287    1.327  
  place_opt_inst_FE_OFC228_AR_0__AC_3__ACC_n_156/Y          -      A->Y    F     BUF_X1M_A9PP140ZTUL_C35           70  0.398   0.316    1.644  
  g43682/Y                                                  -      A0->Y   F     AO22_X0P5M_A9PP140ZTUL_C35         1  0.392   0.092    1.736  
  retime_s6_41_reg/D                                        -      D       F     DFFRPQA_X1M_A9PP140ZTUL_C35        1  0.040   0.000    1.736  
#--------------------------------------------------------------------------------------------------------------------------------------------
Path 49: MET (0.081 ns) Setup Check with Pin retime_s6_35_reg/CK->D
               View: wc_analysis_view
              Group: reg2reg
         Startpoint: (R) retime_s1_6_reg/CK
              Clock: (R) CLK
           Endpoint: (F) retime_s6_35_reg/D
              Clock: (R) CLK

                       Capture       Launch
         Clock Edge:+    2.000        0.000
        Src Latency:+   -0.154       -0.154
        Net Latency:+    0.154 (P)    0.157 (P)
            Arrival:=    2.000        0.003

              Setup:-    0.059
        Uncertainty:-    0.125
      Required Time:=    1.816
       Launch Clock:=    0.003
          Data Path:+    1.732
              Slack:=    0.081

#--------------------------------------------------------------------------------------------------------------------------------------------
# Timing Point                                              Flags  Arc     Edge  Cell                          Fanout  Trans   Delay  Arrival  
#                                                                                                                       (ns)    (ns)     (ns)  
#--------------------------------------------------------------------------------------------------------------------------------------------
  retime_s1_6_reg/CK                                        -      CK      R     (arrival)                         20  0.042       -    0.003  
  retime_s1_6_reg/QN                                        -      CK->QN  R     DFFRPQNA_X1M_A9PP140ZTUL_C35       2  0.042   0.050    0.053  
  cts_opt_inst_FE_OFC246_n_2948/Y                           -      A->Y    F     INV_X2M_A9PP140ZTUL_C35           58  0.039   0.122    0.175  
  g32665__2346/Y                                            -      B->Y    F     AND2_X0P5B_A9PP140ZTUL_C35         2  0.213   0.085    0.260  
  g39405__2802/Y                                            -      A0->Y   R     AOI22_X2M_A9PP140ZTUL_C35          1  0.039   0.049    0.309  
  g39401__1617/Y                                            -      B->Y    R     AND4_X0P5M_A9PP140ZTUL_C35         1  0.074   0.039    0.349  
  g39400__3680/Y                                            -      A->Y    F     NAND3_X1A_A9PP140ZTUL_C35          1  0.023   0.023    0.372  
  place_opt_inst_FE_OFC176_AR_3__AC_7__ACC_add_31_50_n_0/Y  -      A->Y    R     INV_X2M_A9PP140ZTUL_C35           49  0.041   0.140    0.512  
  place_opt_inst_FE_OFC159_AR_3__AC_7__ACC_add_31_50_n_0/Y  -      A->Y    F     INV_X3M_A9PP140ZTUL_C35            6  0.263   0.055    0.567  
  place_opt_inst_FE_OFC174_AR_3__AC_7__ACC_add_31_50_n_0/Y  -      A->Y    R     INV_X3M_A9PP140ZTUL_C35           63  0.100   0.123    0.690  
  g39398__6783/Y                                            -      A->Y    R     AND2_X1M_A9PP140ZTUL_C35          75  0.169   0.351    1.040  
  place_opt_inst_FE_OFC121_AR_0__AC_3__ACC_n_156/Y          -      A->Y    F     INV_X1M_A9PP140ZTUL_C35           51  0.622   0.287    1.327  
  place_opt_inst_FE_OFC228_AR_0__AC_3__ACC_n_156/Y          -      A->Y    F     BUF_X1M_A9PP140ZTUL_C35           70  0.398   0.316    1.644  
  g43639/Y                                                  -      A0->Y   F     AO22_X0P5M_A9PP140ZTUL_C35         1  0.392   0.092    1.736  
  retime_s6_35_reg/D                                        -      D       F     DFFRPQA_X1M_A9PP140ZTUL_C35        1  0.040   0.000    1.736  
#--------------------------------------------------------------------------------------------------------------------------------------------
Path 50: MET (0.081 ns) Setup Check with Pin retime_s6_19_reg/CK->D
               View: wc_analysis_view
              Group: reg2reg
         Startpoint: (R) retime_s1_6_reg/CK
              Clock: (R) CLK
           Endpoint: (F) retime_s6_19_reg/D
              Clock: (R) CLK

                       Capture       Launch
         Clock Edge:+    2.000        0.000
        Src Latency:+   -0.154       -0.154
        Net Latency:+    0.153 (P)    0.157 (P)
            Arrival:=    2.000        0.003

              Setup:-    0.058
        Uncertainty:-    0.125
      Required Time:=    1.816
       Launch Clock:=    0.003
          Data Path:+    1.732
              Slack:=    0.081

#--------------------------------------------------------------------------------------------------------------------------------------------
# Timing Point                                              Flags  Arc     Edge  Cell                          Fanout  Trans   Delay  Arrival  
#                                                                                                                       (ns)    (ns)     (ns)  
#--------------------------------------------------------------------------------------------------------------------------------------------
  retime_s1_6_reg/CK                                        -      CK      R     (arrival)                         20  0.042       -    0.003  
  retime_s1_6_reg/QN                                        -      CK->QN  R     DFFRPQNA_X1M_A9PP140ZTUL_C35       2  0.042   0.050    0.053  
  cts_opt_inst_FE_OFC246_n_2948/Y                           -      A->Y    F     INV_X2M_A9PP140ZTUL_C35           58  0.039   0.122    0.175  
  g32665__2346/Y                                            -      B->Y    F     AND2_X0P5B_A9PP140ZTUL_C35         2  0.213   0.085    0.260  
  g39405__2802/Y                                            -      A0->Y   R     AOI22_X2M_A9PP140ZTUL_C35          1  0.039   0.049    0.309  
  g39401__1617/Y                                            -      B->Y    R     AND4_X0P5M_A9PP140ZTUL_C35         1  0.074   0.039    0.349  
  g39400__3680/Y                                            -      A->Y    F     NAND3_X1A_A9PP140ZTUL_C35          1  0.023   0.023    0.372  
  place_opt_inst_FE_OFC176_AR_3__AC_7__ACC_add_31_50_n_0/Y  -      A->Y    R     INV_X2M_A9PP140ZTUL_C35           49  0.041   0.140    0.512  
  place_opt_inst_FE_OFC159_AR_3__AC_7__ACC_add_31_50_n_0/Y  -      A->Y    F     INV_X3M_A9PP140ZTUL_C35            6  0.263   0.055    0.567  
  place_opt_inst_FE_OFC174_AR_3__AC_7__ACC_add_31_50_n_0/Y  -      A->Y    R     INV_X3M_A9PP140ZTUL_C35           63  0.100   0.123    0.690  
  g39398__6783/Y                                            -      A->Y    R     AND2_X1M_A9PP140ZTUL_C35          75  0.169   0.351    1.040  
  place_opt_inst_FE_OFC121_AR_0__AC_3__ACC_n_156/Y          -      A->Y    F     INV_X1M_A9PP140ZTUL_C35           51  0.622   0.287    1.327  
  place_opt_inst_FE_OFC228_AR_0__AC_3__ACC_n_156/Y          -      A->Y    F     BUF_X1M_A9PP140ZTUL_C35           70  0.398   0.316    1.643  
  g43698/Y                                                  -      A0->Y   F     AO22_X0P5M_A9PP140ZTUL_C35         1  0.392   0.092    1.735  
  retime_s6_19_reg/D                                        -      D       F     DFFRPQA_X1M_A9PP140ZTUL_C35        1  0.040   0.000    1.735  
#--------------------------------------------------------------------------------------------------------------------------------------------
Path 51: MET (0.082 ns) Setup Check with Pin retime_s3_251_reg/CK->D
               View: wc_analysis_view
              Group: reg2reg
         Startpoint: (R) retime_s1_6_reg/CK
              Clock: (R) CLK
           Endpoint: (R) retime_s3_251_reg/D
              Clock: (R) CLK

                       Capture       Launch
         Clock Edge:+    2.000        0.000
        Src Latency:+   -0.154       -0.154
        Net Latency:+    0.146 (P)    0.157 (P)
            Arrival:=    1.992        0.003

              Setup:-    0.028
        Uncertainty:-    0.125
      Required Time:=    1.839
       Launch Clock:=    0.003
          Data Path:+    1.754
              Slack:=    0.082

#--------------------------------------------------------------------------------------------------------------------------------------------
# Timing Point                                              Flags  Arc     Edge  Cell                          Fanout  Trans   Delay  Arrival  
#                                                                                                                       (ns)    (ns)     (ns)  
#--------------------------------------------------------------------------------------------------------------------------------------------
  retime_s1_6_reg/CK                                        -      CK      R     (arrival)                         20  0.042       -    0.003  
  retime_s1_6_reg/QN                                        -      CK->QN  R     DFFRPQNA_X1M_A9PP140ZTUL_C35       2  0.042   0.050    0.053  
  cts_opt_inst_FE_OFC246_n_2948/Y                           -      A->Y    F     INV_X2M_A9PP140ZTUL_C35           58  0.039   0.122    0.175  
  g32665__2346/Y                                            -      B->Y    F     AND2_X0P5B_A9PP140ZTUL_C35         2  0.213   0.085    0.260  
  g39405__2802/Y                                            -      A0->Y   R     AOI22_X2M_A9PP140ZTUL_C35          1  0.039   0.049    0.309  
  g39401__1617/Y                                            -      B->Y    R     AND4_X0P5M_A9PP140ZTUL_C35         1  0.074   0.039    0.349  
  g39400__3680/Y                                            -      A->Y    F     NAND3_X1A_A9PP140ZTUL_C35          1  0.023   0.023    0.372  
  place_opt_inst_FE_OFC176_AR_3__AC_7__ACC_add_31_50_n_0/Y  -      A->Y    R     INV_X2M_A9PP140ZTUL_C35           49  0.041   0.140    0.512  
  place_opt_inst_FE_OFC159_AR_3__AC_7__ACC_add_31_50_n_0/Y  -      A->Y    F     INV_X3M_A9PP140ZTUL_C35            6  0.263   0.055    0.567  
  place_opt_inst_FE_OFC174_AR_3__AC_7__ACC_add_31_50_n_0/Y  -      A->Y    R     INV_X3M_A9PP140ZTUL_C35           63  0.100   0.123    0.690  
  g39398__6783/Y                                            -      A->Y    R     AND2_X1M_A9PP140ZTUL_C35          75  0.169   0.351    1.040  
  place_opt_inst_FE_OFC121_AR_0__AC_3__ACC_n_156/Y          -      A->Y    F     INV_X1M_A9PP140ZTUL_C35           51  0.622   0.287    1.327  
  place_opt_inst_FE_OFC228_AR_0__AC_3__ACC_n_156/Y          -      A->Y    F     BUF_X1M_A9PP140ZTUL_C35           70  0.398   0.316    1.643  
  place_opt_inst_FE_RC_1_0/Y                                -      S0->Y   R     MXT2_X0P5B_A9PP140ZTUL_C35         1  0.392   0.114    1.757  
  retime_s3_251_reg/D                                       -      D       R     DFFRPQA_X1M_A9PP140ZTUL_C35        1  0.038   0.000    1.757  
#--------------------------------------------------------------------------------------------------------------------------------------------
Path 52: MET (0.082 ns) Setup Check with Pin retime_s6_21_reg/CK->D
               View: wc_analysis_view
              Group: reg2reg
         Startpoint: (R) retime_s1_6_reg/CK
              Clock: (R) CLK
           Endpoint: (F) retime_s6_21_reg/D
              Clock: (R) CLK

                       Capture       Launch
         Clock Edge:+    2.000        0.000
        Src Latency:+   -0.154       -0.154
        Net Latency:+    0.153 (P)    0.157 (P)
            Arrival:=    2.000        0.003

              Setup:-    0.058
        Uncertainty:-    0.125
      Required Time:=    1.816
       Launch Clock:=    0.003
          Data Path:+    1.731
              Slack:=    0.082

#--------------------------------------------------------------------------------------------------------------------------------------------
# Timing Point                                              Flags  Arc     Edge  Cell                          Fanout  Trans   Delay  Arrival  
#                                                                                                                       (ns)    (ns)     (ns)  
#--------------------------------------------------------------------------------------------------------------------------------------------
  retime_s1_6_reg/CK                                        -      CK      R     (arrival)                         20  0.042       -    0.003  
  retime_s1_6_reg/QN                                        -      CK->QN  R     DFFRPQNA_X1M_A9PP140ZTUL_C35       2  0.042   0.050    0.053  
  cts_opt_inst_FE_OFC246_n_2948/Y                           -      A->Y    F     INV_X2M_A9PP140ZTUL_C35           58  0.039   0.122    0.175  
  g32665__2346/Y                                            -      B->Y    F     AND2_X0P5B_A9PP140ZTUL_C35         2  0.213   0.085    0.260  
  g39405__2802/Y                                            -      A0->Y   R     AOI22_X2M_A9PP140ZTUL_C35          1  0.039   0.049    0.309  
  g39401__1617/Y                                            -      B->Y    R     AND4_X0P5M_A9PP140ZTUL_C35         1  0.074   0.039    0.349  
  g39400__3680/Y                                            -      A->Y    F     NAND3_X1A_A9PP140ZTUL_C35          1  0.023   0.023    0.372  
  place_opt_inst_FE_OFC176_AR_3__AC_7__ACC_add_31_50_n_0/Y  -      A->Y    R     INV_X2M_A9PP140ZTUL_C35           49  0.041   0.140    0.512  
  place_opt_inst_FE_OFC159_AR_3__AC_7__ACC_add_31_50_n_0/Y  -      A->Y    F     INV_X3M_A9PP140ZTUL_C35            6  0.263   0.055    0.567  
  place_opt_inst_FE_OFC174_AR_3__AC_7__ACC_add_31_50_n_0/Y  -      A->Y    R     INV_X3M_A9PP140ZTUL_C35           63  0.100   0.123    0.690  
  g39398__6783/Y                                            -      A->Y    R     AND2_X1M_A9PP140ZTUL_C35          75  0.169   0.351    1.040  
  place_opt_inst_FE_OFC121_AR_0__AC_3__ACC_n_156/Y          -      A->Y    F     INV_X1M_A9PP140ZTUL_C35           51  0.622   0.287    1.327  
  place_opt_inst_FE_OFC228_AR_0__AC_3__ACC_n_156/Y          -      A->Y    F     BUF_X1M_A9PP140ZTUL_C35           70  0.398   0.315    1.643  
  g43704/Y                                                  -      A0->Y   F     AO22_X0P5M_A9PP140ZTUL_C35         1  0.392   0.092    1.734  
  retime_s6_21_reg/D                                        -      D       F     DFFRPQA_X1M_A9PP140ZTUL_C35        1  0.040   0.000    1.734  
#--------------------------------------------------------------------------------------------------------------------------------------------
Path 53: MET (0.082 ns) Setup Check with Pin retime_s6_33_reg/CK->D
               View: wc_analysis_view
              Group: reg2reg
         Startpoint: (R) retime_s1_6_reg/CK
              Clock: (R) CLK
           Endpoint: (F) retime_s6_33_reg/D
              Clock: (R) CLK

                       Capture       Launch
         Clock Edge:+    2.000        0.000
        Src Latency:+   -0.154       -0.154
        Net Latency:+    0.145 (P)    0.157 (P)
            Arrival:=    1.991        0.003

              Setup:-    0.053
        Uncertainty:-    0.125
      Required Time:=    1.813
       Launch Clock:=    0.003
          Data Path:+    1.728
              Slack:=    0.082

#--------------------------------------------------------------------------------------------------------------------------------------------
# Timing Point                                              Flags  Arc     Edge  Cell                          Fanout  Trans   Delay  Arrival  
#                                                                                                                       (ns)    (ns)     (ns)  
#--------------------------------------------------------------------------------------------------------------------------------------------
  retime_s1_6_reg/CK                                        -      CK      R     (arrival)                         20  0.042       -    0.003  
  retime_s1_6_reg/QN                                        -      CK->QN  R     DFFRPQNA_X1M_A9PP140ZTUL_C35       2  0.042   0.050    0.053  
  cts_opt_inst_FE_OFC246_n_2948/Y                           -      A->Y    F     INV_X2M_A9PP140ZTUL_C35           58  0.039   0.122    0.175  
  g32665__2346/Y                                            -      B->Y    F     AND2_X0P5B_A9PP140ZTUL_C35         2  0.213   0.085    0.260  
  g39405__2802/Y                                            -      A0->Y   R     AOI22_X2M_A9PP140ZTUL_C35          1  0.039   0.049    0.309  
  g39401__1617/Y                                            -      B->Y    R     AND4_X0P5M_A9PP140ZTUL_C35         1  0.074   0.039    0.349  
  g39400__3680/Y                                            -      A->Y    F     NAND3_X1A_A9PP140ZTUL_C35          1  0.023   0.023    0.372  
  place_opt_inst_FE_OFC176_AR_3__AC_7__ACC_add_31_50_n_0/Y  -      A->Y    R     INV_X2M_A9PP140ZTUL_C35           49  0.041   0.140    0.512  
  place_opt_inst_FE_OFC159_AR_3__AC_7__ACC_add_31_50_n_0/Y  -      A->Y    F     INV_X3M_A9PP140ZTUL_C35            6  0.263   0.055    0.567  
  place_opt_inst_FE_OFC174_AR_3__AC_7__ACC_add_31_50_n_0/Y  -      A->Y    R     INV_X3M_A9PP140ZTUL_C35           63  0.100   0.123    0.690  
  g39398__6783/Y                                            -      A->Y    R     AND2_X1M_A9PP140ZTUL_C35          75  0.169   0.351    1.040  
  place_opt_inst_FE_OFC121_AR_0__AC_3__ACC_n_156/Y          -      A->Y    F     INV_X1M_A9PP140ZTUL_C35           51  0.622   0.287    1.327  
  place_opt_inst_FE_OFC228_AR_0__AC_3__ACC_n_156/Y          -      A->Y    F     BUF_X1M_A9PP140ZTUL_C35           70  0.398   0.316    1.644  
  g43766/Y                                                  -      A0->Y   F     AO22_X0P5M_A9PP140ZTUL_C35         1  0.392   0.087    1.731  
  retime_s6_33_reg/D                                        -      D       F     DFFRPQA_X1M_A9PP140ZTUL_C35        1  0.036   0.000    1.731  
#--------------------------------------------------------------------------------------------------------------------------------------------
Path 54: MET (0.083 ns) Setup Check with Pin retime_s6_23_reg/CK->D
               View: wc_analysis_view
              Group: reg2reg
         Startpoint: (R) retime_s1_6_reg/CK
              Clock: (R) CLK
           Endpoint: (F) retime_s6_23_reg/D
              Clock: (R) CLK

                       Capture       Launch
         Clock Edge:+    2.000        0.000
        Src Latency:+   -0.154       -0.154
        Net Latency:+    0.153 (P)    0.157 (P)
            Arrival:=    1.999        0.003

              Setup:-    0.058
        Uncertainty:-    0.125
      Required Time:=    1.816
       Launch Clock:=    0.003
          Data Path:+    1.730
              Slack:=    0.083

#--------------------------------------------------------------------------------------------------------------------------------------------
# Timing Point                                              Flags  Arc     Edge  Cell                          Fanout  Trans   Delay  Arrival  
#                                                                                                                       (ns)    (ns)     (ns)  
#--------------------------------------------------------------------------------------------------------------------------------------------
  retime_s1_6_reg/CK                                        -      CK      R     (arrival)                         20  0.042       -    0.003  
  retime_s1_6_reg/QN                                        -      CK->QN  R     DFFRPQNA_X1M_A9PP140ZTUL_C35       2  0.042   0.050    0.053  
  cts_opt_inst_FE_OFC246_n_2948/Y                           -      A->Y    F     INV_X2M_A9PP140ZTUL_C35           58  0.039   0.122    0.175  
  g32665__2346/Y                                            -      B->Y    F     AND2_X0P5B_A9PP140ZTUL_C35         2  0.213   0.085    0.260  
  g39405__2802/Y                                            -      A0->Y   R     AOI22_X2M_A9PP140ZTUL_C35          1  0.039   0.049    0.309  
  g39401__1617/Y                                            -      B->Y    R     AND4_X0P5M_A9PP140ZTUL_C35         1  0.074   0.039    0.349  
  g39400__3680/Y                                            -      A->Y    F     NAND3_X1A_A9PP140ZTUL_C35          1  0.023   0.023    0.372  
  place_opt_inst_FE_OFC176_AR_3__AC_7__ACC_add_31_50_n_0/Y  -      A->Y    R     INV_X2M_A9PP140ZTUL_C35           49  0.041   0.140    0.512  
  place_opt_inst_FE_OFC159_AR_3__AC_7__ACC_add_31_50_n_0/Y  -      A->Y    F     INV_X3M_A9PP140ZTUL_C35            6  0.263   0.055    0.567  
  place_opt_inst_FE_OFC174_AR_3__AC_7__ACC_add_31_50_n_0/Y  -      A->Y    R     INV_X3M_A9PP140ZTUL_C35           63  0.100   0.123    0.690  
  g39398__6783/Y                                            -      A->Y    R     AND2_X1M_A9PP140ZTUL_C35          75  0.169   0.351    1.040  
  place_opt_inst_FE_OFC121_AR_0__AC_3__ACC_n_156/Y          -      A->Y    F     INV_X1M_A9PP140ZTUL_C35           51  0.622   0.287    1.327  
  place_opt_inst_FE_OFC228_AR_0__AC_3__ACC_n_156/Y          -      A->Y    F     BUF_X1M_A9PP140ZTUL_C35           70  0.398   0.316    1.644  
  g43661/Y                                                  -      A0->Y   F     AO22_X0P5M_A9PP140ZTUL_C35         1  0.392   0.090    1.734  
  retime_s6_23_reg/D                                        -      D       F     DFFRPQA_X1M_A9PP140ZTUL_C35        1  0.038   0.000    1.734  
#--------------------------------------------------------------------------------------------------------------------------------------------
Path 55: MET (0.083 ns) Setup Check with Pin retime_s6_45_reg/CK->D
               View: wc_analysis_view
              Group: reg2reg
         Startpoint: (R) retime_s1_6_reg/CK
              Clock: (R) CLK
           Endpoint: (F) retime_s6_45_reg/D
              Clock: (R) CLK

                       Capture       Launch
         Clock Edge:+    2.000        0.000
        Src Latency:+   -0.154       -0.154
        Net Latency:+    0.146 (P)    0.157 (P)
            Arrival:=    1.992        0.003

              Setup:-    0.053
        Uncertainty:-    0.125
      Required Time:=    1.814
       Launch Clock:=    0.003
          Data Path:+    1.728
              Slack:=    0.083

#--------------------------------------------------------------------------------------------------------------------------------------------
# Timing Point                                              Flags  Arc     Edge  Cell                          Fanout  Trans   Delay  Arrival  
#                                                                                                                       (ns)    (ns)     (ns)  
#--------------------------------------------------------------------------------------------------------------------------------------------
  retime_s1_6_reg/CK                                        -      CK      R     (arrival)                         20  0.042       -    0.003  
  retime_s1_6_reg/QN                                        -      CK->QN  R     DFFRPQNA_X1M_A9PP140ZTUL_C35       2  0.042   0.050    0.053  
  cts_opt_inst_FE_OFC246_n_2948/Y                           -      A->Y    F     INV_X2M_A9PP140ZTUL_C35           58  0.039   0.122    0.175  
  g32665__2346/Y                                            -      B->Y    F     AND2_X0P5B_A9PP140ZTUL_C35         2  0.213   0.085    0.260  
  g39405__2802/Y                                            -      A0->Y   R     AOI22_X2M_A9PP140ZTUL_C35          1  0.039   0.049    0.309  
  g39401__1617/Y                                            -      B->Y    R     AND4_X0P5M_A9PP140ZTUL_C35         1  0.074   0.039    0.349  
  g39400__3680/Y                                            -      A->Y    F     NAND3_X1A_A9PP140ZTUL_C35          1  0.023   0.023    0.372  
  place_opt_inst_FE_OFC176_AR_3__AC_7__ACC_add_31_50_n_0/Y  -      A->Y    R     INV_X2M_A9PP140ZTUL_C35           49  0.041   0.140    0.512  
  place_opt_inst_FE_OFC159_AR_3__AC_7__ACC_add_31_50_n_0/Y  -      A->Y    F     INV_X3M_A9PP140ZTUL_C35            6  0.263   0.055    0.567  
  place_opt_inst_FE_OFC174_AR_3__AC_7__ACC_add_31_50_n_0/Y  -      A->Y    R     INV_X3M_A9PP140ZTUL_C35           63  0.100   0.123    0.690  
  g39398__6783/Y                                            -      A->Y    R     AND2_X1M_A9PP140ZTUL_C35          75  0.169   0.351    1.040  
  place_opt_inst_FE_OFC121_AR_0__AC_3__ACC_n_156/Y          -      A->Y    F     INV_X1M_A9PP140ZTUL_C35           51  0.622   0.287    1.327  
  place_opt_inst_FE_OFC228_AR_0__AC_3__ACC_n_156/Y          -      A->Y    F     BUF_X1M_A9PP140ZTUL_C35           70  0.398   0.316    1.643  
  g43735/Y                                                  -      A0->Y   F     AO22_X0P5M_A9PP140ZTUL_C35         1  0.392   0.088    1.731  
  retime_s6_45_reg/D                                        -      D       F     DFFRPQA_X1M_A9PP140ZTUL_C35        1  0.036   0.000    1.731  
#--------------------------------------------------------------------------------------------------------------------------------------------
Path 56: MET (0.083 ns) Setup Check with Pin retime_s6_47_reg/CK->D
               View: wc_analysis_view
              Group: reg2reg
         Startpoint: (R) retime_s1_6_reg/CK
              Clock: (R) CLK
           Endpoint: (F) retime_s6_47_reg/D
              Clock: (R) CLK

                       Capture       Launch
         Clock Edge:+    2.000        0.000
        Src Latency:+   -0.154       -0.154
        Net Latency:+    0.153 (P)    0.157 (P)
            Arrival:=    2.000        0.003

              Setup:-    0.058
        Uncertainty:-    0.125
      Required Time:=    1.817
       Launch Clock:=    0.003
          Data Path:+    1.730
              Slack:=    0.083

#--------------------------------------------------------------------------------------------------------------------------------------------
# Timing Point                                              Flags  Arc     Edge  Cell                          Fanout  Trans   Delay  Arrival  
#                                                                                                                       (ns)    (ns)     (ns)  
#--------------------------------------------------------------------------------------------------------------------------------------------
  retime_s1_6_reg/CK                                        -      CK      R     (arrival)                         20  0.042       -    0.003  
  retime_s1_6_reg/QN                                        -      CK->QN  R     DFFRPQNA_X1M_A9PP140ZTUL_C35       2  0.042   0.050    0.053  
  cts_opt_inst_FE_OFC246_n_2948/Y                           -      A->Y    F     INV_X2M_A9PP140ZTUL_C35           58  0.039   0.122    0.175  
  g32665__2346/Y                                            -      B->Y    F     AND2_X0P5B_A9PP140ZTUL_C35         2  0.213   0.085    0.260  
  g39405__2802/Y                                            -      A0->Y   R     AOI22_X2M_A9PP140ZTUL_C35          1  0.039   0.049    0.309  
  g39401__1617/Y                                            -      B->Y    R     AND4_X0P5M_A9PP140ZTUL_C35         1  0.074   0.039    0.349  
  g39400__3680/Y                                            -      A->Y    F     NAND3_X1A_A9PP140ZTUL_C35          1  0.023   0.023    0.372  
  place_opt_inst_FE_OFC176_AR_3__AC_7__ACC_add_31_50_n_0/Y  -      A->Y    R     INV_X2M_A9PP140ZTUL_C35           49  0.041   0.140    0.512  
  place_opt_inst_FE_OFC159_AR_3__AC_7__ACC_add_31_50_n_0/Y  -      A->Y    F     INV_X3M_A9PP140ZTUL_C35            6  0.263   0.055    0.567  
  place_opt_inst_FE_OFC174_AR_3__AC_7__ACC_add_31_50_n_0/Y  -      A->Y    R     INV_X3M_A9PP140ZTUL_C35           63  0.100   0.123    0.690  
  g39398__6783/Y                                            -      A->Y    R     AND2_X1M_A9PP140ZTUL_C35          75  0.169   0.351    1.040  
  place_opt_inst_FE_OFC121_AR_0__AC_3__ACC_n_156/Y          -      A->Y    F     INV_X1M_A9PP140ZTUL_C35           51  0.622   0.287    1.327  
  place_opt_inst_FE_OFC228_AR_0__AC_3__ACC_n_156/Y          -      A->Y    F     BUF_X1M_A9PP140ZTUL_C35           70  0.398   0.316    1.643  
  g43662/Y                                                  -      A0->Y   F     AO22_X0P5M_A9PP140ZTUL_C35         1  0.392   0.090    1.733  
  retime_s6_47_reg/D                                        -      D       F     DFFRPQA_X1M_A9PP140ZTUL_C35        1  0.038   0.000    1.733  
#--------------------------------------------------------------------------------------------------------------------------------------------
Path 57: MET (0.084 ns) Setup Check with Pin AR[2].AC[1].ACC_add_31_50_retime_s3_7_reg/CK->D
               View: wc_analysis_view
              Group: reg2reg
         Startpoint: (R) retime_s1_6_reg/CK
              Clock: (R) CLK
           Endpoint: (F) AR[2].AC[1].ACC_add_31_50_retime_s3_7_reg/D
              Clock: (R) CLK

                       Capture       Launch
         Clock Edge:+    2.000        0.000
        Src Latency:+   -0.154       -0.154
        Net Latency:+    0.152 (P)    0.157 (P)
            Arrival:=    1.998        0.003

              Setup:-    0.059
        Uncertainty:-    0.125
      Required Time:=    1.814
       Launch Clock:=    0.003
          Data Path:+    1.727
              Slack:=    0.084

#--------------------------------------------------------------------------------------------------------------------------------------------
# Timing Point                                              Flags  Arc     Edge  Cell                          Fanout  Trans   Delay  Arrival  
#                                                                                                                       (ns)    (ns)     (ns)  
#--------------------------------------------------------------------------------------------------------------------------------------------
  retime_s1_6_reg/CK                                        -      CK      R     (arrival)                         20  0.042       -    0.003  
  retime_s1_6_reg/QN                                        -      CK->QN  R     DFFRPQNA_X1M_A9PP140ZTUL_C35       2  0.042   0.050    0.053  
  cts_opt_inst_FE_OFC246_n_2948/Y                           -      A->Y    F     INV_X2M_A9PP140ZTUL_C35           58  0.039   0.122    0.175  
  g32665__2346/Y                                            -      B->Y    F     AND2_X0P5B_A9PP140ZTUL_C35         2  0.213   0.085    0.260  
  g39405__2802/Y                                            -      A0->Y   R     AOI22_X2M_A9PP140ZTUL_C35          1  0.039   0.049    0.309  
  g39401__1617/Y                                            -      B->Y    R     AND4_X0P5M_A9PP140ZTUL_C35         1  0.074   0.039    0.349  
  g39400__3680/Y                                            -      A->Y    F     NAND3_X1A_A9PP140ZTUL_C35          1  0.023   0.023    0.372  
  place_opt_inst_FE_OFC176_AR_3__AC_7__ACC_add_31_50_n_0/Y  -      A->Y    R     INV_X2M_A9PP140ZTUL_C35           49  0.041   0.140    0.512  
  place_opt_inst_FE_OFC159_AR_3__AC_7__ACC_add_31_50_n_0/Y  -      A->Y    F     INV_X3M_A9PP140ZTUL_C35            6  0.263   0.055    0.567  
  place_opt_inst_FE_OFC174_AR_3__AC_7__ACC_add_31_50_n_0/Y  -      A->Y    R     INV_X3M_A9PP140ZTUL_C35           63  0.100   0.123    0.690  
  g39398__6783/Y                                            -      A->Y    R     AND2_X1M_A9PP140ZTUL_C35          75  0.169   0.351    1.040  
  place_opt_inst_FE_OFC121_AR_0__AC_3__ACC_n_156/Y          -      A->Y    F     INV_X1M_A9PP140ZTUL_C35           51  0.622   0.287    1.327  
  place_opt_inst_FE_OFC228_AR_0__AC_3__ACC_n_156/Y          -      A->Y    F     BUF_X1M_A9PP140ZTUL_C35           70  0.398   0.309    1.636  
  AR[2].AC[1].ACC_add_31_50_g1109/Y                         -      A0->Y   F     AO22_X0P5M_A9PP140ZTUL_C35         1  0.392   0.093    1.730  
  AR[2].AC[1].ACC_add_31_50_retime_s3_7_reg/D               -      D       F     DFFRPQA_X1M_A9PP140ZTUL_C35        1  0.041   0.000    1.730  
#--------------------------------------------------------------------------------------------------------------------------------------------
Path 58: MET (0.084 ns) Setup Check with Pin retime_s7_4_reg/CK->D
               View: wc_analysis_view
              Group: reg2reg
         Startpoint: (R) retime_s1_6_reg/CK
              Clock: (R) CLK
           Endpoint: (F) retime_s7_4_reg/D
              Clock: (R) CLK

                       Capture       Launch
         Clock Edge:+    2.000        0.000
        Src Latency:+   -0.154       -0.154
        Net Latency:+    0.152 (P)    0.157 (P)
            Arrival:=    1.999        0.003

              Setup:-    0.063
        Uncertainty:-    0.125
      Required Time:=    1.811
       Launch Clock:=    0.003
          Data Path:+    1.723
              Slack:=    0.084

#--------------------------------------------------------------------------------------------------------------------------------------------
# Timing Point                                              Flags  Arc     Edge  Cell                          Fanout  Trans   Delay  Arrival  
#                                                                                                                       (ns)    (ns)     (ns)  
#--------------------------------------------------------------------------------------------------------------------------------------------
  retime_s1_6_reg/CK                                        -      CK      R     (arrival)                         20  0.042       -    0.003  
  retime_s1_6_reg/QN                                        -      CK->QN  R     DFFRPQNA_X1M_A9PP140ZTUL_C35       2  0.042   0.050    0.053  
  cts_opt_inst_FE_OFC246_n_2948/Y                           -      A->Y    F     INV_X2M_A9PP140ZTUL_C35           58  0.039   0.122    0.175  
  g32665__2346/Y                                            -      B->Y    F     AND2_X0P5B_A9PP140ZTUL_C35         2  0.213   0.085    0.260  
  g39405__2802/Y                                            -      A0->Y   R     AOI22_X2M_A9PP140ZTUL_C35          1  0.039   0.049    0.309  
  g39401__1617/Y                                            -      B->Y    R     AND4_X0P5M_A9PP140ZTUL_C35         1  0.074   0.039    0.349  
  g39400__3680/Y                                            -      A->Y    F     NAND3_X1A_A9PP140ZTUL_C35          1  0.023   0.023    0.372  
  place_opt_inst_FE_OFC176_AR_3__AC_7__ACC_add_31_50_n_0/Y  -      A->Y    R     INV_X2M_A9PP140ZTUL_C35           49  0.041   0.151    0.523  
  place_opt_inst_FE_OFC164_AR_3__AC_7__ACC_add_31_50_n_0/Y  -      A->Y    F     INV_X2M_A9PP140ZTUL_C35           34  0.264   0.127    0.650  
  place_opt_inst_FE_OFC128_AR_3__AC_7__ACC_add_31_50_n_0/Y  -      A->Y    R     INV_X2M_A9PP140ZTUL_C35           73  0.173   0.212    0.862  
  g44743/Y                                                  -      A->Y    R     AND2_X1M_A9PP140ZTUL_C35          65  0.295   0.238    1.100  
  cts_opt_inst_FE_OFC244_n_243/Y                            -      A->Y    F     INV_X1M_A9PP140ZTUL_C35           64  0.506   0.358    1.457  
  g42454/Y                                                  -      B0->Y   F     AO22_X0P5M_A9PP140ZTUL_C35         1  0.479   0.129    1.586  
  cts_opt_inst_FE_PHC1081_n_1726/Y                          -      A->Y    F     DLY4_X0P5M_A9PP140ZTUL_C35         1  0.068   0.140    1.727  
  retime_s7_4_reg/D                                         -      D       F     DFFRPQA_X1M_A9PP140ZTUL_C35        1  0.053   0.000    1.727  
#--------------------------------------------------------------------------------------------------------------------------------------------
Path 59: MET (0.084 ns) Setup Check with Pin retime_s7_16_reg/CK->D
               View: wc_analysis_view
              Group: reg2reg
         Startpoint: (R) retime_s1_6_reg/CK
              Clock: (R) CLK
           Endpoint: (F) retime_s7_16_reg/D
              Clock: (R) CLK

                       Capture       Launch
         Clock Edge:+    2.000        0.000
        Src Latency:+   -0.154       -0.154
        Net Latency:+    0.155 (P)    0.157 (P)
            Arrival:=    2.001        0.003

              Setup:-    0.061
        Uncertainty:-    0.125
      Required Time:=    1.815
       Launch Clock:=    0.003
          Data Path:+    1.727
              Slack:=    0.084

#--------------------------------------------------------------------------------------------------------------------------------------------
# Timing Point                                              Flags  Arc     Edge  Cell                          Fanout  Trans   Delay  Arrival  
#                                                                                                                       (ns)    (ns)     (ns)  
#--------------------------------------------------------------------------------------------------------------------------------------------
  retime_s1_6_reg/CK                                        -      CK      R     (arrival)                         20  0.042       -    0.003  
  retime_s1_6_reg/QN                                        -      CK->QN  R     DFFRPQNA_X1M_A9PP140ZTUL_C35       2  0.042   0.050    0.053  
  cts_opt_inst_FE_OFC246_n_2948/Y                           -      A->Y    F     INV_X2M_A9PP140ZTUL_C35           58  0.039   0.122    0.175  
  g32665__2346/Y                                            -      B->Y    F     AND2_X0P5B_A9PP140ZTUL_C35         2  0.213   0.085    0.260  
  g39405__2802/Y                                            -      A0->Y   R     AOI22_X2M_A9PP140ZTUL_C35          1  0.039   0.049    0.309  
  g39401__1617/Y                                            -      B->Y    R     AND4_X0P5M_A9PP140ZTUL_C35         1  0.074   0.039    0.349  
  g39400__3680/Y                                            -      A->Y    F     NAND3_X1A_A9PP140ZTUL_C35          1  0.023   0.023    0.372  
  place_opt_inst_FE_OFC176_AR_3__AC_7__ACC_add_31_50_n_0/Y  -      A->Y    R     INV_X2M_A9PP140ZTUL_C35           49  0.041   0.151    0.523  
  place_opt_inst_FE_OFC164_AR_3__AC_7__ACC_add_31_50_n_0/Y  -      A->Y    F     INV_X2M_A9PP140ZTUL_C35           34  0.264   0.127    0.650  
  place_opt_inst_FE_OFC128_AR_3__AC_7__ACC_add_31_50_n_0/Y  -      A->Y    R     INV_X2M_A9PP140ZTUL_C35           73  0.173   0.212    0.862  
  g44743/Y                                                  -      A->Y    R     AND2_X1M_A9PP140ZTUL_C35          65  0.295   0.238    1.100  
  cts_opt_inst_FE_OFC244_n_243/Y                            -      A->Y    F     INV_X1M_A9PP140ZTUL_C35           64  0.506   0.361    1.460  
  g42575/Y                                                  -      B0->Y   F     AO22_X0P5M_A9PP140ZTUL_C35         1  0.479   0.131    1.591  
  cts_opt_inst_FE_PHC1531_n_1605/Y                          -      A->Y    F     DLY4_X0P5M_A9PP140ZTUL_C35         1  0.070   0.140    1.731  
  retime_s7_16_reg/D                                        -      D       F     DFFRPQA_X1M_A9PP140ZTUL_C35        1  0.050   0.000    1.731  
#--------------------------------------------------------------------------------------------------------------------------------------------
Path 60: MET (0.084 ns) Setup Check with Pin retime_s6_27_reg/CK->D
               View: wc_analysis_view
              Group: reg2reg
         Startpoint: (R) retime_s1_6_reg/CK
              Clock: (R) CLK
           Endpoint: (F) retime_s6_27_reg/D
              Clock: (R) CLK

                       Capture       Launch
         Clock Edge:+    2.000        0.000
        Src Latency:+   -0.154       -0.154
        Net Latency:+    0.153 (P)    0.157 (P)
            Arrival:=    2.000        0.003

              Setup:-    0.058
        Uncertainty:-    0.125
      Required Time:=    1.817
       Launch Clock:=    0.003
          Data Path:+    1.729
              Slack:=    0.084

#--------------------------------------------------------------------------------------------------------------------------------------------
# Timing Point                                              Flags  Arc     Edge  Cell                          Fanout  Trans   Delay  Arrival  
#                                                                                                                       (ns)    (ns)     (ns)  
#--------------------------------------------------------------------------------------------------------------------------------------------
  retime_s1_6_reg/CK                                        -      CK      R     (arrival)                         20  0.042       -    0.003  
  retime_s1_6_reg/QN                                        -      CK->QN  R     DFFRPQNA_X1M_A9PP140ZTUL_C35       2  0.042   0.050    0.053  
  cts_opt_inst_FE_OFC246_n_2948/Y                           -      A->Y    F     INV_X2M_A9PP140ZTUL_C35           58  0.039   0.122    0.175  
  g32665__2346/Y                                            -      B->Y    F     AND2_X0P5B_A9PP140ZTUL_C35         2  0.213   0.085    0.260  
  g39405__2802/Y                                            -      A0->Y   R     AOI22_X2M_A9PP140ZTUL_C35          1  0.039   0.049    0.309  
  g39401__1617/Y                                            -      B->Y    R     AND4_X0P5M_A9PP140ZTUL_C35         1  0.074   0.039    0.349  
  g39400__3680/Y                                            -      A->Y    F     NAND3_X1A_A9PP140ZTUL_C35          1  0.023   0.023    0.372  
  place_opt_inst_FE_OFC176_AR_3__AC_7__ACC_add_31_50_n_0/Y  -      A->Y    R     INV_X2M_A9PP140ZTUL_C35           49  0.041   0.140    0.512  
  place_opt_inst_FE_OFC159_AR_3__AC_7__ACC_add_31_50_n_0/Y  -      A->Y    F     INV_X3M_A9PP140ZTUL_C35            6  0.263   0.055    0.567  
  place_opt_inst_FE_OFC174_AR_3__AC_7__ACC_add_31_50_n_0/Y  -      A->Y    R     INV_X3M_A9PP140ZTUL_C35           63  0.100   0.123    0.690  
  g39398__6783/Y                                            -      A->Y    R     AND2_X1M_A9PP140ZTUL_C35          75  0.169   0.351    1.040  
  place_opt_inst_FE_OFC121_AR_0__AC_3__ACC_n_156/Y          -      A->Y    F     INV_X1M_A9PP140ZTUL_C35           51  0.622   0.287    1.327  
  place_opt_inst_FE_OFC228_AR_0__AC_3__ACC_n_156/Y          -      A->Y    F     BUF_X1M_A9PP140ZTUL_C35           70  0.398   0.315    1.642  
  g43721/Y                                                  -      A0->Y   F     AO22_X0P5M_A9PP140ZTUL_C35         1  0.392   0.090    1.732  
  retime_s6_27_reg/D                                        -      D       F     DFFRPQA_X1M_A9PP140ZTUL_C35        1  0.038   0.000    1.732  
#--------------------------------------------------------------------------------------------------------------------------------------------
Path 61: MET (0.084 ns) Setup Check with Pin retime_s4_80_reg/CK->D
               View: wc_analysis_view
              Group: reg2reg
         Startpoint: (R) retime_s1_6_reg/CK
              Clock: (R) CLK
           Endpoint: (F) retime_s4_80_reg/D
              Clock: (R) CLK

                       Capture       Launch
         Clock Edge:+    2.000        0.000
        Src Latency:+   -0.154       -0.154
        Net Latency:+    0.154 (P)    0.157 (P)
            Arrival:=    2.000        0.003

              Setup:-    0.058
        Uncertainty:-    0.125
      Required Time:=    1.817
       Launch Clock:=    0.003
          Data Path:+    1.729
              Slack:=    0.084

#--------------------------------------------------------------------------------------------------------------------------------------------
# Timing Point                                              Flags  Arc     Edge  Cell                          Fanout  Trans   Delay  Arrival  
#                                                                                                                       (ns)    (ns)     (ns)  
#--------------------------------------------------------------------------------------------------------------------------------------------
  retime_s1_6_reg/CK                                        -      CK      R     (arrival)                         20  0.042       -    0.003  
  retime_s1_6_reg/QN                                        -      CK->QN  R     DFFRPQNA_X1M_A9PP140ZTUL_C35       2  0.042   0.050    0.053  
  cts_opt_inst_FE_OFC246_n_2948/Y                           -      A->Y    F     INV_X2M_A9PP140ZTUL_C35           58  0.039   0.122    0.175  
  g32665__2346/Y                                            -      B->Y    F     AND2_X0P5B_A9PP140ZTUL_C35         2  0.213   0.085    0.260  
  g39405__2802/Y                                            -      A0->Y   R     AOI22_X2M_A9PP140ZTUL_C35          1  0.039   0.049    0.309  
  g39401__1617/Y                                            -      B->Y    R     AND4_X0P5M_A9PP140ZTUL_C35         1  0.074   0.039    0.349  
  g39400__3680/Y                                            -      A->Y    F     NAND3_X1A_A9PP140ZTUL_C35          1  0.023   0.023    0.372  
  place_opt_inst_FE_OFC176_AR_3__AC_7__ACC_add_31_50_n_0/Y  -      A->Y    R     INV_X2M_A9PP140ZTUL_C35           49  0.041   0.140    0.512  
  place_opt_inst_FE_OFC159_AR_3__AC_7__ACC_add_31_50_n_0/Y  -      A->Y    F     INV_X3M_A9PP140ZTUL_C35            6  0.263   0.055    0.567  
  place_opt_inst_FE_OFC174_AR_3__AC_7__ACC_add_31_50_n_0/Y  -      A->Y    R     INV_X3M_A9PP140ZTUL_C35           63  0.100   0.123    0.690  
  g39398__6783/Y                                            -      A->Y    R     AND2_X1M_A9PP140ZTUL_C35          75  0.169   0.351    1.040  
  place_opt_inst_FE_OFC121_AR_0__AC_3__ACC_n_156/Y          -      A->Y    F     INV_X1M_A9PP140ZTUL_C35           51  0.622   0.287    1.327  
  place_opt_inst_FE_OFC228_AR_0__AC_3__ACC_n_156/Y          -      A->Y    F     BUF_X1M_A9PP140ZTUL_C35           70  0.398   0.315    1.642  
  g43920/Y                                                  -      A0->Y   F     AO22_X0P5M_A9PP140ZTUL_C35         1  0.392   0.090    1.732  
  retime_s4_80_reg/D                                        -      D       F     DFFRPQA_X1M_A9PP140ZTUL_C35        1  0.038   0.000    1.732  
#--------------------------------------------------------------------------------------------------------------------------------------------
Path 62: MET (0.084 ns) Setup Check with Pin retime_s6_31_reg/CK->D
               View: wc_analysis_view
              Group: reg2reg
         Startpoint: (R) retime_s1_6_reg/CK
              Clock: (R) CLK
           Endpoint: (F) retime_s6_31_reg/D
              Clock: (R) CLK

                       Capture       Launch
         Clock Edge:+    2.000        0.000
        Src Latency:+   -0.154       -0.154
        Net Latency:+    0.154 (P)    0.157 (P)
            Arrival:=    2.000        0.003

              Setup:-    0.058
        Uncertainty:-    0.125
      Required Time:=    1.817
       Launch Clock:=    0.003
          Data Path:+    1.729
              Slack:=    0.084

#--------------------------------------------------------------------------------------------------------------------------------------------
# Timing Point                                              Flags  Arc     Edge  Cell                          Fanout  Trans   Delay  Arrival  
#                                                                                                                       (ns)    (ns)     (ns)  
#--------------------------------------------------------------------------------------------------------------------------------------------
  retime_s1_6_reg/CK                                        -      CK      R     (arrival)                         20  0.042       -    0.003  
  retime_s1_6_reg/QN                                        -      CK->QN  R     DFFRPQNA_X1M_A9PP140ZTUL_C35       2  0.042   0.050    0.053  
  cts_opt_inst_FE_OFC246_n_2948/Y                           -      A->Y    F     INV_X2M_A9PP140ZTUL_C35           58  0.039   0.122    0.175  
  g32665__2346/Y                                            -      B->Y    F     AND2_X0P5B_A9PP140ZTUL_C35         2  0.213   0.085    0.260  
  g39405__2802/Y                                            -      A0->Y   R     AOI22_X2M_A9PP140ZTUL_C35          1  0.039   0.049    0.309  
  g39401__1617/Y                                            -      B->Y    R     AND4_X0P5M_A9PP140ZTUL_C35         1  0.074   0.039    0.349  
  g39400__3680/Y                                            -      A->Y    F     NAND3_X1A_A9PP140ZTUL_C35          1  0.023   0.023    0.372  
  place_opt_inst_FE_OFC176_AR_3__AC_7__ACC_add_31_50_n_0/Y  -      A->Y    R     INV_X2M_A9PP140ZTUL_C35           49  0.041   0.140    0.512  
  place_opt_inst_FE_OFC159_AR_3__AC_7__ACC_add_31_50_n_0/Y  -      A->Y    F     INV_X3M_A9PP140ZTUL_C35            6  0.263   0.055    0.567  
  place_opt_inst_FE_OFC174_AR_3__AC_7__ACC_add_31_50_n_0/Y  -      A->Y    R     INV_X3M_A9PP140ZTUL_C35           63  0.100   0.123    0.690  
  g39398__6783/Y                                            -      A->Y    R     AND2_X1M_A9PP140ZTUL_C35          75  0.169   0.351    1.040  
  place_opt_inst_FE_OFC121_AR_0__AC_3__ACC_n_156/Y          -      A->Y    F     INV_X1M_A9PP140ZTUL_C35           51  0.622   0.287    1.327  
  place_opt_inst_FE_OFC228_AR_0__AC_3__ACC_n_156/Y          -      A->Y    F     BUF_X1M_A9PP140ZTUL_C35           70  0.398   0.316    1.644  
  g43890/Y                                                  -      A0->Y   F     AO22_X0P5M_A9PP140ZTUL_C35         1  0.392   0.089    1.733  
  retime_s6_31_reg/D                                        -      D       F     DFFRPQA_X1M_A9PP140ZTUL_C35        1  0.037   0.000    1.733  
#--------------------------------------------------------------------------------------------------------------------------------------------
Path 63: MET (0.085 ns) Setup Check with Pin AR[2].AC[1].ACC_add_31_50_retime_s3_239_reg/CK->D
               View: wc_analysis_view
              Group: reg2reg
         Startpoint: (R) retime_s1_6_reg/CK
              Clock: (R) CLK
           Endpoint: (F) AR[2].AC[1].ACC_add_31_50_retime_s3_239_reg/D
              Clock: (R) CLK

                       Capture       Launch
         Clock Edge:+    2.000        0.000
        Src Latency:+   -0.154       -0.154
        Net Latency:+    0.154 (P)    0.157 (P)
            Arrival:=    2.000        0.003

              Setup:-    0.058
        Uncertainty:-    0.125
      Required Time:=    1.817
       Launch Clock:=    0.003
          Data Path:+    1.728
              Slack:=    0.085

#--------------------------------------------------------------------------------------------------------------------------------------------
# Timing Point                                              Flags  Arc     Edge  Cell                          Fanout  Trans   Delay  Arrival  
#                                                                                                                       (ns)    (ns)     (ns)  
#--------------------------------------------------------------------------------------------------------------------------------------------
  retime_s1_6_reg/CK                                        -      CK      R     (arrival)                         20  0.042       -    0.003  
  retime_s1_6_reg/QN                                        -      CK->QN  R     DFFRPQNA_X1M_A9PP140ZTUL_C35       2  0.042   0.050    0.053  
  cts_opt_inst_FE_OFC246_n_2948/Y                           -      A->Y    F     INV_X2M_A9PP140ZTUL_C35           58  0.039   0.122    0.175  
  g32665__2346/Y                                            -      B->Y    F     AND2_X0P5B_A9PP140ZTUL_C35         2  0.213   0.085    0.260  
  g39405__2802/Y                                            -      A0->Y   R     AOI22_X2M_A9PP140ZTUL_C35          1  0.039   0.049    0.309  
  g39401__1617/Y                                            -      B->Y    R     AND4_X0P5M_A9PP140ZTUL_C35         1  0.074   0.039    0.349  
  g39400__3680/Y                                            -      A->Y    F     NAND3_X1A_A9PP140ZTUL_C35          1  0.023   0.023    0.372  
  place_opt_inst_FE_OFC176_AR_3__AC_7__ACC_add_31_50_n_0/Y  -      A->Y    R     INV_X2M_A9PP140ZTUL_C35           49  0.041   0.140    0.512  
  place_opt_inst_FE_OFC159_AR_3__AC_7__ACC_add_31_50_n_0/Y  -      A->Y    F     INV_X3M_A9PP140ZTUL_C35            6  0.263   0.055    0.567  
  place_opt_inst_FE_OFC174_AR_3__AC_7__ACC_add_31_50_n_0/Y  -      A->Y    R     INV_X3M_A9PP140ZTUL_C35           63  0.100   0.123    0.690  
  g39398__6783/Y                                            -      A->Y    R     AND2_X1M_A9PP140ZTUL_C35          75  0.169   0.351    1.040  
  place_opt_inst_FE_OFC121_AR_0__AC_3__ACC_n_156/Y          -      A->Y    F     INV_X1M_A9PP140ZTUL_C35           51  0.622   0.287    1.327  
  place_opt_inst_FE_OFC228_AR_0__AC_3__ACC_n_156/Y          -      A->Y    F     BUF_X1M_A9PP140ZTUL_C35           70  0.398   0.314    1.641  
  AR[2].AC[1].ACC_add_31_50_g1104/Y                         -      A0->Y   F     AO22_X0P5M_A9PP140ZTUL_C35         1  0.392   0.091    1.732  
  AR[2].AC[1].ACC_add_31_50_retime_s3_239_reg/D             -      D       F     DFFRPQA_X1M_A9PP140ZTUL_C35        1  0.039   0.000    1.732  
#--------------------------------------------------------------------------------------------------------------------------------------------
Path 64: MET (0.085 ns) Setup Check with Pin retime_s6_25_reg/CK->D
               View: wc_analysis_view
              Group: reg2reg
         Startpoint: (R) retime_s1_6_reg/CK
              Clock: (R) CLK
           Endpoint: (F) retime_s6_25_reg/D
              Clock: (R) CLK

                       Capture       Launch
         Clock Edge:+    2.000        0.000
        Src Latency:+   -0.154       -0.154
        Net Latency:+    0.154 (P)    0.157 (P)
            Arrival:=    2.000        0.003

              Setup:-    0.058
        Uncertainty:-    0.125
      Required Time:=    1.817
       Launch Clock:=    0.003
          Data Path:+    1.728
              Slack:=    0.085

#--------------------------------------------------------------------------------------------------------------------------------------------
# Timing Point                                              Flags  Arc     Edge  Cell                          Fanout  Trans   Delay  Arrival  
#                                                                                                                       (ns)    (ns)     (ns)  
#--------------------------------------------------------------------------------------------------------------------------------------------
  retime_s1_6_reg/CK                                        -      CK      R     (arrival)                         20  0.042       -    0.003  
  retime_s1_6_reg/QN                                        -      CK->QN  R     DFFRPQNA_X1M_A9PP140ZTUL_C35       2  0.042   0.050    0.053  
  cts_opt_inst_FE_OFC246_n_2948/Y                           -      A->Y    F     INV_X2M_A9PP140ZTUL_C35           58  0.039   0.122    0.175  
  g32665__2346/Y                                            -      B->Y    F     AND2_X0P5B_A9PP140ZTUL_C35         2  0.213   0.085    0.260  
  g39405__2802/Y                                            -      A0->Y   R     AOI22_X2M_A9PP140ZTUL_C35          1  0.039   0.049    0.309  
  g39401__1617/Y                                            -      B->Y    R     AND4_X0P5M_A9PP140ZTUL_C35         1  0.074   0.039    0.349  
  g39400__3680/Y                                            -      A->Y    F     NAND3_X1A_A9PP140ZTUL_C35          1  0.023   0.023    0.372  
  place_opt_inst_FE_OFC176_AR_3__AC_7__ACC_add_31_50_n_0/Y  -      A->Y    R     INV_X2M_A9PP140ZTUL_C35           49  0.041   0.140    0.512  
  place_opt_inst_FE_OFC159_AR_3__AC_7__ACC_add_31_50_n_0/Y  -      A->Y    F     INV_X3M_A9PP140ZTUL_C35            6  0.263   0.055    0.567  
  place_opt_inst_FE_OFC174_AR_3__AC_7__ACC_add_31_50_n_0/Y  -      A->Y    R     INV_X3M_A9PP140ZTUL_C35           63  0.100   0.123    0.690  
  g39398__6783/Y                                            -      A->Y    R     AND2_X1M_A9PP140ZTUL_C35          75  0.169   0.351    1.040  
  place_opt_inst_FE_OFC121_AR_0__AC_3__ACC_n_156/Y          -      A->Y    F     INV_X1M_A9PP140ZTUL_C35           51  0.622   0.287    1.327  
  place_opt_inst_FE_OFC228_AR_0__AC_3__ACC_n_156/Y          -      A->Y    F     BUF_X1M_A9PP140ZTUL_C35           70  0.398   0.315    1.642  
  g43887/Y                                                  -      A0->Y   F     AO22_X0P5M_A9PP140ZTUL_C35         1  0.392   0.090    1.732  
  retime_s6_25_reg/D                                        -      D       F     DFFRPQA_X1M_A9PP140ZTUL_C35        1  0.038   0.000    1.732  
#--------------------------------------------------------------------------------------------------------------------------------------------
Path 65: MET (0.086 ns) Setup Check with Pin retime_s6_37_reg/CK->D
               View: wc_analysis_view
              Group: reg2reg
         Startpoint: (R) retime_s1_6_reg/CK
              Clock: (R) CLK
           Endpoint: (F) retime_s6_37_reg/D
              Clock: (R) CLK

                       Capture       Launch
         Clock Edge:+    2.000        0.000
        Src Latency:+   -0.154       -0.154
        Net Latency:+    0.154 (P)    0.157 (P)
            Arrival:=    2.000        0.003

              Setup:-    0.058
        Uncertainty:-    0.125
      Required Time:=    1.817
       Launch Clock:=    0.003
          Data Path:+    1.728
              Slack:=    0.086

#--------------------------------------------------------------------------------------------------------------------------------------------
# Timing Point                                              Flags  Arc     Edge  Cell                          Fanout  Trans   Delay  Arrival  
#                                                                                                                       (ns)    (ns)     (ns)  
#--------------------------------------------------------------------------------------------------------------------------------------------
  retime_s1_6_reg/CK                                        -      CK      R     (arrival)                         20  0.042       -    0.003  
  retime_s1_6_reg/QN                                        -      CK->QN  R     DFFRPQNA_X1M_A9PP140ZTUL_C35       2  0.042   0.050    0.053  
  cts_opt_inst_FE_OFC246_n_2948/Y                           -      A->Y    F     INV_X2M_A9PP140ZTUL_C35           58  0.039   0.122    0.175  
  g32665__2346/Y                                            -      B->Y    F     AND2_X0P5B_A9PP140ZTUL_C35         2  0.213   0.085    0.260  
  g39405__2802/Y                                            -      A0->Y   R     AOI22_X2M_A9PP140ZTUL_C35          1  0.039   0.049    0.309  
  g39401__1617/Y                                            -      B->Y    R     AND4_X0P5M_A9PP140ZTUL_C35         1  0.074   0.039    0.349  
  g39400__3680/Y                                            -      A->Y    F     NAND3_X1A_A9PP140ZTUL_C35          1  0.023   0.023    0.372  
  place_opt_inst_FE_OFC176_AR_3__AC_7__ACC_add_31_50_n_0/Y  -      A->Y    R     INV_X2M_A9PP140ZTUL_C35           49  0.041   0.140    0.512  
  place_opt_inst_FE_OFC159_AR_3__AC_7__ACC_add_31_50_n_0/Y  -      A->Y    F     INV_X3M_A9PP140ZTUL_C35            6  0.263   0.055    0.567  
  place_opt_inst_FE_OFC174_AR_3__AC_7__ACC_add_31_50_n_0/Y  -      A->Y    R     INV_X3M_A9PP140ZTUL_C35           63  0.100   0.123    0.690  
  g39398__6783/Y                                            -      A->Y    R     AND2_X1M_A9PP140ZTUL_C35          75  0.169   0.351    1.040  
  place_opt_inst_FE_OFC121_AR_0__AC_3__ACC_n_156/Y          -      A->Y    F     INV_X1M_A9PP140ZTUL_C35           51  0.622   0.287    1.327  
  place_opt_inst_FE_OFC228_AR_0__AC_3__ACC_n_156/Y          -      A->Y    F     BUF_X1M_A9PP140ZTUL_C35           70  0.398   0.316    1.644  
  g43640/Y                                                  -      A0->Y   F     AO22_X0P5M_A9PP140ZTUL_C35         1  0.392   0.088    1.732  
  retime_s6_37_reg/D                                        -      D       F     DFFRPQA_X1M_A9PP140ZTUL_C35        1  0.036   0.000    1.732  
#--------------------------------------------------------------------------------------------------------------------------------------------
Path 66: MET (0.086 ns) Setup Check with Pin retime_s6_29_reg/CK->D
               View: wc_analysis_view
              Group: reg2reg
         Startpoint: (R) retime_s1_6_reg/CK
              Clock: (R) CLK
           Endpoint: (F) retime_s6_29_reg/D
              Clock: (R) CLK

                       Capture       Launch
         Clock Edge:+    2.000        0.000
        Src Latency:+   -0.154       -0.154
        Net Latency:+    0.153 (P)    0.157 (P)
            Arrival:=    2.000        0.003

              Setup:-    0.058
        Uncertainty:-    0.125
      Required Time:=    1.817
       Launch Clock:=    0.003
          Data Path:+    1.728
              Slack:=    0.086

#--------------------------------------------------------------------------------------------------------------------------------------------
# Timing Point                                              Flags  Arc     Edge  Cell                          Fanout  Trans   Delay  Arrival  
#                                                                                                                       (ns)    (ns)     (ns)  
#--------------------------------------------------------------------------------------------------------------------------------------------
  retime_s1_6_reg/CK                                        -      CK      R     (arrival)                         20  0.042       -    0.003  
  retime_s1_6_reg/QN                                        -      CK->QN  R     DFFRPQNA_X1M_A9PP140ZTUL_C35       2  0.042   0.050    0.053  
  cts_opt_inst_FE_OFC246_n_2948/Y                           -      A->Y    F     INV_X2M_A9PP140ZTUL_C35           58  0.039   0.122    0.175  
  g32665__2346/Y                                            -      B->Y    F     AND2_X0P5B_A9PP140ZTUL_C35         2  0.213   0.085    0.260  
  g39405__2802/Y                                            -      A0->Y   R     AOI22_X2M_A9PP140ZTUL_C35          1  0.039   0.049    0.309  
  g39401__1617/Y                                            -      B->Y    R     AND4_X0P5M_A9PP140ZTUL_C35         1  0.074   0.039    0.349  
  g39400__3680/Y                                            -      A->Y    F     NAND3_X1A_A9PP140ZTUL_C35          1  0.023   0.023    0.372  
  place_opt_inst_FE_OFC176_AR_3__AC_7__ACC_add_31_50_n_0/Y  -      A->Y    R     INV_X2M_A9PP140ZTUL_C35           49  0.041   0.140    0.512  
  place_opt_inst_FE_OFC159_AR_3__AC_7__ACC_add_31_50_n_0/Y  -      A->Y    F     INV_X3M_A9PP140ZTUL_C35            6  0.263   0.055    0.567  
  place_opt_inst_FE_OFC174_AR_3__AC_7__ACC_add_31_50_n_0/Y  -      A->Y    R     INV_X3M_A9PP140ZTUL_C35           63  0.100   0.123    0.690  
  g39398__6783/Y                                            -      A->Y    R     AND2_X1M_A9PP140ZTUL_C35          75  0.169   0.351    1.040  
  place_opt_inst_FE_OFC121_AR_0__AC_3__ACC_n_156/Y          -      A->Y    F     INV_X1M_A9PP140ZTUL_C35           51  0.622   0.287    1.327  
  place_opt_inst_FE_OFC228_AR_0__AC_3__ACC_n_156/Y          -      A->Y    F     BUF_X1M_A9PP140ZTUL_C35           70  0.398   0.316    1.644  
  g43638/Y                                                  -      A0->Y   F     AO22_X0P5M_A9PP140ZTUL_C35         1  0.392   0.088    1.731  
  retime_s6_29_reg/D                                        -      D       F     DFFRPQA_X1M_A9PP140ZTUL_C35        1  0.036   0.000    1.731  
#--------------------------------------------------------------------------------------------------------------------------------------------
Path 67: MET (0.086 ns) Setup Check with Pin AR[2].AC[1].ACC_add_31_50_retime_s3_116_reg/CK->D
               View: wc_analysis_view
              Group: reg2reg
         Startpoint: (R) retime_s1_6_reg/CK
              Clock: (R) CLK
           Endpoint: (F) AR[2].AC[1].ACC_add_31_50_retime_s3_116_reg/D
              Clock: (R) CLK

                       Capture       Launch
         Clock Edge:+    2.000        0.000
        Src Latency:+   -0.154       -0.154
        Net Latency:+    0.154 (P)    0.157 (P)
            Arrival:=    2.000        0.003

              Setup:-    0.058
        Uncertainty:-    0.125
      Required Time:=    1.817
       Launch Clock:=    0.003
          Data Path:+    1.728
              Slack:=    0.086

#--------------------------------------------------------------------------------------------------------------------------------------------
# Timing Point                                              Flags  Arc     Edge  Cell                          Fanout  Trans   Delay  Arrival  
#                                                                                                                       (ns)    (ns)     (ns)  
#--------------------------------------------------------------------------------------------------------------------------------------------
  retime_s1_6_reg/CK                                        -      CK      R     (arrival)                         20  0.042       -    0.003  
  retime_s1_6_reg/QN                                        -      CK->QN  R     DFFRPQNA_X1M_A9PP140ZTUL_C35       2  0.042   0.050    0.053  
  cts_opt_inst_FE_OFC246_n_2948/Y                           -      A->Y    F     INV_X2M_A9PP140ZTUL_C35           58  0.039   0.122    0.175  
  g32665__2346/Y                                            -      B->Y    F     AND2_X0P5B_A9PP140ZTUL_C35         2  0.213   0.085    0.260  
  g39405__2802/Y                                            -      A0->Y   R     AOI22_X2M_A9PP140ZTUL_C35          1  0.039   0.049    0.309  
  g39401__1617/Y                                            -      B->Y    R     AND4_X0P5M_A9PP140ZTUL_C35         1  0.074   0.039    0.349  
  g39400__3680/Y                                            -      A->Y    F     NAND3_X1A_A9PP140ZTUL_C35          1  0.023   0.023    0.372  
  place_opt_inst_FE_OFC176_AR_3__AC_7__ACC_add_31_50_n_0/Y  -      A->Y    R     INV_X2M_A9PP140ZTUL_C35           49  0.041   0.140    0.512  
  place_opt_inst_FE_OFC159_AR_3__AC_7__ACC_add_31_50_n_0/Y  -      A->Y    F     INV_X3M_A9PP140ZTUL_C35            6  0.263   0.055    0.567  
  place_opt_inst_FE_OFC174_AR_3__AC_7__ACC_add_31_50_n_0/Y  -      A->Y    R     INV_X3M_A9PP140ZTUL_C35           63  0.100   0.123    0.690  
  g39398__6783/Y                                            -      A->Y    R     AND2_X1M_A9PP140ZTUL_C35          75  0.169   0.351    1.040  
  place_opt_inst_FE_OFC121_AR_0__AC_3__ACC_n_156/Y          -      A->Y    F     INV_X1M_A9PP140ZTUL_C35           51  0.622   0.287    1.327  
  place_opt_inst_FE_OFC228_AR_0__AC_3__ACC_n_156/Y          -      A->Y    F     BUF_X1M_A9PP140ZTUL_C35           70  0.398   0.314    1.641  
  AR[2].AC[1].ACC_add_31_50_g1101/Y                         -      A0->Y   F     AO22_X0P5M_A9PP140ZTUL_C35         1  0.392   0.090    1.731  
  AR[2].AC[1].ACC_add_31_50_retime_s3_116_reg/D             -      D       F     DFFRPQA_X1M_A9PP140ZTUL_C35        1  0.038   0.000    1.731  
#--------------------------------------------------------------------------------------------------------------------------------------------
Path 68: MET (0.087 ns) Setup Check with Pin AR[2].AC[1].ACC_add_31_50_retime_s3_8_reg/CK->D
               View: wc_analysis_view
              Group: reg2reg
         Startpoint: (R) retime_s1_6_reg/CK
              Clock: (R) CLK
           Endpoint: (F) AR[2].AC[1].ACC_add_31_50_retime_s3_8_reg/D
              Clock: (R) CLK

                       Capture       Launch
         Clock Edge:+    2.000        0.000
        Src Latency:+   -0.154       -0.154
        Net Latency:+    0.153 (P)    0.157 (P)
            Arrival:=    2.000        0.003

              Setup:-    0.059
        Uncertainty:-    0.125
      Required Time:=    1.816
       Launch Clock:=    0.003
          Data Path:+    1.726
              Slack:=    0.087

#--------------------------------------------------------------------------------------------------------------------------------------------
# Timing Point                                              Flags  Arc     Edge  Cell                          Fanout  Trans   Delay  Arrival  
#                                                                                                                       (ns)    (ns)     (ns)  
#--------------------------------------------------------------------------------------------------------------------------------------------
  retime_s1_6_reg/CK                                        -      CK      R     (arrival)                         20  0.042       -    0.003  
  retime_s1_6_reg/QN                                        -      CK->QN  R     DFFRPQNA_X1M_A9PP140ZTUL_C35       2  0.042   0.050    0.053  
  cts_opt_inst_FE_OFC246_n_2948/Y                           -      A->Y    F     INV_X2M_A9PP140ZTUL_C35           58  0.039   0.122    0.175  
  g32665__2346/Y                                            -      B->Y    F     AND2_X0P5B_A9PP140ZTUL_C35         2  0.213   0.085    0.260  
  g39405__2802/Y                                            -      A0->Y   R     AOI22_X2M_A9PP140ZTUL_C35          1  0.039   0.049    0.309  
  g39401__1617/Y                                            -      B->Y    R     AND4_X0P5M_A9PP140ZTUL_C35         1  0.074   0.039    0.349  
  g39400__3680/Y                                            -      A->Y    F     NAND3_X1A_A9PP140ZTUL_C35          1  0.023   0.023    0.372  
  place_opt_inst_FE_OFC176_AR_3__AC_7__ACC_add_31_50_n_0/Y  -      A->Y    R     INV_X2M_A9PP140ZTUL_C35           49  0.041   0.140    0.512  
  place_opt_inst_FE_OFC159_AR_3__AC_7__ACC_add_31_50_n_0/Y  -      A->Y    F     INV_X3M_A9PP140ZTUL_C35            6  0.263   0.055    0.567  
  place_opt_inst_FE_OFC174_AR_3__AC_7__ACC_add_31_50_n_0/Y  -      A->Y    R     INV_X3M_A9PP140ZTUL_C35           63  0.100   0.123    0.690  
  g39398__6783/Y                                            -      A->Y    R     AND2_X1M_A9PP140ZTUL_C35          75  0.169   0.351    1.040  
  place_opt_inst_FE_OFC121_AR_0__AC_3__ACC_n_156/Y          -      A->Y    F     INV_X1M_A9PP140ZTUL_C35           51  0.622   0.287    1.327  
  place_opt_inst_FE_OFC228_AR_0__AC_3__ACC_n_156/Y          -      A->Y    F     BUF_X1M_A9PP140ZTUL_C35           70  0.398   0.313    1.640  
  AR[2].AC[1].ACC_add_31_50_g1107/Y                         -      A0->Y   F     AO22_X0P5M_A9PP140ZTUL_C35         1  0.392   0.089    1.729  
  AR[2].AC[1].ACC_add_31_50_retime_s3_8_reg/D               -      D       F     DFFRPQA_X1M_A9PP140ZTUL_C35        1  0.038   0.000    1.729  
#--------------------------------------------------------------------------------------------------------------------------------------------
Path 69: MET (0.088 ns) Setup Check with Pin retime_s6_43_reg/CK->D
               View: wc_analysis_view
              Group: reg2reg
         Startpoint: (R) retime_s1_6_reg/CK
              Clock: (R) CLK
           Endpoint: (F) retime_s6_43_reg/D
              Clock: (R) CLK

                       Capture       Launch
         Clock Edge:+    2.000        0.000
        Src Latency:+   -0.154       -0.154
        Net Latency:+    0.155 (P)    0.157 (P)
            Arrival:=    2.002        0.003

              Setup:-    0.058
        Uncertainty:-    0.125
      Required Time:=    1.819
       Launch Clock:=    0.003
          Data Path:+    1.728
              Slack:=    0.088

#--------------------------------------------------------------------------------------------------------------------------------------------
# Timing Point                                              Flags  Arc     Edge  Cell                          Fanout  Trans   Delay  Arrival  
#                                                                                                                       (ns)    (ns)     (ns)  
#--------------------------------------------------------------------------------------------------------------------------------------------
  retime_s1_6_reg/CK                                        -      CK      R     (arrival)                         20  0.042       -    0.003  
  retime_s1_6_reg/QN                                        -      CK->QN  R     DFFRPQNA_X1M_A9PP140ZTUL_C35       2  0.042   0.050    0.053  
  cts_opt_inst_FE_OFC246_n_2948/Y                           -      A->Y    F     INV_X2M_A9PP140ZTUL_C35           58  0.039   0.122    0.175  
  g32665__2346/Y                                            -      B->Y    F     AND2_X0P5B_A9PP140ZTUL_C35         2  0.213   0.085    0.260  
  g39405__2802/Y                                            -      A0->Y   R     AOI22_X2M_A9PP140ZTUL_C35          1  0.039   0.049    0.309  
  g39401__1617/Y                                            -      B->Y    R     AND4_X0P5M_A9PP140ZTUL_C35         1  0.074   0.039    0.349  
  g39400__3680/Y                                            -      A->Y    F     NAND3_X1A_A9PP140ZTUL_C35          1  0.023   0.023    0.372  
  place_opt_inst_FE_OFC176_AR_3__AC_7__ACC_add_31_50_n_0/Y  -      A->Y    R     INV_X2M_A9PP140ZTUL_C35           49  0.041   0.140    0.512  
  place_opt_inst_FE_OFC159_AR_3__AC_7__ACC_add_31_50_n_0/Y  -      A->Y    F     INV_X3M_A9PP140ZTUL_C35            6  0.263   0.055    0.567  
  place_opt_inst_FE_OFC174_AR_3__AC_7__ACC_add_31_50_n_0/Y  -      A->Y    R     INV_X3M_A9PP140ZTUL_C35           63  0.100   0.123    0.690  
  g39398__6783/Y                                            -      A->Y    R     AND2_X1M_A9PP140ZTUL_C35          75  0.169   0.351    1.040  
  place_opt_inst_FE_OFC121_AR_0__AC_3__ACC_n_156/Y          -      A->Y    F     INV_X1M_A9PP140ZTUL_C35           51  0.622   0.287    1.327  
  place_opt_inst_FE_OFC228_AR_0__AC_3__ACC_n_156/Y          -      A->Y    F     BUF_X1M_A9PP140ZTUL_C35           70  0.398   0.317    1.644  
  g43874/Y                                                  -      A0->Y   F     AO22_X0P5M_A9PP140ZTUL_C35         1  0.392   0.088    1.731  
  retime_s6_43_reg/D                                        -      D       F     DFFRPQA_X1M_A9PP140ZTUL_C35        1  0.036   0.000    1.731  
#--------------------------------------------------------------------------------------------------------------------------------------------
Path 70: MET (0.088 ns) Setup Check with Pin AR[2].AC[1].ACC_add_31_50_retime_s3_114_reg/CK->D
               View: wc_analysis_view
              Group: reg2reg
         Startpoint: (R) retime_s1_6_reg/CK
              Clock: (R) CLK
           Endpoint: (F) AR[2].AC[1].ACC_add_31_50_retime_s3_114_reg/D
              Clock: (R) CLK

                       Capture       Launch
         Clock Edge:+    2.000        0.000
        Src Latency:+   -0.154       -0.154
        Net Latency:+    0.154 (P)    0.157 (P)
            Arrival:=    2.000        0.003

              Setup:-    0.058
        Uncertainty:-    0.125
      Required Time:=    1.817
       Launch Clock:=    0.003
          Data Path:+    1.726
              Slack:=    0.088

#--------------------------------------------------------------------------------------------------------------------------------------------
# Timing Point                                              Flags  Arc     Edge  Cell                          Fanout  Trans   Delay  Arrival  
#                                                                                                                       (ns)    (ns)     (ns)  
#--------------------------------------------------------------------------------------------------------------------------------------------
  retime_s1_6_reg/CK                                        -      CK      R     (arrival)                         20  0.042       -    0.003  
  retime_s1_6_reg/QN                                        -      CK->QN  R     DFFRPQNA_X1M_A9PP140ZTUL_C35       2  0.042   0.050    0.053  
  cts_opt_inst_FE_OFC246_n_2948/Y                           -      A->Y    F     INV_X2M_A9PP140ZTUL_C35           58  0.039   0.122    0.175  
  g32665__2346/Y                                            -      B->Y    F     AND2_X0P5B_A9PP140ZTUL_C35         2  0.213   0.085    0.260  
  g39405__2802/Y                                            -      A0->Y   R     AOI22_X2M_A9PP140ZTUL_C35          1  0.039   0.049    0.309  
  g39401__1617/Y                                            -      B->Y    R     AND4_X0P5M_A9PP140ZTUL_C35         1  0.074   0.039    0.349  
  g39400__3680/Y                                            -      A->Y    F     NAND3_X1A_A9PP140ZTUL_C35          1  0.023   0.023    0.372  
  place_opt_inst_FE_OFC176_AR_3__AC_7__ACC_add_31_50_n_0/Y  -      A->Y    R     INV_X2M_A9PP140ZTUL_C35           49  0.041   0.140    0.512  
  place_opt_inst_FE_OFC159_AR_3__AC_7__ACC_add_31_50_n_0/Y  -      A->Y    F     INV_X3M_A9PP140ZTUL_C35            6  0.263   0.055    0.567  
  place_opt_inst_FE_OFC174_AR_3__AC_7__ACC_add_31_50_n_0/Y  -      A->Y    R     INV_X3M_A9PP140ZTUL_C35           63  0.100   0.123    0.690  
  g39398__6783/Y                                            -      A->Y    R     AND2_X1M_A9PP140ZTUL_C35          75  0.169   0.351    1.040  
  place_opt_inst_FE_OFC121_AR_0__AC_3__ACC_n_156/Y          -      A->Y    F     INV_X1M_A9PP140ZTUL_C35           51  0.622   0.287    1.327  
  place_opt_inst_FE_OFC228_AR_0__AC_3__ACC_n_156/Y          -      A->Y    F     BUF_X1M_A9PP140ZTUL_C35           70  0.398   0.314    1.641  
  AR[2].AC[1].ACC_add_31_50_g1100/Y                         -      A0->Y   F     AO22_X0P5M_A9PP140ZTUL_C35         1  0.392   0.089    1.729  
  AR[2].AC[1].ACC_add_31_50_retime_s3_114_reg/D             -      D       F     DFFRPQA_X1M_A9PP140ZTUL_C35        1  0.037   0.000    1.729  
#--------------------------------------------------------------------------------------------------------------------------------------------
Path 71: MET (0.088 ns) Setup Check with Pin AR[2].AC[1].ACC_add_31_50_retime_s3_173_reg/CK->D
               View: wc_analysis_view
              Group: reg2reg
         Startpoint: (R) retime_s1_6_reg/CK
              Clock: (R) CLK
           Endpoint: (F) AR[2].AC[1].ACC_add_31_50_retime_s3_173_reg/D
              Clock: (R) CLK

                       Capture       Launch
         Clock Edge:+    2.000        0.000
        Src Latency:+   -0.154       -0.154
        Net Latency:+    0.152 (P)    0.157 (P)
            Arrival:=    1.998        0.003

              Setup:-    0.058
        Uncertainty:-    0.125
      Required Time:=    1.815
       Launch Clock:=    0.003
          Data Path:+    1.723
              Slack:=    0.088

#--------------------------------------------------------------------------------------------------------------------------------------------
# Timing Point                                              Flags  Arc     Edge  Cell                          Fanout  Trans   Delay  Arrival  
#                                                                                                                       (ns)    (ns)     (ns)  
#--------------------------------------------------------------------------------------------------------------------------------------------
  retime_s1_6_reg/CK                                        -      CK      R     (arrival)                         20  0.042       -    0.003  
  retime_s1_6_reg/QN                                        -      CK->QN  R     DFFRPQNA_X1M_A9PP140ZTUL_C35       2  0.042   0.050    0.053  
  cts_opt_inst_FE_OFC246_n_2948/Y                           -      A->Y    F     INV_X2M_A9PP140ZTUL_C35           58  0.039   0.122    0.175  
  g32665__2346/Y                                            -      B->Y    F     AND2_X0P5B_A9PP140ZTUL_C35         2  0.213   0.085    0.260  
  g39405__2802/Y                                            -      A0->Y   R     AOI22_X2M_A9PP140ZTUL_C35          1  0.039   0.049    0.309  
  g39401__1617/Y                                            -      B->Y    R     AND4_X0P5M_A9PP140ZTUL_C35         1  0.074   0.039    0.349  
  g39400__3680/Y                                            -      A->Y    F     NAND3_X1A_A9PP140ZTUL_C35          1  0.023   0.023    0.372  
  place_opt_inst_FE_OFC176_AR_3__AC_7__ACC_add_31_50_n_0/Y  -      A->Y    R     INV_X2M_A9PP140ZTUL_C35           49  0.041   0.140    0.512  
  place_opt_inst_FE_OFC159_AR_3__AC_7__ACC_add_31_50_n_0/Y  -      A->Y    F     INV_X3M_A9PP140ZTUL_C35            6  0.263   0.055    0.567  
  place_opt_inst_FE_OFC174_AR_3__AC_7__ACC_add_31_50_n_0/Y  -      A->Y    R     INV_X3M_A9PP140ZTUL_C35           63  0.100   0.123    0.690  
  g39398__6783/Y                                            -      A->Y    R     AND2_X1M_A9PP140ZTUL_C35          75  0.169   0.351    1.040  
  place_opt_inst_FE_OFC121_AR_0__AC_3__ACC_n_156/Y          -      A->Y    F     INV_X1M_A9PP140ZTUL_C35           51  0.622   0.287    1.327  
  place_opt_inst_FE_OFC228_AR_0__AC_3__ACC_n_156/Y          -      A->Y    F     BUF_X1M_A9PP140ZTUL_C35           70  0.398   0.309    1.637  
  AR[2].AC[1].ACC_add_31_50_g1112/Y                         -      A0->Y   F     AO22_X0P5M_A9PP140ZTUL_C35         1  0.392   0.090    1.727  
  AR[2].AC[1].ACC_add_31_50_retime_s3_173_reg/D             -      D       F     DFFRPQA_X1M_A9PP140ZTUL_C35        1  0.038   0.000    1.727  
#--------------------------------------------------------------------------------------------------------------------------------------------
Path 72: MET (0.088 ns) Setup Check with Pin AR[2].AC[1].ACC_add_31_50_retime_s3_192_reg/CK->D
               View: wc_analysis_view
              Group: reg2reg
         Startpoint: (R) retime_s1_6_reg/CK
              Clock: (R) CLK
           Endpoint: (F) AR[2].AC[1].ACC_add_31_50_retime_s3_192_reg/D
              Clock: (R) CLK

                       Capture       Launch
         Clock Edge:+    2.000        0.000
        Src Latency:+   -0.154       -0.154
        Net Latency:+    0.153 (P)    0.157 (P)
            Arrival:=    1.999        0.003

              Setup:-    0.058
        Uncertainty:-    0.125
      Required Time:=    1.816
       Launch Clock:=    0.003
          Data Path:+    1.724
              Slack:=    0.088

#--------------------------------------------------------------------------------------------------------------------------------------------
# Timing Point                                              Flags  Arc     Edge  Cell                          Fanout  Trans   Delay  Arrival  
#                                                                                                                       (ns)    (ns)     (ns)  
#--------------------------------------------------------------------------------------------------------------------------------------------
  retime_s1_6_reg/CK                                        -      CK      R     (arrival)                         20  0.042       -    0.003  
  retime_s1_6_reg/QN                                        -      CK->QN  R     DFFRPQNA_X1M_A9PP140ZTUL_C35       2  0.042   0.050    0.053  
  cts_opt_inst_FE_OFC246_n_2948/Y                           -      A->Y    F     INV_X2M_A9PP140ZTUL_C35           58  0.039   0.122    0.175  
  g32665__2346/Y                                            -      B->Y    F     AND2_X0P5B_A9PP140ZTUL_C35         2  0.213   0.085    0.260  
  g39405__2802/Y                                            -      A0->Y   R     AOI22_X2M_A9PP140ZTUL_C35          1  0.039   0.049    0.309  
  g39401__1617/Y                                            -      B->Y    R     AND4_X0P5M_A9PP140ZTUL_C35         1  0.074   0.039    0.349  
  g39400__3680/Y                                            -      A->Y    F     NAND3_X1A_A9PP140ZTUL_C35          1  0.023   0.023    0.372  
  place_opt_inst_FE_OFC176_AR_3__AC_7__ACC_add_31_50_n_0/Y  -      A->Y    R     INV_X2M_A9PP140ZTUL_C35           49  0.041   0.140    0.512  
  place_opt_inst_FE_OFC159_AR_3__AC_7__ACC_add_31_50_n_0/Y  -      A->Y    F     INV_X3M_A9PP140ZTUL_C35            6  0.263   0.055    0.567  
  place_opt_inst_FE_OFC174_AR_3__AC_7__ACC_add_31_50_n_0/Y  -      A->Y    R     INV_X3M_A9PP140ZTUL_C35           63  0.100   0.123    0.690  
  g39398__6783/Y                                            -      A->Y    R     AND2_X1M_A9PP140ZTUL_C35          75  0.169   0.351    1.040  
  place_opt_inst_FE_OFC121_AR_0__AC_3__ACC_n_156/Y          -      A->Y    F     INV_X1M_A9PP140ZTUL_C35           51  0.622   0.287    1.327  
  place_opt_inst_FE_OFC228_AR_0__AC_3__ACC_n_156/Y          -      A->Y    F     BUF_X1M_A9PP140ZTUL_C35           70  0.398   0.309    1.637  
  AR[2].AC[1].ACC_add_31_50_g1108/Y                         -      A0->Y   F     AO22_X0P5M_A9PP140ZTUL_C35         1  0.392   0.090    1.727  
  AR[2].AC[1].ACC_add_31_50_retime_s3_192_reg/D             -      D       F     DFFRPQA_X1M_A9PP140ZTUL_C35        1  0.038   0.000    1.727  
#--------------------------------------------------------------------------------------------------------------------------------------------
Path 73: MET (0.089 ns) Setup Check with Pin AR[2].AC[1].ACC_add_31_50_retime_s3_132_reg/CK->D
               View: wc_analysis_view
              Group: reg2reg
         Startpoint: (R) retime_s1_6_reg/CK
              Clock: (R) CLK
           Endpoint: (F) AR[2].AC[1].ACC_add_31_50_retime_s3_132_reg/D
              Clock: (R) CLK

                       Capture       Launch
         Clock Edge:+    2.000        0.000
        Src Latency:+   -0.154       -0.154
        Net Latency:+    0.155 (P)    0.157 (P)
            Arrival:=    2.001        0.003

              Setup:-    0.059
        Uncertainty:-    0.125
      Required Time:=    1.818
       Launch Clock:=    0.003
          Data Path:+    1.726
              Slack:=    0.089

#--------------------------------------------------------------------------------------------------------------------------------------------
# Timing Point                                              Flags  Arc     Edge  Cell                          Fanout  Trans   Delay  Arrival  
#                                                                                                                       (ns)    (ns)     (ns)  
#--------------------------------------------------------------------------------------------------------------------------------------------
  retime_s1_6_reg/CK                                        -      CK      R     (arrival)                         20  0.042       -    0.003  
  retime_s1_6_reg/QN                                        -      CK->QN  R     DFFRPQNA_X1M_A9PP140ZTUL_C35       2  0.042   0.050    0.053  
  cts_opt_inst_FE_OFC246_n_2948/Y                           -      A->Y    F     INV_X2M_A9PP140ZTUL_C35           58  0.039   0.122    0.175  
  g32665__2346/Y                                            -      B->Y    F     AND2_X0P5B_A9PP140ZTUL_C35         2  0.213   0.085    0.260  
  g39405__2802/Y                                            -      A0->Y   R     AOI22_X2M_A9PP140ZTUL_C35          1  0.039   0.049    0.309  
  g39401__1617/Y                                            -      B->Y    R     AND4_X0P5M_A9PP140ZTUL_C35         1  0.074   0.039    0.349  
  g39400__3680/Y                                            -      A->Y    F     NAND3_X1A_A9PP140ZTUL_C35          1  0.023   0.023    0.372  
  place_opt_inst_FE_OFC176_AR_3__AC_7__ACC_add_31_50_n_0/Y  -      A->Y    R     INV_X2M_A9PP140ZTUL_C35           49  0.041   0.140    0.512  
  place_opt_inst_FE_OFC159_AR_3__AC_7__ACC_add_31_50_n_0/Y  -      A->Y    F     INV_X3M_A9PP140ZTUL_C35            6  0.263   0.055    0.567  
  place_opt_inst_FE_OFC174_AR_3__AC_7__ACC_add_31_50_n_0/Y  -      A->Y    R     INV_X3M_A9PP140ZTUL_C35           63  0.100   0.123    0.690  
  g39398__6783/Y                                            -      A->Y    R     AND2_X1M_A9PP140ZTUL_C35          75  0.169   0.351    1.040  
  place_opt_inst_FE_OFC121_AR_0__AC_3__ACC_n_156/Y          -      A->Y    F     INV_X1M_A9PP140ZTUL_C35           51  0.622   0.287    1.327  
  place_opt_inst_FE_OFC228_AR_0__AC_3__ACC_n_156/Y          -      A->Y    F     BUF_X1M_A9PP140ZTUL_C35           70  0.398   0.309    1.637  
  AR[2].AC[1].ACC_add_31_50_g1111/Y                         -      A0->Y   F     AO22_X0P5M_A9PP140ZTUL_C35         1  0.392   0.092    1.729  
  AR[2].AC[1].ACC_add_31_50_retime_s3_132_reg/D             -      D       F     DFFRPQA_X1M_A9PP140ZTUL_C35        1  0.040   0.000    1.729  
#--------------------------------------------------------------------------------------------------------------------------------------------
Path 74: MET (0.089 ns) Setup Check with Pin retime_s6_39_reg/CK->D
               View: wc_analysis_view
              Group: reg2reg
         Startpoint: (R) retime_s1_6_reg/CK
              Clock: (R) CLK
           Endpoint: (F) retime_s6_39_reg/D
              Clock: (R) CLK

                       Capture       Launch
         Clock Edge:+    2.000        0.000
        Src Latency:+   -0.154       -0.154
        Net Latency:+    0.156 (P)    0.157 (P)
            Arrival:=    2.002        0.003

              Setup:-    0.057
        Uncertainty:-    0.125
      Required Time:=    1.820
       Launch Clock:=    0.003
          Data Path:+    1.727
              Slack:=    0.089

#--------------------------------------------------------------------------------------------------------------------------------------------
# Timing Point                                              Flags  Arc     Edge  Cell                          Fanout  Trans   Delay  Arrival  
#                                                                                                                       (ns)    (ns)     (ns)  
#--------------------------------------------------------------------------------------------------------------------------------------------
  retime_s1_6_reg/CK                                        -      CK      R     (arrival)                         20  0.042       -    0.003  
  retime_s1_6_reg/QN                                        -      CK->QN  R     DFFRPQNA_X1M_A9PP140ZTUL_C35       2  0.042   0.050    0.053  
  cts_opt_inst_FE_OFC246_n_2948/Y                           -      A->Y    F     INV_X2M_A9PP140ZTUL_C35           58  0.039   0.122    0.175  
  g32665__2346/Y                                            -      B->Y    F     AND2_X0P5B_A9PP140ZTUL_C35         2  0.213   0.085    0.260  
  g39405__2802/Y                                            -      A0->Y   R     AOI22_X2M_A9PP140ZTUL_C35          1  0.039   0.049    0.309  
  g39401__1617/Y                                            -      B->Y    R     AND4_X0P5M_A9PP140ZTUL_C35         1  0.074   0.039    0.349  
  g39400__3680/Y                                            -      A->Y    F     NAND3_X1A_A9PP140ZTUL_C35          1  0.023   0.023    0.372  
  place_opt_inst_FE_OFC176_AR_3__AC_7__ACC_add_31_50_n_0/Y  -      A->Y    R     INV_X2M_A9PP140ZTUL_C35           49  0.041   0.140    0.512  
  place_opt_inst_FE_OFC159_AR_3__AC_7__ACC_add_31_50_n_0/Y  -      A->Y    F     INV_X3M_A9PP140ZTUL_C35            6  0.263   0.055    0.567  
  place_opt_inst_FE_OFC174_AR_3__AC_7__ACC_add_31_50_n_0/Y  -      A->Y    R     INV_X3M_A9PP140ZTUL_C35           63  0.100   0.123    0.690  
  g39398__6783/Y                                            -      A->Y    R     AND2_X1M_A9PP140ZTUL_C35          75  0.169   0.351    1.040  
  place_opt_inst_FE_OFC121_AR_0__AC_3__ACC_n_156/Y          -      A->Y    F     INV_X1M_A9PP140ZTUL_C35           51  0.622   0.287    1.327  
  place_opt_inst_FE_OFC228_AR_0__AC_3__ACC_n_156/Y          -      A->Y    F     BUF_X1M_A9PP140ZTUL_C35           70  0.398   0.314    1.641  
  g43879/Y                                                  -      A0->Y   F     AO22_X0P5M_A9PP140ZTUL_C35         1  0.392   0.090    1.731  
  retime_s6_39_reg/D                                        -      D       F     DFFRPQA_X1M_A9PP140ZTUL_C35        1  0.038   0.000    1.731  
#--------------------------------------------------------------------------------------------------------------------------------------------
Path 75: MET (0.089 ns) Setup Check with Pin AR[2].AC[1].ACC_add_31_50_retime_s3_115_reg/CK->D
               View: wc_analysis_view
              Group: reg2reg
         Startpoint: (R) retime_s1_6_reg/CK
              Clock: (R) CLK
           Endpoint: (F) AR[2].AC[1].ACC_add_31_50_retime_s3_115_reg/D
              Clock: (R) CLK

                       Capture       Launch
         Clock Edge:+    2.000        0.000
        Src Latency:+   -0.154       -0.154
        Net Latency:+    0.154 (P)    0.157 (P)
            Arrival:=    2.000        0.003

              Setup:-    0.057
        Uncertainty:-    0.125
      Required Time:=    1.818
       Launch Clock:=    0.003
          Data Path:+    1.725
              Slack:=    0.089

#--------------------------------------------------------------------------------------------------------------------------------------------
# Timing Point                                              Flags  Arc     Edge  Cell                          Fanout  Trans   Delay  Arrival  
#                                                                                                                       (ns)    (ns)     (ns)  
#--------------------------------------------------------------------------------------------------------------------------------------------
  retime_s1_6_reg/CK                                        -      CK      R     (arrival)                         20  0.042       -    0.003  
  retime_s1_6_reg/QN                                        -      CK->QN  R     DFFRPQNA_X1M_A9PP140ZTUL_C35       2  0.042   0.050    0.053  
  cts_opt_inst_FE_OFC246_n_2948/Y                           -      A->Y    F     INV_X2M_A9PP140ZTUL_C35           58  0.039   0.122    0.175  
  g32665__2346/Y                                            -      B->Y    F     AND2_X0P5B_A9PP140ZTUL_C35         2  0.213   0.085    0.260  
  g39405__2802/Y                                            -      A0->Y   R     AOI22_X2M_A9PP140ZTUL_C35          1  0.039   0.049    0.309  
  g39401__1617/Y                                            -      B->Y    R     AND4_X0P5M_A9PP140ZTUL_C35         1  0.074   0.039    0.349  
  g39400__3680/Y                                            -      A->Y    F     NAND3_X1A_A9PP140ZTUL_C35          1  0.023   0.023    0.372  
  place_opt_inst_FE_OFC176_AR_3__AC_7__ACC_add_31_50_n_0/Y  -      A->Y    R     INV_X2M_A9PP140ZTUL_C35           49  0.041   0.140    0.512  
  place_opt_inst_FE_OFC159_AR_3__AC_7__ACC_add_31_50_n_0/Y  -      A->Y    F     INV_X3M_A9PP140ZTUL_C35            6  0.263   0.055    0.567  
  place_opt_inst_FE_OFC174_AR_3__AC_7__ACC_add_31_50_n_0/Y  -      A->Y    R     INV_X3M_A9PP140ZTUL_C35           63  0.100   0.123    0.690  
  g39398__6783/Y                                            -      A->Y    R     AND2_X1M_A9PP140ZTUL_C35          75  0.169   0.351    1.040  
  place_opt_inst_FE_OFC121_AR_0__AC_3__ACC_n_156/Y          -      A->Y    F     INV_X1M_A9PP140ZTUL_C35           51  0.622   0.287    1.327  
  place_opt_inst_FE_OFC228_AR_0__AC_3__ACC_n_156/Y          -      A->Y    F     BUF_X1M_A9PP140ZTUL_C35           70  0.398   0.314    1.641  
  AR[2].AC[1].ACC_add_31_50_g1102/Y                         -      A0->Y   F     AO22_X0P5M_A9PP140ZTUL_C35         1  0.392   0.088    1.729  
  AR[2].AC[1].ACC_add_31_50_retime_s3_115_reg/D             -      D       F     DFFRPQA_X1M_A9PP140ZTUL_C35        1  0.036   0.000    1.729  
#--------------------------------------------------------------------------------------------------------------------------------------------
Path 76: MET (0.091 ns) Setup Check with Pin retime_s7_13_reg/CK->D
               View: wc_analysis_view
              Group: reg2reg
         Startpoint: (R) retime_s1_6_reg/CK
              Clock: (R) CLK
           Endpoint: (F) retime_s7_13_reg/D
              Clock: (R) CLK

                       Capture       Launch
         Clock Edge:+    2.000        0.000
        Src Latency:+   -0.154       -0.154
        Net Latency:+    0.152 (P)    0.157 (P)
            Arrival:=    1.999        0.003

              Setup:-    0.061
        Uncertainty:-    0.125
      Required Time:=    1.812
       Launch Clock:=    0.003
          Data Path:+    1.718
              Slack:=    0.091

#--------------------------------------------------------------------------------------------------------------------------------------------
# Timing Point                                              Flags  Arc     Edge  Cell                          Fanout  Trans   Delay  Arrival  
#                                                                                                                       (ns)    (ns)     (ns)  
#--------------------------------------------------------------------------------------------------------------------------------------------
  retime_s1_6_reg/CK                                        -      CK      R     (arrival)                         20  0.042       -    0.003  
  retime_s1_6_reg/QN                                        -      CK->QN  R     DFFRPQNA_X1M_A9PP140ZTUL_C35       2  0.042   0.050    0.053  
  cts_opt_inst_FE_OFC246_n_2948/Y                           -      A->Y    F     INV_X2M_A9PP140ZTUL_C35           58  0.039   0.122    0.175  
  g32665__2346/Y                                            -      B->Y    F     AND2_X0P5B_A9PP140ZTUL_C35         2  0.213   0.085    0.260  
  g39405__2802/Y                                            -      A0->Y   R     AOI22_X2M_A9PP140ZTUL_C35          1  0.039   0.049    0.309  
  g39401__1617/Y                                            -      B->Y    R     AND4_X0P5M_A9PP140ZTUL_C35         1  0.074   0.039    0.349  
  g39400__3680/Y                                            -      A->Y    F     NAND3_X1A_A9PP140ZTUL_C35          1  0.023   0.023    0.372  
  place_opt_inst_FE_OFC176_AR_3__AC_7__ACC_add_31_50_n_0/Y  -      A->Y    R     INV_X2M_A9PP140ZTUL_C35           49  0.041   0.151    0.523  
  place_opt_inst_FE_OFC164_AR_3__AC_7__ACC_add_31_50_n_0/Y  -      A->Y    F     INV_X2M_A9PP140ZTUL_C35           34  0.264   0.127    0.650  
  place_opt_inst_FE_OFC128_AR_3__AC_7__ACC_add_31_50_n_0/Y  -      A->Y    R     INV_X2M_A9PP140ZTUL_C35           73  0.173   0.212    0.862  
  g44743/Y                                                  -      A->Y    R     AND2_X1M_A9PP140ZTUL_C35          65  0.295   0.238    1.100  
  cts_opt_inst_FE_OFC244_n_243/Y                            -      A->Y    F     INV_X1M_A9PP140ZTUL_C35           64  0.506   0.359    1.459  
  g42542/Y                                                  -      B0->Y   F     AO22_X0P5M_A9PP140ZTUL_C35         1  0.479   0.126    1.585  
  cts_opt_inst_FE_PHC1161_n_1638/Y                          -      A->Y    F     DLY4_X0P5M_A9PP140ZTUL_C35         1  0.064   0.136    1.721  
  retime_s7_13_reg/D                                        -      D       F     DFFRPQA_X1M_A9PP140ZTUL_C35        1  0.048   0.000    1.721  
#--------------------------------------------------------------------------------------------------------------------------------------------
Path 77: MET (0.091 ns) Setup Check with Pin AR[2].AC[1].ACC_add_31_50_retime_s3_135_reg/CK->D
               View: wc_analysis_view
              Group: reg2reg
         Startpoint: (R) retime_s1_6_reg/CK
              Clock: (R) CLK
           Endpoint: (F) AR[2].AC[1].ACC_add_31_50_retime_s3_135_reg/D
              Clock: (R) CLK

                       Capture       Launch
         Clock Edge:+    2.000        0.000
        Src Latency:+   -0.154       -0.154
        Net Latency:+    0.152 (P)    0.157 (P)
            Arrival:=    1.999        0.003

              Setup:-    0.058
        Uncertainty:-    0.125
      Required Time:=    1.816
       Launch Clock:=    0.003
          Data Path:+    1.721
              Slack:=    0.091

#--------------------------------------------------------------------------------------------------------------------------------------------
# Timing Point                                              Flags  Arc     Edge  Cell                          Fanout  Trans   Delay  Arrival  
#                                                                                                                       (ns)    (ns)     (ns)  
#--------------------------------------------------------------------------------------------------------------------------------------------
  retime_s1_6_reg/CK                                        -      CK      R     (arrival)                         20  0.042       -    0.003  
  retime_s1_6_reg/QN                                        -      CK->QN  R     DFFRPQNA_X1M_A9PP140ZTUL_C35       2  0.042   0.050    0.053  
  cts_opt_inst_FE_OFC246_n_2948/Y                           -      A->Y    F     INV_X2M_A9PP140ZTUL_C35           58  0.039   0.122    0.175  
  g32665__2346/Y                                            -      B->Y    F     AND2_X0P5B_A9PP140ZTUL_C35         2  0.213   0.085    0.260  
  g39405__2802/Y                                            -      A0->Y   R     AOI22_X2M_A9PP140ZTUL_C35          1  0.039   0.049    0.309  
  g39401__1617/Y                                            -      B->Y    R     AND4_X0P5M_A9PP140ZTUL_C35         1  0.074   0.039    0.349  
  g39400__3680/Y                                            -      A->Y    F     NAND3_X1A_A9PP140ZTUL_C35          1  0.023   0.023    0.372  
  place_opt_inst_FE_OFC176_AR_3__AC_7__ACC_add_31_50_n_0/Y  -      A->Y    R     INV_X2M_A9PP140ZTUL_C35           49  0.041   0.140    0.512  
  place_opt_inst_FE_OFC159_AR_3__AC_7__ACC_add_31_50_n_0/Y  -      A->Y    F     INV_X3M_A9PP140ZTUL_C35            6  0.263   0.055    0.567  
  place_opt_inst_FE_OFC174_AR_3__AC_7__ACC_add_31_50_n_0/Y  -      A->Y    R     INV_X3M_A9PP140ZTUL_C35           63  0.100   0.123    0.690  
  g39398__6783/Y                                            -      A->Y    R     AND2_X1M_A9PP140ZTUL_C35          75  0.169   0.351    1.040  
  place_opt_inst_FE_OFC121_AR_0__AC_3__ACC_n_156/Y          -      A->Y    F     INV_X1M_A9PP140ZTUL_C35           51  0.622   0.287    1.327  
  place_opt_inst_FE_OFC228_AR_0__AC_3__ACC_n_156/Y          -      A->Y    F     BUF_X1M_A9PP140ZTUL_C35           70  0.398   0.309    1.637  
  AR[2].AC[1].ACC_add_31_50_g1110/Y                         -      A0->Y   F     AO22_X0P5M_A9PP140ZTUL_C35         1  0.392   0.088    1.725  
  AR[2].AC[1].ACC_add_31_50_retime_s3_135_reg/D             -      D       F     DFFRPQA_X1M_A9PP140ZTUL_C35        1  0.036   0.000    1.725  
#--------------------------------------------------------------------------------------------------------------------------------------------
Path 78: MET (0.097 ns) Setup Check with Pin retime_s3_95_reg/CK->D
               View: wc_analysis_view
              Group: reg2reg
         Startpoint: (R) retime_s1_6_reg/CK
              Clock: (R) CLK
           Endpoint: (F) retime_s3_95_reg/D
              Clock: (R) CLK

                       Capture       Launch
         Clock Edge:+    2.000        0.000
        Src Latency:+   -0.154       -0.154
        Net Latency:+    0.154 (P)    0.157 (P)
            Arrival:=    2.000        0.003

              Setup:-    0.057
        Uncertainty:-    0.125
      Required Time:=    1.819
       Launch Clock:=    0.003
          Data Path:+    1.718
              Slack:=    0.097

#--------------------------------------------------------------------------------------------------------------------------------------------
# Timing Point                                              Flags  Arc     Edge  Cell                          Fanout  Trans   Delay  Arrival  
#                                                                                                                       (ns)    (ns)     (ns)  
#--------------------------------------------------------------------------------------------------------------------------------------------
  retime_s1_6_reg/CK                                        -      CK      R     (arrival)                         20  0.042       -    0.003  
  retime_s1_6_reg/QN                                        -      CK->QN  R     DFFRPQNA_X1M_A9PP140ZTUL_C35       2  0.042   0.050    0.053  
  cts_opt_inst_FE_OFC246_n_2948/Y                           -      A->Y    F     INV_X2M_A9PP140ZTUL_C35           58  0.039   0.122    0.175  
  g32665__2346/Y                                            -      B->Y    F     AND2_X0P5B_A9PP140ZTUL_C35         2  0.213   0.085    0.260  
  g39405__2802/Y                                            -      A0->Y   R     AOI22_X2M_A9PP140ZTUL_C35          1  0.039   0.049    0.309  
  g39401__1617/Y                                            -      B->Y    R     AND4_X0P5M_A9PP140ZTUL_C35         1  0.074   0.039    0.349  
  g39400__3680/Y                                            -      A->Y    F     NAND3_X1A_A9PP140ZTUL_C35          1  0.023   0.023    0.372  
  place_opt_inst_FE_OFC176_AR_3__AC_7__ACC_add_31_50_n_0/Y  -      A->Y    R     INV_X2M_A9PP140ZTUL_C35           49  0.041   0.140    0.512  
  place_opt_inst_FE_OFC159_AR_3__AC_7__ACC_add_31_50_n_0/Y  -      A->Y    F     INV_X3M_A9PP140ZTUL_C35            6  0.263   0.055    0.567  
  place_opt_inst_FE_OFC174_AR_3__AC_7__ACC_add_31_50_n_0/Y  -      A->Y    R     INV_X3M_A9PP140ZTUL_C35           63  0.100   0.123    0.690  
  g39398__6783/Y                                            -      A->Y    R     AND2_X1M_A9PP140ZTUL_C35          75  0.169   0.351    1.040  
  place_opt_inst_FE_OFC121_AR_0__AC_3__ACC_n_156/Y          -      A->Y    F     INV_X1M_A9PP140ZTUL_C35           51  0.622   0.287    1.327  
  place_opt_inst_FE_OFC228_AR_0__AC_3__ACC_n_156/Y          -      A->Y    F     BUF_X1M_A9PP140ZTUL_C35           70  0.398   0.304    1.631  
  g43902/Y                                                  -      A0->Y   F     AO22_X0P5M_A9PP140ZTUL_C35         1  0.392   0.090    1.721  
  retime_s3_95_reg/D                                        -      D       F     DFFRPQA_X1M_A9PP140ZTUL_C35        1  0.038   0.000    1.721  
#--------------------------------------------------------------------------------------------------------------------------------------------
Path 79: MET (0.098 ns) Setup Check with Pin AR[2].AC[1].ACC_add_31_50_retime_s3_9_reg/CK->D
               View: wc_analysis_view
              Group: reg2reg
         Startpoint: (R) retime_s1_6_reg/CK
              Clock: (R) CLK
           Endpoint: (F) AR[2].AC[1].ACC_add_31_50_retime_s3_9_reg/D
              Clock: (R) CLK

                       Capture       Launch
         Clock Edge:+    2.000        0.000
        Src Latency:+   -0.154       -0.154
        Net Latency:+    0.154 (P)    0.157 (P)
            Arrival:=    2.000        0.003

              Setup:-    0.059
        Uncertainty:-    0.125
      Required Time:=    1.817
       Launch Clock:=    0.003
          Data Path:+    1.715
              Slack:=    0.098

#--------------------------------------------------------------------------------------------------------------------------------------------
# Timing Point                                              Flags  Arc     Edge  Cell                          Fanout  Trans   Delay  Arrival  
#                                                                                                                       (ns)    (ns)     (ns)  
#--------------------------------------------------------------------------------------------------------------------------------------------
  retime_s1_6_reg/CK                                        -      CK      R     (arrival)                         20  0.042       -    0.003  
  retime_s1_6_reg/QN                                        -      CK->QN  R     DFFRPQNA_X1M_A9PP140ZTUL_C35       2  0.042   0.050    0.053  
  cts_opt_inst_FE_OFC246_n_2948/Y                           -      A->Y    F     INV_X2M_A9PP140ZTUL_C35           58  0.039   0.122    0.175  
  g32665__2346/Y                                            -      B->Y    F     AND2_X0P5B_A9PP140ZTUL_C35         2  0.213   0.085    0.260  
  g39405__2802/Y                                            -      A0->Y   R     AOI22_X2M_A9PP140ZTUL_C35          1  0.039   0.049    0.309  
  g39401__1617/Y                                            -      B->Y    R     AND4_X0P5M_A9PP140ZTUL_C35         1  0.074   0.039    0.349  
  g39400__3680/Y                                            -      A->Y    F     NAND3_X1A_A9PP140ZTUL_C35          1  0.023   0.023    0.372  
  place_opt_inst_FE_OFC176_AR_3__AC_7__ACC_add_31_50_n_0/Y  -      A->Y    R     INV_X2M_A9PP140ZTUL_C35           49  0.041   0.140    0.512  
  place_opt_inst_FE_OFC159_AR_3__AC_7__ACC_add_31_50_n_0/Y  -      A->Y    F     INV_X3M_A9PP140ZTUL_C35            6  0.263   0.055    0.567  
  place_opt_inst_FE_OFC174_AR_3__AC_7__ACC_add_31_50_n_0/Y  -      A->Y    R     INV_X3M_A9PP140ZTUL_C35           63  0.100   0.123    0.690  
  g39398__6783/Y                                            -      A->Y    R     AND2_X1M_A9PP140ZTUL_C35          75  0.169   0.351    1.040  
  place_opt_inst_FE_OFC121_AR_0__AC_3__ACC_n_156/Y          -      A->Y    F     INV_X1M_A9PP140ZTUL_C35           51  0.622   0.287    1.327  
  place_opt_inst_FE_OFC228_AR_0__AC_3__ACC_n_156/Y          -      A->Y    F     BUF_X1M_A9PP140ZTUL_C35           70  0.398   0.300    1.627  
  AR[2].AC[1].ACC_add_31_50_g1113/Y                         -      A0->Y   F     AO22_X0P5M_A9PP140ZTUL_C35         1  0.391   0.092    1.719  
  AR[2].AC[1].ACC_add_31_50_retime_s3_9_reg/D               -      D       F     DFFRPQA_X1M_A9PP140ZTUL_C35        1  0.040   0.000    1.719  
#--------------------------------------------------------------------------------------------------------------------------------------------
Path 80: MET (0.098 ns) Setup Check with Pin retime_s3_81_reg/CK->D
               View: wc_analysis_view
              Group: reg2reg
         Startpoint: (R) retime_s1_6_reg/CK
              Clock: (R) CLK
           Endpoint: (F) retime_s3_81_reg/D
              Clock: (R) CLK

                       Capture       Launch
         Clock Edge:+    2.000        0.000
        Src Latency:+   -0.154       -0.154
        Net Latency:+    0.159 (P)    0.157 (P)
            Arrival:=    2.005        0.003

              Setup:-    0.059
        Uncertainty:-    0.125
      Required Time:=    1.821
       Launch Clock:=    0.003
          Data Path:+    1.719
              Slack:=    0.098

#--------------------------------------------------------------------------------------------------------------------------------------------
# Timing Point                                              Flags  Arc     Edge  Cell                          Fanout  Trans   Delay  Arrival  
#                                                                                                                       (ns)    (ns)     (ns)  
#--------------------------------------------------------------------------------------------------------------------------------------------
  retime_s1_6_reg/CK                                        -      CK      R     (arrival)                         20  0.042       -    0.003  
  retime_s1_6_reg/QN                                        -      CK->QN  R     DFFRPQNA_X1M_A9PP140ZTUL_C35       2  0.042   0.050    0.053  
  cts_opt_inst_FE_OFC246_n_2948/Y                           -      A->Y    F     INV_X2M_A9PP140ZTUL_C35           58  0.039   0.122    0.175  
  g32665__2346/Y                                            -      B->Y    F     AND2_X0P5B_A9PP140ZTUL_C35         2  0.213   0.085    0.260  
  g39405__2802/Y                                            -      A0->Y   R     AOI22_X2M_A9PP140ZTUL_C35          1  0.039   0.049    0.309  
  g39401__1617/Y                                            -      B->Y    R     AND4_X0P5M_A9PP140ZTUL_C35         1  0.074   0.039    0.349  
  g39400__3680/Y                                            -      A->Y    F     NAND3_X1A_A9PP140ZTUL_C35          1  0.023   0.023    0.372  
  place_opt_inst_FE_OFC176_AR_3__AC_7__ACC_add_31_50_n_0/Y  -      A->Y    R     INV_X2M_A9PP140ZTUL_C35           49  0.041   0.140    0.512  
  place_opt_inst_FE_OFC159_AR_3__AC_7__ACC_add_31_50_n_0/Y  -      A->Y    F     INV_X3M_A9PP140ZTUL_C35            6  0.263   0.055    0.567  
  place_opt_inst_FE_OFC174_AR_3__AC_7__ACC_add_31_50_n_0/Y  -      A->Y    R     INV_X3M_A9PP140ZTUL_C35           63  0.100   0.123    0.690  
  g39398__6783/Y                                            -      A->Y    R     AND2_X1M_A9PP140ZTUL_C35          75  0.169   0.351    1.040  
  place_opt_inst_FE_OFC121_AR_0__AC_3__ACC_n_156/Y          -      A->Y    F     INV_X1M_A9PP140ZTUL_C35           51  0.622   0.287    1.327  
  place_opt_inst_FE_OFC228_AR_0__AC_3__ACC_n_156/Y          -      A->Y    F     BUF_X1M_A9PP140ZTUL_C35           70  0.398   0.302    1.629  
  g43898/Y                                                  -      A0->Y   F     AO22_X0P5M_A9PP140ZTUL_C35         1  0.392   0.093    1.723  
  retime_s3_81_reg/D                                        -      D       F     DFFRPQA_X1M_A9PP140ZTUL_C35        1  0.041   0.000    1.723  
#--------------------------------------------------------------------------------------------------------------------------------------------
Path 81: MET (0.099 ns) Setup Check with Pin AR[2].AC[1].ACC_add_31_50_retime_s3_10_reg/CK->D
               View: wc_analysis_view
              Group: reg2reg
         Startpoint: (R) retime_s1_6_reg/CK
              Clock: (R) CLK
           Endpoint: (F) AR[2].AC[1].ACC_add_31_50_retime_s3_10_reg/D
              Clock: (R) CLK

                       Capture       Launch
         Clock Edge:+    2.000        0.000
        Src Latency:+   -0.154       -0.154
        Net Latency:+    0.154 (P)    0.157 (P)
            Arrival:=    2.000        0.003

              Setup:-    0.058
        Uncertainty:-    0.125
      Required Time:=    1.817
       Launch Clock:=    0.003
          Data Path:+    1.715
              Slack:=    0.099

#--------------------------------------------------------------------------------------------------------------------------------------------
# Timing Point                                              Flags  Arc     Edge  Cell                          Fanout  Trans   Delay  Arrival  
#                                                                                                                       (ns)    (ns)     (ns)  
#--------------------------------------------------------------------------------------------------------------------------------------------
  retime_s1_6_reg/CK                                        -      CK      R     (arrival)                         20  0.042       -    0.003  
  retime_s1_6_reg/QN                                        -      CK->QN  R     DFFRPQNA_X1M_A9PP140ZTUL_C35       2  0.042   0.050    0.053  
  cts_opt_inst_FE_OFC246_n_2948/Y                           -      A->Y    F     INV_X2M_A9PP140ZTUL_C35           58  0.039   0.122    0.175  
  g32665__2346/Y                                            -      B->Y    F     AND2_X0P5B_A9PP140ZTUL_C35         2  0.213   0.085    0.260  
  g39405__2802/Y                                            -      A0->Y   R     AOI22_X2M_A9PP140ZTUL_C35          1  0.039   0.049    0.309  
  g39401__1617/Y                                            -      B->Y    R     AND4_X0P5M_A9PP140ZTUL_C35         1  0.074   0.039    0.349  
  g39400__3680/Y                                            -      A->Y    F     NAND3_X1A_A9PP140ZTUL_C35          1  0.023   0.023    0.372  
  place_opt_inst_FE_OFC176_AR_3__AC_7__ACC_add_31_50_n_0/Y  -      A->Y    R     INV_X2M_A9PP140ZTUL_C35           49  0.041   0.140    0.512  
  place_opt_inst_FE_OFC159_AR_3__AC_7__ACC_add_31_50_n_0/Y  -      A->Y    F     INV_X3M_A9PP140ZTUL_C35            6  0.263   0.055    0.567  
  place_opt_inst_FE_OFC174_AR_3__AC_7__ACC_add_31_50_n_0/Y  -      A->Y    R     INV_X3M_A9PP140ZTUL_C35           63  0.100   0.123    0.690  
  g39398__6783/Y                                            -      A->Y    R     AND2_X1M_A9PP140ZTUL_C35          75  0.169   0.351    1.040  
  place_opt_inst_FE_OFC121_AR_0__AC_3__ACC_n_156/Y          -      A->Y    F     INV_X1M_A9PP140ZTUL_C35           51  0.622   0.287    1.327  
  place_opt_inst_FE_OFC228_AR_0__AC_3__ACC_n_156/Y          -      A->Y    F     BUF_X1M_A9PP140ZTUL_C35           70  0.398   0.300    1.627  
  AR[2].AC[1].ACC_add_31_50_g1114/Y                         -      A0->Y   F     AO22_X0P5M_A9PP140ZTUL_C35         1  0.391   0.091    1.718  
  AR[2].AC[1].ACC_add_31_50_retime_s3_10_reg/D              -      D       F     DFFRPQA_X1M_A9PP140ZTUL_C35        1  0.039   0.000    1.718  
#--------------------------------------------------------------------------------------------------------------------------------------------
Path 82: MET (0.100 ns) Setup Check with Pin retime_s7_17_reg/CK->D
               View: wc_analysis_view
              Group: reg2reg
         Startpoint: (R) retime_s1_6_reg/CK
              Clock: (R) CLK
           Endpoint: (F) retime_s7_17_reg/D
              Clock: (R) CLK

                       Capture       Launch
         Clock Edge:+    2.000        0.000
        Src Latency:+   -0.154       -0.154
        Net Latency:+    0.155 (P)    0.157 (P)
            Arrival:=    2.001        0.003

              Setup:-    0.055
        Uncertainty:-    0.125
      Required Time:=    1.822
       Launch Clock:=    0.003
          Data Path:+    1.718
              Slack:=    0.100

#--------------------------------------------------------------------------------------------------------------------------------------------
# Timing Point                                              Flags  Arc     Edge  Cell                          Fanout  Trans   Delay  Arrival  
#                                                                                                                       (ns)    (ns)     (ns)  
#--------------------------------------------------------------------------------------------------------------------------------------------
  retime_s1_6_reg/CK                                        -      CK      R     (arrival)                         20  0.042       -    0.003  
  retime_s1_6_reg/QN                                        -      CK->QN  R     DFFRPQNA_X1M_A9PP140ZTUL_C35       2  0.042   0.050    0.053  
  cts_opt_inst_FE_OFC246_n_2948/Y                           -      A->Y    F     INV_X2M_A9PP140ZTUL_C35           58  0.039   0.122    0.175  
  g32665__2346/Y                                            -      B->Y    F     AND2_X0P5B_A9PP140ZTUL_C35         2  0.213   0.085    0.260  
  g39405__2802/Y                                            -      A0->Y   R     AOI22_X2M_A9PP140ZTUL_C35          1  0.039   0.049    0.309  
  g39401__1617/Y                                            -      B->Y    R     AND4_X0P5M_A9PP140ZTUL_C35         1  0.074   0.039    0.349  
  g39400__3680/Y                                            -      A->Y    F     NAND3_X1A_A9PP140ZTUL_C35          1  0.023   0.023    0.372  
  place_opt_inst_FE_OFC176_AR_3__AC_7__ACC_add_31_50_n_0/Y  -      A->Y    R     INV_X2M_A9PP140ZTUL_C35           49  0.041   0.151    0.523  
  place_opt_inst_FE_OFC164_AR_3__AC_7__ACC_add_31_50_n_0/Y  -      A->Y    F     INV_X2M_A9PP140ZTUL_C35           34  0.264   0.127    0.650  
  place_opt_inst_FE_OFC128_AR_3__AC_7__ACC_add_31_50_n_0/Y  -      A->Y    R     INV_X2M_A9PP140ZTUL_C35           73  0.173   0.212    0.862  
  g44743/Y                                                  -      A->Y    R     AND2_X1M_A9PP140ZTUL_C35          65  0.295   0.238    1.100  
  cts_opt_inst_FE_OFC244_n_243/Y                            -      A->Y    F     INV_X1M_A9PP140ZTUL_C35           64  0.506   0.360    1.459  
  g42561/Y                                                  -      B0->Y   F     AO22_X0P5M_A9PP140ZTUL_C35         1  0.479   0.132    1.592  
  cts_opt_inst_FE_PHC1460_n_1619/Y                          -      A->Y    F     DLY4_X4M_A9PP140ZTUL_C35           1  0.071   0.130    1.721  
  retime_s7_17_reg/D                                        -      D       F     DFFRPQA_X1M_A9PP140ZTUL_C35        1  0.026   0.000    1.721  
#--------------------------------------------------------------------------------------------------------------------------------------------
Path 83: MET (0.101 ns) Setup Check with Pin AR[2].AC[1].ACC_add_31_50_retime_s3_248_reg/CK->D
               View: wc_analysis_view
              Group: reg2reg
         Startpoint: (R) retime_s1_6_reg/CK
              Clock: (R) CLK
           Endpoint: (F) AR[2].AC[1].ACC_add_31_50_retime_s3_248_reg/D
              Clock: (R) CLK

                       Capture       Launch
         Clock Edge:+    2.000        0.000
        Src Latency:+   -0.154       -0.154
        Net Latency:+    0.154 (P)    0.157 (P)
            Arrival:=    2.000        0.003

              Setup:-    0.058
        Uncertainty:-    0.125
      Required Time:=    1.817
       Launch Clock:=    0.003
          Data Path:+    1.713
              Slack:=    0.101

#--------------------------------------------------------------------------------------------------------------------------------------------
# Timing Point                                              Flags  Arc     Edge  Cell                          Fanout  Trans   Delay  Arrival  
#                                                                                                                       (ns)    (ns)     (ns)  
#--------------------------------------------------------------------------------------------------------------------------------------------
  retime_s1_6_reg/CK                                        -      CK      R     (arrival)                         20  0.042       -    0.003  
  retime_s1_6_reg/QN                                        -      CK->QN  R     DFFRPQNA_X1M_A9PP140ZTUL_C35       2  0.042   0.050    0.053  
  cts_opt_inst_FE_OFC246_n_2948/Y                           -      A->Y    F     INV_X2M_A9PP140ZTUL_C35           58  0.039   0.122    0.175  
  g32665__2346/Y                                            -      B->Y    F     AND2_X0P5B_A9PP140ZTUL_C35         2  0.213   0.085    0.260  
  g39405__2802/Y                                            -      A0->Y   R     AOI22_X2M_A9PP140ZTUL_C35          1  0.039   0.049    0.309  
  g39401__1617/Y                                            -      B->Y    R     AND4_X0P5M_A9PP140ZTUL_C35         1  0.074   0.039    0.349  
  g39400__3680/Y                                            -      A->Y    F     NAND3_X1A_A9PP140ZTUL_C35          1  0.023   0.023    0.372  
  place_opt_inst_FE_OFC176_AR_3__AC_7__ACC_add_31_50_n_0/Y  -      A->Y    R     INV_X2M_A9PP140ZTUL_C35           49  0.041   0.140    0.512  
  place_opt_inst_FE_OFC159_AR_3__AC_7__ACC_add_31_50_n_0/Y  -      A->Y    F     INV_X3M_A9PP140ZTUL_C35            6  0.263   0.055    0.567  
  place_opt_inst_FE_OFC174_AR_3__AC_7__ACC_add_31_50_n_0/Y  -      A->Y    R     INV_X3M_A9PP140ZTUL_C35           63  0.100   0.123    0.690  
  g39398__6783/Y                                            -      A->Y    R     AND2_X1M_A9PP140ZTUL_C35          75  0.169   0.351    1.040  
  place_opt_inst_FE_OFC121_AR_0__AC_3__ACC_n_156/Y          -      A->Y    F     INV_X1M_A9PP140ZTUL_C35           51  0.622   0.287    1.327  
  place_opt_inst_FE_OFC228_AR_0__AC_3__ACC_n_156/Y          -      A->Y    F     BUF_X1M_A9PP140ZTUL_C35           70  0.398   0.300    1.627  
  AR[2].AC[1].ACC_add_31_50_g1115/Y                         -      A0->Y   F     AO22_X0P5M_A9PP140ZTUL_C35         1  0.391   0.090    1.717  
  AR[2].AC[1].ACC_add_31_50_retime_s3_248_reg/D             -      D       F     DFFRPQA_X1M_A9PP140ZTUL_C35        1  0.038   0.000    1.717  
#--------------------------------------------------------------------------------------------------------------------------------------------
Path 84: MET (0.103 ns) Setup Check with Pin AR[1].AC[2].ACC_add_31_50_retime_s3_115_reg/CK->D
               View: wc_analysis_view
              Group: reg2reg
         Startpoint: (R) retime_s1_6_reg/CK
              Clock: (R) CLK
           Endpoint: (F) AR[1].AC[2].ACC_add_31_50_retime_s3_115_reg/D
              Clock: (R) CLK

                       Capture       Launch
         Clock Edge:+    2.000        0.000
        Src Latency:+   -0.154       -0.154
        Net Latency:+    0.155 (P)    0.157 (P)
            Arrival:=    2.001        0.003

              Setup:-    0.059
        Uncertainty:-    0.125
      Required Time:=    1.817
       Launch Clock:=    0.003
          Data Path:+    1.710
              Slack:=    0.103

#--------------------------------------------------------------------------------------------------------------------------------------------
# Timing Point                                              Flags  Arc     Edge  Cell                          Fanout  Trans   Delay  Arrival  
#                                                                                                                       (ns)    (ns)     (ns)  
#--------------------------------------------------------------------------------------------------------------------------------------------
  retime_s1_6_reg/CK                                        -      CK      R     (arrival)                         20  0.042       -    0.003  
  retime_s1_6_reg/QN                                        -      CK->QN  R     DFFRPQNA_X1M_A9PP140ZTUL_C35       2  0.042   0.050    0.053  
  cts_opt_inst_FE_OFC246_n_2948/Y                           -      A->Y    F     INV_X2M_A9PP140ZTUL_C35           58  0.039   0.122    0.175  
  g32665__2346/Y                                            -      B->Y    F     AND2_X0P5B_A9PP140ZTUL_C35         2  0.213   0.085    0.260  
  g39405__2802/Y                                            -      A0->Y   R     AOI22_X2M_A9PP140ZTUL_C35          1  0.039   0.049    0.309  
  g39401__1617/Y                                            -      B->Y    R     AND4_X0P5M_A9PP140ZTUL_C35         1  0.074   0.039    0.349  
  g39400__3680/Y                                            -      A->Y    F     NAND3_X1A_A9PP140ZTUL_C35          1  0.023   0.023    0.372  
  place_opt_inst_FE_OFC176_AR_3__AC_7__ACC_add_31_50_n_0/Y  -      A->Y    R     INV_X2M_A9PP140ZTUL_C35           49  0.041   0.140    0.512  
  place_opt_inst_FE_OFC159_AR_3__AC_7__ACC_add_31_50_n_0/Y  -      A->Y    F     INV_X3M_A9PP140ZTUL_C35            6  0.263   0.055    0.567  
  place_opt_inst_FE_OFC174_AR_3__AC_7__ACC_add_31_50_n_0/Y  -      A->Y    R     INV_X3M_A9PP140ZTUL_C35           63  0.100   0.123    0.690  
  g39398__6783/Y                                            -      A->Y    R     AND2_X1M_A9PP140ZTUL_C35          75  0.169   0.351    1.040  
  place_opt_inst_FE_OFC121_AR_0__AC_3__ACC_n_156/Y          -      A->Y    F     INV_X1M_A9PP140ZTUL_C35           51  0.622   0.287    1.327  
  place_opt_inst_FE_OFC228_AR_0__AC_3__ACC_n_156/Y          -      A->Y    F     BUF_X1M_A9PP140ZTUL_C35           70  0.398   0.293    1.620  
  AR[1].AC[2].ACC_add_31_50_g1102/Y                         -      A0->Y   F     AO22_X0P5M_A9PP140ZTUL_C35         1  0.391   0.093    1.714  
  AR[1].AC[2].ACC_add_31_50_retime_s3_115_reg/D             -      D       F     DFFRPQA_X1M_A9PP140ZTUL_C35        1  0.041   0.000    1.714  
#--------------------------------------------------------------------------------------------------------------------------------------------
Path 85: MET (0.104 ns) Setup Check with Pin retime_s3_102_reg/CK->D
               View: wc_analysis_view
              Group: reg2reg
         Startpoint: (R) retime_s1_6_reg/CK
              Clock: (R) CLK
           Endpoint: (F) retime_s3_102_reg/D
              Clock: (R) CLK

                       Capture       Launch
         Clock Edge:+    2.000        0.000
        Src Latency:+   -0.154       -0.154
        Net Latency:+    0.159 (P)    0.157 (P)
            Arrival:=    2.005        0.003

              Setup:-    0.058
        Uncertainty:-    0.125
      Required Time:=    1.822
       Launch Clock:=    0.003
          Data Path:+    1.714
              Slack:=    0.104

#--------------------------------------------------------------------------------------------------------------------------------------------
# Timing Point                                              Flags  Arc     Edge  Cell                          Fanout  Trans   Delay  Arrival  
#                                                                                                                       (ns)    (ns)     (ns)  
#--------------------------------------------------------------------------------------------------------------------------------------------
  retime_s1_6_reg/CK                                        -      CK      R     (arrival)                         20  0.042       -    0.003  
  retime_s1_6_reg/QN                                        -      CK->QN  R     DFFRPQNA_X1M_A9PP140ZTUL_C35       2  0.042   0.050    0.053  
  cts_opt_inst_FE_OFC246_n_2948/Y                           -      A->Y    F     INV_X2M_A9PP140ZTUL_C35           58  0.039   0.122    0.175  
  g32665__2346/Y                                            -      B->Y    F     AND2_X0P5B_A9PP140ZTUL_C35         2  0.213   0.085    0.260  
  g39405__2802/Y                                            -      A0->Y   R     AOI22_X2M_A9PP140ZTUL_C35          1  0.039   0.049    0.309  
  g39401__1617/Y                                            -      B->Y    R     AND4_X0P5M_A9PP140ZTUL_C35         1  0.074   0.039    0.349  
  g39400__3680/Y                                            -      A->Y    F     NAND3_X1A_A9PP140ZTUL_C35          1  0.023   0.023    0.372  
  place_opt_inst_FE_OFC176_AR_3__AC_7__ACC_add_31_50_n_0/Y  -      A->Y    R     INV_X2M_A9PP140ZTUL_C35           49  0.041   0.140    0.512  
  place_opt_inst_FE_OFC159_AR_3__AC_7__ACC_add_31_50_n_0/Y  -      A->Y    F     INV_X3M_A9PP140ZTUL_C35            6  0.263   0.055    0.567  
  place_opt_inst_FE_OFC174_AR_3__AC_7__ACC_add_31_50_n_0/Y  -      A->Y    R     INV_X3M_A9PP140ZTUL_C35           63  0.100   0.123    0.690  
  g39398__6783/Y                                            -      A->Y    R     AND2_X1M_A9PP140ZTUL_C35          75  0.169   0.351    1.040  
  place_opt_inst_FE_OFC121_AR_0__AC_3__ACC_n_156/Y          -      A->Y    F     INV_X1M_A9PP140ZTUL_C35           51  0.622   0.287    1.327  
  place_opt_inst_FE_OFC228_AR_0__AC_3__ACC_n_156/Y          -      A->Y    F     BUF_X1M_A9PP140ZTUL_C35           70  0.398   0.302    1.629  
  g43904/Y                                                  -      A0->Y   F     AO22_X0P5M_A9PP140ZTUL_C35         1  0.391   0.089    1.718  
  retime_s3_102_reg/D                                       -      D       F     DFFRPQA_X1M_A9PP140ZTUL_C35        1  0.037   0.000    1.718  
#--------------------------------------------------------------------------------------------------------------------------------------------
Path 86: MET (0.104 ns) Setup Check with Pin retime_s3_112_reg/CK->D
               View: wc_analysis_view
              Group: reg2reg
         Startpoint: (R) retime_s1_6_reg/CK
              Clock: (R) CLK
           Endpoint: (F) retime_s3_112_reg/D
              Clock: (R) CLK

                       Capture       Launch
         Clock Edge:+    2.000        0.000
        Src Latency:+   -0.154       -0.154
        Net Latency:+    0.157 (P)    0.157 (P)
            Arrival:=    2.003        0.003

              Setup:-    0.069
        Uncertainty:-    0.125
      Required Time:=    1.809
       Launch Clock:=    0.003
          Data Path:+    1.701
              Slack:=    0.104

#--------------------------------------------------------------------------------------------------------------------------------------------
# Timing Point                                              Flags  Arc     Edge  Cell                          Fanout  Trans   Delay  Arrival  
#                                                                                                                       (ns)    (ns)     (ns)  
#--------------------------------------------------------------------------------------------------------------------------------------------
  retime_s1_6_reg/CK                                        -      CK      R     (arrival)                         20  0.042       -    0.003  
  retime_s1_6_reg/QN                                        -      CK->QN  R     DFFRPQNA_X1M_A9PP140ZTUL_C35       2  0.042   0.050    0.053  
  cts_opt_inst_FE_OFC246_n_2948/Y                           -      A->Y    F     INV_X2M_A9PP140ZTUL_C35           58  0.039   0.122    0.175  
  g32665__2346/Y                                            -      B->Y    F     AND2_X0P5B_A9PP140ZTUL_C35         2  0.213   0.085    0.260  
  g39405__2802/Y                                            -      A0->Y   R     AOI22_X2M_A9PP140ZTUL_C35          1  0.039   0.049    0.309  
  g39401__1617/Y                                            -      B->Y    R     AND4_X0P5M_A9PP140ZTUL_C35         1  0.074   0.039    0.349  
  g39400__3680/Y                                            -      A->Y    F     NAND3_X1A_A9PP140ZTUL_C35          1  0.023   0.023    0.372  
  place_opt_inst_FE_OFC176_AR_3__AC_7__ACC_add_31_50_n_0/Y  -      A->Y    R     INV_X2M_A9PP140ZTUL_C35           49  0.041   0.140    0.512  
  place_opt_inst_FE_OFC159_AR_3__AC_7__ACC_add_31_50_n_0/Y  -      A->Y    F     INV_X3M_A9PP140ZTUL_C35            6  0.263   0.055    0.567  
  place_opt_inst_FE_OFC174_AR_3__AC_7__ACC_add_31_50_n_0/Y  -      A->Y    R     INV_X3M_A9PP140ZTUL_C35           63  0.100   0.122    0.689  
  g39397__5526/Y                                            -      A->Y    R     AND2_X1M_A9PP140ZTUL_C35          61  0.169   0.268    0.958  
  g44759/Y                                                  -      A->Y    F     INV_X1M_A9PP140ZTUL_C35           38  0.494   0.234    1.191  
  cts_opt_inst_FE_OFC300_AR_0__AC_2__ACC_add_31_50_n_0/Y    -      A->Y    F     BUF_X1M_A9PP140ZTUL_C35           75  0.327   0.273    1.464  
  g43939/Y                                                  -      A0->Y   F     AO22_X0P5M_A9PP140ZTUL_C35         1  0.348   0.135    1.599  
  cts_opt_inst_FE_PHC2560_n_1013/Y                          -      A->Y    F     DLY2_X0P5M_A9PP140ZTUL_C35         1  0.098   0.105    1.705  
  retime_s3_112_reg/D                                       -      D       F     DFFRPQA_X1M_A9PP140ZTUL_C35        1  0.075   0.000    1.705  
#--------------------------------------------------------------------------------------------------------------------------------------------
Path 87: MET (0.105 ns) Setup Check with Pin AR[1].AC[2].ACC_add_31_50_retime_s3_198_reg/CK->D
               View: wc_analysis_view
              Group: reg2reg
         Startpoint: (R) retime_s1_6_reg/CK
              Clock: (R) CLK
           Endpoint: (F) AR[1].AC[2].ACC_add_31_50_retime_s3_198_reg/D
              Clock: (R) CLK

                       Capture       Launch
         Clock Edge:+    2.000        0.000
        Src Latency:+   -0.154       -0.154
        Net Latency:+    0.155 (P)    0.157 (P)
            Arrival:=    2.001        0.003

              Setup:-    0.059
        Uncertainty:-    0.125
      Required Time:=    1.817
       Launch Clock:=    0.003
          Data Path:+    1.709
              Slack:=    0.105

#--------------------------------------------------------------------------------------------------------------------------------------------
# Timing Point                                              Flags  Arc     Edge  Cell                          Fanout  Trans   Delay  Arrival  
#                                                                                                                       (ns)    (ns)     (ns)  
#--------------------------------------------------------------------------------------------------------------------------------------------
  retime_s1_6_reg/CK                                        -      CK      R     (arrival)                         20  0.042       -    0.003  
  retime_s1_6_reg/QN                                        -      CK->QN  R     DFFRPQNA_X1M_A9PP140ZTUL_C35       2  0.042   0.050    0.053  
  cts_opt_inst_FE_OFC246_n_2948/Y                           -      A->Y    F     INV_X2M_A9PP140ZTUL_C35           58  0.039   0.122    0.175  
  g32665__2346/Y                                            -      B->Y    F     AND2_X0P5B_A9PP140ZTUL_C35         2  0.213   0.085    0.260  
  g39405__2802/Y                                            -      A0->Y   R     AOI22_X2M_A9PP140ZTUL_C35          1  0.039   0.049    0.309  
  g39401__1617/Y                                            -      B->Y    R     AND4_X0P5M_A9PP140ZTUL_C35         1  0.074   0.039    0.349  
  g39400__3680/Y                                            -      A->Y    F     NAND3_X1A_A9PP140ZTUL_C35          1  0.023   0.023    0.372  
  place_opt_inst_FE_OFC176_AR_3__AC_7__ACC_add_31_50_n_0/Y  -      A->Y    R     INV_X2M_A9PP140ZTUL_C35           49  0.041   0.140    0.512  
  place_opt_inst_FE_OFC159_AR_3__AC_7__ACC_add_31_50_n_0/Y  -      A->Y    F     INV_X3M_A9PP140ZTUL_C35            6  0.263   0.055    0.567  
  place_opt_inst_FE_OFC174_AR_3__AC_7__ACC_add_31_50_n_0/Y  -      A->Y    R     INV_X3M_A9PP140ZTUL_C35           63  0.100   0.123    0.690  
  g39398__6783/Y                                            -      A->Y    R     AND2_X1M_A9PP140ZTUL_C35          75  0.169   0.351    1.040  
  place_opt_inst_FE_OFC121_AR_0__AC_3__ACC_n_156/Y          -      A->Y    F     INV_X1M_A9PP140ZTUL_C35           51  0.622   0.287    1.327  
  place_opt_inst_FE_OFC228_AR_0__AC_3__ACC_n_156/Y          -      A->Y    F     BUF_X1M_A9PP140ZTUL_C35           70  0.398   0.293    1.620  
  AR[1].AC[2].ACC_add_31_50_g1103/Y                         -      A0->Y   F     AO22_X0P5M_A9PP140ZTUL_C35         1  0.390   0.092    1.712  
  AR[1].AC[2].ACC_add_31_50_retime_s3_198_reg/D             -      D       F     DFFRPQA_X1M_A9PP140ZTUL_C35        1  0.040   0.000    1.712  
#--------------------------------------------------------------------------------------------------------------------------------------------
Path 88: MET (0.107 ns) Setup Check with Pin AR[1].AC[2].ACC_add_31_50_retime_s3_10_reg/CK->D
               View: wc_analysis_view
              Group: reg2reg
         Startpoint: (R) retime_s1_6_reg/CK
              Clock: (R) CLK
           Endpoint: (F) AR[1].AC[2].ACC_add_31_50_retime_s3_10_reg/D
              Clock: (R) CLK

                       Capture       Launch
         Clock Edge:+    2.000        0.000
        Src Latency:+   -0.154       -0.154
        Net Latency:+    0.155 (P)    0.157 (P)
            Arrival:=    2.001        0.003

              Setup:-    0.051
        Uncertainty:-    0.125
      Required Time:=    1.825
       Launch Clock:=    0.003
          Data Path:+    1.715
              Slack:=    0.107

#--------------------------------------------------------------------------------------------------------------------------------------------
# Timing Point                                              Flags  Arc     Edge  Cell                          Fanout  Trans   Delay  Arrival  
#                                                                                                                       (ns)    (ns)     (ns)  
#--------------------------------------------------------------------------------------------------------------------------------------------
  retime_s1_6_reg/CK                                        -      CK      R     (arrival)                         20  0.042       -    0.003  
  retime_s1_6_reg/QN                                        -      CK->QN  R     DFFRPQNA_X1M_A9PP140ZTUL_C35       2  0.042   0.050    0.053  
  cts_opt_inst_FE_OFC246_n_2948/Y                           -      A->Y    F     INV_X2M_A9PP140ZTUL_C35           58  0.039   0.122    0.175  
  g32665__2346/Y                                            -      B->Y    F     AND2_X0P5B_A9PP140ZTUL_C35         2  0.213   0.085    0.260  
  g39405__2802/Y                                            -      A0->Y   R     AOI22_X2M_A9PP140ZTUL_C35          1  0.039   0.049    0.309  
  g39401__1617/Y                                            -      B->Y    R     AND4_X0P5M_A9PP140ZTUL_C35         1  0.074   0.039    0.349  
  g39400__3680/Y                                            -      A->Y    F     NAND3_X1A_A9PP140ZTUL_C35          1  0.023   0.023    0.372  
  place_opt_inst_FE_OFC176_AR_3__AC_7__ACC_add_31_50_n_0/Y  -      A->Y    R     INV_X2M_A9PP140ZTUL_C35           49  0.041   0.140    0.512  
  place_opt_inst_FE_OFC159_AR_3__AC_7__ACC_add_31_50_n_0/Y  -      A->Y    F     INV_X3M_A9PP140ZTUL_C35            6  0.263   0.055    0.567  
  place_opt_inst_FE_OFC174_AR_3__AC_7__ACC_add_31_50_n_0/Y  -      A->Y    R     INV_X3M_A9PP140ZTUL_C35           63  0.100   0.123    0.690  
  g39398__6783/Y                                            -      A->Y    R     AND2_X1M_A9PP140ZTUL_C35          75  0.169   0.351    1.040  
  place_opt_inst_FE_OFC121_AR_0__AC_3__ACC_n_156/Y          -      A->Y    F     INV_X1M_A9PP140ZTUL_C35           51  0.622   0.287    1.327  
  place_opt_inst_FE_OFC228_AR_0__AC_3__ACC_n_156/Y          -      A->Y    F     BUF_X1M_A9PP140ZTUL_C35           70  0.398   0.272    1.600  
  AR[1].AC[2].ACC_add_31_50_g1114/Y                         -      A0->Y   F     AO22_X0P5M_A9PP140ZTUL_C35         1  0.385   0.094    1.693  
  cts_opt_inst_FE_PHC2675_AR_1_AC_2_ACC_add_31_50_n_3/Y     -      A->Y    F     BUFH_X1M_A9PP140ZTUL_C35           1  0.042   0.025    1.718  
  AR[1].AC[2].ACC_add_31_50_retime_s3_10_reg/D              -      D       F     DFFRPQA_X1M_A9PP140ZTUL_C35        1  0.011   0.000    1.718  
#--------------------------------------------------------------------------------------------------------------------------------------------
Path 89: MET (0.107 ns) Setup Check with Pin AR[1].AC[2].ACC_add_31_50_retime_s3_116_reg/CK->D
               View: wc_analysis_view
              Group: reg2reg
         Startpoint: (R) retime_s1_6_reg/CK
              Clock: (R) CLK
           Endpoint: (F) AR[1].AC[2].ACC_add_31_50_retime_s3_116_reg/D
              Clock: (R) CLK

                       Capture       Launch
         Clock Edge:+    2.000        0.000
        Src Latency:+   -0.154       -0.154
        Net Latency:+    0.159 (P)    0.157 (P)
            Arrival:=    2.005        0.003

              Setup:-    0.058
        Uncertainty:-    0.125
      Required Time:=    1.822
       Launch Clock:=    0.003
          Data Path:+    1.711
              Slack:=    0.107

#--------------------------------------------------------------------------------------------------------------------------------------------
# Timing Point                                              Flags  Arc     Edge  Cell                          Fanout  Trans   Delay  Arrival  
#                                                                                                                       (ns)    (ns)     (ns)  
#--------------------------------------------------------------------------------------------------------------------------------------------
  retime_s1_6_reg/CK                                        -      CK      R     (arrival)                         20  0.042       -    0.003  
  retime_s1_6_reg/QN                                        -      CK->QN  R     DFFRPQNA_X1M_A9PP140ZTUL_C35       2  0.042   0.050    0.053  
  cts_opt_inst_FE_OFC246_n_2948/Y                           -      A->Y    F     INV_X2M_A9PP140ZTUL_C35           58  0.039   0.122    0.175  
  g32665__2346/Y                                            -      B->Y    F     AND2_X0P5B_A9PP140ZTUL_C35         2  0.213   0.085    0.260  
  g39405__2802/Y                                            -      A0->Y   R     AOI22_X2M_A9PP140ZTUL_C35          1  0.039   0.049    0.309  
  g39401__1617/Y                                            -      B->Y    R     AND4_X0P5M_A9PP140ZTUL_C35         1  0.074   0.039    0.349  
  g39400__3680/Y                                            -      A->Y    F     NAND3_X1A_A9PP140ZTUL_C35          1  0.023   0.023    0.372  
  place_opt_inst_FE_OFC176_AR_3__AC_7__ACC_add_31_50_n_0/Y  -      A->Y    R     INV_X2M_A9PP140ZTUL_C35           49  0.041   0.140    0.512  
  place_opt_inst_FE_OFC159_AR_3__AC_7__ACC_add_31_50_n_0/Y  -      A->Y    F     INV_X3M_A9PP140ZTUL_C35            6  0.263   0.055    0.567  
  place_opt_inst_FE_OFC174_AR_3__AC_7__ACC_add_31_50_n_0/Y  -      A->Y    R     INV_X3M_A9PP140ZTUL_C35           63  0.100   0.123    0.690  
  g39398__6783/Y                                            -      A->Y    R     AND2_X1M_A9PP140ZTUL_C35          75  0.169   0.351    1.040  
  place_opt_inst_FE_OFC121_AR_0__AC_3__ACC_n_156/Y          -      A->Y    F     INV_X1M_A9PP140ZTUL_C35           51  0.622   0.287    1.327  
  place_opt_inst_FE_OFC228_AR_0__AC_3__ACC_n_156/Y          -      A->Y    F     BUF_X1M_A9PP140ZTUL_C35           70  0.398   0.298    1.625  
  AR[1].AC[2].ACC_add_31_50_g1101/Y                         -      A0->Y   F     AO22_X0P5M_A9PP140ZTUL_C35         1  0.391   0.090    1.714  
  AR[1].AC[2].ACC_add_31_50_retime_s3_116_reg/D             -      D       F     DFFRPQA_X1M_A9PP140ZTUL_C35        1  0.038   0.000    1.714  
#--------------------------------------------------------------------------------------------------------------------------------------------
Path 90: MET (0.109 ns) Setup Check with Pin retime_s6_106_reg/CK->D
               View: wc_analysis_view
              Group: reg2reg
         Startpoint: (R) retime_s1_6_reg/CK
              Clock: (R) CLK
           Endpoint: (F) retime_s6_106_reg/D
              Clock: (R) CLK

                       Capture       Launch
         Clock Edge:+    2.000        0.000
        Src Latency:+   -0.154       -0.154
        Net Latency:+    0.155 (P)    0.157 (P)
            Arrival:=    2.001        0.003

              Setup:-    0.054
        Uncertainty:-    0.125
      Required Time:=    1.822
       Launch Clock:=    0.003
          Data Path:+    1.709
              Slack:=    0.109

#--------------------------------------------------------------------------------------------------------------------------------------------
# Timing Point                                              Flags  Arc     Edge  Cell                          Fanout  Trans   Delay  Arrival  
#                                                                                                                       (ns)    (ns)     (ns)  
#--------------------------------------------------------------------------------------------------------------------------------------------
  retime_s1_6_reg/CK                                        -      CK      R     (arrival)                         20  0.042       -    0.003  
  retime_s1_6_reg/QN                                        -      CK->QN  R     DFFRPQNA_X1M_A9PP140ZTUL_C35       2  0.042   0.050    0.053  
  cts_opt_inst_FE_OFC246_n_2948/Y                           -      A->Y    F     INV_X2M_A9PP140ZTUL_C35           58  0.039   0.122    0.175  
  g32665__2346/Y                                            -      B->Y    F     AND2_X0P5B_A9PP140ZTUL_C35         2  0.213   0.085    0.260  
  g39405__2802/Y                                            -      A0->Y   R     AOI22_X2M_A9PP140ZTUL_C35          1  0.039   0.049    0.309  
  g39401__1617/Y                                            -      B->Y    R     AND4_X0P5M_A9PP140ZTUL_C35         1  0.074   0.039    0.349  
  g39400__3680/Y                                            -      A->Y    F     NAND3_X1A_A9PP140ZTUL_C35          1  0.023   0.023    0.372  
  place_opt_inst_FE_OFC176_AR_3__AC_7__ACC_add_31_50_n_0/Y  -      A->Y    R     INV_X2M_A9PP140ZTUL_C35           49  0.041   0.151    0.523  
  place_opt_inst_FE_OFC164_AR_3__AC_7__ACC_add_31_50_n_0/Y  -      A->Y    F     INV_X2M_A9PP140ZTUL_C35           34  0.264   0.127    0.650  
  place_opt_inst_FE_OFC128_AR_3__AC_7__ACC_add_31_50_n_0/Y  -      A->Y    R     INV_X2M_A9PP140ZTUL_C35           73  0.173   0.212    0.862  
  g44743/Y                                                  -      A->Y    R     AND2_X1M_A9PP140ZTUL_C35          65  0.295   0.238    1.100  
  cts_opt_inst_FE_OFC244_n_243/Y                            -      A->Y    F     INV_X1M_A9PP140ZTUL_C35           64  0.506   0.361    1.461  
  g42618/Y                                                  -      B0->Y   F     AO22_X0P5M_A9PP140ZTUL_C35         1  0.479   0.126    1.587  
  cts_opt_inst_FE_PHC1457_n_1562/Y                          -      A->Y    F     DLY4_X4M_A9PP140ZTUL_C35           1  0.064   0.126    1.713  
  retime_s6_106_reg/D                                       -      D       F     DFFRPQA_X1M_A9PP140ZTUL_C35        1  0.025   0.000    1.713  
#--------------------------------------------------------------------------------------------------------------------------------------------
Path 91: MET (0.109 ns) Setup Check with Pin retime_s6_78_reg/CK->D
               View: wc_analysis_view
              Group: reg2reg
         Startpoint: (R) retime_s1_6_reg/CK
              Clock: (R) CLK
           Endpoint: (F) retime_s6_78_reg/D
              Clock: (R) CLK

                       Capture       Launch
         Clock Edge:+    2.000        0.000
        Src Latency:+   -0.154       -0.154
        Net Latency:+    0.156 (P)    0.157 (P)
            Arrival:=    2.003        0.003

              Setup:-    0.059
        Uncertainty:-    0.125
      Required Time:=    1.819
       Launch Clock:=    0.003
          Data Path:+    1.706
              Slack:=    0.109

#--------------------------------------------------------------------------------------------------------------------------------------------
# Timing Point                                              Flags  Arc     Edge  Cell                          Fanout  Trans   Delay  Arrival  
#                                                                                                                       (ns)    (ns)     (ns)  
#--------------------------------------------------------------------------------------------------------------------------------------------
  retime_s1_6_reg/CK                                        -      CK      R     (arrival)                         20  0.042       -    0.003  
  retime_s1_6_reg/QN                                        -      CK->QN  R     DFFRPQNA_X1M_A9PP140ZTUL_C35       2  0.042   0.050    0.053  
  cts_opt_inst_FE_OFC246_n_2948/Y                           -      A->Y    F     INV_X2M_A9PP140ZTUL_C35           58  0.039   0.122    0.175  
  g32665__2346/Y                                            -      B->Y    F     AND2_X0P5B_A9PP140ZTUL_C35         2  0.213   0.085    0.260  
  g39405__2802/Y                                            -      A0->Y   R     AOI22_X2M_A9PP140ZTUL_C35          1  0.039   0.049    0.309  
  g39401__1617/Y                                            -      B->Y    R     AND4_X0P5M_A9PP140ZTUL_C35         1  0.074   0.039    0.349  
  g39400__3680/Y                                            -      A->Y    F     NAND3_X1A_A9PP140ZTUL_C35          1  0.023   0.023    0.372  
  place_opt_inst_FE_OFC176_AR_3__AC_7__ACC_add_31_50_n_0/Y  -      A->Y    R     INV_X2M_A9PP140ZTUL_C35           49  0.041   0.151    0.523  
  place_opt_inst_FE_OFC164_AR_3__AC_7__ACC_add_31_50_n_0/Y  -      A->Y    F     INV_X2M_A9PP140ZTUL_C35           34  0.264   0.127    0.650  
  place_opt_inst_FE_OFC128_AR_3__AC_7__ACC_add_31_50_n_0/Y  -      A->Y    R     INV_X2M_A9PP140ZTUL_C35           73  0.173   0.212    0.862  
  g44743/Y                                                  -      A->Y    R     AND2_X1M_A9PP140ZTUL_C35          65  0.295   0.238    1.100  
  cts_opt_inst_FE_OFC244_n_243/Y                            -      A->Y    F     INV_X1M_A9PP140ZTUL_C35           64  0.506   0.365    1.464  
  g42452/Y                                                  -      B0->Y   F     AO22_X0P5M_A9PP140ZTUL_C35         1  0.479   0.117    1.582  
  cts_opt_inst_FE_PHC1625_n_1728/Y                          -      A->Y    F     DLY4_X0P5M_A9PP140ZTUL_C35         1  0.055   0.128    1.710  
  retime_s6_78_reg/D                                        -      D       F     DFFRPQA_X1M_A9PP140ZTUL_C35        1  0.041   0.000    1.710  
#--------------------------------------------------------------------------------------------------------------------------------------------
Path 92: MET (0.110 ns) Setup Check with Pin AR[1].AC[2].ACC_add_31_50_retime_s3_239_reg/CK->D
               View: wc_analysis_view
              Group: reg2reg
         Startpoint: (R) retime_s1_6_reg/CK
              Clock: (R) CLK
           Endpoint: (F) AR[1].AC[2].ACC_add_31_50_retime_s3_239_reg/D
              Clock: (R) CLK

                       Capture       Launch
         Clock Edge:+    2.000        0.000
        Src Latency:+   -0.154       -0.154
        Net Latency:+    0.159 (P)    0.157 (P)
            Arrival:=    2.005        0.003

              Setup:-    0.058
        Uncertainty:-    0.125
      Required Time:=    1.822
       Launch Clock:=    0.003
          Data Path:+    1.708
              Slack:=    0.110

#--------------------------------------------------------------------------------------------------------------------------------------------
# Timing Point                                              Flags  Arc     Edge  Cell                          Fanout  Trans   Delay  Arrival  
#                                                                                                                       (ns)    (ns)     (ns)  
#--------------------------------------------------------------------------------------------------------------------------------------------
  retime_s1_6_reg/CK                                        -      CK      R     (arrival)                         20  0.042       -    0.003  
  retime_s1_6_reg/QN                                        -      CK->QN  R     DFFRPQNA_X1M_A9PP140ZTUL_C35       2  0.042   0.050    0.053  
  cts_opt_inst_FE_OFC246_n_2948/Y                           -      A->Y    F     INV_X2M_A9PP140ZTUL_C35           58  0.039   0.122    0.175  
  g32665__2346/Y                                            -      B->Y    F     AND2_X0P5B_A9PP140ZTUL_C35         2  0.213   0.085    0.260  
  g39405__2802/Y                                            -      A0->Y   R     AOI22_X2M_A9PP140ZTUL_C35          1  0.039   0.049    0.309  
  g39401__1617/Y                                            -      B->Y    R     AND4_X0P5M_A9PP140ZTUL_C35         1  0.074   0.039    0.349  
  g39400__3680/Y                                            -      A->Y    F     NAND3_X1A_A9PP140ZTUL_C35          1  0.023   0.023    0.372  
  place_opt_inst_FE_OFC176_AR_3__AC_7__ACC_add_31_50_n_0/Y  -      A->Y    R     INV_X2M_A9PP140ZTUL_C35           49  0.041   0.140    0.512  
  place_opt_inst_FE_OFC159_AR_3__AC_7__ACC_add_31_50_n_0/Y  -      A->Y    F     INV_X3M_A9PP140ZTUL_C35            6  0.263   0.055    0.567  
  place_opt_inst_FE_OFC174_AR_3__AC_7__ACC_add_31_50_n_0/Y  -      A->Y    R     INV_X3M_A9PP140ZTUL_C35           63  0.100   0.123    0.690  
  g39398__6783/Y                                            -      A->Y    R     AND2_X1M_A9PP140ZTUL_C35          75  0.169   0.351    1.040  
  place_opt_inst_FE_OFC121_AR_0__AC_3__ACC_n_156/Y          -      A->Y    F     INV_X1M_A9PP140ZTUL_C35           51  0.622   0.287    1.327  
  place_opt_inst_FE_OFC228_AR_0__AC_3__ACC_n_156/Y          -      A->Y    F     BUF_X1M_A9PP140ZTUL_C35           70  0.398   0.295    1.622  
  AR[1].AC[2].ACC_add_31_50_g1104/Y                         -      A0->Y   F     AO22_X0P5M_A9PP140ZTUL_C35         1  0.391   0.090    1.712  
  AR[1].AC[2].ACC_add_31_50_retime_s3_239_reg/D             -      D       F     DFFRPQA_X1M_A9PP140ZTUL_C35        1  0.038   0.000    1.712  
#--------------------------------------------------------------------------------------------------------------------------------------------
Path 93: MET (0.113 ns) Setup Check with Pin AR[1].AC[2].ACC_add_31_50_retime_s3_117_reg/CK->D
               View: wc_analysis_view
              Group: reg2reg
         Startpoint: (R) retime_s1_6_reg/CK
              Clock: (R) CLK
           Endpoint: (F) AR[1].AC[2].ACC_add_31_50_retime_s3_117_reg/D
              Clock: (R) CLK

                       Capture       Launch
         Clock Edge:+    2.000        0.000
        Src Latency:+   -0.154       -0.154
        Net Latency:+    0.159 (P)    0.157 (P)
            Arrival:=    2.005        0.003

              Setup:-    0.058
        Uncertainty:-    0.125
      Required Time:=    1.821
       Launch Clock:=    0.003
          Data Path:+    1.706
              Slack:=    0.113

#--------------------------------------------------------------------------------------------------------------------------------------------
# Timing Point                                              Flags  Arc     Edge  Cell                          Fanout  Trans   Delay  Arrival  
#                                                                                                                       (ns)    (ns)     (ns)  
#--------------------------------------------------------------------------------------------------------------------------------------------
  retime_s1_6_reg/CK                                        -      CK      R     (arrival)                         20  0.042       -    0.003  
  retime_s1_6_reg/QN                                        -      CK->QN  R     DFFRPQNA_X1M_A9PP140ZTUL_C35       2  0.042   0.050    0.053  
  cts_opt_inst_FE_OFC246_n_2948/Y                           -      A->Y    F     INV_X2M_A9PP140ZTUL_C35           58  0.039   0.122    0.175  
  g32665__2346/Y                                            -      B->Y    F     AND2_X0P5B_A9PP140ZTUL_C35         2  0.213   0.085    0.260  
  g39405__2802/Y                                            -      A0->Y   R     AOI22_X2M_A9PP140ZTUL_C35          1  0.039   0.049    0.309  
  g39401__1617/Y                                            -      B->Y    R     AND4_X0P5M_A9PP140ZTUL_C35         1  0.074   0.039    0.349  
  g39400__3680/Y                                            -      A->Y    F     NAND3_X1A_A9PP140ZTUL_C35          1  0.023   0.023    0.372  
  place_opt_inst_FE_OFC176_AR_3__AC_7__ACC_add_31_50_n_0/Y  -      A->Y    R     INV_X2M_A9PP140ZTUL_C35           49  0.041   0.140    0.512  
  place_opt_inst_FE_OFC159_AR_3__AC_7__ACC_add_31_50_n_0/Y  -      A->Y    F     INV_X3M_A9PP140ZTUL_C35            6  0.263   0.055    0.567  
  place_opt_inst_FE_OFC174_AR_3__AC_7__ACC_add_31_50_n_0/Y  -      A->Y    R     INV_X3M_A9PP140ZTUL_C35           63  0.100   0.123    0.690  
  g39398__6783/Y                                            -      A->Y    R     AND2_X1M_A9PP140ZTUL_C35          75  0.169   0.351    1.040  
  place_opt_inst_FE_OFC121_AR_0__AC_3__ACC_n_156/Y          -      A->Y    F     INV_X1M_A9PP140ZTUL_C35           51  0.622   0.287    1.327  
  place_opt_inst_FE_OFC228_AR_0__AC_3__ACC_n_156/Y          -      A->Y    F     BUF_X1M_A9PP140ZTUL_C35           70  0.398   0.291    1.618  
  AR[1].AC[2].ACC_add_31_50_g1105/Y                         -      A0->Y   F     AO22_X0P5M_A9PP140ZTUL_C35         1  0.390   0.091    1.709  
  AR[1].AC[2].ACC_add_31_50_retime_s3_117_reg/D             -      D       F     DFFRPQA_X1M_A9PP140ZTUL_C35        1  0.039   0.000    1.709  
#--------------------------------------------------------------------------------------------------------------------------------------------
Path 94: MET (0.114 ns) Setup Check with Pin AR[1].AC[2].ACC_add_31_50_retime_s3_191_reg/CK->D
               View: wc_analysis_view
              Group: reg2reg
         Startpoint: (R) retime_s1_6_reg/CK
              Clock: (R) CLK
           Endpoint: (F) AR[1].AC[2].ACC_add_31_50_retime_s3_191_reg/D
              Clock: (R) CLK

                       Capture       Launch
         Clock Edge:+    2.000        0.000
        Src Latency:+   -0.154       -0.154
        Net Latency:+    0.159 (P)    0.157 (P)
            Arrival:=    2.005        0.003

              Setup:-    0.058
        Uncertainty:-    0.125
      Required Time:=    1.822
       Launch Clock:=    0.003
          Data Path:+    1.704
              Slack:=    0.114

#--------------------------------------------------------------------------------------------------------------------------------------------
# Timing Point                                              Flags  Arc     Edge  Cell                          Fanout  Trans   Delay  Arrival  
#                                                                                                                       (ns)    (ns)     (ns)  
#--------------------------------------------------------------------------------------------------------------------------------------------
  retime_s1_6_reg/CK                                        -      CK      R     (arrival)                         20  0.042       -    0.003  
  retime_s1_6_reg/QN                                        -      CK->QN  R     DFFRPQNA_X1M_A9PP140ZTUL_C35       2  0.042   0.050    0.053  
  cts_opt_inst_FE_OFC246_n_2948/Y                           -      A->Y    F     INV_X2M_A9PP140ZTUL_C35           58  0.039   0.122    0.175  
  g32665__2346/Y                                            -      B->Y    F     AND2_X0P5B_A9PP140ZTUL_C35         2  0.213   0.085    0.260  
  g39405__2802/Y                                            -      A0->Y   R     AOI22_X2M_A9PP140ZTUL_C35          1  0.039   0.049    0.309  
  g39401__1617/Y                                            -      B->Y    R     AND4_X0P5M_A9PP140ZTUL_C35         1  0.074   0.039    0.349  
  g39400__3680/Y                                            -      A->Y    F     NAND3_X1A_A9PP140ZTUL_C35          1  0.023   0.023    0.372  
  place_opt_inst_FE_OFC176_AR_3__AC_7__ACC_add_31_50_n_0/Y  -      A->Y    R     INV_X2M_A9PP140ZTUL_C35           49  0.041   0.140    0.512  
  place_opt_inst_FE_OFC159_AR_3__AC_7__ACC_add_31_50_n_0/Y  -      A->Y    F     INV_X3M_A9PP140ZTUL_C35            6  0.263   0.055    0.567  
  place_opt_inst_FE_OFC174_AR_3__AC_7__ACC_add_31_50_n_0/Y  -      A->Y    R     INV_X3M_A9PP140ZTUL_C35           63  0.100   0.123    0.690  
  g39398__6783/Y                                            -      A->Y    R     AND2_X1M_A9PP140ZTUL_C35          75  0.169   0.351    1.040  
  place_opt_inst_FE_OFC121_AR_0__AC_3__ACC_n_156/Y          -      A->Y    F     INV_X1M_A9PP140ZTUL_C35           51  0.622   0.287    1.327  
  place_opt_inst_FE_OFC228_AR_0__AC_3__ACC_n_156/Y          -      A->Y    F     BUF_X1M_A9PP140ZTUL_C35           70  0.398   0.291    1.618  
  AR[1].AC[2].ACC_add_31_50_g1106/Y                         -      A0->Y   F     AO22_X0P5M_A9PP140ZTUL_C35         1  0.390   0.090    1.708  
  AR[1].AC[2].ACC_add_31_50_retime_s3_191_reg/D             -      D       F     DFFRPQA_X1M_A9PP140ZTUL_C35        1  0.038   0.000    1.708  
#--------------------------------------------------------------------------------------------------------------------------------------------
Path 95: MET (0.115 ns) Setup Check with Pin AR[1].AC[2].ACC_add_31_50_retime_s3_132_reg/CK->D
               View: wc_analysis_view
              Group: reg2reg
         Startpoint: (R) retime_s1_6_reg/CK
              Clock: (R) CLK
           Endpoint: (F) AR[1].AC[2].ACC_add_31_50_retime_s3_132_reg/D
              Clock: (R) CLK

                       Capture       Launch
         Clock Edge:+    2.000        0.000
        Src Latency:+   -0.154       -0.154
        Net Latency:+    0.156 (P)    0.157 (P)
            Arrival:=    2.003        0.003

              Setup:-    0.059
        Uncertainty:-    0.125
      Required Time:=    1.818
       Launch Clock:=    0.003
          Data Path:+    1.700
              Slack:=    0.115

#--------------------------------------------------------------------------------------------------------------------------------------------
# Timing Point                                              Flags  Arc     Edge  Cell                          Fanout  Trans   Delay  Arrival  
#                                                                                                                       (ns)    (ns)     (ns)  
#--------------------------------------------------------------------------------------------------------------------------------------------
  retime_s1_6_reg/CK                                        -      CK      R     (arrival)                         20  0.042       -    0.003  
  retime_s1_6_reg/QN                                        -      CK->QN  R     DFFRPQNA_X1M_A9PP140ZTUL_C35       2  0.042   0.050    0.053  
  cts_opt_inst_FE_OFC246_n_2948/Y                           -      A->Y    F     INV_X2M_A9PP140ZTUL_C35           58  0.039   0.122    0.175  
  g32665__2346/Y                                            -      B->Y    F     AND2_X0P5B_A9PP140ZTUL_C35         2  0.213   0.085    0.260  
  g39405__2802/Y                                            -      A0->Y   R     AOI22_X2M_A9PP140ZTUL_C35          1  0.039   0.049    0.309  
  g39401__1617/Y                                            -      B->Y    R     AND4_X0P5M_A9PP140ZTUL_C35         1  0.074   0.039    0.349  
  g39400__3680/Y                                            -      A->Y    F     NAND3_X1A_A9PP140ZTUL_C35          1  0.023   0.023    0.372  
  place_opt_inst_FE_OFC176_AR_3__AC_7__ACC_add_31_50_n_0/Y  -      A->Y    R     INV_X2M_A9PP140ZTUL_C35           49  0.041   0.140    0.512  
  place_opt_inst_FE_OFC159_AR_3__AC_7__ACC_add_31_50_n_0/Y  -      A->Y    F     INV_X3M_A9PP140ZTUL_C35            6  0.263   0.055    0.567  
  place_opt_inst_FE_OFC174_AR_3__AC_7__ACC_add_31_50_n_0/Y  -      A->Y    R     INV_X3M_A9PP140ZTUL_C35           63  0.100   0.123    0.690  
  g39398__6783/Y                                            -      A->Y    R     AND2_X1M_A9PP140ZTUL_C35          75  0.169   0.351    1.040  
  place_opt_inst_FE_OFC121_AR_0__AC_3__ACC_n_156/Y          -      A->Y    F     INV_X1M_A9PP140ZTUL_C35           51  0.622   0.287    1.327  
  place_opt_inst_FE_OFC228_AR_0__AC_3__ACC_n_156/Y          -      A->Y    F     BUF_X1M_A9PP140ZTUL_C35           70  0.398   0.278    1.605  
  AR[1].AC[2].ACC_add_31_50_g1111/Y                         -      A0->Y   F     AO22_X0P5M_A9PP140ZTUL_C35         1  0.387   0.098    1.703  
  AR[1].AC[2].ACC_add_31_50_retime_s3_132_reg/D             -      D       F     DFFRPQA_X1M_A9PP140ZTUL_C35        1  0.046   0.000    1.703  
#--------------------------------------------------------------------------------------------------------------------------------------------
Path 96: MET (0.115 ns) Setup Check with Pin AR[1].AC[2].ACC_add_31_50_retime_s3_114_reg/CK->D
               View: wc_analysis_view
              Group: reg2reg
         Startpoint: (R) retime_s1_6_reg/CK
              Clock: (R) CLK
           Endpoint: (F) AR[1].AC[2].ACC_add_31_50_retime_s3_114_reg/D
              Clock: (R) CLK

                       Capture       Launch
         Clock Edge:+    2.000        0.000
        Src Latency:+   -0.154       -0.154
        Net Latency:+    0.159 (P)    0.157 (P)
            Arrival:=    2.005        0.003

              Setup:-    0.058
        Uncertainty:-    0.125
      Required Time:=    1.822
       Launch Clock:=    0.003
          Data Path:+    1.704
              Slack:=    0.115

#--------------------------------------------------------------------------------------------------------------------------------------------
# Timing Point                                              Flags  Arc     Edge  Cell                          Fanout  Trans   Delay  Arrival  
#                                                                                                                       (ns)    (ns)     (ns)  
#--------------------------------------------------------------------------------------------------------------------------------------------
  retime_s1_6_reg/CK                                        -      CK      R     (arrival)                         20  0.042       -    0.003  
  retime_s1_6_reg/QN                                        -      CK->QN  R     DFFRPQNA_X1M_A9PP140ZTUL_C35       2  0.042   0.050    0.053  
  cts_opt_inst_FE_OFC246_n_2948/Y                           -      A->Y    F     INV_X2M_A9PP140ZTUL_C35           58  0.039   0.122    0.175  
  g32665__2346/Y                                            -      B->Y    F     AND2_X0P5B_A9PP140ZTUL_C35         2  0.213   0.085    0.260  
  g39405__2802/Y                                            -      A0->Y   R     AOI22_X2M_A9PP140ZTUL_C35          1  0.039   0.049    0.309  
  g39401__1617/Y                                            -      B->Y    R     AND4_X0P5M_A9PP140ZTUL_C35         1  0.074   0.039    0.349  
  g39400__3680/Y                                            -      A->Y    F     NAND3_X1A_A9PP140ZTUL_C35          1  0.023   0.023    0.372  
  place_opt_inst_FE_OFC176_AR_3__AC_7__ACC_add_31_50_n_0/Y  -      A->Y    R     INV_X2M_A9PP140ZTUL_C35           49  0.041   0.140    0.512  
  place_opt_inst_FE_OFC159_AR_3__AC_7__ACC_add_31_50_n_0/Y  -      A->Y    F     INV_X3M_A9PP140ZTUL_C35            6  0.263   0.055    0.567  
  place_opt_inst_FE_OFC174_AR_3__AC_7__ACC_add_31_50_n_0/Y  -      A->Y    R     INV_X3M_A9PP140ZTUL_C35           63  0.100   0.123    0.690  
  g39398__6783/Y                                            -      A->Y    R     AND2_X1M_A9PP140ZTUL_C35          75  0.169   0.351    1.040  
  place_opt_inst_FE_OFC121_AR_0__AC_3__ACC_n_156/Y          -      A->Y    F     INV_X1M_A9PP140ZTUL_C35           51  0.622   0.287    1.327  
  place_opt_inst_FE_OFC228_AR_0__AC_3__ACC_n_156/Y          -      A->Y    F     BUF_X1M_A9PP140ZTUL_C35           70  0.398   0.291    1.618  
  AR[1].AC[2].ACC_add_31_50_g1100/Y                         -      A0->Y   F     AO22_X0P5M_A9PP140ZTUL_C35         1  0.390   0.089    1.707  
  AR[1].AC[2].ACC_add_31_50_retime_s3_114_reg/D             -      D       F     DFFRPQA_X1M_A9PP140ZTUL_C35        1  0.037   0.000    1.707  
#--------------------------------------------------------------------------------------------------------------------------------------------
Path 97: MET (0.118 ns) Setup Check with Pin AR[1].AC[2].ACC_add_31_50_retime_s3_8_reg/CK->D
               View: wc_analysis_view
              Group: reg2reg
         Startpoint: (R) retime_s1_6_reg/CK
              Clock: (R) CLK
           Endpoint: (F) AR[1].AC[2].ACC_add_31_50_retime_s3_8_reg/D
              Clock: (R) CLK

                       Capture       Launch
         Clock Edge:+    2.000        0.000
        Src Latency:+   -0.154       -0.154
        Net Latency:+    0.159 (P)    0.157 (P)
            Arrival:=    2.005        0.003

              Setup:-    0.058
        Uncertainty:-    0.125
      Required Time:=    1.821
       Launch Clock:=    0.003
          Data Path:+    1.700
              Slack:=    0.118

#--------------------------------------------------------------------------------------------------------------------------------------------
# Timing Point                                              Flags  Arc     Edge  Cell                          Fanout  Trans   Delay  Arrival  
#                                                                                                                       (ns)    (ns)     (ns)  
#--------------------------------------------------------------------------------------------------------------------------------------------
  retime_s1_6_reg/CK                                        -      CK      R     (arrival)                         20  0.042       -    0.003  
  retime_s1_6_reg/QN                                        -      CK->QN  R     DFFRPQNA_X1M_A9PP140ZTUL_C35       2  0.042   0.050    0.053  
  cts_opt_inst_FE_OFC246_n_2948/Y                           -      A->Y    F     INV_X2M_A9PP140ZTUL_C35           58  0.039   0.122    0.175  
  g32665__2346/Y                                            -      B->Y    F     AND2_X0P5B_A9PP140ZTUL_C35         2  0.213   0.085    0.260  
  g39405__2802/Y                                            -      A0->Y   R     AOI22_X2M_A9PP140ZTUL_C35          1  0.039   0.049    0.309  
  g39401__1617/Y                                            -      B->Y    R     AND4_X0P5M_A9PP140ZTUL_C35         1  0.074   0.039    0.349  
  g39400__3680/Y                                            -      A->Y    F     NAND3_X1A_A9PP140ZTUL_C35          1  0.023   0.023    0.372  
  place_opt_inst_FE_OFC176_AR_3__AC_7__ACC_add_31_50_n_0/Y  -      A->Y    R     INV_X2M_A9PP140ZTUL_C35           49  0.041   0.140    0.512  
  place_opt_inst_FE_OFC159_AR_3__AC_7__ACC_add_31_50_n_0/Y  -      A->Y    F     INV_X3M_A9PP140ZTUL_C35            6  0.263   0.055    0.567  
  place_opt_inst_FE_OFC174_AR_3__AC_7__ACC_add_31_50_n_0/Y  -      A->Y    R     INV_X3M_A9PP140ZTUL_C35           63  0.100   0.123    0.690  
  g39398__6783/Y                                            -      A->Y    R     AND2_X1M_A9PP140ZTUL_C35          75  0.169   0.351    1.040  
  place_opt_inst_FE_OFC121_AR_0__AC_3__ACC_n_156/Y          -      A->Y    F     INV_X1M_A9PP140ZTUL_C35           51  0.622   0.287    1.327  
  place_opt_inst_FE_OFC228_AR_0__AC_3__ACC_n_156/Y          -      A->Y    F     BUF_X1M_A9PP140ZTUL_C35           70  0.398   0.286    1.613  
  AR[1].AC[2].ACC_add_31_50_g1107/Y                         -      A0->Y   F     AO22_X0P5M_A9PP140ZTUL_C35         1  0.389   0.091    1.704  
  AR[1].AC[2].ACC_add_31_50_retime_s3_8_reg/D               -      D       F     DFFRPQA_X1M_A9PP140ZTUL_C35        1  0.039   0.000    1.704  
#--------------------------------------------------------------------------------------------------------------------------------------------
Path 98: MET (0.120 ns) Setup Check with Pin AR[1].AC[2].ACC_add_31_50_retime_s3_7_reg/CK->D
               View: wc_analysis_view
              Group: reg2reg
         Startpoint: (R) retime_s1_6_reg/CK
              Clock: (R) CLK
           Endpoint: (F) AR[1].AC[2].ACC_add_31_50_retime_s3_7_reg/D
              Clock: (R) CLK

                       Capture       Launch
         Clock Edge:+    2.000        0.000
        Src Latency:+   -0.154       -0.154
        Net Latency:+    0.155 (P)    0.157 (P)
            Arrival:=    2.001        0.003

              Setup:-    0.058
        Uncertainty:-    0.125
      Required Time:=    1.819
       Launch Clock:=    0.003
          Data Path:+    1.696
              Slack:=    0.120

#--------------------------------------------------------------------------------------------------------------------------------------------
# Timing Point                                              Flags  Arc     Edge  Cell                          Fanout  Trans   Delay  Arrival  
#                                                                                                                       (ns)    (ns)     (ns)  
#--------------------------------------------------------------------------------------------------------------------------------------------
  retime_s1_6_reg/CK                                        -      CK      R     (arrival)                         20  0.042       -    0.003  
  retime_s1_6_reg/QN                                        -      CK->QN  R     DFFRPQNA_X1M_A9PP140ZTUL_C35       2  0.042   0.050    0.053  
  cts_opt_inst_FE_OFC246_n_2948/Y                           -      A->Y    F     INV_X2M_A9PP140ZTUL_C35           58  0.039   0.122    0.175  
  g32665__2346/Y                                            -      B->Y    F     AND2_X0P5B_A9PP140ZTUL_C35         2  0.213   0.085    0.260  
  g39405__2802/Y                                            -      A0->Y   R     AOI22_X2M_A9PP140ZTUL_C35          1  0.039   0.049    0.309  
  g39401__1617/Y                                            -      B->Y    R     AND4_X0P5M_A9PP140ZTUL_C35         1  0.074   0.039    0.349  
  g39400__3680/Y                                            -      A->Y    F     NAND3_X1A_A9PP140ZTUL_C35          1  0.023   0.023    0.372  
  place_opt_inst_FE_OFC176_AR_3__AC_7__ACC_add_31_50_n_0/Y  -      A->Y    R     INV_X2M_A9PP140ZTUL_C35           49  0.041   0.140    0.512  
  place_opt_inst_FE_OFC159_AR_3__AC_7__ACC_add_31_50_n_0/Y  -      A->Y    F     INV_X3M_A9PP140ZTUL_C35            6  0.263   0.055    0.567  
  place_opt_inst_FE_OFC174_AR_3__AC_7__ACC_add_31_50_n_0/Y  -      A->Y    R     INV_X3M_A9PP140ZTUL_C35           63  0.100   0.123    0.690  
  g39398__6783/Y                                            -      A->Y    R     AND2_X1M_A9PP140ZTUL_C35          75  0.169   0.351    1.040  
  place_opt_inst_FE_OFC121_AR_0__AC_3__ACC_n_156/Y          -      A->Y    F     INV_X1M_A9PP140ZTUL_C35           51  0.622   0.287    1.327  
  place_opt_inst_FE_OFC228_AR_0__AC_3__ACC_n_156/Y          -      A->Y    F     BUF_X1M_A9PP140ZTUL_C35           70  0.398   0.283    1.610  
  AR[1].AC[2].ACC_add_31_50_g1109/Y                         -      A0->Y   F     AO22_X0P5M_A9PP140ZTUL_C35         1  0.388   0.089    1.699  
  AR[1].AC[2].ACC_add_31_50_retime_s3_7_reg/D               -      D       F     DFFRPQA_X1M_A9PP140ZTUL_C35        1  0.038   0.000    1.699  
#--------------------------------------------------------------------------------------------------------------------------------------------
Path 99: MET (0.121 ns) Setup Check with Pin retime_s6_75_reg/CK->D
               View: wc_analysis_view
              Group: reg2reg
         Startpoint: (R) retime_s1_6_reg/CK
              Clock: (R) CLK
           Endpoint: (F) retime_s6_75_reg/D
              Clock: (R) CLK

                       Capture       Launch
         Clock Edge:+    2.000        0.000
        Src Latency:+   -0.154       -0.154
        Net Latency:+    0.157 (P)    0.157 (P)
            Arrival:=    2.003        0.003

              Setup:-    0.057
        Uncertainty:-    0.125
      Required Time:=    1.821
       Launch Clock:=    0.003
          Data Path:+    1.697
              Slack:=    0.121

#--------------------------------------------------------------------------------------------------------------------------------------------
# Timing Point                                              Flags  Arc     Edge  Cell                          Fanout  Trans   Delay  Arrival  
#                                                                                                                       (ns)    (ns)     (ns)  
#--------------------------------------------------------------------------------------------------------------------------------------------
  retime_s1_6_reg/CK                                        -      CK      R     (arrival)                         20  0.042       -    0.003  
  retime_s1_6_reg/QN                                        -      CK->QN  R     DFFRPQNA_X1M_A9PP140ZTUL_C35       2  0.042   0.050    0.053  
  cts_opt_inst_FE_OFC246_n_2948/Y                           -      A->Y    F     INV_X2M_A9PP140ZTUL_C35           58  0.039   0.122    0.175  
  g32665__2346/Y                                            -      B->Y    F     AND2_X0P5B_A9PP140ZTUL_C35         2  0.213   0.085    0.260  
  g39405__2802/Y                                            -      A0->Y   R     AOI22_X2M_A9PP140ZTUL_C35          1  0.039   0.049    0.309  
  g39401__1617/Y                                            -      B->Y    R     AND4_X0P5M_A9PP140ZTUL_C35         1  0.074   0.039    0.349  
  g39400__3680/Y                                            -      A->Y    F     NAND3_X1A_A9PP140ZTUL_C35          1  0.023   0.023    0.372  
  place_opt_inst_FE_OFC176_AR_3__AC_7__ACC_add_31_50_n_0/Y  -      A->Y    R     INV_X2M_A9PP140ZTUL_C35           49  0.041   0.151    0.523  
  place_opt_inst_FE_OFC164_AR_3__AC_7__ACC_add_31_50_n_0/Y  -      A->Y    F     INV_X2M_A9PP140ZTUL_C35           34  0.264   0.127    0.650  
  place_opt_inst_FE_OFC128_AR_3__AC_7__ACC_add_31_50_n_0/Y  -      A->Y    R     INV_X2M_A9PP140ZTUL_C35           73  0.173   0.212    0.862  
  g44743/Y                                                  -      A->Y    R     AND2_X1M_A9PP140ZTUL_C35          65  0.295   0.238    1.100  
  cts_opt_inst_FE_OFC244_n_243/Y                            -      A->Y    F     INV_X1M_A9PP140ZTUL_C35           64  0.506   0.365    1.464  
  g42490/Y                                                  -      B0->Y   F     AO22_X0P5M_A9PP140ZTUL_C35         1  0.479   0.114    1.578  
  cts_opt_inst_FE_PHC1612_n_1690/Y                          -      A->Y    F     DLY4_X0P5M_A9PP140ZTUL_C35         1  0.051   0.122    1.700  
  retime_s6_75_reg/D                                        -      D       F     DFFRPQA_X1M_A9PP140ZTUL_C35        1  0.034   0.000    1.700  
#--------------------------------------------------------------------------------------------------------------------------------------------
Path 100: MET (0.123 ns) Setup Check with Pin retime_s6_100_reg/CK->D
               View: wc_analysis_view
              Group: reg2reg
         Startpoint: (R) retime_s1_6_reg/CK
              Clock: (R) CLK
           Endpoint: (F) retime_s6_100_reg/D
              Clock: (R) CLK

                       Capture       Launch
         Clock Edge:+    2.000        0.000
        Src Latency:+   -0.154       -0.154
        Net Latency:+    0.157 (P)    0.157 (P)
            Arrival:=    2.003        0.003

              Setup:-    0.056
        Uncertainty:-    0.125
      Required Time:=    1.822
       Launch Clock:=    0.003
          Data Path:+    1.696
              Slack:=    0.123

#--------------------------------------------------------------------------------------------------------------------------------------------
# Timing Point                                              Flags  Arc     Edge  Cell                          Fanout  Trans   Delay  Arrival  
#                                                                                                                       (ns)    (ns)     (ns)  
#--------------------------------------------------------------------------------------------------------------------------------------------
  retime_s1_6_reg/CK                                        -      CK      R     (arrival)                         20  0.042       -    0.003  
  retime_s1_6_reg/QN                                        -      CK->QN  R     DFFRPQNA_X1M_A9PP140ZTUL_C35       2  0.042   0.050    0.053  
  cts_opt_inst_FE_OFC246_n_2948/Y                           -      A->Y    F     INV_X2M_A9PP140ZTUL_C35           58  0.039   0.122    0.175  
  g32665__2346/Y                                            -      B->Y    F     AND2_X0P5B_A9PP140ZTUL_C35         2  0.213   0.085    0.260  
  g39405__2802/Y                                            -      A0->Y   R     AOI22_X2M_A9PP140ZTUL_C35          1  0.039   0.049    0.309  
  g39401__1617/Y                                            -      B->Y    R     AND4_X0P5M_A9PP140ZTUL_C35         1  0.074   0.039    0.349  
  g39400__3680/Y                                            -      A->Y    F     NAND3_X1A_A9PP140ZTUL_C35          1  0.023   0.023    0.372  
  place_opt_inst_FE_OFC176_AR_3__AC_7__ACC_add_31_50_n_0/Y  -      A->Y    R     INV_X2M_A9PP140ZTUL_C35           49  0.041   0.151    0.523  
  place_opt_inst_FE_OFC164_AR_3__AC_7__ACC_add_31_50_n_0/Y  -      A->Y    F     INV_X2M_A9PP140ZTUL_C35           34  0.264   0.127    0.650  
  place_opt_inst_FE_OFC128_AR_3__AC_7__ACC_add_31_50_n_0/Y  -      A->Y    R     INV_X2M_A9PP140ZTUL_C35           73  0.173   0.212    0.862  
  g44743/Y                                                  -      A->Y    R     AND2_X1M_A9PP140ZTUL_C35          65  0.295   0.238    1.100  
  cts_opt_inst_FE_OFC244_n_243/Y                            -      A->Y    F     INV_X1M_A9PP140ZTUL_C35           64  0.506   0.365    1.464  
  g42616/Y                                                  -      B0->Y   F     AO22_X0P5M_A9PP140ZTUL_C35         1  0.479   0.115    1.579  
  cts_opt_inst_FE_PHC1585_n_1564/Y                          -      A->Y    F     DLY4_X0P5M_A9PP140ZTUL_C35         1  0.052   0.120    1.699  
  retime_s6_100_reg/D                                       -      D       F     DFFRPQA_X1M_A9PP140ZTUL_C35        1  0.031   0.000    1.699  
#--------------------------------------------------------------------------------------------------------------------------------------------

