============================================================
  Generated by:           Genus(TM) Synthesis Solution 23.13-s073_1
  Generated on:           Jun 24 2025  07:06:37 am
  Module:                 axis_sa
  Operating conditions:   ssg_cworstt_max_0p72v_125c 
  Interconnect mode:      global
  Area mode:              physical library
============================================================


Path 1: MET (16 ps) Setup Check with Pin ro_reg[3][4][15]/CK->D
           View: wc_analysis_view
          Group: in2reg
     Startpoint: (F) m_ready
          Clock: (R) CLK
       Endpoint: (F) ro_reg[3][4][15]/D
          Clock: (R) CLK

                     Capture       Launch     
        Clock Edge:+    2000            0     
        Drv Adjust:+       0           13     
       Src Latency:+       0            0     
       Net Latency:+       0 (I)        0 (I) 
           Arrival:=    2000           13     
                                              
             Setup:-      99                  
       Uncertainty:-     125                  
     Required Time:=    1776                  
      Launch Clock:-      13                  
       Input Delay:-     500                  
         Data Path:-    1247                  
             Slack:=      16                  

Exceptions/Constraints:
  input_delay             500             axis_sa.sdc_line_16_3_1 

#------------------------------------------------------------------------------------------------
#   Timing Point     Flags   Arc   Edge             Cell              Fanout Trans Delay Arrival 
#                                                                             (ps)  (ps)   (ps)  
#------------------------------------------------------------------------------------------------
  m_ready            -       -     F     (arrival)                         2    30     0     513 
  g39627__3680/Y     -       A->Y  R     NAND2_X0P5A_A9PP140ZTUL_C35      11   200   110     624 
  g44719/Y           -       A->Y  F     NAND2_X0P5A_A9PP140ZTUL_C35      49   696   406    1029 
  g44701/Y           -       A->Y  R     INV_X0P6M_A9PP140ZTUL_C35        80   974   740    1769 
  g41589/Y           -       A0->Y F     OAI22_X0P5M_A9PP140ZTUL_C35       1   184    -9    1760 
  ro_reg[3][4][15]/D -       -     F     DFFRPQNA_X1M_A9PP140ZTUL_C35      1     -     0    1760 
#------------------------------------------------------------------------------------------------



Path 2: MET (16 ps) Setup Check with Pin ro_reg[3][4][14]/CK->D
           View: wc_analysis_view
          Group: in2reg
     Startpoint: (F) m_ready
          Clock: (R) CLK
       Endpoint: (F) ro_reg[3][4][14]/D
          Clock: (R) CLK

                     Capture       Launch     
        Clock Edge:+    2000            0     
        Drv Adjust:+       0           13     
       Src Latency:+       0            0     
       Net Latency:+       0 (I)        0 (I) 
           Arrival:=    2000           13     
                                              
             Setup:-      99                  
       Uncertainty:-     125                  
     Required Time:=    1776                  
      Launch Clock:-      13                  
       Input Delay:-     500                  
         Data Path:-    1247                  
             Slack:=      16                  

Exceptions/Constraints:
  input_delay             500             axis_sa.sdc_line_16_3_1 

#------------------------------------------------------------------------------------------------
#   Timing Point     Flags   Arc   Edge             Cell              Fanout Trans Delay Arrival 
#                                                                             (ps)  (ps)   (ps)  
#------------------------------------------------------------------------------------------------
  m_ready            -       -     F     (arrival)                         2    30     0     513 
  g39627__3680/Y     -       A->Y  R     NAND2_X0P5A_A9PP140ZTUL_C35      11   200   110     624 
  g44719/Y           -       A->Y  F     NAND2_X0P5A_A9PP140ZTUL_C35      49   696   406    1029 
  g44701/Y           -       A->Y  R     INV_X0P6M_A9PP140ZTUL_C35        80   974   740    1769 
  g41588/Y           -       A0->Y F     OAI22_X0P5M_A9PP140ZTUL_C35       1   184    -9    1760 
  ro_reg[3][4][14]/D -       -     F     DFFRPQNA_X1M_A9PP140ZTUL_C35      1     -     0    1760 
#------------------------------------------------------------------------------------------------



Path 3: MET (16 ps) Setup Check with Pin ro_reg[3][4][13]/CK->D
           View: wc_analysis_view
          Group: in2reg
     Startpoint: (F) m_ready
          Clock: (R) CLK
       Endpoint: (F) ro_reg[3][4][13]/D
          Clock: (R) CLK

                     Capture       Launch     
        Clock Edge:+    2000            0     
        Drv Adjust:+       0           13     
       Src Latency:+       0            0     
       Net Latency:+       0 (I)        0 (I) 
           Arrival:=    2000           13     
                                              
             Setup:-      99                  
       Uncertainty:-     125                  
     Required Time:=    1776                  
      Launch Clock:-      13                  
       Input Delay:-     500                  
         Data Path:-    1247                  
             Slack:=      16                  

Exceptions/Constraints:
  input_delay             500             axis_sa.sdc_line_16_3_1 

#------------------------------------------------------------------------------------------------
#   Timing Point     Flags   Arc   Edge             Cell              Fanout Trans Delay Arrival 
#                                                                             (ps)  (ps)   (ps)  
#------------------------------------------------------------------------------------------------
  m_ready            -       -     F     (arrival)                         2    30     0     513 
  g39627__3680/Y     -       A->Y  R     NAND2_X0P5A_A9PP140ZTUL_C35      11   200   110     624 
  g44719/Y           -       A->Y  F     NAND2_X0P5A_A9PP140ZTUL_C35      49   696   406    1029 
  g44701/Y           -       A->Y  R     INV_X0P6M_A9PP140ZTUL_C35        80   974   740    1769 
  g41587/Y           -       A0->Y F     OAI22_X0P5M_A9PP140ZTUL_C35       1   184    -9    1760 
  ro_reg[3][4][13]/D -       -     F     DFFRPQNA_X1M_A9PP140ZTUL_C35      1     -     0    1760 
#------------------------------------------------------------------------------------------------



Path 4: MET (16 ps) Setup Check with Pin ro_reg[3][4][12]/CK->D
           View: wc_analysis_view
          Group: in2reg
     Startpoint: (F) m_ready
          Clock: (R) CLK
       Endpoint: (F) ro_reg[3][4][12]/D
          Clock: (R) CLK

                     Capture       Launch     
        Clock Edge:+    2000            0     
        Drv Adjust:+       0           13     
       Src Latency:+       0            0     
       Net Latency:+       0 (I)        0 (I) 
           Arrival:=    2000           13     
                                              
             Setup:-      99                  
       Uncertainty:-     125                  
     Required Time:=    1776                  
      Launch Clock:-      13                  
       Input Delay:-     500                  
         Data Path:-    1247                  
             Slack:=      16                  

Exceptions/Constraints:
  input_delay             500             axis_sa.sdc_line_16_3_1 

#------------------------------------------------------------------------------------------------
#   Timing Point     Flags   Arc   Edge             Cell              Fanout Trans Delay Arrival 
#                                                                             (ps)  (ps)   (ps)  
#------------------------------------------------------------------------------------------------
  m_ready            -       -     F     (arrival)                         2    30     0     513 
  g39627__3680/Y     -       A->Y  R     NAND2_X0P5A_A9PP140ZTUL_C35      11   200   110     624 
  g44719/Y           -       A->Y  F     NAND2_X0P5A_A9PP140ZTUL_C35      49   696   406    1029 
  g44701/Y           -       A->Y  R     INV_X0P6M_A9PP140ZTUL_C35        80   974   740    1769 
  g41586/Y           -       A0->Y F     OAI22_X0P5M_A9PP140ZTUL_C35       1   184    -9    1760 
  ro_reg[3][4][12]/D -       -     F     DFFRPQNA_X1M_A9PP140ZTUL_C35      1     -     0    1760 
#------------------------------------------------------------------------------------------------



Path 5: MET (16 ps) Setup Check with Pin ro_reg[3][4][11]/CK->D
           View: wc_analysis_view
          Group: in2reg
     Startpoint: (F) m_ready
          Clock: (R) CLK
       Endpoint: (F) ro_reg[3][4][11]/D
          Clock: (R) CLK

                     Capture       Launch     
        Clock Edge:+    2000            0     
        Drv Adjust:+       0           13     
       Src Latency:+       0            0     
       Net Latency:+       0 (I)        0 (I) 
           Arrival:=    2000           13     
                                              
             Setup:-      99                  
       Uncertainty:-     125                  
     Required Time:=    1776                  
      Launch Clock:-      13                  
       Input Delay:-     500                  
         Data Path:-    1247                  
             Slack:=      16                  

Exceptions/Constraints:
  input_delay             500             axis_sa.sdc_line_16_3_1 

#------------------------------------------------------------------------------------------------
#   Timing Point     Flags   Arc   Edge             Cell              Fanout Trans Delay Arrival 
#                                                                             (ps)  (ps)   (ps)  
#------------------------------------------------------------------------------------------------
  m_ready            -       -     F     (arrival)                         2    30     0     513 
  g39627__3680/Y     -       A->Y  R     NAND2_X0P5A_A9PP140ZTUL_C35      11   200   110     624 
  g44719/Y           -       A->Y  F     NAND2_X0P5A_A9PP140ZTUL_C35      49   696   406    1029 
  g44701/Y           -       A->Y  R     INV_X0P6M_A9PP140ZTUL_C35        80   974   740    1769 
  g41585/Y           -       A0->Y F     OAI22_X0P5M_A9PP140ZTUL_C35       1   184    -9    1760 
  ro_reg[3][4][11]/D -       -     F     DFFRPQNA_X1M_A9PP140ZTUL_C35      1     -     0    1760 
#------------------------------------------------------------------------------------------------



Path 6: MET (16 ps) Setup Check with Pin ro_reg[3][4][10]/CK->D
           View: wc_analysis_view
          Group: in2reg
     Startpoint: (F) m_ready
          Clock: (R) CLK
       Endpoint: (F) ro_reg[3][4][10]/D
          Clock: (R) CLK

                     Capture       Launch     
        Clock Edge:+    2000            0     
        Drv Adjust:+       0           13     
       Src Latency:+       0            0     
       Net Latency:+       0 (I)        0 (I) 
           Arrival:=    2000           13     
                                              
             Setup:-      99                  
       Uncertainty:-     125                  
     Required Time:=    1776                  
      Launch Clock:-      13                  
       Input Delay:-     500                  
         Data Path:-    1247                  
             Slack:=      16                  

Exceptions/Constraints:
  input_delay             500             axis_sa.sdc_line_16_3_1 

#------------------------------------------------------------------------------------------------
#   Timing Point     Flags   Arc   Edge             Cell              Fanout Trans Delay Arrival 
#                                                                             (ps)  (ps)   (ps)  
#------------------------------------------------------------------------------------------------
  m_ready            -       -     F     (arrival)                         2    30     0     513 
  g39627__3680/Y     -       A->Y  R     NAND2_X0P5A_A9PP140ZTUL_C35      11   200   110     624 
  g44719/Y           -       A->Y  F     NAND2_X0P5A_A9PP140ZTUL_C35      49   696   406    1029 
  g44701/Y           -       A->Y  R     INV_X0P6M_A9PP140ZTUL_C35        80   974   740    1769 
  g41584/Y           -       A0->Y F     OAI22_X0P5M_A9PP140ZTUL_C35       1   184    -9    1760 
  ro_reg[3][4][10]/D -       -     F     DFFRPQNA_X1M_A9PP140ZTUL_C35      1     -     0    1760 
#------------------------------------------------------------------------------------------------



Path 7: MET (16 ps) Setup Check with Pin ro_reg[3][4][9]/CK->D
           View: wc_analysis_view
          Group: in2reg
     Startpoint: (F) m_ready
          Clock: (R) CLK
       Endpoint: (F) ro_reg[3][4][9]/D
          Clock: (R) CLK

                     Capture       Launch     
        Clock Edge:+    2000            0     
        Drv Adjust:+       0           13     
       Src Latency:+       0            0     
       Net Latency:+       0 (I)        0 (I) 
           Arrival:=    2000           13     
                                              
             Setup:-      99                  
       Uncertainty:-     125                  
     Required Time:=    1776                  
      Launch Clock:-      13                  
       Input Delay:-     500                  
         Data Path:-    1247                  
             Slack:=      16                  

Exceptions/Constraints:
  input_delay             500             axis_sa.sdc_line_16_3_1 

#-----------------------------------------------------------------------------------------------
#   Timing Point    Flags   Arc   Edge             Cell              Fanout Trans Delay Arrival 
#                                                                            (ps)  (ps)   (ps)  
#-----------------------------------------------------------------------------------------------
  m_ready           -       -     F     (arrival)                         2    30     0     513 
  g39627__3680/Y    -       A->Y  R     NAND2_X0P5A_A9PP140ZTUL_C35      11   200   110     624 
  g44719/Y          -       A->Y  F     NAND2_X0P5A_A9PP140ZTUL_C35      49   696   406    1029 
  g44701/Y          -       A->Y  R     INV_X0P6M_A9PP140ZTUL_C35        80   974   740    1769 
  g41583/Y          -       A0->Y F     OAI22_X0P5M_A9PP140ZTUL_C35       1   184    -9    1760 
  ro_reg[3][4][9]/D -       -     F     DFFRPQNA_X1M_A9PP140ZTUL_C35      1     -     0    1760 
#-----------------------------------------------------------------------------------------------



Path 8: MET (16 ps) Setup Check with Pin ro_reg[3][4][8]/CK->D
           View: wc_analysis_view
          Group: in2reg
     Startpoint: (F) m_ready
          Clock: (R) CLK
       Endpoint: (F) ro_reg[3][4][8]/D
          Clock: (R) CLK

                     Capture       Launch     
        Clock Edge:+    2000            0     
        Drv Adjust:+       0           13     
       Src Latency:+       0            0     
       Net Latency:+       0 (I)        0 (I) 
           Arrival:=    2000           13     
                                              
             Setup:-      99                  
       Uncertainty:-     125                  
     Required Time:=    1776                  
      Launch Clock:-      13                  
       Input Delay:-     500                  
         Data Path:-    1247                  
             Slack:=      16                  

Exceptions/Constraints:
  input_delay             500             axis_sa.sdc_line_16_3_1 

#-----------------------------------------------------------------------------------------------
#   Timing Point    Flags   Arc   Edge             Cell              Fanout Trans Delay Arrival 
#                                                                            (ps)  (ps)   (ps)  
#-----------------------------------------------------------------------------------------------
  m_ready           -       -     F     (arrival)                         2    30     0     513 
  g39627__3680/Y    -       A->Y  R     NAND2_X0P5A_A9PP140ZTUL_C35      11   200   110     624 
  g44719/Y          -       A->Y  F     NAND2_X0P5A_A9PP140ZTUL_C35      49   696   406    1029 
  g44701/Y          -       A->Y  R     INV_X0P6M_A9PP140ZTUL_C35        80   974   740    1769 
  g41582/Y          -       A0->Y F     OAI22_X0P5M_A9PP140ZTUL_C35       1   184    -9    1760 
  ro_reg[3][4][8]/D -       -     F     DFFRPQNA_X1M_A9PP140ZTUL_C35      1     -     0    1760 
#-----------------------------------------------------------------------------------------------



Path 9: MET (16 ps) Setup Check with Pin ro_reg[3][4][7]/CK->D
           View: wc_analysis_view
          Group: in2reg
     Startpoint: (F) m_ready
          Clock: (R) CLK
       Endpoint: (F) ro_reg[3][4][7]/D
          Clock: (R) CLK

                     Capture       Launch     
        Clock Edge:+    2000            0     
        Drv Adjust:+       0           13     
       Src Latency:+       0            0     
       Net Latency:+       0 (I)        0 (I) 
           Arrival:=    2000           13     
                                              
             Setup:-      99                  
       Uncertainty:-     125                  
     Required Time:=    1776                  
      Launch Clock:-      13                  
       Input Delay:-     500                  
         Data Path:-    1247                  
             Slack:=      16                  

Exceptions/Constraints:
  input_delay             500             axis_sa.sdc_line_16_3_1 

#-----------------------------------------------------------------------------------------------
#   Timing Point    Flags   Arc   Edge             Cell              Fanout Trans Delay Arrival 
#                                                                            (ps)  (ps)   (ps)  
#-----------------------------------------------------------------------------------------------
  m_ready           -       -     F     (arrival)                         2    30     0     513 
  g39627__3680/Y    -       A->Y  R     NAND2_X0P5A_A9PP140ZTUL_C35      11   200   110     624 
  g44719/Y          -       A->Y  F     NAND2_X0P5A_A9PP140ZTUL_C35      49   696   406    1029 
  g44701/Y          -       A->Y  R     INV_X0P6M_A9PP140ZTUL_C35        80   974   740    1769 
  g41581/Y          -       A0->Y F     OAI22_X0P5M_A9PP140ZTUL_C35       1   184    -9    1760 
  ro_reg[3][4][7]/D -       -     F     DFFRPQNA_X1M_A9PP140ZTUL_C35      1     -     0    1760 
#-----------------------------------------------------------------------------------------------



Path 10: MET (16 ps) Setup Check with Pin ro_reg[3][4][6]/CK->D
           View: wc_analysis_view
          Group: in2reg
     Startpoint: (F) m_ready
          Clock: (R) CLK
       Endpoint: (F) ro_reg[3][4][6]/D
          Clock: (R) CLK

                     Capture       Launch     
        Clock Edge:+    2000            0     
        Drv Adjust:+       0           13     
       Src Latency:+       0            0     
       Net Latency:+       0 (I)        0 (I) 
           Arrival:=    2000           13     
                                              
             Setup:-      99                  
       Uncertainty:-     125                  
     Required Time:=    1776                  
      Launch Clock:-      13                  
       Input Delay:-     500                  
         Data Path:-    1247                  
             Slack:=      16                  

Exceptions/Constraints:
  input_delay             500             axis_sa.sdc_line_16_3_1 

#-----------------------------------------------------------------------------------------------
#   Timing Point    Flags   Arc   Edge             Cell              Fanout Trans Delay Arrival 
#                                                                            (ps)  (ps)   (ps)  
#-----------------------------------------------------------------------------------------------
  m_ready           -       -     F     (arrival)                         2    30     0     513 
  g39627__3680/Y    -       A->Y  R     NAND2_X0P5A_A9PP140ZTUL_C35      11   200   110     624 
  g44719/Y          -       A->Y  F     NAND2_X0P5A_A9PP140ZTUL_C35      49   696   406    1029 
  g44701/Y          -       A->Y  R     INV_X0P6M_A9PP140ZTUL_C35        80   974   740    1769 
  g41579/Y          -       A0->Y F     OAI22_X0P5M_A9PP140ZTUL_C35       1   184    -9    1760 
  ro_reg[3][4][6]/D -       -     F     DFFRPQNA_X1M_A9PP140ZTUL_C35      1     -     0    1760 
#-----------------------------------------------------------------------------------------------



Path 11: MET (16 ps) Setup Check with Pin ro_reg[3][4][5]/CK->D
           View: wc_analysis_view
          Group: in2reg
     Startpoint: (F) m_ready
          Clock: (R) CLK
       Endpoint: (F) ro_reg[3][4][5]/D
          Clock: (R) CLK

                     Capture       Launch     
        Clock Edge:+    2000            0     
        Drv Adjust:+       0           13     
       Src Latency:+       0            0     
       Net Latency:+       0 (I)        0 (I) 
           Arrival:=    2000           13     
                                              
             Setup:-      99                  
       Uncertainty:-     125                  
     Required Time:=    1776                  
      Launch Clock:-      13                  
       Input Delay:-     500                  
         Data Path:-    1247                  
             Slack:=      16                  

Exceptions/Constraints:
  input_delay             500             axis_sa.sdc_line_16_3_1 

#-----------------------------------------------------------------------------------------------
#   Timing Point    Flags   Arc   Edge             Cell              Fanout Trans Delay Arrival 
#                                                                            (ps)  (ps)   (ps)  
#-----------------------------------------------------------------------------------------------
  m_ready           -       -     F     (arrival)                         2    30     0     513 
  g39627__3680/Y    -       A->Y  R     NAND2_X0P5A_A9PP140ZTUL_C35      11   200   110     624 
  g44719/Y          -       A->Y  F     NAND2_X0P5A_A9PP140ZTUL_C35      49   696   406    1029 
  g44701/Y          -       A->Y  R     INV_X0P6M_A9PP140ZTUL_C35        80   974   740    1769 
  g41580/Y          -       A0->Y F     OAI22_X0P5M_A9PP140ZTUL_C35       1   184    -9    1760 
  ro_reg[3][4][5]/D -       -     F     DFFRPQNA_X1M_A9PP140ZTUL_C35      1     -     0    1760 
#-----------------------------------------------------------------------------------------------



Path 12: MET (16 ps) Setup Check with Pin ro_reg[3][4][4]/CK->D
           View: wc_analysis_view
          Group: in2reg
     Startpoint: (F) m_ready
          Clock: (R) CLK
       Endpoint: (F) ro_reg[3][4][4]/D
          Clock: (R) CLK

                     Capture       Launch     
        Clock Edge:+    2000            0     
        Drv Adjust:+       0           13     
       Src Latency:+       0            0     
       Net Latency:+       0 (I)        0 (I) 
           Arrival:=    2000           13     
                                              
             Setup:-      99                  
       Uncertainty:-     125                  
     Required Time:=    1776                  
      Launch Clock:-      13                  
       Input Delay:-     500                  
         Data Path:-    1247                  
             Slack:=      16                  

Exceptions/Constraints:
  input_delay             500             axis_sa.sdc_line_16_3_1 

#-----------------------------------------------------------------------------------------------
#   Timing Point    Flags   Arc   Edge             Cell              Fanout Trans Delay Arrival 
#                                                                            (ps)  (ps)   (ps)  
#-----------------------------------------------------------------------------------------------
  m_ready           -       -     F     (arrival)                         2    30     0     513 
  g39627__3680/Y    -       A->Y  R     NAND2_X0P5A_A9PP140ZTUL_C35      11   200   110     624 
  g44719/Y          -       A->Y  F     NAND2_X0P5A_A9PP140ZTUL_C35      49   696   406    1029 
  g44701/Y          -       A->Y  R     INV_X0P6M_A9PP140ZTUL_C35        80   974   740    1769 
  g41578/Y          -       A0->Y F     OAI22_X0P5M_A9PP140ZTUL_C35       1   184    -9    1760 
  ro_reg[3][4][4]/D -       -     F     DFFRPQNA_X1M_A9PP140ZTUL_C35      1     -     0    1760 
#-----------------------------------------------------------------------------------------------



Path 13: MET (16 ps) Setup Check with Pin ro_reg[3][4][3]/CK->D
           View: wc_analysis_view
          Group: in2reg
     Startpoint: (F) m_ready
          Clock: (R) CLK
       Endpoint: (F) ro_reg[3][4][3]/D
          Clock: (R) CLK

                     Capture       Launch     
        Clock Edge:+    2000            0     
        Drv Adjust:+       0           13     
       Src Latency:+       0            0     
       Net Latency:+       0 (I)        0 (I) 
           Arrival:=    2000           13     
                                              
             Setup:-      99                  
       Uncertainty:-     125                  
     Required Time:=    1776                  
      Launch Clock:-      13                  
       Input Delay:-     500                  
         Data Path:-    1247                  
             Slack:=      16                  

Exceptions/Constraints:
  input_delay             500             axis_sa.sdc_line_16_3_1 

#-----------------------------------------------------------------------------------------------
#   Timing Point    Flags   Arc   Edge             Cell              Fanout Trans Delay Arrival 
#                                                                            (ps)  (ps)   (ps)  
#-----------------------------------------------------------------------------------------------
  m_ready           -       -     F     (arrival)                         2    30     0     513 
  g39627__3680/Y    -       A->Y  R     NAND2_X0P5A_A9PP140ZTUL_C35      11   200   110     624 
  g44719/Y          -       A->Y  F     NAND2_X0P5A_A9PP140ZTUL_C35      49   696   406    1029 
  g44701/Y          -       A->Y  R     INV_X0P6M_A9PP140ZTUL_C35        80   974   740    1769 
  g41577/Y          -       A0->Y F     OAI22_X0P5M_A9PP140ZTUL_C35       1   184    -9    1760 
  ro_reg[3][4][3]/D -       -     F     DFFRPQNA_X1M_A9PP140ZTUL_C35      1     -     0    1760 
#-----------------------------------------------------------------------------------------------



Path 14: MET (16 ps) Setup Check with Pin ro_reg[3][4][2]/CK->D
           View: wc_analysis_view
          Group: in2reg
     Startpoint: (F) m_ready
          Clock: (R) CLK
       Endpoint: (F) ro_reg[3][4][2]/D
          Clock: (R) CLK

                     Capture       Launch     
        Clock Edge:+    2000            0     
        Drv Adjust:+       0           13     
       Src Latency:+       0            0     
       Net Latency:+       0 (I)        0 (I) 
           Arrival:=    2000           13     
                                              
             Setup:-      99                  
       Uncertainty:-     125                  
     Required Time:=    1776                  
      Launch Clock:-      13                  
       Input Delay:-     500                  
         Data Path:-    1247                  
             Slack:=      16                  

Exceptions/Constraints:
  input_delay             500             axis_sa.sdc_line_16_3_1 

#-----------------------------------------------------------------------------------------------
#   Timing Point    Flags   Arc   Edge             Cell              Fanout Trans Delay Arrival 
#                                                                            (ps)  (ps)   (ps)  
#-----------------------------------------------------------------------------------------------
  m_ready           -       -     F     (arrival)                         2    30     0     513 
  g39627__3680/Y    -       A->Y  R     NAND2_X0P5A_A9PP140ZTUL_C35      11   200   110     624 
  g44719/Y          -       A->Y  F     NAND2_X0P5A_A9PP140ZTUL_C35      49   696   406    1029 
  g44701/Y          -       A->Y  R     INV_X0P6M_A9PP140ZTUL_C35        80   974   740    1769 
  g41576/Y          -       A0->Y F     OAI22_X0P5M_A9PP140ZTUL_C35       1   184    -9    1760 
  ro_reg[3][4][2]/D -       -     F     DFFRPQNA_X1M_A9PP140ZTUL_C35      1     -     0    1760 
#-----------------------------------------------------------------------------------------------



Path 15: MET (16 ps) Setup Check with Pin ro_reg[3][4][1]/CK->D
           View: wc_analysis_view
          Group: in2reg
     Startpoint: (F) m_ready
          Clock: (R) CLK
       Endpoint: (F) ro_reg[3][4][1]/D
          Clock: (R) CLK

                     Capture       Launch     
        Clock Edge:+    2000            0     
        Drv Adjust:+       0           13     
       Src Latency:+       0            0     
       Net Latency:+       0 (I)        0 (I) 
           Arrival:=    2000           13     
                                              
             Setup:-      99                  
       Uncertainty:-     125                  
     Required Time:=    1776                  
      Launch Clock:-      13                  
       Input Delay:-     500                  
         Data Path:-    1247                  
             Slack:=      16                  

Exceptions/Constraints:
  input_delay             500             axis_sa.sdc_line_16_3_1 

#-----------------------------------------------------------------------------------------------
#   Timing Point    Flags   Arc   Edge             Cell              Fanout Trans Delay Arrival 
#                                                                            (ps)  (ps)   (ps)  
#-----------------------------------------------------------------------------------------------
  m_ready           -       -     F     (arrival)                         2    30     0     513 
  g39627__3680/Y    -       A->Y  R     NAND2_X0P5A_A9PP140ZTUL_C35      11   200   110     624 
  g44719/Y          -       A->Y  F     NAND2_X0P5A_A9PP140ZTUL_C35      49   696   406    1029 
  g44701/Y          -       A->Y  R     INV_X0P6M_A9PP140ZTUL_C35        80   974   740    1769 
  g41575/Y          -       A0->Y F     OAI22_X0P5M_A9PP140ZTUL_C35       1   184    -9    1760 
  ro_reg[3][4][1]/D -       -     F     DFFRPQNA_X1M_A9PP140ZTUL_C35      1     -     0    1760 
#-----------------------------------------------------------------------------------------------



Path 16: MET (16 ps) Setup Check with Pin ro_reg[3][4][0]/CK->D
           View: wc_analysis_view
          Group: in2reg
     Startpoint: (F) m_ready
          Clock: (R) CLK
       Endpoint: (F) ro_reg[3][4][0]/D
          Clock: (R) CLK

                     Capture       Launch     
        Clock Edge:+    2000            0     
        Drv Adjust:+       0           13     
       Src Latency:+       0            0     
       Net Latency:+       0 (I)        0 (I) 
           Arrival:=    2000           13     
                                              
             Setup:-      99                  
       Uncertainty:-     125                  
     Required Time:=    1776                  
      Launch Clock:-      13                  
       Input Delay:-     500                  
         Data Path:-    1247                  
             Slack:=      16                  

Exceptions/Constraints:
  input_delay             500             axis_sa.sdc_line_16_3_1 

#-----------------------------------------------------------------------------------------------
#   Timing Point    Flags   Arc   Edge             Cell              Fanout Trans Delay Arrival 
#                                                                            (ps)  (ps)   (ps)  
#-----------------------------------------------------------------------------------------------
  m_ready           -       -     F     (arrival)                         2    30     0     513 
  g39627__3680/Y    -       A->Y  R     NAND2_X0P5A_A9PP140ZTUL_C35      11   200   110     624 
  g44719/Y          -       A->Y  F     NAND2_X0P5A_A9PP140ZTUL_C35      49   696   406    1029 
  g44701/Y          -       A->Y  R     INV_X0P6M_A9PP140ZTUL_C35        80   974   740    1769 
  g41574/Y          -       A0->Y F     OAI22_X0P5M_A9PP140ZTUL_C35       1   184    -9    1760 
  ro_reg[3][4][0]/D -       -     F     DFFRPQNA_X1M_A9PP140ZTUL_C35      1     -     0    1760 
#-----------------------------------------------------------------------------------------------



Path 17: MET (16 ps) Setup Check with Pin ro_reg[2][5][15]/CK->D
           View: wc_analysis_view
          Group: in2reg
     Startpoint: (F) m_ready
          Clock: (R) CLK
       Endpoint: (F) ro_reg[2][5][15]/D
          Clock: (R) CLK

                     Capture       Launch     
        Clock Edge:+    2000            0     
        Drv Adjust:+       0           13     
       Src Latency:+       0            0     
       Net Latency:+       0 (I)        0 (I) 
           Arrival:=    2000           13     
                                              
             Setup:-      99                  
       Uncertainty:-     125                  
     Required Time:=    1776                  
      Launch Clock:-      13                  
       Input Delay:-     500                  
         Data Path:-    1247                  
             Slack:=      16                  

Exceptions/Constraints:
  input_delay             500             axis_sa.sdc_line_16_3_1 

#------------------------------------------------------------------------------------------------
#   Timing Point     Flags   Arc   Edge             Cell              Fanout Trans Delay Arrival 
#                                                                             (ps)  (ps)   (ps)  
#------------------------------------------------------------------------------------------------
  m_ready            -       -     F     (arrival)                         2    30     0     513 
  g39627__3680/Y     -       A->Y  R     NAND2_X0P5A_A9PP140ZTUL_C35      11   200   110     624 
  g44719/Y           -       A->Y  F     NAND2_X0P5A_A9PP140ZTUL_C35      49   696   406    1029 
  g44701/Y           -       A->Y  R     INV_X0P6M_A9PP140ZTUL_C35        80   974   740    1769 
  g41573/Y           -       A0->Y F     OAI22_X0P5M_A9PP140ZTUL_C35       1   184    -9    1760 
  ro_reg[2][5][15]/D -       -     F     DFFRPQNA_X1M_A9PP140ZTUL_C35      1     -     0    1760 
#------------------------------------------------------------------------------------------------



Path 18: MET (16 ps) Setup Check with Pin ro_reg[2][5][14]/CK->D
           View: wc_analysis_view
          Group: in2reg
     Startpoint: (F) m_ready
          Clock: (R) CLK
       Endpoint: (F) ro_reg[2][5][14]/D
          Clock: (R) CLK

                     Capture       Launch     
        Clock Edge:+    2000            0     
        Drv Adjust:+       0           13     
       Src Latency:+       0            0     
       Net Latency:+       0 (I)        0 (I) 
           Arrival:=    2000           13     
                                              
             Setup:-      99                  
       Uncertainty:-     125                  
     Required Time:=    1776                  
      Launch Clock:-      13                  
       Input Delay:-     500                  
         Data Path:-    1247                  
             Slack:=      16                  

Exceptions/Constraints:
  input_delay             500             axis_sa.sdc_line_16_3_1 

#------------------------------------------------------------------------------------------------
#   Timing Point     Flags   Arc   Edge             Cell              Fanout Trans Delay Arrival 
#                                                                             (ps)  (ps)   (ps)  
#------------------------------------------------------------------------------------------------
  m_ready            -       -     F     (arrival)                         2    30     0     513 
  g39627__3680/Y     -       A->Y  R     NAND2_X0P5A_A9PP140ZTUL_C35      11   200   110     624 
  g44719/Y           -       A->Y  F     NAND2_X0P5A_A9PP140ZTUL_C35      49   696   406    1029 
  g44701/Y           -       A->Y  R     INV_X0P6M_A9PP140ZTUL_C35        80   974   740    1769 
  g41572/Y           -       A0->Y F     OAI22_X0P5M_A9PP140ZTUL_C35       1   184    -9    1760 
  ro_reg[2][5][14]/D -       -     F     DFFRPQNA_X1M_A9PP140ZTUL_C35      1     -     0    1760 
#------------------------------------------------------------------------------------------------



Path 19: MET (16 ps) Setup Check with Pin ro_reg[2][5][13]/CK->D
           View: wc_analysis_view
          Group: in2reg
     Startpoint: (F) m_ready
          Clock: (R) CLK
       Endpoint: (F) ro_reg[2][5][13]/D
          Clock: (R) CLK

                     Capture       Launch     
        Clock Edge:+    2000            0     
        Drv Adjust:+       0           13     
       Src Latency:+       0            0     
       Net Latency:+       0 (I)        0 (I) 
           Arrival:=    2000           13     
                                              
             Setup:-      99                  
       Uncertainty:-     125                  
     Required Time:=    1776                  
      Launch Clock:-      13                  
       Input Delay:-     500                  
         Data Path:-    1247                  
             Slack:=      16                  

Exceptions/Constraints:
  input_delay             500             axis_sa.sdc_line_16_3_1 

#------------------------------------------------------------------------------------------------
#   Timing Point     Flags   Arc   Edge             Cell              Fanout Trans Delay Arrival 
#                                                                             (ps)  (ps)   (ps)  
#------------------------------------------------------------------------------------------------
  m_ready            -       -     F     (arrival)                         2    30     0     513 
  g39627__3680/Y     -       A->Y  R     NAND2_X0P5A_A9PP140ZTUL_C35      11   200   110     624 
  g44719/Y           -       A->Y  F     NAND2_X0P5A_A9PP140ZTUL_C35      49   696   406    1029 
  g44701/Y           -       A->Y  R     INV_X0P6M_A9PP140ZTUL_C35        80   974   740    1769 
  g41571/Y           -       A0->Y F     OAI22_X0P5M_A9PP140ZTUL_C35       1   184    -9    1760 
  ro_reg[2][5][13]/D -       -     F     DFFRPQNA_X1M_A9PP140ZTUL_C35      1     -     0    1760 
#------------------------------------------------------------------------------------------------



Path 20: MET (16 ps) Setup Check with Pin ro_reg[2][5][12]/CK->D
           View: wc_analysis_view
          Group: in2reg
     Startpoint: (F) m_ready
          Clock: (R) CLK
       Endpoint: (F) ro_reg[2][5][12]/D
          Clock: (R) CLK

                     Capture       Launch     
        Clock Edge:+    2000            0     
        Drv Adjust:+       0           13     
       Src Latency:+       0            0     
       Net Latency:+       0 (I)        0 (I) 
           Arrival:=    2000           13     
                                              
             Setup:-      99                  
       Uncertainty:-     125                  
     Required Time:=    1776                  
      Launch Clock:-      13                  
       Input Delay:-     500                  
         Data Path:-    1247                  
             Slack:=      16                  

Exceptions/Constraints:
  input_delay             500             axis_sa.sdc_line_16_3_1 

#------------------------------------------------------------------------------------------------
#   Timing Point     Flags   Arc   Edge             Cell              Fanout Trans Delay Arrival 
#                                                                             (ps)  (ps)   (ps)  
#------------------------------------------------------------------------------------------------
  m_ready            -       -     F     (arrival)                         2    30     0     513 
  g39627__3680/Y     -       A->Y  R     NAND2_X0P5A_A9PP140ZTUL_C35      11   200   110     624 
  g44719/Y           -       A->Y  F     NAND2_X0P5A_A9PP140ZTUL_C35      49   696   406    1029 
  g44701/Y           -       A->Y  R     INV_X0P6M_A9PP140ZTUL_C35        80   974   740    1769 
  g41570/Y           -       A0->Y F     OAI22_X0P5M_A9PP140ZTUL_C35       1   184    -9    1760 
  ro_reg[2][5][12]/D -       -     F     DFFRPQNA_X1M_A9PP140ZTUL_C35      1     -     0    1760 
#------------------------------------------------------------------------------------------------



Path 21: MET (16 ps) Setup Check with Pin ro_reg[2][5][11]/CK->D
           View: wc_analysis_view
          Group: in2reg
     Startpoint: (F) m_ready
          Clock: (R) CLK
       Endpoint: (F) ro_reg[2][5][11]/D
          Clock: (R) CLK

                     Capture       Launch     
        Clock Edge:+    2000            0     
        Drv Adjust:+       0           13     
       Src Latency:+       0            0     
       Net Latency:+       0 (I)        0 (I) 
           Arrival:=    2000           13     
                                              
             Setup:-      99                  
       Uncertainty:-     125                  
     Required Time:=    1776                  
      Launch Clock:-      13                  
       Input Delay:-     500                  
         Data Path:-    1247                  
             Slack:=      16                  

Exceptions/Constraints:
  input_delay             500             axis_sa.sdc_line_16_3_1 

#------------------------------------------------------------------------------------------------
#   Timing Point     Flags   Arc   Edge             Cell              Fanout Trans Delay Arrival 
#                                                                             (ps)  (ps)   (ps)  
#------------------------------------------------------------------------------------------------
  m_ready            -       -     F     (arrival)                         2    30     0     513 
  g39627__3680/Y     -       A->Y  R     NAND2_X0P5A_A9PP140ZTUL_C35      11   200   110     624 
  g44719/Y           -       A->Y  F     NAND2_X0P5A_A9PP140ZTUL_C35      49   696   406    1029 
  g44701/Y           -       A->Y  R     INV_X0P6M_A9PP140ZTUL_C35        80   974   740    1769 
  g41569/Y           -       A0->Y F     OAI22_X0P5M_A9PP140ZTUL_C35       1   184    -9    1760 
  ro_reg[2][5][11]/D -       -     F     DFFRPQNA_X1M_A9PP140ZTUL_C35      1     -     0    1760 
#------------------------------------------------------------------------------------------------



Path 22: MET (16 ps) Setup Check with Pin ro_reg[2][5][10]/CK->D
           View: wc_analysis_view
          Group: in2reg
     Startpoint: (F) m_ready
          Clock: (R) CLK
       Endpoint: (F) ro_reg[2][5][10]/D
          Clock: (R) CLK

                     Capture       Launch     
        Clock Edge:+    2000            0     
        Drv Adjust:+       0           13     
       Src Latency:+       0            0     
       Net Latency:+       0 (I)        0 (I) 
           Arrival:=    2000           13     
                                              
             Setup:-      99                  
       Uncertainty:-     125                  
     Required Time:=    1776                  
      Launch Clock:-      13                  
       Input Delay:-     500                  
         Data Path:-    1247                  
             Slack:=      16                  

Exceptions/Constraints:
  input_delay             500             axis_sa.sdc_line_16_3_1 

#------------------------------------------------------------------------------------------------
#   Timing Point     Flags   Arc   Edge             Cell              Fanout Trans Delay Arrival 
#                                                                             (ps)  (ps)   (ps)  
#------------------------------------------------------------------------------------------------
  m_ready            -       -     F     (arrival)                         2    30     0     513 
  g39627__3680/Y     -       A->Y  R     NAND2_X0P5A_A9PP140ZTUL_C35      11   200   110     624 
  g44719/Y           -       A->Y  F     NAND2_X0P5A_A9PP140ZTUL_C35      49   696   406    1029 
  g44701/Y           -       A->Y  R     INV_X0P6M_A9PP140ZTUL_C35        80   974   740    1769 
  g41568/Y           -       A0->Y F     OAI22_X0P5M_A9PP140ZTUL_C35       1   184    -9    1760 
  ro_reg[2][5][10]/D -       -     F     DFFRPQNA_X1M_A9PP140ZTUL_C35      1     -     0    1760 
#------------------------------------------------------------------------------------------------



Path 23: MET (16 ps) Setup Check with Pin ro_reg[2][5][9]/CK->D
           View: wc_analysis_view
          Group: in2reg
     Startpoint: (F) m_ready
          Clock: (R) CLK
       Endpoint: (F) ro_reg[2][5][9]/D
          Clock: (R) CLK

                     Capture       Launch     
        Clock Edge:+    2000            0     
        Drv Adjust:+       0           13     
       Src Latency:+       0            0     
       Net Latency:+       0 (I)        0 (I) 
           Arrival:=    2000           13     
                                              
             Setup:-      99                  
       Uncertainty:-     125                  
     Required Time:=    1776                  
      Launch Clock:-      13                  
       Input Delay:-     500                  
         Data Path:-    1247                  
             Slack:=      16                  

Exceptions/Constraints:
  input_delay             500             axis_sa.sdc_line_16_3_1 

#-----------------------------------------------------------------------------------------------
#   Timing Point    Flags   Arc   Edge             Cell              Fanout Trans Delay Arrival 
#                                                                            (ps)  (ps)   (ps)  
#-----------------------------------------------------------------------------------------------
  m_ready           -       -     F     (arrival)                         2    30     0     513 
  g39627__3680/Y    -       A->Y  R     NAND2_X0P5A_A9PP140ZTUL_C35      11   200   110     624 
  g44719/Y          -       A->Y  F     NAND2_X0P5A_A9PP140ZTUL_C35      49   696   406    1029 
  g44701/Y          -       A->Y  R     INV_X0P6M_A9PP140ZTUL_C35        80   974   740    1769 
  g41567/Y          -       A0->Y F     OAI22_X0P5M_A9PP140ZTUL_C35       1   184    -9    1760 
  ro_reg[2][5][9]/D -       -     F     DFFRPQNA_X1M_A9PP140ZTUL_C35      1     -     0    1760 
#-----------------------------------------------------------------------------------------------



Path 24: MET (16 ps) Setup Check with Pin ro_reg[2][5][8]/CK->D
           View: wc_analysis_view
          Group: in2reg
     Startpoint: (F) m_ready
          Clock: (R) CLK
       Endpoint: (F) ro_reg[2][5][8]/D
          Clock: (R) CLK

                     Capture       Launch     
        Clock Edge:+    2000            0     
        Drv Adjust:+       0           13     
       Src Latency:+       0            0     
       Net Latency:+       0 (I)        0 (I) 
           Arrival:=    2000           13     
                                              
             Setup:-      99                  
       Uncertainty:-     125                  
     Required Time:=    1776                  
      Launch Clock:-      13                  
       Input Delay:-     500                  
         Data Path:-    1247                  
             Slack:=      16                  

Exceptions/Constraints:
  input_delay             500             axis_sa.sdc_line_16_3_1 

#-----------------------------------------------------------------------------------------------
#   Timing Point    Flags   Arc   Edge             Cell              Fanout Trans Delay Arrival 
#                                                                            (ps)  (ps)   (ps)  
#-----------------------------------------------------------------------------------------------
  m_ready           -       -     F     (arrival)                         2    30     0     513 
  g39627__3680/Y    -       A->Y  R     NAND2_X0P5A_A9PP140ZTUL_C35      11   200   110     624 
  g44719/Y          -       A->Y  F     NAND2_X0P5A_A9PP140ZTUL_C35      49   696   406    1029 
  g44701/Y          -       A->Y  R     INV_X0P6M_A9PP140ZTUL_C35        80   974   740    1769 
  g41566/Y          -       A0->Y F     OAI22_X0P5M_A9PP140ZTUL_C35       1   184    -9    1760 
  ro_reg[2][5][8]/D -       -     F     DFFRPQNA_X1M_A9PP140ZTUL_C35      1     -     0    1760 
#-----------------------------------------------------------------------------------------------



Path 25: MET (16 ps) Setup Check with Pin ro_reg[2][5][7]/CK->D
           View: wc_analysis_view
          Group: in2reg
     Startpoint: (F) m_ready
          Clock: (R) CLK
       Endpoint: (F) ro_reg[2][5][7]/D
          Clock: (R) CLK

                     Capture       Launch     
        Clock Edge:+    2000            0     
        Drv Adjust:+       0           13     
       Src Latency:+       0            0     
       Net Latency:+       0 (I)        0 (I) 
           Arrival:=    2000           13     
                                              
             Setup:-      99                  
       Uncertainty:-     125                  
     Required Time:=    1776                  
      Launch Clock:-      13                  
       Input Delay:-     500                  
         Data Path:-    1247                  
             Slack:=      16                  

Exceptions/Constraints:
  input_delay             500             axis_sa.sdc_line_16_3_1 

#-----------------------------------------------------------------------------------------------
#   Timing Point    Flags   Arc   Edge             Cell              Fanout Trans Delay Arrival 
#                                                                            (ps)  (ps)   (ps)  
#-----------------------------------------------------------------------------------------------
  m_ready           -       -     F     (arrival)                         2    30     0     513 
  g39627__3680/Y    -       A->Y  R     NAND2_X0P5A_A9PP140ZTUL_C35      11   200   110     624 
  g44719/Y          -       A->Y  F     NAND2_X0P5A_A9PP140ZTUL_C35      49   696   406    1029 
  g44701/Y          -       A->Y  R     INV_X0P6M_A9PP140ZTUL_C35        80   974   740    1769 
  g41565/Y          -       A0->Y F     OAI22_X0P5M_A9PP140ZTUL_C35       1   184    -9    1760 
  ro_reg[2][5][7]/D -       -     F     DFFRPQNA_X1M_A9PP140ZTUL_C35      1     -     0    1760 
#-----------------------------------------------------------------------------------------------



Path 26: MET (16 ps) Setup Check with Pin ro_reg[2][5][6]/CK->D
           View: wc_analysis_view
          Group: in2reg
     Startpoint: (F) m_ready
          Clock: (R) CLK
       Endpoint: (F) ro_reg[2][5][6]/D
          Clock: (R) CLK

                     Capture       Launch     
        Clock Edge:+    2000            0     
        Drv Adjust:+       0           13     
       Src Latency:+       0            0     
       Net Latency:+       0 (I)        0 (I) 
           Arrival:=    2000           13     
                                              
             Setup:-      99                  
       Uncertainty:-     125                  
     Required Time:=    1776                  
      Launch Clock:-      13                  
       Input Delay:-     500                  
         Data Path:-    1247                  
             Slack:=      16                  

Exceptions/Constraints:
  input_delay             500             axis_sa.sdc_line_16_3_1 

#-----------------------------------------------------------------------------------------------
#   Timing Point    Flags   Arc   Edge             Cell              Fanout Trans Delay Arrival 
#                                                                            (ps)  (ps)   (ps)  
#-----------------------------------------------------------------------------------------------
  m_ready           -       -     F     (arrival)                         2    30     0     513 
  g39627__3680/Y    -       A->Y  R     NAND2_X0P5A_A9PP140ZTUL_C35      11   200   110     624 
  g44719/Y          -       A->Y  F     NAND2_X0P5A_A9PP140ZTUL_C35      49   696   406    1029 
  g44701/Y          -       A->Y  R     INV_X0P6M_A9PP140ZTUL_C35        80   974   740    1769 
  g41564/Y          -       A0->Y F     OAI22_X0P5M_A9PP140ZTUL_C35       1   184    -9    1760 
  ro_reg[2][5][6]/D -       -     F     DFFRPQNA_X1M_A9PP140ZTUL_C35      1     -     0    1760 
#-----------------------------------------------------------------------------------------------



Path 27: MET (16 ps) Setup Check with Pin ro_reg[2][5][5]/CK->D
           View: wc_analysis_view
          Group: in2reg
     Startpoint: (F) m_ready
          Clock: (R) CLK
       Endpoint: (F) ro_reg[2][5][5]/D
          Clock: (R) CLK

                     Capture       Launch     
        Clock Edge:+    2000            0     
        Drv Adjust:+       0           13     
       Src Latency:+       0            0     
       Net Latency:+       0 (I)        0 (I) 
           Arrival:=    2000           13     
                                              
             Setup:-      99                  
       Uncertainty:-     125                  
     Required Time:=    1776                  
      Launch Clock:-      13                  
       Input Delay:-     500                  
         Data Path:-    1247                  
             Slack:=      16                  

Exceptions/Constraints:
  input_delay             500             axis_sa.sdc_line_16_3_1 

#-----------------------------------------------------------------------------------------------
#   Timing Point    Flags   Arc   Edge             Cell              Fanout Trans Delay Arrival 
#                                                                            (ps)  (ps)   (ps)  
#-----------------------------------------------------------------------------------------------
  m_ready           -       -     F     (arrival)                         2    30     0     513 
  g39627__3680/Y    -       A->Y  R     NAND2_X0P5A_A9PP140ZTUL_C35      11   200   110     624 
  g44719/Y          -       A->Y  F     NAND2_X0P5A_A9PP140ZTUL_C35      49   696   406    1029 
  g44701/Y          -       A->Y  R     INV_X0P6M_A9PP140ZTUL_C35        80   974   740    1769 
  g41563/Y          -       A0->Y F     OAI22_X0P5M_A9PP140ZTUL_C35       1   184    -9    1760 
  ro_reg[2][5][5]/D -       -     F     DFFRPQNA_X1M_A9PP140ZTUL_C35      1     -     0    1760 
#-----------------------------------------------------------------------------------------------



Path 28: MET (16 ps) Setup Check with Pin ro_reg[2][5][4]/CK->D
           View: wc_analysis_view
          Group: in2reg
     Startpoint: (F) m_ready
          Clock: (R) CLK
       Endpoint: (F) ro_reg[2][5][4]/D
          Clock: (R) CLK

                     Capture       Launch     
        Clock Edge:+    2000            0     
        Drv Adjust:+       0           13     
       Src Latency:+       0            0     
       Net Latency:+       0 (I)        0 (I) 
           Arrival:=    2000           13     
                                              
             Setup:-      99                  
       Uncertainty:-     125                  
     Required Time:=    1776                  
      Launch Clock:-      13                  
       Input Delay:-     500                  
         Data Path:-    1247                  
             Slack:=      16                  

Exceptions/Constraints:
  input_delay             500             axis_sa.sdc_line_16_3_1 

#-----------------------------------------------------------------------------------------------
#   Timing Point    Flags   Arc   Edge             Cell              Fanout Trans Delay Arrival 
#                                                                            (ps)  (ps)   (ps)  
#-----------------------------------------------------------------------------------------------
  m_ready           -       -     F     (arrival)                         2    30     0     513 
  g39627__3680/Y    -       A->Y  R     NAND2_X0P5A_A9PP140ZTUL_C35      11   200   110     624 
  g44719/Y          -       A->Y  F     NAND2_X0P5A_A9PP140ZTUL_C35      49   696   406    1029 
  g44701/Y          -       A->Y  R     INV_X0P6M_A9PP140ZTUL_C35        80   974   740    1769 
  g41562/Y          -       A0->Y F     OAI22_X0P5M_A9PP140ZTUL_C35       1   184    -9    1760 
  ro_reg[2][5][4]/D -       -     F     DFFRPQNA_X1M_A9PP140ZTUL_C35      1     -     0    1760 
#-----------------------------------------------------------------------------------------------



Path 29: MET (16 ps) Setup Check with Pin ro_reg[2][5][3]/CK->D
           View: wc_analysis_view
          Group: in2reg
     Startpoint: (F) m_ready
          Clock: (R) CLK
       Endpoint: (F) ro_reg[2][5][3]/D
          Clock: (R) CLK

                     Capture       Launch     
        Clock Edge:+    2000            0     
        Drv Adjust:+       0           13     
       Src Latency:+       0            0     
       Net Latency:+       0 (I)        0 (I) 
           Arrival:=    2000           13     
                                              
             Setup:-      99                  
       Uncertainty:-     125                  
     Required Time:=    1776                  
      Launch Clock:-      13                  
       Input Delay:-     500                  
         Data Path:-    1247                  
             Slack:=      16                  

Exceptions/Constraints:
  input_delay             500             axis_sa.sdc_line_16_3_1 

#-----------------------------------------------------------------------------------------------
#   Timing Point    Flags   Arc   Edge             Cell              Fanout Trans Delay Arrival 
#                                                                            (ps)  (ps)   (ps)  
#-----------------------------------------------------------------------------------------------
  m_ready           -       -     F     (arrival)                         2    30     0     513 
  g39627__3680/Y    -       A->Y  R     NAND2_X0P5A_A9PP140ZTUL_C35      11   200   110     624 
  g44719/Y          -       A->Y  F     NAND2_X0P5A_A9PP140ZTUL_C35      49   696   406    1029 
  g44701/Y          -       A->Y  R     INV_X0P6M_A9PP140ZTUL_C35        80   974   740    1769 
  g41561/Y          -       A0->Y F     OAI22_X0P5M_A9PP140ZTUL_C35       1   184    -9    1760 
  ro_reg[2][5][3]/D -       -     F     DFFRPQNA_X1M_A9PP140ZTUL_C35      1     -     0    1760 
#-----------------------------------------------------------------------------------------------



Path 30: MET (16 ps) Setup Check with Pin ro_reg[2][5][2]/CK->D
           View: wc_analysis_view
          Group: in2reg
     Startpoint: (F) m_ready
          Clock: (R) CLK
       Endpoint: (F) ro_reg[2][5][2]/D
          Clock: (R) CLK

                     Capture       Launch     
        Clock Edge:+    2000            0     
        Drv Adjust:+       0           13     
       Src Latency:+       0            0     
       Net Latency:+       0 (I)        0 (I) 
           Arrival:=    2000           13     
                                              
             Setup:-      99                  
       Uncertainty:-     125                  
     Required Time:=    1776                  
      Launch Clock:-      13                  
       Input Delay:-     500                  
         Data Path:-    1247                  
             Slack:=      16                  

Exceptions/Constraints:
  input_delay             500             axis_sa.sdc_line_16_3_1 

#-----------------------------------------------------------------------------------------------
#   Timing Point    Flags   Arc   Edge             Cell              Fanout Trans Delay Arrival 
#                                                                            (ps)  (ps)   (ps)  
#-----------------------------------------------------------------------------------------------
  m_ready           -       -     F     (arrival)                         2    30     0     513 
  g39627__3680/Y    -       A->Y  R     NAND2_X0P5A_A9PP140ZTUL_C35      11   200   110     624 
  g44719/Y          -       A->Y  F     NAND2_X0P5A_A9PP140ZTUL_C35      49   696   406    1029 
  g44701/Y          -       A->Y  R     INV_X0P6M_A9PP140ZTUL_C35        80   974   740    1769 
  g41560/Y          -       A0->Y F     OAI22_X0P5M_A9PP140ZTUL_C35       1   184    -9    1760 
  ro_reg[2][5][2]/D -       -     F     DFFRPQNA_X1M_A9PP140ZTUL_C35      1     -     0    1760 
#-----------------------------------------------------------------------------------------------



Path 31: MET (16 ps) Setup Check with Pin ro_reg[2][5][1]/CK->D
           View: wc_analysis_view
          Group: in2reg
     Startpoint: (F) m_ready
          Clock: (R) CLK
       Endpoint: (F) ro_reg[2][5][1]/D
          Clock: (R) CLK

                     Capture       Launch     
        Clock Edge:+    2000            0     
        Drv Adjust:+       0           13     
       Src Latency:+       0            0     
       Net Latency:+       0 (I)        0 (I) 
           Arrival:=    2000           13     
                                              
             Setup:-      99                  
       Uncertainty:-     125                  
     Required Time:=    1776                  
      Launch Clock:-      13                  
       Input Delay:-     500                  
         Data Path:-    1247                  
             Slack:=      16                  

Exceptions/Constraints:
  input_delay             500             axis_sa.sdc_line_16_3_1 

#-----------------------------------------------------------------------------------------------
#   Timing Point    Flags   Arc   Edge             Cell              Fanout Trans Delay Arrival 
#                                                                            (ps)  (ps)   (ps)  
#-----------------------------------------------------------------------------------------------
  m_ready           -       -     F     (arrival)                         2    30     0     513 
  g39627__3680/Y    -       A->Y  R     NAND2_X0P5A_A9PP140ZTUL_C35      11   200   110     624 
  g44719/Y          -       A->Y  F     NAND2_X0P5A_A9PP140ZTUL_C35      49   696   406    1029 
  g44701/Y          -       A->Y  R     INV_X0P6M_A9PP140ZTUL_C35        80   974   740    1769 
  g41559/Y          -       A0->Y F     OAI22_X0P5M_A9PP140ZTUL_C35       1   184    -9    1760 
  ro_reg[2][5][1]/D -       -     F     DFFRPQNA_X1M_A9PP140ZTUL_C35      1     -     0    1760 
#-----------------------------------------------------------------------------------------------



Path 32: MET (16 ps) Setup Check with Pin ro_reg[2][5][0]/CK->D
           View: wc_analysis_view
          Group: in2reg
     Startpoint: (F) m_ready
          Clock: (R) CLK
       Endpoint: (F) ro_reg[2][5][0]/D
          Clock: (R) CLK

                     Capture       Launch     
        Clock Edge:+    2000            0     
        Drv Adjust:+       0           13     
       Src Latency:+       0            0     
       Net Latency:+       0 (I)        0 (I) 
           Arrival:=    2000           13     
                                              
             Setup:-      99                  
       Uncertainty:-     125                  
     Required Time:=    1776                  
      Launch Clock:-      13                  
       Input Delay:-     500                  
         Data Path:-    1247                  
             Slack:=      16                  

Exceptions/Constraints:
  input_delay             500             axis_sa.sdc_line_16_3_1 

#-----------------------------------------------------------------------------------------------
#   Timing Point    Flags   Arc   Edge             Cell              Fanout Trans Delay Arrival 
#                                                                            (ps)  (ps)   (ps)  
#-----------------------------------------------------------------------------------------------
  m_ready           -       -     F     (arrival)                         2    30     0     513 
  g39627__3680/Y    -       A->Y  R     NAND2_X0P5A_A9PP140ZTUL_C35      11   200   110     624 
  g44719/Y          -       A->Y  F     NAND2_X0P5A_A9PP140ZTUL_C35      49   696   406    1029 
  g44701/Y          -       A->Y  R     INV_X0P6M_A9PP140ZTUL_C35        80   974   740    1769 
  g41558/Y          -       A0->Y F     OAI22_X0P5M_A9PP140ZTUL_C35       1   184    -9    1760 
  ro_reg[2][5][0]/D -       -     F     DFFRPQNA_X1M_A9PP140ZTUL_C35      1     -     0    1760 
#-----------------------------------------------------------------------------------------------



Path 33: MET (16 ps) Setup Check with Pin ro_reg[1][6][15]/CK->D
           View: wc_analysis_view
          Group: in2reg
     Startpoint: (F) m_ready
          Clock: (R) CLK
       Endpoint: (F) ro_reg[1][6][15]/D
          Clock: (R) CLK

                     Capture       Launch     
        Clock Edge:+    2000            0     
        Drv Adjust:+       0           13     
       Src Latency:+       0            0     
       Net Latency:+       0 (I)        0 (I) 
           Arrival:=    2000           13     
                                              
             Setup:-      99                  
       Uncertainty:-     125                  
     Required Time:=    1776                  
      Launch Clock:-      13                  
       Input Delay:-     500                  
         Data Path:-    1247                  
             Slack:=      16                  

Exceptions/Constraints:
  input_delay             500             axis_sa.sdc_line_16_3_1 

#------------------------------------------------------------------------------------------------
#   Timing Point     Flags   Arc   Edge             Cell              Fanout Trans Delay Arrival 
#                                                                             (ps)  (ps)   (ps)  
#------------------------------------------------------------------------------------------------
  m_ready            -       -     F     (arrival)                         2    30     0     513 
  g39627__3680/Y     -       A->Y  R     NAND2_X0P5A_A9PP140ZTUL_C35      11   200   110     624 
  g44719/Y           -       A->Y  F     NAND2_X0P5A_A9PP140ZTUL_C35      49   696   406    1029 
  g44701/Y           -       A->Y  R     INV_X0P6M_A9PP140ZTUL_C35        80   974   740    1769 
  g41557/Y           -       A0->Y F     OAI22_X0P5M_A9PP140ZTUL_C35       1   184    -9    1760 
  ro_reg[1][6][15]/D -       -     F     DFFRPQNA_X1M_A9PP140ZTUL_C35      1     -     0    1760 
#------------------------------------------------------------------------------------------------



Path 34: MET (16 ps) Setup Check with Pin ro_reg[1][6][14]/CK->D
           View: wc_analysis_view
          Group: in2reg
     Startpoint: (F) m_ready
          Clock: (R) CLK
       Endpoint: (F) ro_reg[1][6][14]/D
          Clock: (R) CLK

                     Capture       Launch     
        Clock Edge:+    2000            0     
        Drv Adjust:+       0           13     
       Src Latency:+       0            0     
       Net Latency:+       0 (I)        0 (I) 
           Arrival:=    2000           13     
                                              
             Setup:-      99                  
       Uncertainty:-     125                  
     Required Time:=    1776                  
      Launch Clock:-      13                  
       Input Delay:-     500                  
         Data Path:-    1247                  
             Slack:=      16                  

Exceptions/Constraints:
  input_delay             500             axis_sa.sdc_line_16_3_1 

#------------------------------------------------------------------------------------------------
#   Timing Point     Flags   Arc   Edge             Cell              Fanout Trans Delay Arrival 
#                                                                             (ps)  (ps)   (ps)  
#------------------------------------------------------------------------------------------------
  m_ready            -       -     F     (arrival)                         2    30     0     513 
  g39627__3680/Y     -       A->Y  R     NAND2_X0P5A_A9PP140ZTUL_C35      11   200   110     624 
  g44719/Y           -       A->Y  F     NAND2_X0P5A_A9PP140ZTUL_C35      49   696   406    1029 
  g44701/Y           -       A->Y  R     INV_X0P6M_A9PP140ZTUL_C35        80   974   740    1769 
  g41556/Y           -       A0->Y F     OAI22_X0P5M_A9PP140ZTUL_C35       1   184    -9    1760 
  ro_reg[1][6][14]/D -       -     F     DFFRPQNA_X1M_A9PP140ZTUL_C35      1     -     0    1760 
#------------------------------------------------------------------------------------------------



Path 35: MET (16 ps) Setup Check with Pin ro_reg[1][6][13]/CK->D
           View: wc_analysis_view
          Group: in2reg
     Startpoint: (F) m_ready
          Clock: (R) CLK
       Endpoint: (F) ro_reg[1][6][13]/D
          Clock: (R) CLK

                     Capture       Launch     
        Clock Edge:+    2000            0     
        Drv Adjust:+       0           13     
       Src Latency:+       0            0     
       Net Latency:+       0 (I)        0 (I) 
           Arrival:=    2000           13     
                                              
             Setup:-      99                  
       Uncertainty:-     125                  
     Required Time:=    1776                  
      Launch Clock:-      13                  
       Input Delay:-     500                  
         Data Path:-    1247                  
             Slack:=      16                  

Exceptions/Constraints:
  input_delay             500             axis_sa.sdc_line_16_3_1 

#------------------------------------------------------------------------------------------------
#   Timing Point     Flags   Arc   Edge             Cell              Fanout Trans Delay Arrival 
#                                                                             (ps)  (ps)   (ps)  
#------------------------------------------------------------------------------------------------
  m_ready            -       -     F     (arrival)                         2    30     0     513 
  g39627__3680/Y     -       A->Y  R     NAND2_X0P5A_A9PP140ZTUL_C35      11   200   110     624 
  g44719/Y           -       A->Y  F     NAND2_X0P5A_A9PP140ZTUL_C35      49   696   406    1029 
  g44701/Y           -       A->Y  R     INV_X0P6M_A9PP140ZTUL_C35        80   974   740    1769 
  g41555/Y           -       A0->Y F     OAI22_X0P5M_A9PP140ZTUL_C35       1   184    -9    1760 
  ro_reg[1][6][13]/D -       -     F     DFFRPQNA_X1M_A9PP140ZTUL_C35      1     -     0    1760 
#------------------------------------------------------------------------------------------------



Path 36: MET (16 ps) Setup Check with Pin ro_reg[1][6][12]/CK->D
           View: wc_analysis_view
          Group: in2reg
     Startpoint: (F) m_ready
          Clock: (R) CLK
       Endpoint: (F) ro_reg[1][6][12]/D
          Clock: (R) CLK

                     Capture       Launch     
        Clock Edge:+    2000            0     
        Drv Adjust:+       0           13     
       Src Latency:+       0            0     
       Net Latency:+       0 (I)        0 (I) 
           Arrival:=    2000           13     
                                              
             Setup:-      99                  
       Uncertainty:-     125                  
     Required Time:=    1776                  
      Launch Clock:-      13                  
       Input Delay:-     500                  
         Data Path:-    1247                  
             Slack:=      16                  

Exceptions/Constraints:
  input_delay             500             axis_sa.sdc_line_16_3_1 

#------------------------------------------------------------------------------------------------
#   Timing Point     Flags   Arc   Edge             Cell              Fanout Trans Delay Arrival 
#                                                                             (ps)  (ps)   (ps)  
#------------------------------------------------------------------------------------------------
  m_ready            -       -     F     (arrival)                         2    30     0     513 
  g39627__3680/Y     -       A->Y  R     NAND2_X0P5A_A9PP140ZTUL_C35      11   200   110     624 
  g44719/Y           -       A->Y  F     NAND2_X0P5A_A9PP140ZTUL_C35      49   696   406    1029 
  g44701/Y           -       A->Y  R     INV_X0P6M_A9PP140ZTUL_C35        80   974   740    1769 
  g41554/Y           -       A0->Y F     OAI22_X0P5M_A9PP140ZTUL_C35       1   184    -9    1760 
  ro_reg[1][6][12]/D -       -     F     DFFRPQNA_X1M_A9PP140ZTUL_C35      1     -     0    1760 
#------------------------------------------------------------------------------------------------



Path 37: MET (16 ps) Setup Check with Pin ro_reg[1][6][11]/CK->D
           View: wc_analysis_view
          Group: in2reg
     Startpoint: (F) m_ready
          Clock: (R) CLK
       Endpoint: (F) ro_reg[1][6][11]/D
          Clock: (R) CLK

                     Capture       Launch     
        Clock Edge:+    2000            0     
        Drv Adjust:+       0           13     
       Src Latency:+       0            0     
       Net Latency:+       0 (I)        0 (I) 
           Arrival:=    2000           13     
                                              
             Setup:-      99                  
       Uncertainty:-     125                  
     Required Time:=    1776                  
      Launch Clock:-      13                  
       Input Delay:-     500                  
         Data Path:-    1247                  
             Slack:=      16                  

Exceptions/Constraints:
  input_delay             500             axis_sa.sdc_line_16_3_1 

#------------------------------------------------------------------------------------------------
#   Timing Point     Flags   Arc   Edge             Cell              Fanout Trans Delay Arrival 
#                                                                             (ps)  (ps)   (ps)  
#------------------------------------------------------------------------------------------------
  m_ready            -       -     F     (arrival)                         2    30     0     513 
  g39627__3680/Y     -       A->Y  R     NAND2_X0P5A_A9PP140ZTUL_C35      11   200   110     624 
  g44719/Y           -       A->Y  F     NAND2_X0P5A_A9PP140ZTUL_C35      49   696   406    1029 
  g44701/Y           -       A->Y  R     INV_X0P6M_A9PP140ZTUL_C35        80   974   740    1769 
  g41553/Y           -       A0->Y F     OAI22_X0P5M_A9PP140ZTUL_C35       1   184    -9    1760 
  ro_reg[1][6][11]/D -       -     F     DFFRPQNA_X1M_A9PP140ZTUL_C35      1     -     0    1760 
#------------------------------------------------------------------------------------------------



Path 38: MET (16 ps) Setup Check with Pin ro_reg[1][6][10]/CK->D
           View: wc_analysis_view
          Group: in2reg
     Startpoint: (F) m_ready
          Clock: (R) CLK
       Endpoint: (F) ro_reg[1][6][10]/D
          Clock: (R) CLK

                     Capture       Launch     
        Clock Edge:+    2000            0     
        Drv Adjust:+       0           13     
       Src Latency:+       0            0     
       Net Latency:+       0 (I)        0 (I) 
           Arrival:=    2000           13     
                                              
             Setup:-      99                  
       Uncertainty:-     125                  
     Required Time:=    1776                  
      Launch Clock:-      13                  
       Input Delay:-     500                  
         Data Path:-    1247                  
             Slack:=      16                  

Exceptions/Constraints:
  input_delay             500             axis_sa.sdc_line_16_3_1 

#------------------------------------------------------------------------------------------------
#   Timing Point     Flags   Arc   Edge             Cell              Fanout Trans Delay Arrival 
#                                                                             (ps)  (ps)   (ps)  
#------------------------------------------------------------------------------------------------
  m_ready            -       -     F     (arrival)                         2    30     0     513 
  g39627__3680/Y     -       A->Y  R     NAND2_X0P5A_A9PP140ZTUL_C35      11   200   110     624 
  g44719/Y           -       A->Y  F     NAND2_X0P5A_A9PP140ZTUL_C35      49   696   406    1029 
  g44701/Y           -       A->Y  R     INV_X0P6M_A9PP140ZTUL_C35        80   974   740    1769 
  g41552/Y           -       A0->Y F     OAI22_X0P5M_A9PP140ZTUL_C35       1   184    -9    1760 
  ro_reg[1][6][10]/D -       -     F     DFFRPQNA_X1M_A9PP140ZTUL_C35      1     -     0    1760 
#------------------------------------------------------------------------------------------------



Path 39: MET (16 ps) Setup Check with Pin ro_reg[1][6][9]/CK->D
           View: wc_analysis_view
          Group: in2reg
     Startpoint: (F) m_ready
          Clock: (R) CLK
       Endpoint: (F) ro_reg[1][6][9]/D
          Clock: (R) CLK

                     Capture       Launch     
        Clock Edge:+    2000            0     
        Drv Adjust:+       0           13     
       Src Latency:+       0            0     
       Net Latency:+       0 (I)        0 (I) 
           Arrival:=    2000           13     
                                              
             Setup:-      99                  
       Uncertainty:-     125                  
     Required Time:=    1776                  
      Launch Clock:-      13                  
       Input Delay:-     500                  
         Data Path:-    1247                  
             Slack:=      16                  

Exceptions/Constraints:
  input_delay             500             axis_sa.sdc_line_16_3_1 

#-----------------------------------------------------------------------------------------------
#   Timing Point    Flags   Arc   Edge             Cell              Fanout Trans Delay Arrival 
#                                                                            (ps)  (ps)   (ps)  
#-----------------------------------------------------------------------------------------------
  m_ready           -       -     F     (arrival)                         2    30     0     513 
  g39627__3680/Y    -       A->Y  R     NAND2_X0P5A_A9PP140ZTUL_C35      11   200   110     624 
  g44719/Y          -       A->Y  F     NAND2_X0P5A_A9PP140ZTUL_C35      49   696   406    1029 
  g44701/Y          -       A->Y  R     INV_X0P6M_A9PP140ZTUL_C35        80   974   740    1769 
  g41551/Y          -       A0->Y F     OAI22_X0P5M_A9PP140ZTUL_C35       1   184    -9    1760 
  ro_reg[1][6][9]/D -       -     F     DFFRPQNA_X1M_A9PP140ZTUL_C35      1     -     0    1760 
#-----------------------------------------------------------------------------------------------



Path 40: MET (16 ps) Setup Check with Pin ro_reg[1][6][8]/CK->D
           View: wc_analysis_view
          Group: in2reg
     Startpoint: (F) m_ready
          Clock: (R) CLK
       Endpoint: (F) ro_reg[1][6][8]/D
          Clock: (R) CLK

                     Capture       Launch     
        Clock Edge:+    2000            0     
        Drv Adjust:+       0           13     
       Src Latency:+       0            0     
       Net Latency:+       0 (I)        0 (I) 
           Arrival:=    2000           13     
                                              
             Setup:-      99                  
       Uncertainty:-     125                  
     Required Time:=    1776                  
      Launch Clock:-      13                  
       Input Delay:-     500                  
         Data Path:-    1247                  
             Slack:=      16                  

Exceptions/Constraints:
  input_delay             500             axis_sa.sdc_line_16_3_1 

#-----------------------------------------------------------------------------------------------
#   Timing Point    Flags   Arc   Edge             Cell              Fanout Trans Delay Arrival 
#                                                                            (ps)  (ps)   (ps)  
#-----------------------------------------------------------------------------------------------
  m_ready           -       -     F     (arrival)                         2    30     0     513 
  g39627__3680/Y    -       A->Y  R     NAND2_X0P5A_A9PP140ZTUL_C35      11   200   110     624 
  g44719/Y          -       A->Y  F     NAND2_X0P5A_A9PP140ZTUL_C35      49   696   406    1029 
  g44701/Y          -       A->Y  R     INV_X0P6M_A9PP140ZTUL_C35        80   974   740    1769 
  g41550/Y          -       A0->Y F     OAI22_X0P5M_A9PP140ZTUL_C35       1   184    -9    1760 
  ro_reg[1][6][8]/D -       -     F     DFFRPQNA_X1M_A9PP140ZTUL_C35      1     -     0    1760 
#-----------------------------------------------------------------------------------------------



Path 41: MET (16 ps) Setup Check with Pin ro_reg[1][6][7]/CK->D
           View: wc_analysis_view
          Group: in2reg
     Startpoint: (F) m_ready
          Clock: (R) CLK
       Endpoint: (F) ro_reg[1][6][7]/D
          Clock: (R) CLK

                     Capture       Launch     
        Clock Edge:+    2000            0     
        Drv Adjust:+       0           13     
       Src Latency:+       0            0     
       Net Latency:+       0 (I)        0 (I) 
           Arrival:=    2000           13     
                                              
             Setup:-      99                  
       Uncertainty:-     125                  
     Required Time:=    1776                  
      Launch Clock:-      13                  
       Input Delay:-     500                  
         Data Path:-    1247                  
             Slack:=      16                  

Exceptions/Constraints:
  input_delay             500             axis_sa.sdc_line_16_3_1 

#-----------------------------------------------------------------------------------------------
#   Timing Point    Flags   Arc   Edge             Cell              Fanout Trans Delay Arrival 
#                                                                            (ps)  (ps)   (ps)  
#-----------------------------------------------------------------------------------------------
  m_ready           -       -     F     (arrival)                         2    30     0     513 
  g39627__3680/Y    -       A->Y  R     NAND2_X0P5A_A9PP140ZTUL_C35      11   200   110     624 
  g44719/Y          -       A->Y  F     NAND2_X0P5A_A9PP140ZTUL_C35      49   696   406    1029 
  g44701/Y          -       A->Y  R     INV_X0P6M_A9PP140ZTUL_C35        80   974   740    1769 
  g41549/Y          -       A0->Y F     OAI22_X0P5M_A9PP140ZTUL_C35       1   184    -9    1760 
  ro_reg[1][6][7]/D -       -     F     DFFRPQNA_X1M_A9PP140ZTUL_C35      1     -     0    1760 
#-----------------------------------------------------------------------------------------------



Path 42: MET (16 ps) Setup Check with Pin ro_reg[1][6][6]/CK->D
           View: wc_analysis_view
          Group: in2reg
     Startpoint: (F) m_ready
          Clock: (R) CLK
       Endpoint: (F) ro_reg[1][6][6]/D
          Clock: (R) CLK

                     Capture       Launch     
        Clock Edge:+    2000            0     
        Drv Adjust:+       0           13     
       Src Latency:+       0            0     
       Net Latency:+       0 (I)        0 (I) 
           Arrival:=    2000           13     
                                              
             Setup:-      99                  
       Uncertainty:-     125                  
     Required Time:=    1776                  
      Launch Clock:-      13                  
       Input Delay:-     500                  
         Data Path:-    1247                  
             Slack:=      16                  

Exceptions/Constraints:
  input_delay             500             axis_sa.sdc_line_16_3_1 

#-----------------------------------------------------------------------------------------------
#   Timing Point    Flags   Arc   Edge             Cell              Fanout Trans Delay Arrival 
#                                                                            (ps)  (ps)   (ps)  
#-----------------------------------------------------------------------------------------------
  m_ready           -       -     F     (arrival)                         2    30     0     513 
  g39627__3680/Y    -       A->Y  R     NAND2_X0P5A_A9PP140ZTUL_C35      11   200   110     624 
  g44719/Y          -       A->Y  F     NAND2_X0P5A_A9PP140ZTUL_C35      49   696   406    1029 
  g44701/Y          -       A->Y  R     INV_X0P6M_A9PP140ZTUL_C35        80   974   740    1769 
  g41548/Y          -       A0->Y F     OAI22_X0P5M_A9PP140ZTUL_C35       1   184    -9    1760 
  ro_reg[1][6][6]/D -       -     F     DFFRPQNA_X1M_A9PP140ZTUL_C35      1     -     0    1760 
#-----------------------------------------------------------------------------------------------



Path 43: MET (16 ps) Setup Check with Pin ro_reg[1][6][5]/CK->D
           View: wc_analysis_view
          Group: in2reg
     Startpoint: (F) m_ready
          Clock: (R) CLK
       Endpoint: (F) ro_reg[1][6][5]/D
          Clock: (R) CLK

                     Capture       Launch     
        Clock Edge:+    2000            0     
        Drv Adjust:+       0           13     
       Src Latency:+       0            0     
       Net Latency:+       0 (I)        0 (I) 
           Arrival:=    2000           13     
                                              
             Setup:-      99                  
       Uncertainty:-     125                  
     Required Time:=    1776                  
      Launch Clock:-      13                  
       Input Delay:-     500                  
         Data Path:-    1247                  
             Slack:=      16                  

Exceptions/Constraints:
  input_delay             500             axis_sa.sdc_line_16_3_1 

#-----------------------------------------------------------------------------------------------
#   Timing Point    Flags   Arc   Edge             Cell              Fanout Trans Delay Arrival 
#                                                                            (ps)  (ps)   (ps)  
#-----------------------------------------------------------------------------------------------
  m_ready           -       -     F     (arrival)                         2    30     0     513 
  g39627__3680/Y    -       A->Y  R     NAND2_X0P5A_A9PP140ZTUL_C35      11   200   110     624 
  g44719/Y          -       A->Y  F     NAND2_X0P5A_A9PP140ZTUL_C35      49   696   406    1029 
  g44701/Y          -       A->Y  R     INV_X0P6M_A9PP140ZTUL_C35        80   974   740    1769 
  g41547/Y          -       A0->Y F     OAI22_X0P5M_A9PP140ZTUL_C35       1   184    -9    1760 
  ro_reg[1][6][5]/D -       -     F     DFFRPQNA_X1M_A9PP140ZTUL_C35      1     -     0    1760 
#-----------------------------------------------------------------------------------------------



Path 44: MET (16 ps) Setup Check with Pin ro_reg[1][6][4]/CK->D
           View: wc_analysis_view
          Group: in2reg
     Startpoint: (F) m_ready
          Clock: (R) CLK
       Endpoint: (F) ro_reg[1][6][4]/D
          Clock: (R) CLK

                     Capture       Launch     
        Clock Edge:+    2000            0     
        Drv Adjust:+       0           13     
       Src Latency:+       0            0     
       Net Latency:+       0 (I)        0 (I) 
           Arrival:=    2000           13     
                                              
             Setup:-      99                  
       Uncertainty:-     125                  
     Required Time:=    1776                  
      Launch Clock:-      13                  
       Input Delay:-     500                  
         Data Path:-    1247                  
             Slack:=      16                  

Exceptions/Constraints:
  input_delay             500             axis_sa.sdc_line_16_3_1 

#-----------------------------------------------------------------------------------------------
#   Timing Point    Flags   Arc   Edge             Cell              Fanout Trans Delay Arrival 
#                                                                            (ps)  (ps)   (ps)  
#-----------------------------------------------------------------------------------------------
  m_ready           -       -     F     (arrival)                         2    30     0     513 
  g39627__3680/Y    -       A->Y  R     NAND2_X0P5A_A9PP140ZTUL_C35      11   200   110     624 
  g44719/Y          -       A->Y  F     NAND2_X0P5A_A9PP140ZTUL_C35      49   696   406    1029 
  g44701/Y          -       A->Y  R     INV_X0P6M_A9PP140ZTUL_C35        80   974   740    1769 
  g41546/Y          -       A0->Y F     OAI22_X0P5M_A9PP140ZTUL_C35       1   184    -9    1760 
  ro_reg[1][6][4]/D -       -     F     DFFRPQNA_X1M_A9PP140ZTUL_C35      1     -     0    1760 
#-----------------------------------------------------------------------------------------------



Path 45: MET (16 ps) Setup Check with Pin ro_reg[1][6][3]/CK->D
           View: wc_analysis_view
          Group: in2reg
     Startpoint: (F) m_ready
          Clock: (R) CLK
       Endpoint: (F) ro_reg[1][6][3]/D
          Clock: (R) CLK

                     Capture       Launch     
        Clock Edge:+    2000            0     
        Drv Adjust:+       0           13     
       Src Latency:+       0            0     
       Net Latency:+       0 (I)        0 (I) 
           Arrival:=    2000           13     
                                              
             Setup:-      99                  
       Uncertainty:-     125                  
     Required Time:=    1776                  
      Launch Clock:-      13                  
       Input Delay:-     500                  
         Data Path:-    1247                  
             Slack:=      16                  

Exceptions/Constraints:
  input_delay             500             axis_sa.sdc_line_16_3_1 

#-----------------------------------------------------------------------------------------------
#   Timing Point    Flags   Arc   Edge             Cell              Fanout Trans Delay Arrival 
#                                                                            (ps)  (ps)   (ps)  
#-----------------------------------------------------------------------------------------------
  m_ready           -       -     F     (arrival)                         2    30     0     513 
  g39627__3680/Y    -       A->Y  R     NAND2_X0P5A_A9PP140ZTUL_C35      11   200   110     624 
  g44719/Y          -       A->Y  F     NAND2_X0P5A_A9PP140ZTUL_C35      49   696   406    1029 
  g44701/Y          -       A->Y  R     INV_X0P6M_A9PP140ZTUL_C35        80   974   740    1769 
  g41544/Y          -       A0->Y F     OAI22_X0P5M_A9PP140ZTUL_C35       1   184    -9    1760 
  ro_reg[1][6][3]/D -       -     F     DFFRPQNA_X1M_A9PP140ZTUL_C35      1     -     0    1760 
#-----------------------------------------------------------------------------------------------



Path 46: MET (16 ps) Setup Check with Pin ro_reg[1][6][2]/CK->D
           View: wc_analysis_view
          Group: in2reg
     Startpoint: (F) m_ready
          Clock: (R) CLK
       Endpoint: (F) ro_reg[1][6][2]/D
          Clock: (R) CLK

                     Capture       Launch     
        Clock Edge:+    2000            0     
        Drv Adjust:+       0           13     
       Src Latency:+       0            0     
       Net Latency:+       0 (I)        0 (I) 
           Arrival:=    2000           13     
                                              
             Setup:-      99                  
       Uncertainty:-     125                  
     Required Time:=    1776                  
      Launch Clock:-      13                  
       Input Delay:-     500                  
         Data Path:-    1247                  
             Slack:=      16                  

Exceptions/Constraints:
  input_delay             500             axis_sa.sdc_line_16_3_1 

#-----------------------------------------------------------------------------------------------
#   Timing Point    Flags   Arc   Edge             Cell              Fanout Trans Delay Arrival 
#                                                                            (ps)  (ps)   (ps)  
#-----------------------------------------------------------------------------------------------
  m_ready           -       -     F     (arrival)                         2    30     0     513 
  g39627__3680/Y    -       A->Y  R     NAND2_X0P5A_A9PP140ZTUL_C35      11   200   110     624 
  g44719/Y          -       A->Y  F     NAND2_X0P5A_A9PP140ZTUL_C35      49   696   406    1029 
  g44701/Y          -       A->Y  R     INV_X0P6M_A9PP140ZTUL_C35        80   974   740    1769 
  g41545/Y          -       A0->Y F     OAI22_X0P5M_A9PP140ZTUL_C35       1   184    -9    1760 
  ro_reg[1][6][2]/D -       -     F     DFFRPQNA_X1M_A9PP140ZTUL_C35      1     -     0    1760 
#-----------------------------------------------------------------------------------------------



Path 47: MET (16 ps) Setup Check with Pin ro_reg[1][6][1]/CK->D
           View: wc_analysis_view
          Group: in2reg
     Startpoint: (F) m_ready
          Clock: (R) CLK
       Endpoint: (F) ro_reg[1][6][1]/D
          Clock: (R) CLK

                     Capture       Launch     
        Clock Edge:+    2000            0     
        Drv Adjust:+       0           13     
       Src Latency:+       0            0     
       Net Latency:+       0 (I)        0 (I) 
           Arrival:=    2000           13     
                                              
             Setup:-      99                  
       Uncertainty:-     125                  
     Required Time:=    1776                  
      Launch Clock:-      13                  
       Input Delay:-     500                  
         Data Path:-    1247                  
             Slack:=      16                  

Exceptions/Constraints:
  input_delay             500             axis_sa.sdc_line_16_3_1 

#-----------------------------------------------------------------------------------------------
#   Timing Point    Flags   Arc   Edge             Cell              Fanout Trans Delay Arrival 
#                                                                            (ps)  (ps)   (ps)  
#-----------------------------------------------------------------------------------------------
  m_ready           -       -     F     (arrival)                         2    30     0     513 
  g39627__3680/Y    -       A->Y  R     NAND2_X0P5A_A9PP140ZTUL_C35      11   200   110     624 
  g44719/Y          -       A->Y  F     NAND2_X0P5A_A9PP140ZTUL_C35      49   696   406    1029 
  g44701/Y          -       A->Y  R     INV_X0P6M_A9PP140ZTUL_C35        80   974   740    1769 
  g41543/Y          -       A0->Y F     OAI22_X0P5M_A9PP140ZTUL_C35       1   184    -9    1760 
  ro_reg[1][6][1]/D -       -     F     DFFRPQNA_X1M_A9PP140ZTUL_C35      1     -     0    1760 
#-----------------------------------------------------------------------------------------------



Path 48: MET (16 ps) Setup Check with Pin ro_reg[1][6][0]/CK->D
           View: wc_analysis_view
          Group: in2reg
     Startpoint: (F) m_ready
          Clock: (R) CLK
       Endpoint: (F) ro_reg[1][6][0]/D
          Clock: (R) CLK

                     Capture       Launch     
        Clock Edge:+    2000            0     
        Drv Adjust:+       0           13     
       Src Latency:+       0            0     
       Net Latency:+       0 (I)        0 (I) 
           Arrival:=    2000           13     
                                              
             Setup:-      99                  
       Uncertainty:-     125                  
     Required Time:=    1776                  
      Launch Clock:-      13                  
       Input Delay:-     500                  
         Data Path:-    1247                  
             Slack:=      16                  

Exceptions/Constraints:
  input_delay             500             axis_sa.sdc_line_16_3_1 

#-----------------------------------------------------------------------------------------------
#   Timing Point    Flags   Arc   Edge             Cell              Fanout Trans Delay Arrival 
#                                                                            (ps)  (ps)   (ps)  
#-----------------------------------------------------------------------------------------------
  m_ready           -       -     F     (arrival)                         2    30     0     513 
  g39627__3680/Y    -       A->Y  R     NAND2_X0P5A_A9PP140ZTUL_C35      11   200   110     624 
  g44719/Y          -       A->Y  F     NAND2_X0P5A_A9PP140ZTUL_C35      49   696   406    1029 
  g44701/Y          -       A->Y  R     INV_X0P6M_A9PP140ZTUL_C35        80   974   740    1769 
  g41542/Y          -       A0->Y F     OAI22_X0P5M_A9PP140ZTUL_C35       1   184    -9    1760 
  ro_reg[1][6][0]/D -       -     F     DFFRPQNA_X1M_A9PP140ZTUL_C35      1     -     0    1760 
#-----------------------------------------------------------------------------------------------



Path 49: MET (42 ps) Setup Check with Pin ro_reg[0][7][15]/CK->D
           View: wc_analysis_view
          Group: in2reg
     Startpoint: (F) m_ready
          Clock: (R) CLK
       Endpoint: (F) ro_reg[0][7][15]/D
          Clock: (R) CLK

                     Capture       Launch     
        Clock Edge:+    2000            0     
        Drv Adjust:+       0           13     
       Src Latency:+       0            0     
       Net Latency:+       0 (I)        0 (I) 
           Arrival:=    2000           13     
                                              
             Setup:-      88                  
       Uncertainty:-     125                  
     Required Time:=    1787                  
      Launch Clock:-      13                  
       Input Delay:-     500                  
         Data Path:-    1232                  
             Slack:=      42                  

Exceptions/Constraints:
  input_delay             500             axis_sa.sdc_line_16_3_1 

#-------------------------------------------------------------------------------------------------
#   Timing Point     Flags   Arc   Edge             Cell               Fanout Trans Delay Arrival 
#                                                                              (ps)  (ps)   (ps)  
#-------------------------------------------------------------------------------------------------
  m_ready            -       -     F     (arrival)                          2    30     0     513 
  g39627__3680/Y     -       A->Y  R     NAND2_X0P5A_A9PP140ZTUL_C35       11   200   110     624 
  g44719/Y           -       A->Y  F     NAND2_X0P5A_A9PP140ZTUL_C35       49   696   406    1029 
  g44701/Y           -       A->Y  R     INV_X0P6M_A9PP140ZTUL_C35         80   974   740    1769 
  g41541/Y           -       A0->Y F     OAI22BB_X0P5M_A9PP140ZTUL_C35      1   176   -25    1745 
  ro_reg[0][7][15]/D -       -     F     DFFRPQA_X1M_A9PP140ZTUL_C35        1     -     0    1745 
#-------------------------------------------------------------------------------------------------



Path 50: MET (42 ps) Setup Check with Pin ro_reg[0][7][14]/CK->D
           View: wc_analysis_view
          Group: in2reg
     Startpoint: (F) m_ready
          Clock: (R) CLK
       Endpoint: (F) ro_reg[0][7][14]/D
          Clock: (R) CLK

                     Capture       Launch     
        Clock Edge:+    2000            0     
        Drv Adjust:+       0           13     
       Src Latency:+       0            0     
       Net Latency:+       0 (I)        0 (I) 
           Arrival:=    2000           13     
                                              
             Setup:-      88                  
       Uncertainty:-     125                  
     Required Time:=    1787                  
      Launch Clock:-      13                  
       Input Delay:-     500                  
         Data Path:-    1232                  
             Slack:=      42                  

Exceptions/Constraints:
  input_delay             500             axis_sa.sdc_line_16_3_1 

#-------------------------------------------------------------------------------------------------
#   Timing Point     Flags   Arc   Edge             Cell               Fanout Trans Delay Arrival 
#                                                                              (ps)  (ps)   (ps)  
#-------------------------------------------------------------------------------------------------
  m_ready            -       -     F     (arrival)                          2    30     0     513 
  g39627__3680/Y     -       A->Y  R     NAND2_X0P5A_A9PP140ZTUL_C35       11   200   110     624 
  g44719/Y           -       A->Y  F     NAND2_X0P5A_A9PP140ZTUL_C35       49   696   406    1029 
  g44701/Y           -       A->Y  R     INV_X0P6M_A9PP140ZTUL_C35         80   974   740    1769 
  g41540/Y           -       A0->Y F     OAI22BB_X0P5M_A9PP140ZTUL_C35      1   176   -25    1745 
  ro_reg[0][7][14]/D -       -     F     DFFRPQA_X1M_A9PP140ZTUL_C35        1     -     0    1745 
#-------------------------------------------------------------------------------------------------



Path 51: MET (42 ps) Setup Check with Pin ro_reg[0][7][13]/CK->D
           View: wc_analysis_view
          Group: in2reg
     Startpoint: (F) m_ready
          Clock: (R) CLK
       Endpoint: (F) ro_reg[0][7][13]/D
          Clock: (R) CLK

                     Capture       Launch     
        Clock Edge:+    2000            0     
        Drv Adjust:+       0           13     
       Src Latency:+       0            0     
       Net Latency:+       0 (I)        0 (I) 
           Arrival:=    2000           13     
                                              
             Setup:-      88                  
       Uncertainty:-     125                  
     Required Time:=    1787                  
      Launch Clock:-      13                  
       Input Delay:-     500                  
         Data Path:-    1232                  
             Slack:=      42                  

Exceptions/Constraints:
  input_delay             500             axis_sa.sdc_line_16_3_1 

#-------------------------------------------------------------------------------------------------
#   Timing Point     Flags   Arc   Edge             Cell               Fanout Trans Delay Arrival 
#                                                                              (ps)  (ps)   (ps)  
#-------------------------------------------------------------------------------------------------
  m_ready            -       -     F     (arrival)                          2    30     0     513 
  g39627__3680/Y     -       A->Y  R     NAND2_X0P5A_A9PP140ZTUL_C35       11   200   110     624 
  g44719/Y           -       A->Y  F     NAND2_X0P5A_A9PP140ZTUL_C35       49   696   406    1029 
  g44701/Y           -       A->Y  R     INV_X0P6M_A9PP140ZTUL_C35         80   974   740    1769 
  g41538/Y           -       A0->Y F     OAI22BB_X0P5M_A9PP140ZTUL_C35      1   176   -25    1745 
  ro_reg[0][7][13]/D -       -     F     DFFRPQA_X1M_A9PP140ZTUL_C35        1     -     0    1745 
#-------------------------------------------------------------------------------------------------



Path 52: MET (42 ps) Setup Check with Pin ro_reg[0][7][12]/CK->D
           View: wc_analysis_view
          Group: in2reg
     Startpoint: (F) m_ready
          Clock: (R) CLK
       Endpoint: (F) ro_reg[0][7][12]/D
          Clock: (R) CLK

                     Capture       Launch     
        Clock Edge:+    2000            0     
        Drv Adjust:+       0           13     
       Src Latency:+       0            0     
       Net Latency:+       0 (I)        0 (I) 
           Arrival:=    2000           13     
                                              
             Setup:-      88                  
       Uncertainty:-     125                  
     Required Time:=    1787                  
      Launch Clock:-      13                  
       Input Delay:-     500                  
         Data Path:-    1232                  
             Slack:=      42                  

Exceptions/Constraints:
  input_delay             500             axis_sa.sdc_line_16_3_1 

#-------------------------------------------------------------------------------------------------
#   Timing Point     Flags   Arc   Edge             Cell               Fanout Trans Delay Arrival 
#                                                                              (ps)  (ps)   (ps)  
#-------------------------------------------------------------------------------------------------
  m_ready            -       -     F     (arrival)                          2    30     0     513 
  g39627__3680/Y     -       A->Y  R     NAND2_X0P5A_A9PP140ZTUL_C35       11   200   110     624 
  g44719/Y           -       A->Y  F     NAND2_X0P5A_A9PP140ZTUL_C35       49   696   406    1029 
  g44701/Y           -       A->Y  R     INV_X0P6M_A9PP140ZTUL_C35         80   974   740    1769 
  g41539/Y           -       A0->Y F     OAI22BB_X0P5M_A9PP140ZTUL_C35      1   176   -25    1745 
  ro_reg[0][7][12]/D -       -     F     DFFRPQA_X1M_A9PP140ZTUL_C35        1     -     0    1745 
#-------------------------------------------------------------------------------------------------



Path 53: MET (42 ps) Setup Check with Pin ro_reg[0][7][11]/CK->D
           View: wc_analysis_view
          Group: in2reg
     Startpoint: (F) m_ready
          Clock: (R) CLK
       Endpoint: (F) ro_reg[0][7][11]/D
          Clock: (R) CLK

                     Capture       Launch     
        Clock Edge:+    2000            0     
        Drv Adjust:+       0           13     
       Src Latency:+       0            0     
       Net Latency:+       0 (I)        0 (I) 
           Arrival:=    2000           13     
                                              
             Setup:-      88                  
       Uncertainty:-     125                  
     Required Time:=    1787                  
      Launch Clock:-      13                  
       Input Delay:-     500                  
         Data Path:-    1232                  
             Slack:=      42                  

Exceptions/Constraints:
  input_delay             500             axis_sa.sdc_line_16_3_1 

#-------------------------------------------------------------------------------------------------
#   Timing Point     Flags   Arc   Edge             Cell               Fanout Trans Delay Arrival 
#                                                                              (ps)  (ps)   (ps)  
#-------------------------------------------------------------------------------------------------
  m_ready            -       -     F     (arrival)                          2    30     0     513 
  g39627__3680/Y     -       A->Y  R     NAND2_X0P5A_A9PP140ZTUL_C35       11   200   110     624 
  g44719/Y           -       A->Y  F     NAND2_X0P5A_A9PP140ZTUL_C35       49   696   406    1029 
  g44701/Y           -       A->Y  R     INV_X0P6M_A9PP140ZTUL_C35         80   974   740    1769 
  g41537/Y           -       A0->Y F     OAI22BB_X0P5M_A9PP140ZTUL_C35      1   176   -25    1745 
  ro_reg[0][7][11]/D -       -     F     DFFRPQA_X1M_A9PP140ZTUL_C35        1     -     0    1745 
#-------------------------------------------------------------------------------------------------



Path 54: MET (42 ps) Setup Check with Pin ro_reg[0][7][10]/CK->D
           View: wc_analysis_view
          Group: in2reg
     Startpoint: (F) m_ready
          Clock: (R) CLK
       Endpoint: (F) ro_reg[0][7][10]/D
          Clock: (R) CLK

                     Capture       Launch     
        Clock Edge:+    2000            0     
        Drv Adjust:+       0           13     
       Src Latency:+       0            0     
       Net Latency:+       0 (I)        0 (I) 
           Arrival:=    2000           13     
                                              
             Setup:-      88                  
       Uncertainty:-     125                  
     Required Time:=    1787                  
      Launch Clock:-      13                  
       Input Delay:-     500                  
         Data Path:-    1232                  
             Slack:=      42                  

Exceptions/Constraints:
  input_delay             500             axis_sa.sdc_line_16_3_1 

#-------------------------------------------------------------------------------------------------
#   Timing Point     Flags   Arc   Edge             Cell               Fanout Trans Delay Arrival 
#                                                                              (ps)  (ps)   (ps)  
#-------------------------------------------------------------------------------------------------
  m_ready            -       -     F     (arrival)                          2    30     0     513 
  g39627__3680/Y     -       A->Y  R     NAND2_X0P5A_A9PP140ZTUL_C35       11   200   110     624 
  g44719/Y           -       A->Y  F     NAND2_X0P5A_A9PP140ZTUL_C35       49   696   406    1029 
  g44701/Y           -       A->Y  R     INV_X0P6M_A9PP140ZTUL_C35         80   974   740    1769 
  g41536/Y           -       A0->Y F     OAI22BB_X0P5M_A9PP140ZTUL_C35      1   176   -25    1745 
  ro_reg[0][7][10]/D -       -     F     DFFRPQA_X1M_A9PP140ZTUL_C35        1     -     0    1745 
#-------------------------------------------------------------------------------------------------



Path 55: MET (42 ps) Setup Check with Pin ro_reg[0][7][9]/CK->D
           View: wc_analysis_view
          Group: in2reg
     Startpoint: (F) m_ready
          Clock: (R) CLK
       Endpoint: (F) ro_reg[0][7][9]/D
          Clock: (R) CLK

                     Capture       Launch     
        Clock Edge:+    2000            0     
        Drv Adjust:+       0           13     
       Src Latency:+       0            0     
       Net Latency:+       0 (I)        0 (I) 
           Arrival:=    2000           13     
                                              
             Setup:-      88                  
       Uncertainty:-     125                  
     Required Time:=    1787                  
      Launch Clock:-      13                  
       Input Delay:-     500                  
         Data Path:-    1232                  
             Slack:=      42                  

Exceptions/Constraints:
  input_delay             500             axis_sa.sdc_line_16_3_1 

#------------------------------------------------------------------------------------------------
#   Timing Point    Flags   Arc   Edge             Cell               Fanout Trans Delay Arrival 
#                                                                             (ps)  (ps)   (ps)  
#------------------------------------------------------------------------------------------------
  m_ready           -       -     F     (arrival)                          2    30     0     513 
  g39627__3680/Y    -       A->Y  R     NAND2_X0P5A_A9PP140ZTUL_C35       11   200   110     624 
  g44719/Y          -       A->Y  F     NAND2_X0P5A_A9PP140ZTUL_C35       49   696   406    1029 
  g44701/Y          -       A->Y  R     INV_X0P6M_A9PP140ZTUL_C35         80   974   740    1769 
  g41535/Y          -       A0->Y F     OAI22BB_X0P5M_A9PP140ZTUL_C35      1   176   -25    1745 
  ro_reg[0][7][9]/D -       -     F     DFFRPQA_X1M_A9PP140ZTUL_C35        1     -     0    1745 
#------------------------------------------------------------------------------------------------



Path 56: MET (42 ps) Setup Check with Pin ro_reg[0][7][8]/CK->D
           View: wc_analysis_view
          Group: in2reg
     Startpoint: (F) m_ready
          Clock: (R) CLK
       Endpoint: (F) ro_reg[0][7][8]/D
          Clock: (R) CLK

                     Capture       Launch     
        Clock Edge:+    2000            0     
        Drv Adjust:+       0           13     
       Src Latency:+       0            0     
       Net Latency:+       0 (I)        0 (I) 
           Arrival:=    2000           13     
                                              
             Setup:-      88                  
       Uncertainty:-     125                  
     Required Time:=    1787                  
      Launch Clock:-      13                  
       Input Delay:-     500                  
         Data Path:-    1232                  
             Slack:=      42                  

Exceptions/Constraints:
  input_delay             500             axis_sa.sdc_line_16_3_1 

#------------------------------------------------------------------------------------------------
#   Timing Point    Flags   Arc   Edge             Cell               Fanout Trans Delay Arrival 
#                                                                             (ps)  (ps)   (ps)  
#------------------------------------------------------------------------------------------------
  m_ready           -       -     F     (arrival)                          2    30     0     513 
  g39627__3680/Y    -       A->Y  R     NAND2_X0P5A_A9PP140ZTUL_C35       11   200   110     624 
  g44719/Y          -       A->Y  F     NAND2_X0P5A_A9PP140ZTUL_C35       49   696   406    1029 
  g44701/Y          -       A->Y  R     INV_X0P6M_A9PP140ZTUL_C35         80   974   740    1769 
  g41534/Y          -       A0->Y F     OAI22BB_X0P5M_A9PP140ZTUL_C35      1   176   -25    1745 
  ro_reg[0][7][8]/D -       -     F     DFFRPQA_X1M_A9PP140ZTUL_C35        1     -     0    1745 
#------------------------------------------------------------------------------------------------



Path 57: MET (42 ps) Setup Check with Pin ro_reg[0][7][7]/CK->D
           View: wc_analysis_view
          Group: in2reg
     Startpoint: (F) m_ready
          Clock: (R) CLK
       Endpoint: (F) ro_reg[0][7][7]/D
          Clock: (R) CLK

                     Capture       Launch     
        Clock Edge:+    2000            0     
        Drv Adjust:+       0           13     
       Src Latency:+       0            0     
       Net Latency:+       0 (I)        0 (I) 
           Arrival:=    2000           13     
                                              
             Setup:-      88                  
       Uncertainty:-     125                  
     Required Time:=    1787                  
      Launch Clock:-      13                  
       Input Delay:-     500                  
         Data Path:-    1232                  
             Slack:=      42                  

Exceptions/Constraints:
  input_delay             500             axis_sa.sdc_line_16_3_1 

#------------------------------------------------------------------------------------------------
#   Timing Point    Flags   Arc   Edge             Cell               Fanout Trans Delay Arrival 
#                                                                             (ps)  (ps)   (ps)  
#------------------------------------------------------------------------------------------------
  m_ready           -       -     F     (arrival)                          2    30     0     513 
  g39627__3680/Y    -       A->Y  R     NAND2_X0P5A_A9PP140ZTUL_C35       11   200   110     624 
  g44719/Y          -       A->Y  F     NAND2_X0P5A_A9PP140ZTUL_C35       49   696   406    1029 
  g44701/Y          -       A->Y  R     INV_X0P6M_A9PP140ZTUL_C35         80   974   740    1769 
  g41533/Y          -       A0->Y F     OAI22BB_X0P5M_A9PP140ZTUL_C35      1   176   -25    1745 
  ro_reg[0][7][7]/D -       -     F     DFFRPQA_X1M_A9PP140ZTUL_C35        1     -     0    1745 
#------------------------------------------------------------------------------------------------



Path 58: MET (42 ps) Setup Check with Pin ro_reg[0][7][6]/CK->D
           View: wc_analysis_view
          Group: in2reg
     Startpoint: (F) m_ready
          Clock: (R) CLK
       Endpoint: (F) ro_reg[0][7][6]/D
          Clock: (R) CLK

                     Capture       Launch     
        Clock Edge:+    2000            0     
        Drv Adjust:+       0           13     
       Src Latency:+       0            0     
       Net Latency:+       0 (I)        0 (I) 
           Arrival:=    2000           13     
                                              
             Setup:-      88                  
       Uncertainty:-     125                  
     Required Time:=    1787                  
      Launch Clock:-      13                  
       Input Delay:-     500                  
         Data Path:-    1232                  
             Slack:=      42                  

Exceptions/Constraints:
  input_delay             500             axis_sa.sdc_line_16_3_1 

#------------------------------------------------------------------------------------------------
#   Timing Point    Flags   Arc   Edge             Cell               Fanout Trans Delay Arrival 
#                                                                             (ps)  (ps)   (ps)  
#------------------------------------------------------------------------------------------------
  m_ready           -       -     F     (arrival)                          2    30     0     513 
  g39627__3680/Y    -       A->Y  R     NAND2_X0P5A_A9PP140ZTUL_C35       11   200   110     624 
  g44719/Y          -       A->Y  F     NAND2_X0P5A_A9PP140ZTUL_C35       49   696   406    1029 
  g44701/Y          -       A->Y  R     INV_X0P6M_A9PP140ZTUL_C35         80   974   740    1769 
  g41532/Y          -       A0->Y F     OAI22BB_X0P5M_A9PP140ZTUL_C35      1   176   -25    1745 
  ro_reg[0][7][6]/D -       -     F     DFFRPQA_X1M_A9PP140ZTUL_C35        1     -     0    1745 
#------------------------------------------------------------------------------------------------



Path 59: MET (42 ps) Setup Check with Pin ro_reg[0][7][5]/CK->D
           View: wc_analysis_view
          Group: in2reg
     Startpoint: (F) m_ready
          Clock: (R) CLK
       Endpoint: (F) ro_reg[0][7][5]/D
          Clock: (R) CLK

                     Capture       Launch     
        Clock Edge:+    2000            0     
        Drv Adjust:+       0           13     
       Src Latency:+       0            0     
       Net Latency:+       0 (I)        0 (I) 
           Arrival:=    2000           13     
                                              
             Setup:-      88                  
       Uncertainty:-     125                  
     Required Time:=    1787                  
      Launch Clock:-      13                  
       Input Delay:-     500                  
         Data Path:-    1232                  
             Slack:=      42                  

Exceptions/Constraints:
  input_delay             500             axis_sa.sdc_line_16_3_1 

#------------------------------------------------------------------------------------------------
#   Timing Point    Flags   Arc   Edge             Cell               Fanout Trans Delay Arrival 
#                                                                             (ps)  (ps)   (ps)  
#------------------------------------------------------------------------------------------------
  m_ready           -       -     F     (arrival)                          2    30     0     513 
  g39627__3680/Y    -       A->Y  R     NAND2_X0P5A_A9PP140ZTUL_C35       11   200   110     624 
  g44719/Y          -       A->Y  F     NAND2_X0P5A_A9PP140ZTUL_C35       49   696   406    1029 
  g44701/Y          -       A->Y  R     INV_X0P6M_A9PP140ZTUL_C35         80   974   740    1769 
  g41531/Y          -       A0->Y F     OAI22BB_X0P5M_A9PP140ZTUL_C35      1   176   -25    1745 
  ro_reg[0][7][5]/D -       -     F     DFFRPQA_X1M_A9PP140ZTUL_C35        1     -     0    1745 
#------------------------------------------------------------------------------------------------



Path 60: MET (42 ps) Setup Check with Pin ro_reg[0][7][4]/CK->D
           View: wc_analysis_view
          Group: in2reg
     Startpoint: (F) m_ready
          Clock: (R) CLK
       Endpoint: (F) ro_reg[0][7][4]/D
          Clock: (R) CLK

                     Capture       Launch     
        Clock Edge:+    2000            0     
        Drv Adjust:+       0           13     
       Src Latency:+       0            0     
       Net Latency:+       0 (I)        0 (I) 
           Arrival:=    2000           13     
                                              
             Setup:-      88                  
       Uncertainty:-     125                  
     Required Time:=    1787                  
      Launch Clock:-      13                  
       Input Delay:-     500                  
         Data Path:-    1232                  
             Slack:=      42                  

Exceptions/Constraints:
  input_delay             500             axis_sa.sdc_line_16_3_1 

#------------------------------------------------------------------------------------------------
#   Timing Point    Flags   Arc   Edge             Cell               Fanout Trans Delay Arrival 
#                                                                             (ps)  (ps)   (ps)  
#------------------------------------------------------------------------------------------------
  m_ready           -       -     F     (arrival)                          2    30     0     513 
  g39627__3680/Y    -       A->Y  R     NAND2_X0P5A_A9PP140ZTUL_C35       11   200   110     624 
  g44719/Y          -       A->Y  F     NAND2_X0P5A_A9PP140ZTUL_C35       49   696   406    1029 
  g44701/Y          -       A->Y  R     INV_X0P6M_A9PP140ZTUL_C35         80   974   740    1769 
  g41530/Y          -       A0->Y F     OAI22BB_X0P5M_A9PP140ZTUL_C35      1   176   -25    1745 
  ro_reg[0][7][4]/D -       -     F     DFFRPQA_X1M_A9PP140ZTUL_C35        1     -     0    1745 
#------------------------------------------------------------------------------------------------



Path 61: MET (42 ps) Setup Check with Pin ro_reg[0][7][3]/CK->D
           View: wc_analysis_view
          Group: in2reg
     Startpoint: (F) m_ready
          Clock: (R) CLK
       Endpoint: (F) ro_reg[0][7][3]/D
          Clock: (R) CLK

                     Capture       Launch     
        Clock Edge:+    2000            0     
        Drv Adjust:+       0           13     
       Src Latency:+       0            0     
       Net Latency:+       0 (I)        0 (I) 
           Arrival:=    2000           13     
                                              
             Setup:-      88                  
       Uncertainty:-     125                  
     Required Time:=    1787                  
      Launch Clock:-      13                  
       Input Delay:-     500                  
         Data Path:-    1232                  
             Slack:=      42                  

Exceptions/Constraints:
  input_delay             500             axis_sa.sdc_line_16_3_1 

#------------------------------------------------------------------------------------------------
#   Timing Point    Flags   Arc   Edge             Cell               Fanout Trans Delay Arrival 
#                                                                             (ps)  (ps)   (ps)  
#------------------------------------------------------------------------------------------------
  m_ready           -       -     F     (arrival)                          2    30     0     513 
  g39627__3680/Y    -       A->Y  R     NAND2_X0P5A_A9PP140ZTUL_C35       11   200   110     624 
  g44719/Y          -       A->Y  F     NAND2_X0P5A_A9PP140ZTUL_C35       49   696   406    1029 
  g44701/Y          -       A->Y  R     INV_X0P6M_A9PP140ZTUL_C35         80   974   740    1769 
  g41529/Y          -       A0->Y F     OAI22BB_X0P5M_A9PP140ZTUL_C35      1   176   -25    1745 
  ro_reg[0][7][3]/D -       -     F     DFFRPQA_X1M_A9PP140ZTUL_C35        1     -     0    1745 
#------------------------------------------------------------------------------------------------



Path 62: MET (42 ps) Setup Check with Pin ro_reg[0][7][2]/CK->D
           View: wc_analysis_view
          Group: in2reg
     Startpoint: (F) m_ready
          Clock: (R) CLK
       Endpoint: (F) ro_reg[0][7][2]/D
          Clock: (R) CLK

                     Capture       Launch     
        Clock Edge:+    2000            0     
        Drv Adjust:+       0           13     
       Src Latency:+       0            0     
       Net Latency:+       0 (I)        0 (I) 
           Arrival:=    2000           13     
                                              
             Setup:-      88                  
       Uncertainty:-     125                  
     Required Time:=    1787                  
      Launch Clock:-      13                  
       Input Delay:-     500                  
         Data Path:-    1232                  
             Slack:=      42                  

Exceptions/Constraints:
  input_delay             500             axis_sa.sdc_line_16_3_1 

#------------------------------------------------------------------------------------------------
#   Timing Point    Flags   Arc   Edge             Cell               Fanout Trans Delay Arrival 
#                                                                             (ps)  (ps)   (ps)  
#------------------------------------------------------------------------------------------------
  m_ready           -       -     F     (arrival)                          2    30     0     513 
  g39627__3680/Y    -       A->Y  R     NAND2_X0P5A_A9PP140ZTUL_C35       11   200   110     624 
  g44719/Y          -       A->Y  F     NAND2_X0P5A_A9PP140ZTUL_C35       49   696   406    1029 
  g44701/Y          -       A->Y  R     INV_X0P6M_A9PP140ZTUL_C35         80   974   740    1769 
  g41527/Y          -       A0->Y F     OAI22BB_X0P5M_A9PP140ZTUL_C35      1   176   -25    1745 
  ro_reg[0][7][2]/D -       -     F     DFFRPQA_X1M_A9PP140ZTUL_C35        1     -     0    1745 
#------------------------------------------------------------------------------------------------



Path 63: MET (42 ps) Setup Check with Pin ro_reg[0][7][1]/CK->D
           View: wc_analysis_view
          Group: in2reg
     Startpoint: (F) m_ready
          Clock: (R) CLK
       Endpoint: (F) ro_reg[0][7][1]/D
          Clock: (R) CLK

                     Capture       Launch     
        Clock Edge:+    2000            0     
        Drv Adjust:+       0           13     
       Src Latency:+       0            0     
       Net Latency:+       0 (I)        0 (I) 
           Arrival:=    2000           13     
                                              
             Setup:-      88                  
       Uncertainty:-     125                  
     Required Time:=    1787                  
      Launch Clock:-      13                  
       Input Delay:-     500                  
         Data Path:-    1232                  
             Slack:=      42                  

Exceptions/Constraints:
  input_delay             500             axis_sa.sdc_line_16_3_1 

#------------------------------------------------------------------------------------------------
#   Timing Point    Flags   Arc   Edge             Cell               Fanout Trans Delay Arrival 
#                                                                             (ps)  (ps)   (ps)  
#------------------------------------------------------------------------------------------------
  m_ready           -       -     F     (arrival)                          2    30     0     513 
  g39627__3680/Y    -       A->Y  R     NAND2_X0P5A_A9PP140ZTUL_C35       11   200   110     624 
  g44719/Y          -       A->Y  F     NAND2_X0P5A_A9PP140ZTUL_C35       49   696   406    1029 
  g44701/Y          -       A->Y  R     INV_X0P6M_A9PP140ZTUL_C35         80   974   740    1769 
  g41526/Y          -       A0->Y F     OAI22BB_X0P5M_A9PP140ZTUL_C35      1   176   -25    1745 
  ro_reg[0][7][1]/D -       -     F     DFFRPQA_X1M_A9PP140ZTUL_C35        1     -     0    1745 
#------------------------------------------------------------------------------------------------



Path 64: MET (42 ps) Setup Check with Pin ro_reg[0][7][0]/CK->D
           View: wc_analysis_view
          Group: in2reg
     Startpoint: (F) m_ready
          Clock: (R) CLK
       Endpoint: (F) ro_reg[0][7][0]/D
          Clock: (R) CLK

                     Capture       Launch     
        Clock Edge:+    2000            0     
        Drv Adjust:+       0           13     
       Src Latency:+       0            0     
       Net Latency:+       0 (I)        0 (I) 
           Arrival:=    2000           13     
                                              
             Setup:-      88                  
       Uncertainty:-     125                  
     Required Time:=    1787                  
      Launch Clock:-      13                  
       Input Delay:-     500                  
         Data Path:-    1232                  
             Slack:=      42                  

Exceptions/Constraints:
  input_delay             500             axis_sa.sdc_line_16_3_1 

#------------------------------------------------------------------------------------------------
#   Timing Point    Flags   Arc   Edge             Cell               Fanout Trans Delay Arrival 
#                                                                             (ps)  (ps)   (ps)  
#------------------------------------------------------------------------------------------------
  m_ready           -       -     F     (arrival)                          2    30     0     513 
  g39627__3680/Y    -       A->Y  R     NAND2_X0P5A_A9PP140ZTUL_C35       11   200   110     624 
  g44719/Y          -       A->Y  F     NAND2_X0P5A_A9PP140ZTUL_C35       49   696   406    1029 
  g44701/Y          -       A->Y  R     INV_X0P6M_A9PP140ZTUL_C35         80   974   740    1769 
  g41528/Y          -       A0->Y F     OAI22BB_X0P5M_A9PP140ZTUL_C35      1   176   -25    1745 
  ro_reg[0][7][0]/D -       -     F     DFFRPQA_X1M_A9PP140ZTUL_C35        1     -     0    1745 
#------------------------------------------------------------------------------------------------



Path 65: MET (46 ps) Setup Check with Pin ro_reg[3][1][15]/CK->D
           View: wc_analysis_view
          Group: in2reg
     Startpoint: (F) m_ready
          Clock: (R) CLK
       Endpoint: (F) ro_reg[3][1][15]/D
          Clock: (R) CLK

                     Capture       Launch     
        Clock Edge:+    2000            0     
        Drv Adjust:+       0           13     
       Src Latency:+       0            0     
       Net Latency:+       0 (I)        0 (I) 
           Arrival:=    2000           13     
                                              
             Setup:-      92                  
       Uncertainty:-     125                  
     Required Time:=    1783                  
      Launch Clock:-      13                  
       Input Delay:-     500                  
         Data Path:-    1224                  
             Slack:=      46                  

Exceptions/Constraints:
  input_delay             500             axis_sa.sdc_line_16_3_1 

#------------------------------------------------------------------------------------------------
#   Timing Point     Flags   Arc   Edge             Cell              Fanout Trans Delay Arrival 
#                                                                             (ps)  (ps)   (ps)  
#------------------------------------------------------------------------------------------------
  m_ready            -       -     F     (arrival)                         2    30     0     513 
  g39627__3680/Y     -       A->Y  R     NAND2_X0P5A_A9PP140ZTUL_C35      11   200   110     624 
  g44752/Y           -       A->Y  F     INV_X0P5B_A9PP140ZTUL_C35        21   278   189     812 
  g44155/Y           -       A->Y  F     OR2_X0P5M_A9PP140ZTUL_C35        65   528   338    1150 
  g43622/Y           -       A->Y  R     INV_X0P6M_A9PP140ZTUL_C35        64   776   581    1731 
  g41129/Y           -       A0->Y F     OAI22_X0P5M_A9PP140ZTUL_C35       1   160     6    1737 
  ro_reg[3][1][15]/D -       -     F     DFFRPQNA_X1M_A9PP140ZTUL_C35      1     -     0    1737 
#------------------------------------------------------------------------------------------------



Path 66: MET (46 ps) Setup Check with Pin ro_reg[3][1][14]/CK->D
           View: wc_analysis_view
          Group: in2reg
     Startpoint: (F) m_ready
          Clock: (R) CLK
       Endpoint: (F) ro_reg[3][1][14]/D
          Clock: (R) CLK

                     Capture       Launch     
        Clock Edge:+    2000            0     
        Drv Adjust:+       0           13     
       Src Latency:+       0            0     
       Net Latency:+       0 (I)        0 (I) 
           Arrival:=    2000           13     
                                              
             Setup:-      92                  
       Uncertainty:-     125                  
     Required Time:=    1783                  
      Launch Clock:-      13                  
       Input Delay:-     500                  
         Data Path:-    1224                  
             Slack:=      46                  

Exceptions/Constraints:
  input_delay             500             axis_sa.sdc_line_16_3_1 

#------------------------------------------------------------------------------------------------
#   Timing Point     Flags   Arc   Edge             Cell              Fanout Trans Delay Arrival 
#                                                                             (ps)  (ps)   (ps)  
#------------------------------------------------------------------------------------------------
  m_ready            -       -     F     (arrival)                         2    30     0     513 
  g39627__3680/Y     -       A->Y  R     NAND2_X0P5A_A9PP140ZTUL_C35      11   200   110     624 
  g44752/Y           -       A->Y  F     INV_X0P5B_A9PP140ZTUL_C35        21   278   189     812 
  g44155/Y           -       A->Y  F     OR2_X0P5M_A9PP140ZTUL_C35        65   528   338    1150 
  g43622/Y           -       A->Y  R     INV_X0P6M_A9PP140ZTUL_C35        64   776   581    1731 
  g41128/Y           -       A0->Y F     OAI22_X0P5M_A9PP140ZTUL_C35       1   160     6    1737 
  ro_reg[3][1][14]/D -       -     F     DFFRPQNA_X1M_A9PP140ZTUL_C35      1     -     0    1737 
#------------------------------------------------------------------------------------------------



Path 67: MET (46 ps) Setup Check with Pin ro_reg[3][1][13]/CK->D
           View: wc_analysis_view
          Group: in2reg
     Startpoint: (F) m_ready
          Clock: (R) CLK
       Endpoint: (F) ro_reg[3][1][13]/D
          Clock: (R) CLK

                     Capture       Launch     
        Clock Edge:+    2000            0     
        Drv Adjust:+       0           13     
       Src Latency:+       0            0     
       Net Latency:+       0 (I)        0 (I) 
           Arrival:=    2000           13     
                                              
             Setup:-      92                  
       Uncertainty:-     125                  
     Required Time:=    1783                  
      Launch Clock:-      13                  
       Input Delay:-     500                  
         Data Path:-    1224                  
             Slack:=      46                  

Exceptions/Constraints:
  input_delay             500             axis_sa.sdc_line_16_3_1 

#------------------------------------------------------------------------------------------------
#   Timing Point     Flags   Arc   Edge             Cell              Fanout Trans Delay Arrival 
#                                                                             (ps)  (ps)   (ps)  
#------------------------------------------------------------------------------------------------
  m_ready            -       -     F     (arrival)                         2    30     0     513 
  g39627__3680/Y     -       A->Y  R     NAND2_X0P5A_A9PP140ZTUL_C35      11   200   110     624 
  g44752/Y           -       A->Y  F     INV_X0P5B_A9PP140ZTUL_C35        21   278   189     812 
  g44155/Y           -       A->Y  F     OR2_X0P5M_A9PP140ZTUL_C35        65   528   338    1150 
  g43622/Y           -       A->Y  R     INV_X0P6M_A9PP140ZTUL_C35        64   776   581    1731 
  g41127/Y           -       A0->Y F     OAI22_X0P5M_A9PP140ZTUL_C35       1   160     6    1737 
  ro_reg[3][1][13]/D -       -     F     DFFRPQNA_X1M_A9PP140ZTUL_C35      1     -     0    1737 
#------------------------------------------------------------------------------------------------



Path 68: MET (46 ps) Setup Check with Pin ro_reg[3][1][11]/CK->D
           View: wc_analysis_view
          Group: in2reg
     Startpoint: (F) m_ready
          Clock: (R) CLK
       Endpoint: (F) ro_reg[3][1][11]/D
          Clock: (R) CLK

                     Capture       Launch     
        Clock Edge:+    2000            0     
        Drv Adjust:+       0           13     
       Src Latency:+       0            0     
       Net Latency:+       0 (I)        0 (I) 
           Arrival:=    2000           13     
                                              
             Setup:-      92                  
       Uncertainty:-     125                  
     Required Time:=    1783                  
      Launch Clock:-      13                  
       Input Delay:-     500                  
         Data Path:-    1224                  
             Slack:=      46                  

Exceptions/Constraints:
  input_delay             500             axis_sa.sdc_line_16_3_1 

#------------------------------------------------------------------------------------------------
#   Timing Point     Flags   Arc   Edge             Cell              Fanout Trans Delay Arrival 
#                                                                             (ps)  (ps)   (ps)  
#------------------------------------------------------------------------------------------------
  m_ready            -       -     F     (arrival)                         2    30     0     513 
  g39627__3680/Y     -       A->Y  R     NAND2_X0P5A_A9PP140ZTUL_C35      11   200   110     624 
  g44752/Y           -       A->Y  F     INV_X0P5B_A9PP140ZTUL_C35        21   278   189     812 
  g44155/Y           -       A->Y  F     OR2_X0P5M_A9PP140ZTUL_C35        65   528   338    1150 
  g43622/Y           -       A->Y  R     INV_X0P6M_A9PP140ZTUL_C35        64   776   581    1731 
  g41125/Y           -       A0->Y F     OAI22_X0P5M_A9PP140ZTUL_C35       1   160     6    1737 
  ro_reg[3][1][11]/D -       -     F     DFFRPQNA_X1M_A9PP140ZTUL_C35      1     -     0    1737 
#------------------------------------------------------------------------------------------------



Path 69: MET (46 ps) Setup Check with Pin ro_reg[2][2][15]/CK->D
           View: wc_analysis_view
          Group: in2reg
     Startpoint: (F) m_ready
          Clock: (R) CLK
       Endpoint: (F) ro_reg[2][2][15]/D
          Clock: (R) CLK

                     Capture       Launch     
        Clock Edge:+    2000            0     
        Drv Adjust:+       0           13     
       Src Latency:+       0            0     
       Net Latency:+       0 (I)        0 (I) 
           Arrival:=    2000           13     
                                              
             Setup:-      92                  
       Uncertainty:-     125                  
     Required Time:=    1783                  
      Launch Clock:-      13                  
       Input Delay:-     500                  
         Data Path:-    1224                  
             Slack:=      46                  

Exceptions/Constraints:
  input_delay             500             axis_sa.sdc_line_16_3_1 

#------------------------------------------------------------------------------------------------
#   Timing Point     Flags   Arc   Edge             Cell              Fanout Trans Delay Arrival 
#                                                                             (ps)  (ps)   (ps)  
#------------------------------------------------------------------------------------------------
  m_ready            -       -     F     (arrival)                         2    30     0     513 
  g39627__3680/Y     -       A->Y  R     NAND2_X0P5A_A9PP140ZTUL_C35      11   200   110     624 
  g44752/Y           -       A->Y  F     INV_X0P5B_A9PP140ZTUL_C35        21   278   189     812 
  g44155/Y           -       A->Y  F     OR2_X0P5M_A9PP140ZTUL_C35        65   528   338    1150 
  g43622/Y           -       A->Y  R     INV_X0P6M_A9PP140ZTUL_C35        64   776   581    1731 
  g41081/Y           -       A0->Y F     OAI22_X0P5M_A9PP140ZTUL_C35       1   160     6    1737 
  ro_reg[2][2][15]/D -       -     F     DFFRPQNA_X1M_A9PP140ZTUL_C35      1     -     0    1737 
#------------------------------------------------------------------------------------------------



Path 70: MET (46 ps) Setup Check with Pin ro_reg[2][2][14]/CK->D
           View: wc_analysis_view
          Group: in2reg
     Startpoint: (F) m_ready
          Clock: (R) CLK
       Endpoint: (F) ro_reg[2][2][14]/D
          Clock: (R) CLK

                     Capture       Launch     
        Clock Edge:+    2000            0     
        Drv Adjust:+       0           13     
       Src Latency:+       0            0     
       Net Latency:+       0 (I)        0 (I) 
           Arrival:=    2000           13     
                                              
             Setup:-      92                  
       Uncertainty:-     125                  
     Required Time:=    1783                  
      Launch Clock:-      13                  
       Input Delay:-     500                  
         Data Path:-    1224                  
             Slack:=      46                  

Exceptions/Constraints:
  input_delay             500             axis_sa.sdc_line_16_3_1 

#------------------------------------------------------------------------------------------------
#   Timing Point     Flags   Arc   Edge             Cell              Fanout Trans Delay Arrival 
#                                                                             (ps)  (ps)   (ps)  
#------------------------------------------------------------------------------------------------
  m_ready            -       -     F     (arrival)                         2    30     0     513 
  g39627__3680/Y     -       A->Y  R     NAND2_X0P5A_A9PP140ZTUL_C35      11   200   110     624 
  g44752/Y           -       A->Y  F     INV_X0P5B_A9PP140ZTUL_C35        21   278   189     812 
  g44155/Y           -       A->Y  F     OR2_X0P5M_A9PP140ZTUL_C35        65   528   338    1150 
  g43622/Y           -       A->Y  R     INV_X0P6M_A9PP140ZTUL_C35        64   776   581    1731 
  g41080/Y           -       A0->Y F     OAI22_X0P5M_A9PP140ZTUL_C35       1   160     6    1737 
  ro_reg[2][2][14]/D -       -     F     DFFRPQNA_X1M_A9PP140ZTUL_C35      1     -     0    1737 
#------------------------------------------------------------------------------------------------



Path 71: MET (46 ps) Setup Check with Pin ro_reg[2][2][13]/CK->D
           View: wc_analysis_view
          Group: in2reg
     Startpoint: (F) m_ready
          Clock: (R) CLK
       Endpoint: (F) ro_reg[2][2][13]/D
          Clock: (R) CLK

                     Capture       Launch     
        Clock Edge:+    2000            0     
        Drv Adjust:+       0           13     
       Src Latency:+       0            0     
       Net Latency:+       0 (I)        0 (I) 
           Arrival:=    2000           13     
                                              
             Setup:-      92                  
       Uncertainty:-     125                  
     Required Time:=    1783                  
      Launch Clock:-      13                  
       Input Delay:-     500                  
         Data Path:-    1224                  
             Slack:=      46                  

Exceptions/Constraints:
  input_delay             500             axis_sa.sdc_line_16_3_1 

#------------------------------------------------------------------------------------------------
#   Timing Point     Flags   Arc   Edge             Cell              Fanout Trans Delay Arrival 
#                                                                             (ps)  (ps)   (ps)  
#------------------------------------------------------------------------------------------------
  m_ready            -       -     F     (arrival)                         2    30     0     513 
  g39627__3680/Y     -       A->Y  R     NAND2_X0P5A_A9PP140ZTUL_C35      11   200   110     624 
  g44752/Y           -       A->Y  F     INV_X0P5B_A9PP140ZTUL_C35        21   278   189     812 
  g44155/Y           -       A->Y  F     OR2_X0P5M_A9PP140ZTUL_C35        65   528   338    1150 
  g43622/Y           -       A->Y  R     INV_X0P6M_A9PP140ZTUL_C35        64   776   581    1731 
  g41079/Y           -       A0->Y F     OAI22_X0P5M_A9PP140ZTUL_C35       1   160     6    1737 
  ro_reg[2][2][13]/D -       -     F     DFFRPQNA_X1M_A9PP140ZTUL_C35      1     -     0    1737 
#------------------------------------------------------------------------------------------------



Path 72: MET (46 ps) Setup Check with Pin ro_reg[2][2][12]/CK->D
           View: wc_analysis_view
          Group: in2reg
     Startpoint: (F) m_ready
          Clock: (R) CLK
       Endpoint: (F) ro_reg[2][2][12]/D
          Clock: (R) CLK

                     Capture       Launch     
        Clock Edge:+    2000            0     
        Drv Adjust:+       0           13     
       Src Latency:+       0            0     
       Net Latency:+       0 (I)        0 (I) 
           Arrival:=    2000           13     
                                              
             Setup:-      92                  
       Uncertainty:-     125                  
     Required Time:=    1783                  
      Launch Clock:-      13                  
       Input Delay:-     500                  
         Data Path:-    1224                  
             Slack:=      46                  

Exceptions/Constraints:
  input_delay             500             axis_sa.sdc_line_16_3_1 

#------------------------------------------------------------------------------------------------
#   Timing Point     Flags   Arc   Edge             Cell              Fanout Trans Delay Arrival 
#                                                                             (ps)  (ps)   (ps)  
#------------------------------------------------------------------------------------------------
  m_ready            -       -     F     (arrival)                         2    30     0     513 
  g39627__3680/Y     -       A->Y  R     NAND2_X0P5A_A9PP140ZTUL_C35      11   200   110     624 
  g44752/Y           -       A->Y  F     INV_X0P5B_A9PP140ZTUL_C35        21   278   189     812 
  g44155/Y           -       A->Y  F     OR2_X0P5M_A9PP140ZTUL_C35        65   528   338    1150 
  g43622/Y           -       A->Y  R     INV_X0P6M_A9PP140ZTUL_C35        64   776   581    1731 
  g41078/Y           -       A0->Y F     OAI22_X0P5M_A9PP140ZTUL_C35       1   160     6    1737 
  ro_reg[2][2][12]/D -       -     F     DFFRPQNA_X1M_A9PP140ZTUL_C35      1     -     0    1737 
#------------------------------------------------------------------------------------------------



Path 73: MET (46 ps) Setup Check with Pin ro_reg[2][2][11]/CK->D
           View: wc_analysis_view
          Group: in2reg
     Startpoint: (F) m_ready
          Clock: (R) CLK
       Endpoint: (F) ro_reg[2][2][11]/D
          Clock: (R) CLK

                     Capture       Launch     
        Clock Edge:+    2000            0     
        Drv Adjust:+       0           13     
       Src Latency:+       0            0     
       Net Latency:+       0 (I)        0 (I) 
           Arrival:=    2000           13     
                                              
             Setup:-      92                  
       Uncertainty:-     125                  
     Required Time:=    1783                  
      Launch Clock:-      13                  
       Input Delay:-     500                  
         Data Path:-    1224                  
             Slack:=      46                  

Exceptions/Constraints:
  input_delay             500             axis_sa.sdc_line_16_3_1 

#------------------------------------------------------------------------------------------------
#   Timing Point     Flags   Arc   Edge             Cell              Fanout Trans Delay Arrival 
#                                                                             (ps)  (ps)   (ps)  
#------------------------------------------------------------------------------------------------
  m_ready            -       -     F     (arrival)                         2    30     0     513 
  g39627__3680/Y     -       A->Y  R     NAND2_X0P5A_A9PP140ZTUL_C35      11   200   110     624 
  g44752/Y           -       A->Y  F     INV_X0P5B_A9PP140ZTUL_C35        21   278   189     812 
  g44155/Y           -       A->Y  F     OR2_X0P5M_A9PP140ZTUL_C35        65   528   338    1150 
  g43622/Y           -       A->Y  R     INV_X0P6M_A9PP140ZTUL_C35        64   776   581    1731 
  g41077/Y           -       A0->Y F     OAI22_X0P5M_A9PP140ZTUL_C35       1   160     6    1737 
  ro_reg[2][2][11]/D -       -     F     DFFRPQNA_X1M_A9PP140ZTUL_C35      1     -     0    1737 
#------------------------------------------------------------------------------------------------



Path 74: MET (46 ps) Setup Check with Pin ro_reg[2][2][10]/CK->D
           View: wc_analysis_view
          Group: in2reg
     Startpoint: (F) m_ready
          Clock: (R) CLK
       Endpoint: (F) ro_reg[2][2][10]/D
          Clock: (R) CLK

                     Capture       Launch     
        Clock Edge:+    2000            0     
        Drv Adjust:+       0           13     
       Src Latency:+       0            0     
       Net Latency:+       0 (I)        0 (I) 
           Arrival:=    2000           13     
                                              
             Setup:-      92                  
       Uncertainty:-     125                  
     Required Time:=    1783                  
      Launch Clock:-      13                  
       Input Delay:-     500                  
         Data Path:-    1224                  
             Slack:=      46                  

Exceptions/Constraints:
  input_delay             500             axis_sa.sdc_line_16_3_1 

#------------------------------------------------------------------------------------------------
#   Timing Point     Flags   Arc   Edge             Cell              Fanout Trans Delay Arrival 
#                                                                             (ps)  (ps)   (ps)  
#------------------------------------------------------------------------------------------------
  m_ready            -       -     F     (arrival)                         2    30     0     513 
  g39627__3680/Y     -       A->Y  R     NAND2_X0P5A_A9PP140ZTUL_C35      11   200   110     624 
  g44752/Y           -       A->Y  F     INV_X0P5B_A9PP140ZTUL_C35        21   278   189     812 
  g44155/Y           -       A->Y  F     OR2_X0P5M_A9PP140ZTUL_C35        65   528   338    1150 
  g43622/Y           -       A->Y  R     INV_X0P6M_A9PP140ZTUL_C35        64   776   581    1731 
  g41076/Y           -       A0->Y F     OAI22_X0P5M_A9PP140ZTUL_C35       1   160     6    1737 
  ro_reg[2][2][10]/D -       -     F     DFFRPQNA_X1M_A9PP140ZTUL_C35      1     -     0    1737 
#------------------------------------------------------------------------------------------------



Path 75: MET (46 ps) Setup Check with Pin ro_reg[2][2][9]/CK->D
           View: wc_analysis_view
          Group: in2reg
     Startpoint: (F) m_ready
          Clock: (R) CLK
       Endpoint: (F) ro_reg[2][2][9]/D
          Clock: (R) CLK

                     Capture       Launch     
        Clock Edge:+    2000            0     
        Drv Adjust:+       0           13     
       Src Latency:+       0            0     
       Net Latency:+       0 (I)        0 (I) 
           Arrival:=    2000           13     
                                              
             Setup:-      92                  
       Uncertainty:-     125                  
     Required Time:=    1783                  
      Launch Clock:-      13                  
       Input Delay:-     500                  
         Data Path:-    1224                  
             Slack:=      46                  

Exceptions/Constraints:
  input_delay             500             axis_sa.sdc_line_16_3_1 

#-----------------------------------------------------------------------------------------------
#   Timing Point    Flags   Arc   Edge             Cell              Fanout Trans Delay Arrival 
#                                                                            (ps)  (ps)   (ps)  
#-----------------------------------------------------------------------------------------------
  m_ready           -       -     F     (arrival)                         2    30     0     513 
  g39627__3680/Y    -       A->Y  R     NAND2_X0P5A_A9PP140ZTUL_C35      11   200   110     624 
  g44752/Y          -       A->Y  F     INV_X0P5B_A9PP140ZTUL_C35        21   278   189     812 
  g44155/Y          -       A->Y  F     OR2_X0P5M_A9PP140ZTUL_C35        65   528   338    1150 
  g43622/Y          -       A->Y  R     INV_X0P6M_A9PP140ZTUL_C35        64   776   581    1731 
  g41075/Y          -       A0->Y F     OAI22_X0P5M_A9PP140ZTUL_C35       1   160     6    1737 
  ro_reg[2][2][9]/D -       -     F     DFFRPQNA_X1M_A9PP140ZTUL_C35      1     -     0    1737 
#-----------------------------------------------------------------------------------------------



Path 76: MET (46 ps) Setup Check with Pin ro_reg[2][2][8]/CK->D
           View: wc_analysis_view
          Group: in2reg
     Startpoint: (F) m_ready
          Clock: (R) CLK
       Endpoint: (F) ro_reg[2][2][8]/D
          Clock: (R) CLK

                     Capture       Launch     
        Clock Edge:+    2000            0     
        Drv Adjust:+       0           13     
       Src Latency:+       0            0     
       Net Latency:+       0 (I)        0 (I) 
           Arrival:=    2000           13     
                                              
             Setup:-      92                  
       Uncertainty:-     125                  
     Required Time:=    1783                  
      Launch Clock:-      13                  
       Input Delay:-     500                  
         Data Path:-    1224                  
             Slack:=      46                  

Exceptions/Constraints:
  input_delay             500             axis_sa.sdc_line_16_3_1 

#-----------------------------------------------------------------------------------------------
#   Timing Point    Flags   Arc   Edge             Cell              Fanout Trans Delay Arrival 
#                                                                            (ps)  (ps)   (ps)  
#-----------------------------------------------------------------------------------------------
  m_ready           -       -     F     (arrival)                         2    30     0     513 
  g39627__3680/Y    -       A->Y  R     NAND2_X0P5A_A9PP140ZTUL_C35      11   200   110     624 
  g44752/Y          -       A->Y  F     INV_X0P5B_A9PP140ZTUL_C35        21   278   189     812 
  g44155/Y          -       A->Y  F     OR2_X0P5M_A9PP140ZTUL_C35        65   528   338    1150 
  g43622/Y          -       A->Y  R     INV_X0P6M_A9PP140ZTUL_C35        64   776   581    1731 
  g41074/Y          -       A0->Y F     OAI22_X0P5M_A9PP140ZTUL_C35       1   160     6    1737 
  ro_reg[2][2][8]/D -       -     F     DFFRPQNA_X1M_A9PP140ZTUL_C35      1     -     0    1737 
#-----------------------------------------------------------------------------------------------



Path 77: MET (46 ps) Setup Check with Pin ro_reg[2][2][7]/CK->D
           View: wc_analysis_view
          Group: in2reg
     Startpoint: (F) m_ready
          Clock: (R) CLK
       Endpoint: (F) ro_reg[2][2][7]/D
          Clock: (R) CLK

                     Capture       Launch     
        Clock Edge:+    2000            0     
        Drv Adjust:+       0           13     
       Src Latency:+       0            0     
       Net Latency:+       0 (I)        0 (I) 
           Arrival:=    2000           13     
                                              
             Setup:-      92                  
       Uncertainty:-     125                  
     Required Time:=    1783                  
      Launch Clock:-      13                  
       Input Delay:-     500                  
         Data Path:-    1224                  
             Slack:=      46                  

Exceptions/Constraints:
  input_delay             500             axis_sa.sdc_line_16_3_1 

#-----------------------------------------------------------------------------------------------
#   Timing Point    Flags   Arc   Edge             Cell              Fanout Trans Delay Arrival 
#                                                                            (ps)  (ps)   (ps)  
#-----------------------------------------------------------------------------------------------
  m_ready           -       -     F     (arrival)                         2    30     0     513 
  g39627__3680/Y    -       A->Y  R     NAND2_X0P5A_A9PP140ZTUL_C35      11   200   110     624 
  g44752/Y          -       A->Y  F     INV_X0P5B_A9PP140ZTUL_C35        21   278   189     812 
  g44155/Y          -       A->Y  F     OR2_X0P5M_A9PP140ZTUL_C35        65   528   338    1150 
  g43622/Y          -       A->Y  R     INV_X0P6M_A9PP140ZTUL_C35        64   776   581    1731 
  g41073/Y          -       A0->Y F     OAI22_X0P5M_A9PP140ZTUL_C35       1   160     6    1737 
  ro_reg[2][2][7]/D -       -     F     DFFRPQNA_X1M_A9PP140ZTUL_C35      1     -     0    1737 
#-----------------------------------------------------------------------------------------------



Path 78: MET (46 ps) Setup Check with Pin ro_reg[2][2][6]/CK->D
           View: wc_analysis_view
          Group: in2reg
     Startpoint: (F) m_ready
          Clock: (R) CLK
       Endpoint: (F) ro_reg[2][2][6]/D
          Clock: (R) CLK

                     Capture       Launch     
        Clock Edge:+    2000            0     
        Drv Adjust:+       0           13     
       Src Latency:+       0            0     
       Net Latency:+       0 (I)        0 (I) 
           Arrival:=    2000           13     
                                              
             Setup:-      92                  
       Uncertainty:-     125                  
     Required Time:=    1783                  
      Launch Clock:-      13                  
       Input Delay:-     500                  
         Data Path:-    1224                  
             Slack:=      46                  

Exceptions/Constraints:
  input_delay             500             axis_sa.sdc_line_16_3_1 

#-----------------------------------------------------------------------------------------------
#   Timing Point    Flags   Arc   Edge             Cell              Fanout Trans Delay Arrival 
#                                                                            (ps)  (ps)   (ps)  
#-----------------------------------------------------------------------------------------------
  m_ready           -       -     F     (arrival)                         2    30     0     513 
  g39627__3680/Y    -       A->Y  R     NAND2_X0P5A_A9PP140ZTUL_C35      11   200   110     624 
  g44752/Y          -       A->Y  F     INV_X0P5B_A9PP140ZTUL_C35        21   278   189     812 
  g44155/Y          -       A->Y  F     OR2_X0P5M_A9PP140ZTUL_C35        65   528   338    1150 
  g43622/Y          -       A->Y  R     INV_X0P6M_A9PP140ZTUL_C35        64   776   581    1731 
  g41072/Y          -       A0->Y F     OAI22_X0P5M_A9PP140ZTUL_C35       1   160     6    1737 
  ro_reg[2][2][6]/D -       -     F     DFFRPQNA_X1M_A9PP140ZTUL_C35      1     -     0    1737 
#-----------------------------------------------------------------------------------------------



Path 79: MET (46 ps) Setup Check with Pin ro_reg[2][2][5]/CK->D
           View: wc_analysis_view
          Group: in2reg
     Startpoint: (F) m_ready
          Clock: (R) CLK
       Endpoint: (F) ro_reg[2][2][5]/D
          Clock: (R) CLK

                     Capture       Launch     
        Clock Edge:+    2000            0     
        Drv Adjust:+       0           13     
       Src Latency:+       0            0     
       Net Latency:+       0 (I)        0 (I) 
           Arrival:=    2000           13     
                                              
             Setup:-      92                  
       Uncertainty:-     125                  
     Required Time:=    1783                  
      Launch Clock:-      13                  
       Input Delay:-     500                  
         Data Path:-    1224                  
             Slack:=      46                  

Exceptions/Constraints:
  input_delay             500             axis_sa.sdc_line_16_3_1 

#-----------------------------------------------------------------------------------------------
#   Timing Point    Flags   Arc   Edge             Cell              Fanout Trans Delay Arrival 
#                                                                            (ps)  (ps)   (ps)  
#-----------------------------------------------------------------------------------------------
  m_ready           -       -     F     (arrival)                         2    30     0     513 
  g39627__3680/Y    -       A->Y  R     NAND2_X0P5A_A9PP140ZTUL_C35      11   200   110     624 
  g44752/Y          -       A->Y  F     INV_X0P5B_A9PP140ZTUL_C35        21   278   189     812 
  g44155/Y          -       A->Y  F     OR2_X0P5M_A9PP140ZTUL_C35        65   528   338    1150 
  g43622/Y          -       A->Y  R     INV_X0P6M_A9PP140ZTUL_C35        64   776   581    1731 
  g41070/Y          -       A0->Y F     OAI22_X0P5M_A9PP140ZTUL_C35       1   160     6    1737 
  ro_reg[2][2][5]/D -       -     F     DFFRPQNA_X1M_A9PP140ZTUL_C35      1     -     0    1737 
#-----------------------------------------------------------------------------------------------



Path 80: MET (46 ps) Setup Check with Pin ro_reg[2][2][4]/CK->D
           View: wc_analysis_view
          Group: in2reg
     Startpoint: (F) m_ready
          Clock: (R) CLK
       Endpoint: (F) ro_reg[2][2][4]/D
          Clock: (R) CLK

                     Capture       Launch     
        Clock Edge:+    2000            0     
        Drv Adjust:+       0           13     
       Src Latency:+       0            0     
       Net Latency:+       0 (I)        0 (I) 
           Arrival:=    2000           13     
                                              
             Setup:-      92                  
       Uncertainty:-     125                  
     Required Time:=    1783                  
      Launch Clock:-      13                  
       Input Delay:-     500                  
         Data Path:-    1224                  
             Slack:=      46                  

Exceptions/Constraints:
  input_delay             500             axis_sa.sdc_line_16_3_1 

#-----------------------------------------------------------------------------------------------
#   Timing Point    Flags   Arc   Edge             Cell              Fanout Trans Delay Arrival 
#                                                                            (ps)  (ps)   (ps)  
#-----------------------------------------------------------------------------------------------
  m_ready           -       -     F     (arrival)                         2    30     0     513 
  g39627__3680/Y    -       A->Y  R     NAND2_X0P5A_A9PP140ZTUL_C35      11   200   110     624 
  g44752/Y          -       A->Y  F     INV_X0P5B_A9PP140ZTUL_C35        21   278   189     812 
  g44155/Y          -       A->Y  F     OR2_X0P5M_A9PP140ZTUL_C35        65   528   338    1150 
  g43622/Y          -       A->Y  R     INV_X0P6M_A9PP140ZTUL_C35        64   776   581    1731 
  g41068/Y          -       A0->Y F     OAI22_X0P5M_A9PP140ZTUL_C35       1   160     6    1737 
  ro_reg[2][2][4]/D -       -     F     DFFRPQNA_X1M_A9PP140ZTUL_C35      1     -     0    1737 
#-----------------------------------------------------------------------------------------------



Path 81: MET (46 ps) Setup Check with Pin ro_reg[2][2][3]/CK->D
           View: wc_analysis_view
          Group: in2reg
     Startpoint: (F) m_ready
          Clock: (R) CLK
       Endpoint: (F) ro_reg[2][2][3]/D
          Clock: (R) CLK

                     Capture       Launch     
        Clock Edge:+    2000            0     
        Drv Adjust:+       0           13     
       Src Latency:+       0            0     
       Net Latency:+       0 (I)        0 (I) 
           Arrival:=    2000           13     
                                              
             Setup:-      92                  
       Uncertainty:-     125                  
     Required Time:=    1783                  
      Launch Clock:-      13                  
       Input Delay:-     500                  
         Data Path:-    1224                  
             Slack:=      46                  

Exceptions/Constraints:
  input_delay             500             axis_sa.sdc_line_16_3_1 

#-----------------------------------------------------------------------------------------------
#   Timing Point    Flags   Arc   Edge             Cell              Fanout Trans Delay Arrival 
#                                                                            (ps)  (ps)   (ps)  
#-----------------------------------------------------------------------------------------------
  m_ready           -       -     F     (arrival)                         2    30     0     513 
  g39627__3680/Y    -       A->Y  R     NAND2_X0P5A_A9PP140ZTUL_C35      11   200   110     624 
  g44752/Y          -       A->Y  F     INV_X0P5B_A9PP140ZTUL_C35        21   278   189     812 
  g44155/Y          -       A->Y  F     OR2_X0P5M_A9PP140ZTUL_C35        65   528   338    1150 
  g43622/Y          -       A->Y  R     INV_X0P6M_A9PP140ZTUL_C35        64   776   581    1731 
  g41071/Y          -       A0->Y F     OAI22_X0P5M_A9PP140ZTUL_C35       1   160     6    1737 
  ro_reg[2][2][3]/D -       -     F     DFFRPQNA_X1M_A9PP140ZTUL_C35      1     -     0    1737 
#-----------------------------------------------------------------------------------------------



Path 82: MET (46 ps) Setup Check with Pin ro_reg[2][2][2]/CK->D
           View: wc_analysis_view
          Group: in2reg
     Startpoint: (F) m_ready
          Clock: (R) CLK
       Endpoint: (F) ro_reg[2][2][2]/D
          Clock: (R) CLK

                     Capture       Launch     
        Clock Edge:+    2000            0     
        Drv Adjust:+       0           13     
       Src Latency:+       0            0     
       Net Latency:+       0 (I)        0 (I) 
           Arrival:=    2000           13     
                                              
             Setup:-      92                  
       Uncertainty:-     125                  
     Required Time:=    1783                  
      Launch Clock:-      13                  
       Input Delay:-     500                  
         Data Path:-    1224                  
             Slack:=      46                  

Exceptions/Constraints:
  input_delay             500             axis_sa.sdc_line_16_3_1 

#-----------------------------------------------------------------------------------------------
#   Timing Point    Flags   Arc   Edge             Cell              Fanout Trans Delay Arrival 
#                                                                            (ps)  (ps)   (ps)  
#-----------------------------------------------------------------------------------------------
  m_ready           -       -     F     (arrival)                         2    30     0     513 
  g39627__3680/Y    -       A->Y  R     NAND2_X0P5A_A9PP140ZTUL_C35      11   200   110     624 
  g44752/Y          -       A->Y  F     INV_X0P5B_A9PP140ZTUL_C35        21   278   189     812 
  g44155/Y          -       A->Y  F     OR2_X0P5M_A9PP140ZTUL_C35        65   528   338    1150 
  g43622/Y          -       A->Y  R     INV_X0P6M_A9PP140ZTUL_C35        64   776   581    1731 
  g41067/Y          -       A0->Y F     OAI22_X0P5M_A9PP140ZTUL_C35       1   160     6    1737 
  ro_reg[2][2][2]/D -       -     F     DFFRPQNA_X1M_A9PP140ZTUL_C35      1     -     0    1737 
#-----------------------------------------------------------------------------------------------



Path 83: MET (46 ps) Setup Check with Pin ro_reg[2][2][1]/CK->D
           View: wc_analysis_view
          Group: in2reg
     Startpoint: (F) m_ready
          Clock: (R) CLK
       Endpoint: (F) ro_reg[2][2][1]/D
          Clock: (R) CLK

                     Capture       Launch     
        Clock Edge:+    2000            0     
        Drv Adjust:+       0           13     
       Src Latency:+       0            0     
       Net Latency:+       0 (I)        0 (I) 
           Arrival:=    2000           13     
                                              
             Setup:-      92                  
       Uncertainty:-     125                  
     Required Time:=    1783                  
      Launch Clock:-      13                  
       Input Delay:-     500                  
         Data Path:-    1224                  
             Slack:=      46                  

Exceptions/Constraints:
  input_delay             500             axis_sa.sdc_line_16_3_1 

#-----------------------------------------------------------------------------------------------
#   Timing Point    Flags   Arc   Edge             Cell              Fanout Trans Delay Arrival 
#                                                                            (ps)  (ps)   (ps)  
#-----------------------------------------------------------------------------------------------
  m_ready           -       -     F     (arrival)                         2    30     0     513 
  g39627__3680/Y    -       A->Y  R     NAND2_X0P5A_A9PP140ZTUL_C35      11   200   110     624 
  g44752/Y          -       A->Y  F     INV_X0P5B_A9PP140ZTUL_C35        21   278   189     812 
  g44155/Y          -       A->Y  F     OR2_X0P5M_A9PP140ZTUL_C35        65   528   338    1150 
  g43622/Y          -       A->Y  R     INV_X0P6M_A9PP140ZTUL_C35        64   776   581    1731 
  g41066/Y          -       A0->Y F     OAI22_X0P5M_A9PP140ZTUL_C35       1   160     6    1737 
  ro_reg[2][2][1]/D -       -     F     DFFRPQNA_X1M_A9PP140ZTUL_C35      1     -     0    1737 
#-----------------------------------------------------------------------------------------------



Path 84: MET (46 ps) Setup Check with Pin ro_reg[2][2][0]/CK->D
           View: wc_analysis_view
          Group: in2reg
     Startpoint: (F) m_ready
          Clock: (R) CLK
       Endpoint: (F) ro_reg[2][2][0]/D
          Clock: (R) CLK

                     Capture       Launch     
        Clock Edge:+    2000            0     
        Drv Adjust:+       0           13     
       Src Latency:+       0            0     
       Net Latency:+       0 (I)        0 (I) 
           Arrival:=    2000           13     
                                              
             Setup:-      92                  
       Uncertainty:-     125                  
     Required Time:=    1783                  
      Launch Clock:-      13                  
       Input Delay:-     500                  
         Data Path:-    1224                  
             Slack:=      46                  

Exceptions/Constraints:
  input_delay             500             axis_sa.sdc_line_16_3_1 

#-----------------------------------------------------------------------------------------------
#   Timing Point    Flags   Arc   Edge             Cell              Fanout Trans Delay Arrival 
#                                                                            (ps)  (ps)   (ps)  
#-----------------------------------------------------------------------------------------------
  m_ready           -       -     F     (arrival)                         2    30     0     513 
  g39627__3680/Y    -       A->Y  R     NAND2_X0P5A_A9PP140ZTUL_C35      11   200   110     624 
  g44752/Y          -       A->Y  F     INV_X0P5B_A9PP140ZTUL_C35        21   278   189     812 
  g44155/Y          -       A->Y  F     OR2_X0P5M_A9PP140ZTUL_C35        65   528   338    1150 
  g43622/Y          -       A->Y  R     INV_X0P6M_A9PP140ZTUL_C35        64   776   581    1731 
  g41069/Y          -       A0->Y F     OAI22_X0P5M_A9PP140ZTUL_C35       1   160     6    1737 
  ro_reg[2][2][0]/D -       -     F     DFFRPQNA_X1M_A9PP140ZTUL_C35      1     -     0    1737 
#-----------------------------------------------------------------------------------------------



Path 85: MET (46 ps) Setup Check with Pin ro_reg[1][3][15]/CK->D
           View: wc_analysis_view
          Group: in2reg
     Startpoint: (F) m_ready
          Clock: (R) CLK
       Endpoint: (F) ro_reg[1][3][15]/D
          Clock: (R) CLK

                     Capture       Launch     
        Clock Edge:+    2000            0     
        Drv Adjust:+       0           13     
       Src Latency:+       0            0     
       Net Latency:+       0 (I)        0 (I) 
           Arrival:=    2000           13     
                                              
             Setup:-      92                  
       Uncertainty:-     125                  
     Required Time:=    1783                  
      Launch Clock:-      13                  
       Input Delay:-     500                  
         Data Path:-    1224                  
             Slack:=      46                  

Exceptions/Constraints:
  input_delay             500             axis_sa.sdc_line_16_3_1 

#------------------------------------------------------------------------------------------------
#   Timing Point     Flags   Arc   Edge             Cell              Fanout Trans Delay Arrival 
#                                                                             (ps)  (ps)   (ps)  
#------------------------------------------------------------------------------------------------
  m_ready            -       -     F     (arrival)                         2    30     0     513 
  g39627__3680/Y     -       A->Y  R     NAND2_X0P5A_A9PP140ZTUL_C35      11   200   110     624 
  g44752/Y           -       A->Y  F     INV_X0P5B_A9PP140ZTUL_C35        21   278   189     812 
  g44155/Y           -       A->Y  F     OR2_X0P5M_A9PP140ZTUL_C35        65   528   338    1150 
  g43622/Y           -       A->Y  R     INV_X0P6M_A9PP140ZTUL_C35        64   776   581    1731 
  g41033/Y           -       A0->Y F     OAI22_X0P5M_A9PP140ZTUL_C35       1   160     6    1737 
  ro_reg[1][3][15]/D -       -     F     DFFRPQNA_X1M_A9PP140ZTUL_C35      1     -     0    1737 
#------------------------------------------------------------------------------------------------



Path 86: MET (46 ps) Setup Check with Pin ro_reg[1][3][14]/CK->D
           View: wc_analysis_view
          Group: in2reg
     Startpoint: (F) m_ready
          Clock: (R) CLK
       Endpoint: (F) ro_reg[1][3][14]/D
          Clock: (R) CLK

                     Capture       Launch     
        Clock Edge:+    2000            0     
        Drv Adjust:+       0           13     
       Src Latency:+       0            0     
       Net Latency:+       0 (I)        0 (I) 
           Arrival:=    2000           13     
                                              
             Setup:-      92                  
       Uncertainty:-     125                  
     Required Time:=    1783                  
      Launch Clock:-      13                  
       Input Delay:-     500                  
         Data Path:-    1224                  
             Slack:=      46                  

Exceptions/Constraints:
  input_delay             500             axis_sa.sdc_line_16_3_1 

#------------------------------------------------------------------------------------------------
#   Timing Point     Flags   Arc   Edge             Cell              Fanout Trans Delay Arrival 
#                                                                             (ps)  (ps)   (ps)  
#------------------------------------------------------------------------------------------------
  m_ready            -       -     F     (arrival)                         2    30     0     513 
  g39627__3680/Y     -       A->Y  R     NAND2_X0P5A_A9PP140ZTUL_C35      11   200   110     624 
  g44752/Y           -       A->Y  F     INV_X0P5B_A9PP140ZTUL_C35        21   278   189     812 
  g44155/Y           -       A->Y  F     OR2_X0P5M_A9PP140ZTUL_C35        65   528   338    1150 
  g43622/Y           -       A->Y  R     INV_X0P6M_A9PP140ZTUL_C35        64   776   581    1731 
  g41032/Y           -       A0->Y F     OAI22_X0P5M_A9PP140ZTUL_C35       1   160     6    1737 
  ro_reg[1][3][14]/D -       -     F     DFFRPQNA_X1M_A9PP140ZTUL_C35      1     -     0    1737 
#------------------------------------------------------------------------------------------------



Path 87: MET (46 ps) Setup Check with Pin ro_reg[1][3][13]/CK->D
           View: wc_analysis_view
          Group: in2reg
     Startpoint: (F) m_ready
          Clock: (R) CLK
       Endpoint: (F) ro_reg[1][3][13]/D
          Clock: (R) CLK

                     Capture       Launch     
        Clock Edge:+    2000            0     
        Drv Adjust:+       0           13     
       Src Latency:+       0            0     
       Net Latency:+       0 (I)        0 (I) 
           Arrival:=    2000           13     
                                              
             Setup:-      92                  
       Uncertainty:-     125                  
     Required Time:=    1783                  
      Launch Clock:-      13                  
       Input Delay:-     500                  
         Data Path:-    1224                  
             Slack:=      46                  

Exceptions/Constraints:
  input_delay             500             axis_sa.sdc_line_16_3_1 

#------------------------------------------------------------------------------------------------
#   Timing Point     Flags   Arc   Edge             Cell              Fanout Trans Delay Arrival 
#                                                                             (ps)  (ps)   (ps)  
#------------------------------------------------------------------------------------------------
  m_ready            -       -     F     (arrival)                         2    30     0     513 
  g39627__3680/Y     -       A->Y  R     NAND2_X0P5A_A9PP140ZTUL_C35      11   200   110     624 
  g44752/Y           -       A->Y  F     INV_X0P5B_A9PP140ZTUL_C35        21   278   189     812 
  g44155/Y           -       A->Y  F     OR2_X0P5M_A9PP140ZTUL_C35        65   528   338    1150 
  g43622/Y           -       A->Y  R     INV_X0P6M_A9PP140ZTUL_C35        64   776   581    1731 
  g41031/Y           -       A0->Y F     OAI22_X0P5M_A9PP140ZTUL_C35       1   160     6    1737 
  ro_reg[1][3][13]/D -       -     F     DFFRPQNA_X1M_A9PP140ZTUL_C35      1     -     0    1737 
#------------------------------------------------------------------------------------------------



Path 88: MET (46 ps) Setup Check with Pin ro_reg[1][3][12]/CK->D
           View: wc_analysis_view
          Group: in2reg
     Startpoint: (F) m_ready
          Clock: (R) CLK
       Endpoint: (F) ro_reg[1][3][12]/D
          Clock: (R) CLK

                     Capture       Launch     
        Clock Edge:+    2000            0     
        Drv Adjust:+       0           13     
       Src Latency:+       0            0     
       Net Latency:+       0 (I)        0 (I) 
           Arrival:=    2000           13     
                                              
             Setup:-      92                  
       Uncertainty:-     125                  
     Required Time:=    1783                  
      Launch Clock:-      13                  
       Input Delay:-     500                  
         Data Path:-    1224                  
             Slack:=      46                  

Exceptions/Constraints:
  input_delay             500             axis_sa.sdc_line_16_3_1 

#------------------------------------------------------------------------------------------------
#   Timing Point     Flags   Arc   Edge             Cell              Fanout Trans Delay Arrival 
#                                                                             (ps)  (ps)   (ps)  
#------------------------------------------------------------------------------------------------
  m_ready            -       -     F     (arrival)                         2    30     0     513 
  g39627__3680/Y     -       A->Y  R     NAND2_X0P5A_A9PP140ZTUL_C35      11   200   110     624 
  g44752/Y           -       A->Y  F     INV_X0P5B_A9PP140ZTUL_C35        21   278   189     812 
  g44155/Y           -       A->Y  F     OR2_X0P5M_A9PP140ZTUL_C35        65   528   338    1150 
  g43622/Y           -       A->Y  R     INV_X0P6M_A9PP140ZTUL_C35        64   776   581    1731 
  g41030/Y           -       A0->Y F     OAI22_X0P5M_A9PP140ZTUL_C35       1   160     6    1737 
  ro_reg[1][3][12]/D -       -     F     DFFRPQNA_X1M_A9PP140ZTUL_C35      1     -     0    1737 
#------------------------------------------------------------------------------------------------



Path 89: MET (46 ps) Setup Check with Pin ro_reg[1][3][11]/CK->D
           View: wc_analysis_view
          Group: in2reg
     Startpoint: (F) m_ready
          Clock: (R) CLK
       Endpoint: (F) ro_reg[1][3][11]/D
          Clock: (R) CLK

                     Capture       Launch     
        Clock Edge:+    2000            0     
        Drv Adjust:+       0           13     
       Src Latency:+       0            0     
       Net Latency:+       0 (I)        0 (I) 
           Arrival:=    2000           13     
                                              
             Setup:-      92                  
       Uncertainty:-     125                  
     Required Time:=    1783                  
      Launch Clock:-      13                  
       Input Delay:-     500                  
         Data Path:-    1224                  
             Slack:=      46                  

Exceptions/Constraints:
  input_delay             500             axis_sa.sdc_line_16_3_1 

#------------------------------------------------------------------------------------------------
#   Timing Point     Flags   Arc   Edge             Cell              Fanout Trans Delay Arrival 
#                                                                             (ps)  (ps)   (ps)  
#------------------------------------------------------------------------------------------------
  m_ready            -       -     F     (arrival)                         2    30     0     513 
  g39627__3680/Y     -       A->Y  R     NAND2_X0P5A_A9PP140ZTUL_C35      11   200   110     624 
  g44752/Y           -       A->Y  F     INV_X0P5B_A9PP140ZTUL_C35        21   278   189     812 
  g44155/Y           -       A->Y  F     OR2_X0P5M_A9PP140ZTUL_C35        65   528   338    1150 
  g43622/Y           -       A->Y  R     INV_X0P6M_A9PP140ZTUL_C35        64   776   581    1731 
  g41029/Y           -       A0->Y F     OAI22_X0P5M_A9PP140ZTUL_C35       1   160     6    1737 
  ro_reg[1][3][11]/D -       -     F     DFFRPQNA_X1M_A9PP140ZTUL_C35      1     -     0    1737 
#------------------------------------------------------------------------------------------------



Path 90: MET (46 ps) Setup Check with Pin ro_reg[1][3][10]/CK->D
           View: wc_analysis_view
          Group: in2reg
     Startpoint: (F) m_ready
          Clock: (R) CLK
       Endpoint: (F) ro_reg[1][3][10]/D
          Clock: (R) CLK

                     Capture       Launch     
        Clock Edge:+    2000            0     
        Drv Adjust:+       0           13     
       Src Latency:+       0            0     
       Net Latency:+       0 (I)        0 (I) 
           Arrival:=    2000           13     
                                              
             Setup:-      92                  
       Uncertainty:-     125                  
     Required Time:=    1783                  
      Launch Clock:-      13                  
       Input Delay:-     500                  
         Data Path:-    1224                  
             Slack:=      46                  

Exceptions/Constraints:
  input_delay             500             axis_sa.sdc_line_16_3_1 

#------------------------------------------------------------------------------------------------
#   Timing Point     Flags   Arc   Edge             Cell              Fanout Trans Delay Arrival 
#                                                                             (ps)  (ps)   (ps)  
#------------------------------------------------------------------------------------------------
  m_ready            -       -     F     (arrival)                         2    30     0     513 
  g39627__3680/Y     -       A->Y  R     NAND2_X0P5A_A9PP140ZTUL_C35      11   200   110     624 
  g44752/Y           -       A->Y  F     INV_X0P5B_A9PP140ZTUL_C35        21   278   189     812 
  g44155/Y           -       A->Y  F     OR2_X0P5M_A9PP140ZTUL_C35        65   528   338    1150 
  g43622/Y           -       A->Y  R     INV_X0P6M_A9PP140ZTUL_C35        64   776   581    1731 
  g41028/Y           -       A0->Y F     OAI22_X0P5M_A9PP140ZTUL_C35       1   160     6    1737 
  ro_reg[1][3][10]/D -       -     F     DFFRPQNA_X1M_A9PP140ZTUL_C35      1     -     0    1737 
#------------------------------------------------------------------------------------------------



Path 91: MET (46 ps) Setup Check with Pin ro_reg[1][3][9]/CK->D
           View: wc_analysis_view
          Group: in2reg
     Startpoint: (F) m_ready
          Clock: (R) CLK
       Endpoint: (F) ro_reg[1][3][9]/D
          Clock: (R) CLK

                     Capture       Launch     
        Clock Edge:+    2000            0     
        Drv Adjust:+       0           13     
       Src Latency:+       0            0     
       Net Latency:+       0 (I)        0 (I) 
           Arrival:=    2000           13     
                                              
             Setup:-      92                  
       Uncertainty:-     125                  
     Required Time:=    1783                  
      Launch Clock:-      13                  
       Input Delay:-     500                  
         Data Path:-    1224                  
             Slack:=      46                  

Exceptions/Constraints:
  input_delay             500             axis_sa.sdc_line_16_3_1 

#-----------------------------------------------------------------------------------------------
#   Timing Point    Flags   Arc   Edge             Cell              Fanout Trans Delay Arrival 
#                                                                            (ps)  (ps)   (ps)  
#-----------------------------------------------------------------------------------------------
  m_ready           -       -     F     (arrival)                         2    30     0     513 
  g39627__3680/Y    -       A->Y  R     NAND2_X0P5A_A9PP140ZTUL_C35      11   200   110     624 
  g44752/Y          -       A->Y  F     INV_X0P5B_A9PP140ZTUL_C35        21   278   189     812 
  g44155/Y          -       A->Y  F     OR2_X0P5M_A9PP140ZTUL_C35        65   528   338    1150 
  g43622/Y          -       A->Y  R     INV_X0P6M_A9PP140ZTUL_C35        64   776   581    1731 
  g41027/Y          -       A0->Y F     OAI22_X0P5M_A9PP140ZTUL_C35       1   160     6    1737 
  ro_reg[1][3][9]/D -       -     F     DFFRPQNA_X1M_A9PP140ZTUL_C35      1     -     0    1737 
#-----------------------------------------------------------------------------------------------



Path 92: MET (46 ps) Setup Check with Pin ro_reg[1][3][8]/CK->D
           View: wc_analysis_view
          Group: in2reg
     Startpoint: (F) m_ready
          Clock: (R) CLK
       Endpoint: (F) ro_reg[1][3][8]/D
          Clock: (R) CLK

                     Capture       Launch     
        Clock Edge:+    2000            0     
        Drv Adjust:+       0           13     
       Src Latency:+       0            0     
       Net Latency:+       0 (I)        0 (I) 
           Arrival:=    2000           13     
                                              
             Setup:-      92                  
       Uncertainty:-     125                  
     Required Time:=    1783                  
      Launch Clock:-      13                  
       Input Delay:-     500                  
         Data Path:-    1224                  
             Slack:=      46                  

Exceptions/Constraints:
  input_delay             500             axis_sa.sdc_line_16_3_1 

#-----------------------------------------------------------------------------------------------
#   Timing Point    Flags   Arc   Edge             Cell              Fanout Trans Delay Arrival 
#                                                                            (ps)  (ps)   (ps)  
#-----------------------------------------------------------------------------------------------
  m_ready           -       -     F     (arrival)                         2    30     0     513 
  g39627__3680/Y    -       A->Y  R     NAND2_X0P5A_A9PP140ZTUL_C35      11   200   110     624 
  g44752/Y          -       A->Y  F     INV_X0P5B_A9PP140ZTUL_C35        21   278   189     812 
  g44155/Y          -       A->Y  F     OR2_X0P5M_A9PP140ZTUL_C35        65   528   338    1150 
  g43622/Y          -       A->Y  R     INV_X0P6M_A9PP140ZTUL_C35        64   776   581    1731 
  g41026/Y          -       A0->Y F     OAI22_X0P5M_A9PP140ZTUL_C35       1   160     6    1737 
  ro_reg[1][3][8]/D -       -     F     DFFRPQNA_X1M_A9PP140ZTUL_C35      1     -     0    1737 
#-----------------------------------------------------------------------------------------------



Path 93: MET (46 ps) Setup Check with Pin ro_reg[1][3][7]/CK->D
           View: wc_analysis_view
          Group: in2reg
     Startpoint: (F) m_ready
          Clock: (R) CLK
       Endpoint: (F) ro_reg[1][3][7]/D
          Clock: (R) CLK

                     Capture       Launch     
        Clock Edge:+    2000            0     
        Drv Adjust:+       0           13     
       Src Latency:+       0            0     
       Net Latency:+       0 (I)        0 (I) 
           Arrival:=    2000           13     
                                              
             Setup:-      92                  
       Uncertainty:-     125                  
     Required Time:=    1783                  
      Launch Clock:-      13                  
       Input Delay:-     500                  
         Data Path:-    1224                  
             Slack:=      46                  

Exceptions/Constraints:
  input_delay             500             axis_sa.sdc_line_16_3_1 

#-----------------------------------------------------------------------------------------------
#   Timing Point    Flags   Arc   Edge             Cell              Fanout Trans Delay Arrival 
#                                                                            (ps)  (ps)   (ps)  
#-----------------------------------------------------------------------------------------------
  m_ready           -       -     F     (arrival)                         2    30     0     513 
  g39627__3680/Y    -       A->Y  R     NAND2_X0P5A_A9PP140ZTUL_C35      11   200   110     624 
  g44752/Y          -       A->Y  F     INV_X0P5B_A9PP140ZTUL_C35        21   278   189     812 
  g44155/Y          -       A->Y  F     OR2_X0P5M_A9PP140ZTUL_C35        65   528   338    1150 
  g43622/Y          -       A->Y  R     INV_X0P6M_A9PP140ZTUL_C35        64   776   581    1731 
  g41025/Y          -       A0->Y F     OAI22_X0P5M_A9PP140ZTUL_C35       1   160     6    1737 
  ro_reg[1][3][7]/D -       -     F     DFFRPQNA_X1M_A9PP140ZTUL_C35      1     -     0    1737 
#-----------------------------------------------------------------------------------------------



Path 94: MET (46 ps) Setup Check with Pin ro_reg[1][3][6]/CK->D
           View: wc_analysis_view
          Group: in2reg
     Startpoint: (F) m_ready
          Clock: (R) CLK
       Endpoint: (F) ro_reg[1][3][6]/D
          Clock: (R) CLK

                     Capture       Launch     
        Clock Edge:+    2000            0     
        Drv Adjust:+       0           13     
       Src Latency:+       0            0     
       Net Latency:+       0 (I)        0 (I) 
           Arrival:=    2000           13     
                                              
             Setup:-      92                  
       Uncertainty:-     125                  
     Required Time:=    1783                  
      Launch Clock:-      13                  
       Input Delay:-     500                  
         Data Path:-    1224                  
             Slack:=      46                  

Exceptions/Constraints:
  input_delay             500             axis_sa.sdc_line_16_3_1 

#-----------------------------------------------------------------------------------------------
#   Timing Point    Flags   Arc   Edge             Cell              Fanout Trans Delay Arrival 
#                                                                            (ps)  (ps)   (ps)  
#-----------------------------------------------------------------------------------------------
  m_ready           -       -     F     (arrival)                         2    30     0     513 
  g39627__3680/Y    -       A->Y  R     NAND2_X0P5A_A9PP140ZTUL_C35      11   200   110     624 
  g44752/Y          -       A->Y  F     INV_X0P5B_A9PP140ZTUL_C35        21   278   189     812 
  g44155/Y          -       A->Y  F     OR2_X0P5M_A9PP140ZTUL_C35        65   528   338    1150 
  g43622/Y          -       A->Y  R     INV_X0P6M_A9PP140ZTUL_C35        64   776   581    1731 
  g41024/Y          -       A0->Y F     OAI22_X0P5M_A9PP140ZTUL_C35       1   160     6    1737 
  ro_reg[1][3][6]/D -       -     F     DFFRPQNA_X1M_A9PP140ZTUL_C35      1     -     0    1737 
#-----------------------------------------------------------------------------------------------



Path 95: MET (46 ps) Setup Check with Pin ro_reg[1][3][5]/CK->D
           View: wc_analysis_view
          Group: in2reg
     Startpoint: (F) m_ready
          Clock: (R) CLK
       Endpoint: (F) ro_reg[1][3][5]/D
          Clock: (R) CLK

                     Capture       Launch     
        Clock Edge:+    2000            0     
        Drv Adjust:+       0           13     
       Src Latency:+       0            0     
       Net Latency:+       0 (I)        0 (I) 
           Arrival:=    2000           13     
                                              
             Setup:-      92                  
       Uncertainty:-     125                  
     Required Time:=    1783                  
      Launch Clock:-      13                  
       Input Delay:-     500                  
         Data Path:-    1224                  
             Slack:=      46                  

Exceptions/Constraints:
  input_delay             500             axis_sa.sdc_line_16_3_1 

#-----------------------------------------------------------------------------------------------
#   Timing Point    Flags   Arc   Edge             Cell              Fanout Trans Delay Arrival 
#                                                                            (ps)  (ps)   (ps)  
#-----------------------------------------------------------------------------------------------
  m_ready           -       -     F     (arrival)                         2    30     0     513 
  g39627__3680/Y    -       A->Y  R     NAND2_X0P5A_A9PP140ZTUL_C35      11   200   110     624 
  g44752/Y          -       A->Y  F     INV_X0P5B_A9PP140ZTUL_C35        21   278   189     812 
  g44155/Y          -       A->Y  F     OR2_X0P5M_A9PP140ZTUL_C35        65   528   338    1150 
  g43622/Y          -       A->Y  R     INV_X0P6M_A9PP140ZTUL_C35        64   776   581    1731 
  g41023/Y          -       A0->Y F     OAI22_X0P5M_A9PP140ZTUL_C35       1   160     6    1737 
  ro_reg[1][3][5]/D -       -     F     DFFRPQNA_X1M_A9PP140ZTUL_C35      1     -     0    1737 
#-----------------------------------------------------------------------------------------------



Path 96: MET (46 ps) Setup Check with Pin ro_reg[1][3][4]/CK->D
           View: wc_analysis_view
          Group: in2reg
     Startpoint: (F) m_ready
          Clock: (R) CLK
       Endpoint: (F) ro_reg[1][3][4]/D
          Clock: (R) CLK

                     Capture       Launch     
        Clock Edge:+    2000            0     
        Drv Adjust:+       0           13     
       Src Latency:+       0            0     
       Net Latency:+       0 (I)        0 (I) 
           Arrival:=    2000           13     
                                              
             Setup:-      92                  
       Uncertainty:-     125                  
     Required Time:=    1783                  
      Launch Clock:-      13                  
       Input Delay:-     500                  
         Data Path:-    1224                  
             Slack:=      46                  

Exceptions/Constraints:
  input_delay             500             axis_sa.sdc_line_16_3_1 

#-----------------------------------------------------------------------------------------------
#   Timing Point    Flags   Arc   Edge             Cell              Fanout Trans Delay Arrival 
#                                                                            (ps)  (ps)   (ps)  
#-----------------------------------------------------------------------------------------------
  m_ready           -       -     F     (arrival)                         2    30     0     513 
  g39627__3680/Y    -       A->Y  R     NAND2_X0P5A_A9PP140ZTUL_C35      11   200   110     624 
  g44752/Y          -       A->Y  F     INV_X0P5B_A9PP140ZTUL_C35        21   278   189     812 
  g44155/Y          -       A->Y  F     OR2_X0P5M_A9PP140ZTUL_C35        65   528   338    1150 
  g43622/Y          -       A->Y  R     INV_X0P6M_A9PP140ZTUL_C35        64   776   581    1731 
  g41021/Y          -       A0->Y F     OAI22_X0P5M_A9PP140ZTUL_C35       1   160     6    1737 
  ro_reg[1][3][4]/D -       -     F     DFFRPQNA_X1M_A9PP140ZTUL_C35      1     -     0    1737 
#-----------------------------------------------------------------------------------------------



Path 97: MET (46 ps) Setup Check with Pin ro_reg[1][3][3]/CK->D
           View: wc_analysis_view
          Group: in2reg
     Startpoint: (F) m_ready
          Clock: (R) CLK
       Endpoint: (F) ro_reg[1][3][3]/D
          Clock: (R) CLK

                     Capture       Launch     
        Clock Edge:+    2000            0     
        Drv Adjust:+       0           13     
       Src Latency:+       0            0     
       Net Latency:+       0 (I)        0 (I) 
           Arrival:=    2000           13     
                                              
             Setup:-      92                  
       Uncertainty:-     125                  
     Required Time:=    1783                  
      Launch Clock:-      13                  
       Input Delay:-     500                  
         Data Path:-    1224                  
             Slack:=      46                  

Exceptions/Constraints:
  input_delay             500             axis_sa.sdc_line_16_3_1 

#-----------------------------------------------------------------------------------------------
#   Timing Point    Flags   Arc   Edge             Cell              Fanout Trans Delay Arrival 
#                                                                            (ps)  (ps)   (ps)  
#-----------------------------------------------------------------------------------------------
  m_ready           -       -     F     (arrival)                         2    30     0     513 
  g39627__3680/Y    -       A->Y  R     NAND2_X0P5A_A9PP140ZTUL_C35      11   200   110     624 
  g44752/Y          -       A->Y  F     INV_X0P5B_A9PP140ZTUL_C35        21   278   189     812 
  g44155/Y          -       A->Y  F     OR2_X0P5M_A9PP140ZTUL_C35        65   528   338    1150 
  g43622/Y          -       A->Y  R     INV_X0P6M_A9PP140ZTUL_C35        64   776   581    1731 
  g41019/Y          -       A0->Y F     OAI22_X0P5M_A9PP140ZTUL_C35       1   160     6    1737 
  ro_reg[1][3][3]/D -       -     F     DFFRPQNA_X1M_A9PP140ZTUL_C35      1     -     0    1737 
#-----------------------------------------------------------------------------------------------



Path 98: MET (46 ps) Setup Check with Pin ro_reg[1][3][2]/CK->D
           View: wc_analysis_view
          Group: in2reg
     Startpoint: (F) m_ready
          Clock: (R) CLK
       Endpoint: (F) ro_reg[1][3][2]/D
          Clock: (R) CLK

                     Capture       Launch     
        Clock Edge:+    2000            0     
        Drv Adjust:+       0           13     
       Src Latency:+       0            0     
       Net Latency:+       0 (I)        0 (I) 
           Arrival:=    2000           13     
                                              
             Setup:-      92                  
       Uncertainty:-     125                  
     Required Time:=    1783                  
      Launch Clock:-      13                  
       Input Delay:-     500                  
         Data Path:-    1224                  
             Slack:=      46                  

Exceptions/Constraints:
  input_delay             500             axis_sa.sdc_line_16_3_1 

#-----------------------------------------------------------------------------------------------
#   Timing Point    Flags   Arc   Edge             Cell              Fanout Trans Delay Arrival 
#                                                                            (ps)  (ps)   (ps)  
#-----------------------------------------------------------------------------------------------
  m_ready           -       -     F     (arrival)                         2    30     0     513 
  g39627__3680/Y    -       A->Y  R     NAND2_X0P5A_A9PP140ZTUL_C35      11   200   110     624 
  g44752/Y          -       A->Y  F     INV_X0P5B_A9PP140ZTUL_C35        21   278   189     812 
  g44155/Y          -       A->Y  F     OR2_X0P5M_A9PP140ZTUL_C35        65   528   338    1150 
  g43622/Y          -       A->Y  R     INV_X0P6M_A9PP140ZTUL_C35        64   776   581    1731 
  g41020/Y          -       A0->Y F     OAI22_X0P5M_A9PP140ZTUL_C35       1   160     6    1737 
  ro_reg[1][3][2]/D -       -     F     DFFRPQNA_X1M_A9PP140ZTUL_C35      1     -     0    1737 
#-----------------------------------------------------------------------------------------------



Path 99: MET (46 ps) Setup Check with Pin ro_reg[1][3][1]/CK->D
           View: wc_analysis_view
          Group: in2reg
     Startpoint: (F) m_ready
          Clock: (R) CLK
       Endpoint: (F) ro_reg[1][3][1]/D
          Clock: (R) CLK

                     Capture       Launch     
        Clock Edge:+    2000            0     
        Drv Adjust:+       0           13     
       Src Latency:+       0            0     
       Net Latency:+       0 (I)        0 (I) 
           Arrival:=    2000           13     
                                              
             Setup:-      92                  
       Uncertainty:-     125                  
     Required Time:=    1783                  
      Launch Clock:-      13                  
       Input Delay:-     500                  
         Data Path:-    1224                  
             Slack:=      46                  

Exceptions/Constraints:
  input_delay             500             axis_sa.sdc_line_16_3_1 

#-----------------------------------------------------------------------------------------------
#   Timing Point    Flags   Arc   Edge             Cell              Fanout Trans Delay Arrival 
#                                                                            (ps)  (ps)   (ps)  
#-----------------------------------------------------------------------------------------------
  m_ready           -       -     F     (arrival)                         2    30     0     513 
  g39627__3680/Y    -       A->Y  R     NAND2_X0P5A_A9PP140ZTUL_C35      11   200   110     624 
  g44752/Y          -       A->Y  F     INV_X0P5B_A9PP140ZTUL_C35        21   278   189     812 
  g44155/Y          -       A->Y  F     OR2_X0P5M_A9PP140ZTUL_C35        65   528   338    1150 
  g43622/Y          -       A->Y  R     INV_X0P6M_A9PP140ZTUL_C35        64   776   581    1731 
  g41018/Y          -       A0->Y F     OAI22_X0P5M_A9PP140ZTUL_C35       1   160     6    1737 
  ro_reg[1][3][1]/D -       -     F     DFFRPQNA_X1M_A9PP140ZTUL_C35      1     -     0    1737 
#-----------------------------------------------------------------------------------------------



Path 100: MET (46 ps) Setup Check with Pin ro_reg[1][3][0]/CK->D
           View: wc_analysis_view
          Group: in2reg
     Startpoint: (F) m_ready
          Clock: (R) CLK
       Endpoint: (F) ro_reg[1][3][0]/D
          Clock: (R) CLK

                     Capture       Launch     
        Clock Edge:+    2000            0     
        Drv Adjust:+       0           13     
       Src Latency:+       0            0     
       Net Latency:+       0 (I)        0 (I) 
           Arrival:=    2000           13     
                                              
             Setup:-      92                  
       Uncertainty:-     125                  
     Required Time:=    1783                  
      Launch Clock:-      13                  
       Input Delay:-     500                  
         Data Path:-    1224                  
             Slack:=      46                  

Exceptions/Constraints:
  input_delay             500             axis_sa.sdc_line_16_3_1 

#-----------------------------------------------------------------------------------------------
#   Timing Point    Flags   Arc   Edge             Cell              Fanout Trans Delay Arrival 
#                                                                            (ps)  (ps)   (ps)  
#-----------------------------------------------------------------------------------------------
  m_ready           -       -     F     (arrival)                         2    30     0     513 
  g39627__3680/Y    -       A->Y  R     NAND2_X0P5A_A9PP140ZTUL_C35      11   200   110     624 
  g44752/Y          -       A->Y  F     INV_X0P5B_A9PP140ZTUL_C35        21   278   189     812 
  g44155/Y          -       A->Y  F     OR2_X0P5M_A9PP140ZTUL_C35        65   528   338    1150 
  g43622/Y          -       A->Y  R     INV_X0P6M_A9PP140ZTUL_C35        64   776   581    1731 
  g41017/Y          -       A0->Y F     OAI22_X0P5M_A9PP140ZTUL_C35       1   160     6    1737 
  ro_reg[1][3][0]/D -       -     F     DFFRPQNA_X1M_A9PP140ZTUL_C35      1     -     0    1737 
#-----------------------------------------------------------------------------------------------


