============================================================
  Generated by:           Genus(TM) Synthesis Solution 23.13-s073_1
  Generated on:           Jun 24 2025  07:06:11 am
  Module:                 axis_sa
  Operating conditions:   ssg_cworstt_max_0p72v_125c 
  Interconnect mode:      global
  Area mode:              physical library
============================================================


Path 1: MET (321 ps) Setup Check with Pin ro_reg[2][1][5]/CK->D
           View: wc_analysis_view
          Group: in2reg
     Startpoint: (F) m_ready
          Clock: (R) CLK
       Endpoint: (R) ro_reg[2][1][5]/D
          Clock: (R) CLK

                     Capture       Launch     
        Clock Edge:+    2000            0     
        Drv Adjust:+       0           14     
       Src Latency:+       0            0     
       Net Latency:+       0 (I)        0 (I) 
           Arrival:=    2000           14     
                                              
             Setup:-      26                  
       Uncertainty:-     125                  
     Required Time:=    1849                  
      Launch Clock:-      14                  
       Input Delay:-     500                  
         Data Path:-    1014                  
             Slack:=     321                  

Exceptions/Constraints:
  input_delay             500             axis_sa.sdc_line_16_3_1 

#-----------------------------------------------------------------------------------------------
#   Timing Point    Flags   Arc   Edge             Cell              Fanout Trans Delay Arrival 
#                                                                            (ps)  (ps)   (ps)  
#-----------------------------------------------------------------------------------------------
  m_ready           -       -     F     (arrival)                         2    31     0     514 
  g39627__3680/Y    -       A->Y  R     NAND2_X1M_A9PP140ZTUL_C35        11   133    78     592 
  g44752/Y          -       A->Y  F     INV_X2M_A9PP140ZTUL_C35          21    83    60     652 
  g44717/Y          -       A->Y  R     NOR2_X0P5A_A9PP140ZTUL_C35       49  1073   607    1259 
  g44699/Y          -       A->Y  F     INV_X2M_A9PP140ZTUL_C35          48   354   174    1433 
  g41648/Y          -       B0->Y R     OAI22_X0P5M_A9PP140ZTUL_C35       1   159    96    1528 
  ro_reg[2][1][5]/D -       -     R     DFFRPQNA_X1M_A9PP140ZTUL_C35      1     -     0    1528 
#-----------------------------------------------------------------------------------------------



Path 2: MET (321 ps) Setup Check with Pin ro_reg[2][1][4]/CK->D
           View: wc_analysis_view
          Group: in2reg
     Startpoint: (F) m_ready
          Clock: (R) CLK
       Endpoint: (R) ro_reg[2][1][4]/D
          Clock: (R) CLK

                     Capture       Launch     
        Clock Edge:+    2000            0     
        Drv Adjust:+       0           14     
       Src Latency:+       0            0     
       Net Latency:+       0 (I)        0 (I) 
           Arrival:=    2000           14     
                                              
             Setup:-      26                  
       Uncertainty:-     125                  
     Required Time:=    1849                  
      Launch Clock:-      14                  
       Input Delay:-     500                  
         Data Path:-    1014                  
             Slack:=     321                  

Exceptions/Constraints:
  input_delay             500             axis_sa.sdc_line_16_3_1 

#-----------------------------------------------------------------------------------------------
#   Timing Point    Flags   Arc   Edge             Cell              Fanout Trans Delay Arrival 
#                                                                            (ps)  (ps)   (ps)  
#-----------------------------------------------------------------------------------------------
  m_ready           -       -     F     (arrival)                         2    31     0     514 
  g39627__3680/Y    -       A->Y  R     NAND2_X1M_A9PP140ZTUL_C35        11   133    78     592 
  g44752/Y          -       A->Y  F     INV_X2M_A9PP140ZTUL_C35          21    83    60     652 
  g44717/Y          -       A->Y  R     NOR2_X0P5A_A9PP140ZTUL_C35       49  1073   607    1259 
  g44699/Y          -       A->Y  F     INV_X2M_A9PP140ZTUL_C35          48   354   174    1433 
  g41647/Y          -       B0->Y R     OAI22_X0P5M_A9PP140ZTUL_C35       1   159    96    1528 
  ro_reg[2][1][4]/D -       -     R     DFFRPQNA_X1M_A9PP140ZTUL_C35      1     -     0    1528 
#-----------------------------------------------------------------------------------------------



Path 3: MET (321 ps) Setup Check with Pin ro_reg[2][1][3]/CK->D
           View: wc_analysis_view
          Group: in2reg
     Startpoint: (F) m_ready
          Clock: (R) CLK
       Endpoint: (R) ro_reg[2][1][3]/D
          Clock: (R) CLK

                     Capture       Launch     
        Clock Edge:+    2000            0     
        Drv Adjust:+       0           14     
       Src Latency:+       0            0     
       Net Latency:+       0 (I)        0 (I) 
           Arrival:=    2000           14     
                                              
             Setup:-      26                  
       Uncertainty:-     125                  
     Required Time:=    1849                  
      Launch Clock:-      14                  
       Input Delay:-     500                  
         Data Path:-    1014                  
             Slack:=     321                  

Exceptions/Constraints:
  input_delay             500             axis_sa.sdc_line_16_3_1 

#-----------------------------------------------------------------------------------------------
#   Timing Point    Flags   Arc   Edge             Cell              Fanout Trans Delay Arrival 
#                                                                            (ps)  (ps)   (ps)  
#-----------------------------------------------------------------------------------------------
  m_ready           -       -     F     (arrival)                         2    31     0     514 
  g39627__3680/Y    -       A->Y  R     NAND2_X1M_A9PP140ZTUL_C35        11   133    78     592 
  g44752/Y          -       A->Y  F     INV_X2M_A9PP140ZTUL_C35          21    83    60     652 
  g44717/Y          -       A->Y  R     NOR2_X0P5A_A9PP140ZTUL_C35       49  1073   607    1259 
  g44699/Y          -       A->Y  F     INV_X2M_A9PP140ZTUL_C35          48   354   174    1433 
  g41646/Y          -       B0->Y R     OAI22_X0P5M_A9PP140ZTUL_C35       1   159    96    1528 
  ro_reg[2][1][3]/D -       -     R     DFFRPQNA_X1M_A9PP140ZTUL_C35      1     -     0    1528 
#-----------------------------------------------------------------------------------------------



Path 4: MET (321 ps) Setup Check with Pin ro_reg[2][1][2]/CK->D
           View: wc_analysis_view
          Group: in2reg
     Startpoint: (F) m_ready
          Clock: (R) CLK
       Endpoint: (R) ro_reg[2][1][2]/D
          Clock: (R) CLK

                     Capture       Launch     
        Clock Edge:+    2000            0     
        Drv Adjust:+       0           14     
       Src Latency:+       0            0     
       Net Latency:+       0 (I)        0 (I) 
           Arrival:=    2000           14     
                                              
             Setup:-      26                  
       Uncertainty:-     125                  
     Required Time:=    1849                  
      Launch Clock:-      14                  
       Input Delay:-     500                  
         Data Path:-    1014                  
             Slack:=     321                  

Exceptions/Constraints:
  input_delay             500             axis_sa.sdc_line_16_3_1 

#-----------------------------------------------------------------------------------------------
#   Timing Point    Flags   Arc   Edge             Cell              Fanout Trans Delay Arrival 
#                                                                            (ps)  (ps)   (ps)  
#-----------------------------------------------------------------------------------------------
  m_ready           -       -     F     (arrival)                         2    31     0     514 
  g39627__3680/Y    -       A->Y  R     NAND2_X1M_A9PP140ZTUL_C35        11   133    78     592 
  g44752/Y          -       A->Y  F     INV_X2M_A9PP140ZTUL_C35          21    83    60     652 
  g44717/Y          -       A->Y  R     NOR2_X0P5A_A9PP140ZTUL_C35       49  1073   607    1259 
  g44699/Y          -       A->Y  F     INV_X2M_A9PP140ZTUL_C35          48   354   174    1433 
  g41645/Y          -       B0->Y R     OAI22_X0P5M_A9PP140ZTUL_C35       1   159    96    1528 
  ro_reg[2][1][2]/D -       -     R     DFFRPQNA_X1M_A9PP140ZTUL_C35      1     -     0    1528 
#-----------------------------------------------------------------------------------------------



Path 5: MET (321 ps) Setup Check with Pin ro_reg[2][1][1]/CK->D
           View: wc_analysis_view
          Group: in2reg
     Startpoint: (F) m_ready
          Clock: (R) CLK
       Endpoint: (R) ro_reg[2][1][1]/D
          Clock: (R) CLK

                     Capture       Launch     
        Clock Edge:+    2000            0     
        Drv Adjust:+       0           14     
       Src Latency:+       0            0     
       Net Latency:+       0 (I)        0 (I) 
           Arrival:=    2000           14     
                                              
             Setup:-      26                  
       Uncertainty:-     125                  
     Required Time:=    1849                  
      Launch Clock:-      14                  
       Input Delay:-     500                  
         Data Path:-    1014                  
             Slack:=     321                  

Exceptions/Constraints:
  input_delay             500             axis_sa.sdc_line_16_3_1 

#-----------------------------------------------------------------------------------------------
#   Timing Point    Flags   Arc   Edge             Cell              Fanout Trans Delay Arrival 
#                                                                            (ps)  (ps)   (ps)  
#-----------------------------------------------------------------------------------------------
  m_ready           -       -     F     (arrival)                         2    31     0     514 
  g39627__3680/Y    -       A->Y  R     NAND2_X1M_A9PP140ZTUL_C35        11   133    78     592 
  g44752/Y          -       A->Y  F     INV_X2M_A9PP140ZTUL_C35          21    83    60     652 
  g44717/Y          -       A->Y  R     NOR2_X0P5A_A9PP140ZTUL_C35       49  1073   607    1259 
  g44699/Y          -       A->Y  F     INV_X2M_A9PP140ZTUL_C35          48   354   174    1433 
  g41644/Y          -       B0->Y R     OAI22_X0P5M_A9PP140ZTUL_C35       1   159    96    1528 
  ro_reg[2][1][1]/D -       -     R     DFFRPQNA_X1M_A9PP140ZTUL_C35      1     -     0    1528 
#-----------------------------------------------------------------------------------------------



Path 6: MET (321 ps) Setup Check with Pin ro_reg[2][1][0]/CK->D
           View: wc_analysis_view
          Group: in2reg
     Startpoint: (F) m_ready
          Clock: (R) CLK
       Endpoint: (R) ro_reg[2][1][0]/D
          Clock: (R) CLK

                     Capture       Launch     
        Clock Edge:+    2000            0     
        Drv Adjust:+       0           14     
       Src Latency:+       0            0     
       Net Latency:+       0 (I)        0 (I) 
           Arrival:=    2000           14     
                                              
             Setup:-      26                  
       Uncertainty:-     125                  
     Required Time:=    1849                  
      Launch Clock:-      14                  
       Input Delay:-     500                  
         Data Path:-    1014                  
             Slack:=     321                  

Exceptions/Constraints:
  input_delay             500             axis_sa.sdc_line_16_3_1 

#-----------------------------------------------------------------------------------------------
#   Timing Point    Flags   Arc   Edge             Cell              Fanout Trans Delay Arrival 
#                                                                            (ps)  (ps)   (ps)  
#-----------------------------------------------------------------------------------------------
  m_ready           -       -     F     (arrival)                         2    31     0     514 
  g39627__3680/Y    -       A->Y  R     NAND2_X1M_A9PP140ZTUL_C35        11   133    78     592 
  g44752/Y          -       A->Y  F     INV_X2M_A9PP140ZTUL_C35          21    83    60     652 
  g44717/Y          -       A->Y  R     NOR2_X0P5A_A9PP140ZTUL_C35       49  1073   607    1259 
  g44699/Y          -       A->Y  F     INV_X2M_A9PP140ZTUL_C35          48   354   174    1433 
  g41643/Y          -       B0->Y R     OAI22_X0P5M_A9PP140ZTUL_C35       1   159    96    1528 
  ro_reg[2][1][0]/D -       -     R     DFFRPQNA_X1M_A9PP140ZTUL_C35      1     -     0    1528 
#-----------------------------------------------------------------------------------------------



Path 7: MET (321 ps) Setup Check with Pin ro_reg[1][2][4]/CK->D
           View: wc_analysis_view
          Group: in2reg
     Startpoint: (F) m_ready
          Clock: (R) CLK
       Endpoint: (R) ro_reg[1][2][4]/D
          Clock: (R) CLK

                     Capture       Launch     
        Clock Edge:+    2000            0     
        Drv Adjust:+       0           14     
       Src Latency:+       0            0     
       Net Latency:+       0 (I)        0 (I) 
           Arrival:=    2000           14     
                                              
             Setup:-      26                  
       Uncertainty:-     125                  
     Required Time:=    1849                  
      Launch Clock:-      14                  
       Input Delay:-     500                  
         Data Path:-    1014                  
             Slack:=     321                  

Exceptions/Constraints:
  input_delay             500             axis_sa.sdc_line_16_3_1 

#-----------------------------------------------------------------------------------------------
#   Timing Point    Flags   Arc   Edge             Cell              Fanout Trans Delay Arrival 
#                                                                            (ps)  (ps)   (ps)  
#-----------------------------------------------------------------------------------------------
  m_ready           -       -     F     (arrival)                         2    31     0     514 
  g39627__3680/Y    -       A->Y  R     NAND2_X1M_A9PP140ZTUL_C35        11   133    78     592 
  g44752/Y          -       A->Y  F     INV_X2M_A9PP140ZTUL_C35          21    83    60     652 
  g44717/Y          -       A->Y  R     NOR2_X0P5A_A9PP140ZTUL_C35       49  1073   607    1259 
  g44699/Y          -       A->Y  F     INV_X2M_A9PP140ZTUL_C35          48   354   174    1433 
  g41642/Y          -       B0->Y R     OAI22_X0P5M_A9PP140ZTUL_C35       1   159    96    1528 
  ro_reg[1][2][4]/D -       -     R     DFFRPQNA_X1M_A9PP140ZTUL_C35      1     -     0    1528 
#-----------------------------------------------------------------------------------------------



Path 8: MET (321 ps) Setup Check with Pin ro_reg[1][2][3]/CK->D
           View: wc_analysis_view
          Group: in2reg
     Startpoint: (F) m_ready
          Clock: (R) CLK
       Endpoint: (R) ro_reg[1][2][3]/D
          Clock: (R) CLK

                     Capture       Launch     
        Clock Edge:+    2000            0     
        Drv Adjust:+       0           14     
       Src Latency:+       0            0     
       Net Latency:+       0 (I)        0 (I) 
           Arrival:=    2000           14     
                                              
             Setup:-      26                  
       Uncertainty:-     125                  
     Required Time:=    1849                  
      Launch Clock:-      14                  
       Input Delay:-     500                  
         Data Path:-    1014                  
             Slack:=     321                  

Exceptions/Constraints:
  input_delay             500             axis_sa.sdc_line_16_3_1 

#-----------------------------------------------------------------------------------------------
#   Timing Point    Flags   Arc   Edge             Cell              Fanout Trans Delay Arrival 
#                                                                            (ps)  (ps)   (ps)  
#-----------------------------------------------------------------------------------------------
  m_ready           -       -     F     (arrival)                         2    31     0     514 
  g39627__3680/Y    -       A->Y  R     NAND2_X1M_A9PP140ZTUL_C35        11   133    78     592 
  g44752/Y          -       A->Y  F     INV_X2M_A9PP140ZTUL_C35          21    83    60     652 
  g44717/Y          -       A->Y  R     NOR2_X0P5A_A9PP140ZTUL_C35       49  1073   607    1259 
  g44699/Y          -       A->Y  F     INV_X2M_A9PP140ZTUL_C35          48   354   174    1433 
  g41640/Y          -       B0->Y R     OAI22_X0P5M_A9PP140ZTUL_C35       1   159    96    1528 
  ro_reg[1][2][3]/D -       -     R     DFFRPQNA_X1M_A9PP140ZTUL_C35      1     -     0    1528 
#-----------------------------------------------------------------------------------------------



Path 9: MET (321 ps) Setup Check with Pin ro_reg[1][2][2]/CK->D
           View: wc_analysis_view
          Group: in2reg
     Startpoint: (F) m_ready
          Clock: (R) CLK
       Endpoint: (R) ro_reg[1][2][2]/D
          Clock: (R) CLK

                     Capture       Launch     
        Clock Edge:+    2000            0     
        Drv Adjust:+       0           14     
       Src Latency:+       0            0     
       Net Latency:+       0 (I)        0 (I) 
           Arrival:=    2000           14     
                                              
             Setup:-      26                  
       Uncertainty:-     125                  
     Required Time:=    1849                  
      Launch Clock:-      14                  
       Input Delay:-     500                  
         Data Path:-    1014                  
             Slack:=     321                  

Exceptions/Constraints:
  input_delay             500             axis_sa.sdc_line_16_3_1 

#-----------------------------------------------------------------------------------------------
#   Timing Point    Flags   Arc   Edge             Cell              Fanout Trans Delay Arrival 
#                                                                            (ps)  (ps)   (ps)  
#-----------------------------------------------------------------------------------------------
  m_ready           -       -     F     (arrival)                         2    31     0     514 
  g39627__3680/Y    -       A->Y  R     NAND2_X1M_A9PP140ZTUL_C35        11   133    78     592 
  g44752/Y          -       A->Y  F     INV_X2M_A9PP140ZTUL_C35          21    83    60     652 
  g44717/Y          -       A->Y  R     NOR2_X0P5A_A9PP140ZTUL_C35       49  1073   607    1259 
  g44699/Y          -       A->Y  F     INV_X2M_A9PP140ZTUL_C35          48   354   174    1433 
  g41641/Y          -       B0->Y R     OAI22_X0P5M_A9PP140ZTUL_C35       1   159    96    1528 
  ro_reg[1][2][2]/D -       -     R     DFFRPQNA_X1M_A9PP140ZTUL_C35      1     -     0    1528 
#-----------------------------------------------------------------------------------------------



Path 10: MET (321 ps) Setup Check with Pin ro_reg[1][2][1]/CK->D
           View: wc_analysis_view
          Group: in2reg
     Startpoint: (F) m_ready
          Clock: (R) CLK
       Endpoint: (R) ro_reg[1][2][1]/D
          Clock: (R) CLK

                     Capture       Launch     
        Clock Edge:+    2000            0     
        Drv Adjust:+       0           14     
       Src Latency:+       0            0     
       Net Latency:+       0 (I)        0 (I) 
           Arrival:=    2000           14     
                                              
             Setup:-      26                  
       Uncertainty:-     125                  
     Required Time:=    1849                  
      Launch Clock:-      14                  
       Input Delay:-     500                  
         Data Path:-    1014                  
             Slack:=     321                  

Exceptions/Constraints:
  input_delay             500             axis_sa.sdc_line_16_3_1 

#-----------------------------------------------------------------------------------------------
#   Timing Point    Flags   Arc   Edge             Cell              Fanout Trans Delay Arrival 
#                                                                            (ps)  (ps)   (ps)  
#-----------------------------------------------------------------------------------------------
  m_ready           -       -     F     (arrival)                         2    31     0     514 
  g39627__3680/Y    -       A->Y  R     NAND2_X1M_A9PP140ZTUL_C35        11   133    78     592 
  g44752/Y          -       A->Y  F     INV_X2M_A9PP140ZTUL_C35          21    83    60     652 
  g44717/Y          -       A->Y  R     NOR2_X0P5A_A9PP140ZTUL_C35       49  1073   607    1259 
  g44699/Y          -       A->Y  F     INV_X2M_A9PP140ZTUL_C35          48   354   174    1433 
  g41639/Y          -       B0->Y R     OAI22_X0P5M_A9PP140ZTUL_C35       1   159    96    1528 
  ro_reg[1][2][1]/D -       -     R     DFFRPQNA_X1M_A9PP140ZTUL_C35      1     -     0    1528 
#-----------------------------------------------------------------------------------------------



Path 11: MET (321 ps) Setup Check with Pin ro_reg[1][2][0]/CK->D
           View: wc_analysis_view
          Group: in2reg
     Startpoint: (F) m_ready
          Clock: (R) CLK
       Endpoint: (R) ro_reg[1][2][0]/D
          Clock: (R) CLK

                     Capture       Launch     
        Clock Edge:+    2000            0     
        Drv Adjust:+       0           14     
       Src Latency:+       0            0     
       Net Latency:+       0 (I)        0 (I) 
           Arrival:=    2000           14     
                                              
             Setup:-      26                  
       Uncertainty:-     125                  
     Required Time:=    1849                  
      Launch Clock:-      14                  
       Input Delay:-     500                  
         Data Path:-    1014                  
             Slack:=     321                  

Exceptions/Constraints:
  input_delay             500             axis_sa.sdc_line_16_3_1 

#-----------------------------------------------------------------------------------------------
#   Timing Point    Flags   Arc   Edge             Cell              Fanout Trans Delay Arrival 
#                                                                            (ps)  (ps)   (ps)  
#-----------------------------------------------------------------------------------------------
  m_ready           -       -     F     (arrival)                         2    31     0     514 
  g39627__3680/Y    -       A->Y  R     NAND2_X1M_A9PP140ZTUL_C35        11   133    78     592 
  g44752/Y          -       A->Y  F     INV_X2M_A9PP140ZTUL_C35          21    83    60     652 
  g44717/Y          -       A->Y  R     NOR2_X0P5A_A9PP140ZTUL_C35       49  1073   607    1259 
  g44699/Y          -       A->Y  F     INV_X2M_A9PP140ZTUL_C35          48   354   174    1433 
  g41638/Y          -       B0->Y R     OAI22_X0P5M_A9PP140ZTUL_C35       1   159    96    1528 
  ro_reg[1][2][0]/D -       -     R     DFFRPQNA_X1M_A9PP140ZTUL_C35      1     -     0    1528 
#-----------------------------------------------------------------------------------------------



Path 12: MET (321 ps) Setup Check with Pin ro_reg[0][3][4]/CK->D
           View: wc_analysis_view
          Group: in2reg
     Startpoint: (F) m_ready
          Clock: (R) CLK
       Endpoint: (R) ro_reg[0][3][4]/D
          Clock: (R) CLK

                     Capture       Launch     
        Clock Edge:+    2000            0     
        Drv Adjust:+       0           14     
       Src Latency:+       0            0     
       Net Latency:+       0 (I)        0 (I) 
           Arrival:=    2000           14     
                                              
             Setup:-      26                  
       Uncertainty:-     125                  
     Required Time:=    1849                  
      Launch Clock:-      14                  
       Input Delay:-     500                  
         Data Path:-    1014                  
             Slack:=     321                  

Exceptions/Constraints:
  input_delay             500             axis_sa.sdc_line_16_3_1 

#-----------------------------------------------------------------------------------------------
#   Timing Point    Flags   Arc   Edge             Cell              Fanout Trans Delay Arrival 
#                                                                            (ps)  (ps)   (ps)  
#-----------------------------------------------------------------------------------------------
  m_ready           -       -     F     (arrival)                         2    31     0     514 
  g39627__3680/Y    -       A->Y  R     NAND2_X1M_A9PP140ZTUL_C35        11   133    78     592 
  g44752/Y          -       A->Y  F     INV_X2M_A9PP140ZTUL_C35          21    83    60     652 
  g44717/Y          -       A->Y  R     NOR2_X0P5A_A9PP140ZTUL_C35       49  1073   607    1259 
  g44699/Y          -       A->Y  F     INV_X2M_A9PP140ZTUL_C35          48   354   174    1433 
  g41653/Y          -       B0->Y R     OAI22_X0P5M_A9PP140ZTUL_C35       1   159    96    1528 
  ro_reg[0][3][4]/D -       -     R     DFFRPQNA_X1M_A9PP140ZTUL_C35      1     -     0    1528 
#-----------------------------------------------------------------------------------------------



Path 13: MET (321 ps) Setup Check with Pin ro_reg[0][3][3]/CK->D
           View: wc_analysis_view
          Group: in2reg
     Startpoint: (F) m_ready
          Clock: (R) CLK
       Endpoint: (R) ro_reg[0][3][3]/D
          Clock: (R) CLK

                     Capture       Launch     
        Clock Edge:+    2000            0     
        Drv Adjust:+       0           14     
       Src Latency:+       0            0     
       Net Latency:+       0 (I)        0 (I) 
           Arrival:=    2000           14     
                                              
             Setup:-      26                  
       Uncertainty:-     125                  
     Required Time:=    1849                  
      Launch Clock:-      14                  
       Input Delay:-     500                  
         Data Path:-    1014                  
             Slack:=     321                  

Exceptions/Constraints:
  input_delay             500             axis_sa.sdc_line_16_3_1 

#-----------------------------------------------------------------------------------------------
#   Timing Point    Flags   Arc   Edge             Cell              Fanout Trans Delay Arrival 
#                                                                            (ps)  (ps)   (ps)  
#-----------------------------------------------------------------------------------------------
  m_ready           -       -     F     (arrival)                         2    31     0     514 
  g39627__3680/Y    -       A->Y  R     NAND2_X1M_A9PP140ZTUL_C35        11   133    78     592 
  g44752/Y          -       A->Y  F     INV_X2M_A9PP140ZTUL_C35          21    83    60     652 
  g44717/Y          -       A->Y  R     NOR2_X0P5A_A9PP140ZTUL_C35       49  1073   607    1259 
  g44699/Y          -       A->Y  F     INV_X2M_A9PP140ZTUL_C35          48   354   174    1433 
  g41652/Y          -       B0->Y R     OAI22_X0P5M_A9PP140ZTUL_C35       1   159    96    1528 
  ro_reg[0][3][3]/D -       -     R     DFFRPQNA_X1M_A9PP140ZTUL_C35      1     -     0    1528 
#-----------------------------------------------------------------------------------------------



Path 14: MET (321 ps) Setup Check with Pin ro_reg[0][3][2]/CK->D
           View: wc_analysis_view
          Group: in2reg
     Startpoint: (F) m_ready
          Clock: (R) CLK
       Endpoint: (R) ro_reg[0][3][2]/D
          Clock: (R) CLK

                     Capture       Launch     
        Clock Edge:+    2000            0     
        Drv Adjust:+       0           14     
       Src Latency:+       0            0     
       Net Latency:+       0 (I)        0 (I) 
           Arrival:=    2000           14     
                                              
             Setup:-      26                  
       Uncertainty:-     125                  
     Required Time:=    1849                  
      Launch Clock:-      14                  
       Input Delay:-     500                  
         Data Path:-    1014                  
             Slack:=     321                  

Exceptions/Constraints:
  input_delay             500             axis_sa.sdc_line_16_3_1 

#-----------------------------------------------------------------------------------------------
#   Timing Point    Flags   Arc   Edge             Cell              Fanout Trans Delay Arrival 
#                                                                            (ps)  (ps)   (ps)  
#-----------------------------------------------------------------------------------------------
  m_ready           -       -     F     (arrival)                         2    31     0     514 
  g39627__3680/Y    -       A->Y  R     NAND2_X1M_A9PP140ZTUL_C35        11   133    78     592 
  g44752/Y          -       A->Y  F     INV_X2M_A9PP140ZTUL_C35          21    83    60     652 
  g44717/Y          -       A->Y  R     NOR2_X0P5A_A9PP140ZTUL_C35       49  1073   607    1259 
  g44699/Y          -       A->Y  F     INV_X2M_A9PP140ZTUL_C35          48   354   174    1433 
  g41651/Y          -       B0->Y R     OAI22_X0P5M_A9PP140ZTUL_C35       1   159    96    1528 
  ro_reg[0][3][2]/D -       -     R     DFFRPQNA_X1M_A9PP140ZTUL_C35      1     -     0    1528 
#-----------------------------------------------------------------------------------------------



Path 15: MET (321 ps) Setup Check with Pin ro_reg[0][3][1]/CK->D
           View: wc_analysis_view
          Group: in2reg
     Startpoint: (F) m_ready
          Clock: (R) CLK
       Endpoint: (R) ro_reg[0][3][1]/D
          Clock: (R) CLK

                     Capture       Launch     
        Clock Edge:+    2000            0     
        Drv Adjust:+       0           14     
       Src Latency:+       0            0     
       Net Latency:+       0 (I)        0 (I) 
           Arrival:=    2000           14     
                                              
             Setup:-      26                  
       Uncertainty:-     125                  
     Required Time:=    1849                  
      Launch Clock:-      14                  
       Input Delay:-     500                  
         Data Path:-    1014                  
             Slack:=     321                  

Exceptions/Constraints:
  input_delay             500             axis_sa.sdc_line_16_3_1 

#-----------------------------------------------------------------------------------------------
#   Timing Point    Flags   Arc   Edge             Cell              Fanout Trans Delay Arrival 
#                                                                            (ps)  (ps)   (ps)  
#-----------------------------------------------------------------------------------------------
  m_ready           -       -     F     (arrival)                         2    31     0     514 
  g39627__3680/Y    -       A->Y  R     NAND2_X1M_A9PP140ZTUL_C35        11   133    78     592 
  g44752/Y          -       A->Y  F     INV_X2M_A9PP140ZTUL_C35          21    83    60     652 
  g44717/Y          -       A->Y  R     NOR2_X0P5A_A9PP140ZTUL_C35       49  1073   607    1259 
  g44699/Y          -       A->Y  F     INV_X2M_A9PP140ZTUL_C35          48   354   174    1433 
  g41650/Y          -       B0->Y R     OAI22_X0P5M_A9PP140ZTUL_C35       1   159    96    1528 
  ro_reg[0][3][1]/D -       -     R     DFFRPQNA_X1M_A9PP140ZTUL_C35      1     -     0    1528 
#-----------------------------------------------------------------------------------------------



Path 16: MET (321 ps) Setup Check with Pin ro_reg[0][3][0]/CK->D
           View: wc_analysis_view
          Group: in2reg
     Startpoint: (F) m_ready
          Clock: (R) CLK
       Endpoint: (R) ro_reg[0][3][0]/D
          Clock: (R) CLK

                     Capture       Launch     
        Clock Edge:+    2000            0     
        Drv Adjust:+       0           14     
       Src Latency:+       0            0     
       Net Latency:+       0 (I)        0 (I) 
           Arrival:=    2000           14     
                                              
             Setup:-      26                  
       Uncertainty:-     125                  
     Required Time:=    1849                  
      Launch Clock:-      14                  
       Input Delay:-     500                  
         Data Path:-    1014                  
             Slack:=     321                  

Exceptions/Constraints:
  input_delay             500             axis_sa.sdc_line_16_3_1 

#-----------------------------------------------------------------------------------------------
#   Timing Point    Flags   Arc   Edge             Cell              Fanout Trans Delay Arrival 
#                                                                            (ps)  (ps)   (ps)  
#-----------------------------------------------------------------------------------------------
  m_ready           -       -     F     (arrival)                         2    31     0     514 
  g39627__3680/Y    -       A->Y  R     NAND2_X1M_A9PP140ZTUL_C35        11   133    78     592 
  g44752/Y          -       A->Y  F     INV_X2M_A9PP140ZTUL_C35          21    83    60     652 
  g44717/Y          -       A->Y  R     NOR2_X0P5A_A9PP140ZTUL_C35       49  1073   607    1259 
  g44699/Y          -       A->Y  F     INV_X2M_A9PP140ZTUL_C35          48   354   174    1433 
  g41649/Y          -       B0->Y R     OAI22_X0P5M_A9PP140ZTUL_C35       1   159    96    1528 
  ro_reg[0][3][0]/D -       -     R     DFFRPQNA_X1M_A9PP140ZTUL_C35      1     -     0    1528 
#-----------------------------------------------------------------------------------------------



Path 17: MET (321 ps) Setup Check with Pin ro_reg[2][1][15]/CK->D
           View: wc_analysis_view
          Group: in2reg
     Startpoint: (F) m_ready
          Clock: (R) CLK
       Endpoint: (R) ro_reg[2][1][15]/D
          Clock: (R) CLK

                     Capture       Launch     
        Clock Edge:+    2000            0     
        Drv Adjust:+       0           14     
       Src Latency:+       0            0     
       Net Latency:+       0 (I)        0 (I) 
           Arrival:=    2000           14     
                                              
             Setup:-      26                  
       Uncertainty:-     125                  
     Required Time:=    1849                  
      Launch Clock:-      14                  
       Input Delay:-     500                  
         Data Path:-    1014                  
             Slack:=     321                  

Exceptions/Constraints:
  input_delay             500             axis_sa.sdc_line_16_3_1 

#------------------------------------------------------------------------------------------------
#   Timing Point     Flags   Arc   Edge             Cell              Fanout Trans Delay Arrival 
#                                                                             (ps)  (ps)   (ps)  
#------------------------------------------------------------------------------------------------
  m_ready            -       -     F     (arrival)                         2    31     0     514 
  g39627__3680/Y     -       A->Y  R     NAND2_X1M_A9PP140ZTUL_C35        11   133    78     592 
  g44752/Y           -       A->Y  F     INV_X2M_A9PP140ZTUL_C35          21    83    60     652 
  g44717/Y           -       A->Y  R     NOR2_X0P5A_A9PP140ZTUL_C35       49  1073   607    1259 
  g44699/Y           -       A->Y  F     INV_X2M_A9PP140ZTUL_C35          48   354   174    1433 
  g41477/Y           -       B0->Y R     OAI22_X0P5M_A9PP140ZTUL_C35       1   140    96    1528 
  ro_reg[2][1][15]/D -       -     R     DFFRPQNA_X1M_A9PP140ZTUL_C35      1     -     0    1528 
#------------------------------------------------------------------------------------------------



Path 18: MET (321 ps) Setup Check with Pin ro_reg[2][1][14]/CK->D
           View: wc_analysis_view
          Group: in2reg
     Startpoint: (F) m_ready
          Clock: (R) CLK
       Endpoint: (R) ro_reg[2][1][14]/D
          Clock: (R) CLK

                     Capture       Launch     
        Clock Edge:+    2000            0     
        Drv Adjust:+       0           14     
       Src Latency:+       0            0     
       Net Latency:+       0 (I)        0 (I) 
           Arrival:=    2000           14     
                                              
             Setup:-      26                  
       Uncertainty:-     125                  
     Required Time:=    1849                  
      Launch Clock:-      14                  
       Input Delay:-     500                  
         Data Path:-    1014                  
             Slack:=     321                  

Exceptions/Constraints:
  input_delay             500             axis_sa.sdc_line_16_3_1 

#------------------------------------------------------------------------------------------------
#   Timing Point     Flags   Arc   Edge             Cell              Fanout Trans Delay Arrival 
#                                                                             (ps)  (ps)   (ps)  
#------------------------------------------------------------------------------------------------
  m_ready            -       -     F     (arrival)                         2    31     0     514 
  g39627__3680/Y     -       A->Y  R     NAND2_X1M_A9PP140ZTUL_C35        11   133    78     592 
  g44752/Y           -       A->Y  F     INV_X2M_A9PP140ZTUL_C35          21    83    60     652 
  g44717/Y           -       A->Y  R     NOR2_X0P5A_A9PP140ZTUL_C35       49  1073   607    1259 
  g44699/Y           -       A->Y  F     INV_X2M_A9PP140ZTUL_C35          48   354   174    1433 
  g41481/Y           -       B0->Y R     OAI22_X0P5M_A9PP140ZTUL_C35       1   140    96    1528 
  ro_reg[2][1][14]/D -       -     R     DFFRPQNA_X1M_A9PP140ZTUL_C35      1     -     0    1528 
#------------------------------------------------------------------------------------------------



Path 19: MET (321 ps) Setup Check with Pin ro_reg[2][1][13]/CK->D
           View: wc_analysis_view
          Group: in2reg
     Startpoint: (F) m_ready
          Clock: (R) CLK
       Endpoint: (R) ro_reg[2][1][13]/D
          Clock: (R) CLK

                     Capture       Launch     
        Clock Edge:+    2000            0     
        Drv Adjust:+       0           14     
       Src Latency:+       0            0     
       Net Latency:+       0 (I)        0 (I) 
           Arrival:=    2000           14     
                                              
             Setup:-      26                  
       Uncertainty:-     125                  
     Required Time:=    1849                  
      Launch Clock:-      14                  
       Input Delay:-     500                  
         Data Path:-    1014                  
             Slack:=     321                  

Exceptions/Constraints:
  input_delay             500             axis_sa.sdc_line_16_3_1 

#------------------------------------------------------------------------------------------------
#   Timing Point     Flags   Arc   Edge             Cell              Fanout Trans Delay Arrival 
#                                                                             (ps)  (ps)   (ps)  
#------------------------------------------------------------------------------------------------
  m_ready            -       -     F     (arrival)                         2    31     0     514 
  g39627__3680/Y     -       A->Y  R     NAND2_X1M_A9PP140ZTUL_C35        11   133    78     592 
  g44752/Y           -       A->Y  F     INV_X2M_A9PP140ZTUL_C35          21    83    60     652 
  g44717/Y           -       A->Y  R     NOR2_X0P5A_A9PP140ZTUL_C35       49  1073   607    1259 
  g44699/Y           -       A->Y  F     INV_X2M_A9PP140ZTUL_C35          48   354   174    1433 
  g41486/Y           -       B0->Y R     OAI22_X0P5M_A9PP140ZTUL_C35       1   140    96    1528 
  ro_reg[2][1][13]/D -       -     R     DFFRPQNA_X1M_A9PP140ZTUL_C35      1     -     0    1528 
#------------------------------------------------------------------------------------------------



Path 20: MET (321 ps) Setup Check with Pin ro_reg[2][1][12]/CK->D
           View: wc_analysis_view
          Group: in2reg
     Startpoint: (F) m_ready
          Clock: (R) CLK
       Endpoint: (R) ro_reg[2][1][12]/D
          Clock: (R) CLK

                     Capture       Launch     
        Clock Edge:+    2000            0     
        Drv Adjust:+       0           14     
       Src Latency:+       0            0     
       Net Latency:+       0 (I)        0 (I) 
           Arrival:=    2000           14     
                                              
             Setup:-      26                  
       Uncertainty:-     125                  
     Required Time:=    1849                  
      Launch Clock:-      14                  
       Input Delay:-     500                  
         Data Path:-    1014                  
             Slack:=     321                  

Exceptions/Constraints:
  input_delay             500             axis_sa.sdc_line_16_3_1 

#------------------------------------------------------------------------------------------------
#   Timing Point     Flags   Arc   Edge             Cell              Fanout Trans Delay Arrival 
#                                                                             (ps)  (ps)   (ps)  
#------------------------------------------------------------------------------------------------
  m_ready            -       -     F     (arrival)                         2    31     0     514 
  g39627__3680/Y     -       A->Y  R     NAND2_X1M_A9PP140ZTUL_C35        11   133    78     592 
  g44752/Y           -       A->Y  F     INV_X2M_A9PP140ZTUL_C35          21    83    60     652 
  g44717/Y           -       A->Y  R     NOR2_X0P5A_A9PP140ZTUL_C35       49  1073   607    1259 
  g44699/Y           -       A->Y  F     INV_X2M_A9PP140ZTUL_C35          48   354   174    1433 
  g41491/Y           -       B0->Y R     OAI22_X0P5M_A9PP140ZTUL_C35       1   140    96    1528 
  ro_reg[2][1][12]/D -       -     R     DFFRPQNA_X1M_A9PP140ZTUL_C35      1     -     0    1528 
#------------------------------------------------------------------------------------------------



Path 21: MET (321 ps) Setup Check with Pin ro_reg[2][1][11]/CK->D
           View: wc_analysis_view
          Group: in2reg
     Startpoint: (F) m_ready
          Clock: (R) CLK
       Endpoint: (R) ro_reg[2][1][11]/D
          Clock: (R) CLK

                     Capture       Launch     
        Clock Edge:+    2000            0     
        Drv Adjust:+       0           14     
       Src Latency:+       0            0     
       Net Latency:+       0 (I)        0 (I) 
           Arrival:=    2000           14     
                                              
             Setup:-      26                  
       Uncertainty:-     125                  
     Required Time:=    1849                  
      Launch Clock:-      14                  
       Input Delay:-     500                  
         Data Path:-    1014                  
             Slack:=     321                  

Exceptions/Constraints:
  input_delay             500             axis_sa.sdc_line_16_3_1 

#------------------------------------------------------------------------------------------------
#   Timing Point     Flags   Arc   Edge             Cell              Fanout Trans Delay Arrival 
#                                                                             (ps)  (ps)   (ps)  
#------------------------------------------------------------------------------------------------
  m_ready            -       -     F     (arrival)                         2    31     0     514 
  g39627__3680/Y     -       A->Y  R     NAND2_X1M_A9PP140ZTUL_C35        11   133    78     592 
  g44752/Y           -       A->Y  F     INV_X2M_A9PP140ZTUL_C35          21    83    60     652 
  g44717/Y           -       A->Y  R     NOR2_X0P5A_A9PP140ZTUL_C35       49  1073   607    1259 
  g44699/Y           -       A->Y  F     INV_X2M_A9PP140ZTUL_C35          48   354   174    1433 
  g41496/Y           -       B0->Y R     OAI22_X0P5M_A9PP140ZTUL_C35       1   140    96    1528 
  ro_reg[2][1][11]/D -       -     R     DFFRPQNA_X1M_A9PP140ZTUL_C35      1     -     0    1528 
#------------------------------------------------------------------------------------------------



Path 22: MET (321 ps) Setup Check with Pin ro_reg[2][1][10]/CK->D
           View: wc_analysis_view
          Group: in2reg
     Startpoint: (F) m_ready
          Clock: (R) CLK
       Endpoint: (R) ro_reg[2][1][10]/D
          Clock: (R) CLK

                     Capture       Launch     
        Clock Edge:+    2000            0     
        Drv Adjust:+       0           14     
       Src Latency:+       0            0     
       Net Latency:+       0 (I)        0 (I) 
           Arrival:=    2000           14     
                                              
             Setup:-      26                  
       Uncertainty:-     125                  
     Required Time:=    1849                  
      Launch Clock:-      14                  
       Input Delay:-     500                  
         Data Path:-    1014                  
             Slack:=     321                  

Exceptions/Constraints:
  input_delay             500             axis_sa.sdc_line_16_3_1 

#------------------------------------------------------------------------------------------------
#   Timing Point     Flags   Arc   Edge             Cell              Fanout Trans Delay Arrival 
#                                                                             (ps)  (ps)   (ps)  
#------------------------------------------------------------------------------------------------
  m_ready            -       -     F     (arrival)                         2    31     0     514 
  g39627__3680/Y     -       A->Y  R     NAND2_X1M_A9PP140ZTUL_C35        11   133    78     592 
  g44752/Y           -       A->Y  F     INV_X2M_A9PP140ZTUL_C35          21    83    60     652 
  g44717/Y           -       A->Y  R     NOR2_X0P5A_A9PP140ZTUL_C35       49  1073   607    1259 
  g44699/Y           -       A->Y  F     INV_X2M_A9PP140ZTUL_C35          48   354   174    1433 
  g41501/Y           -       B0->Y R     OAI22_X0P5M_A9PP140ZTUL_C35       1   140    96    1528 
  ro_reg[2][1][10]/D -       -     R     DFFRPQNA_X1M_A9PP140ZTUL_C35      1     -     0    1528 
#------------------------------------------------------------------------------------------------



Path 23: MET (321 ps) Setup Check with Pin ro_reg[2][1][9]/CK->D
           View: wc_analysis_view
          Group: in2reg
     Startpoint: (F) m_ready
          Clock: (R) CLK
       Endpoint: (R) ro_reg[2][1][9]/D
          Clock: (R) CLK

                     Capture       Launch     
        Clock Edge:+    2000            0     
        Drv Adjust:+       0           14     
       Src Latency:+       0            0     
       Net Latency:+       0 (I)        0 (I) 
           Arrival:=    2000           14     
                                              
             Setup:-      26                  
       Uncertainty:-     125                  
     Required Time:=    1849                  
      Launch Clock:-      14                  
       Input Delay:-     500                  
         Data Path:-    1014                  
             Slack:=     321                  

Exceptions/Constraints:
  input_delay             500             axis_sa.sdc_line_16_3_1 

#-----------------------------------------------------------------------------------------------
#   Timing Point    Flags   Arc   Edge             Cell              Fanout Trans Delay Arrival 
#                                                                            (ps)  (ps)   (ps)  
#-----------------------------------------------------------------------------------------------
  m_ready           -       -     F     (arrival)                         2    31     0     514 
  g39627__3680/Y    -       A->Y  R     NAND2_X1M_A9PP140ZTUL_C35        11   133    78     592 
  g44752/Y          -       A->Y  F     INV_X2M_A9PP140ZTUL_C35          21    83    60     652 
  g44717/Y          -       A->Y  R     NOR2_X0P5A_A9PP140ZTUL_C35       49  1073   607    1259 
  g44699/Y          -       A->Y  F     INV_X2M_A9PP140ZTUL_C35          48   354   174    1433 
  g41506/Y          -       B0->Y R     OAI22_X0P5M_A9PP140ZTUL_C35       1   140    96    1528 
  ro_reg[2][1][9]/D -       -     R     DFFRPQNA_X1M_A9PP140ZTUL_C35      1     -     0    1528 
#-----------------------------------------------------------------------------------------------



Path 24: MET (321 ps) Setup Check with Pin ro_reg[2][1][8]/CK->D
           View: wc_analysis_view
          Group: in2reg
     Startpoint: (F) m_ready
          Clock: (R) CLK
       Endpoint: (R) ro_reg[2][1][8]/D
          Clock: (R) CLK

                     Capture       Launch     
        Clock Edge:+    2000            0     
        Drv Adjust:+       0           14     
       Src Latency:+       0            0     
       Net Latency:+       0 (I)        0 (I) 
           Arrival:=    2000           14     
                                              
             Setup:-      26                  
       Uncertainty:-     125                  
     Required Time:=    1849                  
      Launch Clock:-      14                  
       Input Delay:-     500                  
         Data Path:-    1014                  
             Slack:=     321                  

Exceptions/Constraints:
  input_delay             500             axis_sa.sdc_line_16_3_1 

#-----------------------------------------------------------------------------------------------
#   Timing Point    Flags   Arc   Edge             Cell              Fanout Trans Delay Arrival 
#                                                                            (ps)  (ps)   (ps)  
#-----------------------------------------------------------------------------------------------
  m_ready           -       -     F     (arrival)                         2    31     0     514 
  g39627__3680/Y    -       A->Y  R     NAND2_X1M_A9PP140ZTUL_C35        11   133    78     592 
  g44752/Y          -       A->Y  F     INV_X2M_A9PP140ZTUL_C35          21    83    60     652 
  g44717/Y          -       A->Y  R     NOR2_X0P5A_A9PP140ZTUL_C35       49  1073   607    1259 
  g44699/Y          -       A->Y  F     INV_X2M_A9PP140ZTUL_C35          48   354   174    1433 
  g41511/Y          -       B0->Y R     OAI22_X0P5M_A9PP140ZTUL_C35       1   140    96    1528 
  ro_reg[2][1][8]/D -       -     R     DFFRPQNA_X1M_A9PP140ZTUL_C35      1     -     0    1528 
#-----------------------------------------------------------------------------------------------



Path 25: MET (321 ps) Setup Check with Pin ro_reg[2][1][7]/CK->D
           View: wc_analysis_view
          Group: in2reg
     Startpoint: (F) m_ready
          Clock: (R) CLK
       Endpoint: (R) ro_reg[2][1][7]/D
          Clock: (R) CLK

                     Capture       Launch     
        Clock Edge:+    2000            0     
        Drv Adjust:+       0           14     
       Src Latency:+       0            0     
       Net Latency:+       0 (I)        0 (I) 
           Arrival:=    2000           14     
                                              
             Setup:-      26                  
       Uncertainty:-     125                  
     Required Time:=    1849                  
      Launch Clock:-      14                  
       Input Delay:-     500                  
         Data Path:-    1014                  
             Slack:=     321                  

Exceptions/Constraints:
  input_delay             500             axis_sa.sdc_line_16_3_1 

#-----------------------------------------------------------------------------------------------
#   Timing Point    Flags   Arc   Edge             Cell              Fanout Trans Delay Arrival 
#                                                                            (ps)  (ps)   (ps)  
#-----------------------------------------------------------------------------------------------
  m_ready           -       -     F     (arrival)                         2    31     0     514 
  g39627__3680/Y    -       A->Y  R     NAND2_X1M_A9PP140ZTUL_C35        11   133    78     592 
  g44752/Y          -       A->Y  F     INV_X2M_A9PP140ZTUL_C35          21    83    60     652 
  g44717/Y          -       A->Y  R     NOR2_X0P5A_A9PP140ZTUL_C35       49  1073   607    1259 
  g44699/Y          -       A->Y  F     INV_X2M_A9PP140ZTUL_C35          48   354   174    1433 
  g41516/Y          -       B0->Y R     OAI22_X0P5M_A9PP140ZTUL_C35       1   140    96    1528 
  ro_reg[2][1][7]/D -       -     R     DFFRPQNA_X1M_A9PP140ZTUL_C35      1     -     0    1528 
#-----------------------------------------------------------------------------------------------



Path 26: MET (321 ps) Setup Check with Pin ro_reg[2][1][6]/CK->D
           View: wc_analysis_view
          Group: in2reg
     Startpoint: (F) m_ready
          Clock: (R) CLK
       Endpoint: (R) ro_reg[2][1][6]/D
          Clock: (R) CLK

                     Capture       Launch     
        Clock Edge:+    2000            0     
        Drv Adjust:+       0           14     
       Src Latency:+       0            0     
       Net Latency:+       0 (I)        0 (I) 
           Arrival:=    2000           14     
                                              
             Setup:-      26                  
       Uncertainty:-     125                  
     Required Time:=    1849                  
      Launch Clock:-      14                  
       Input Delay:-     500                  
         Data Path:-    1014                  
             Slack:=     321                  

Exceptions/Constraints:
  input_delay             500             axis_sa.sdc_line_16_3_1 

#-----------------------------------------------------------------------------------------------
#   Timing Point    Flags   Arc   Edge             Cell              Fanout Trans Delay Arrival 
#                                                                            (ps)  (ps)   (ps)  
#-----------------------------------------------------------------------------------------------
  m_ready           -       -     F     (arrival)                         2    31     0     514 
  g39627__3680/Y    -       A->Y  R     NAND2_X1M_A9PP140ZTUL_C35        11   133    78     592 
  g44752/Y          -       A->Y  F     INV_X2M_A9PP140ZTUL_C35          21    83    60     652 
  g44717/Y          -       A->Y  R     NOR2_X0P5A_A9PP140ZTUL_C35       49  1073   607    1259 
  g44699/Y          -       A->Y  F     INV_X2M_A9PP140ZTUL_C35          48   354   174    1433 
  g41521/Y          -       B0->Y R     OAI22_X0P5M_A9PP140ZTUL_C35       1   140    96    1528 
  ro_reg[2][1][6]/D -       -     R     DFFRPQNA_X1M_A9PP140ZTUL_C35      1     -     0    1528 
#-----------------------------------------------------------------------------------------------



Path 27: MET (321 ps) Setup Check with Pin ro_reg[1][2][15]/CK->D
           View: wc_analysis_view
          Group: in2reg
     Startpoint: (F) m_ready
          Clock: (R) CLK
       Endpoint: (R) ro_reg[1][2][15]/D
          Clock: (R) CLK

                     Capture       Launch     
        Clock Edge:+    2000            0     
        Drv Adjust:+       0           14     
       Src Latency:+       0            0     
       Net Latency:+       0 (I)        0 (I) 
           Arrival:=    2000           14     
                                              
             Setup:-      26                  
       Uncertainty:-     125                  
     Required Time:=    1849                  
      Launch Clock:-      14                  
       Input Delay:-     500                  
         Data Path:-    1014                  
             Slack:=     321                  

Exceptions/Constraints:
  input_delay             500             axis_sa.sdc_line_16_3_1 

#------------------------------------------------------------------------------------------------
#   Timing Point     Flags   Arc   Edge             Cell              Fanout Trans Delay Arrival 
#                                                                             (ps)  (ps)   (ps)  
#------------------------------------------------------------------------------------------------
  m_ready            -       -     F     (arrival)                         2    31     0     514 
  g39627__3680/Y     -       A->Y  R     NAND2_X1M_A9PP140ZTUL_C35        11   133    78     592 
  g44752/Y           -       A->Y  F     INV_X2M_A9PP140ZTUL_C35          21    83    60     652 
  g44717/Y           -       A->Y  R     NOR2_X0P5A_A9PP140ZTUL_C35       49  1073   607    1259 
  g44699/Y           -       A->Y  F     INV_X2M_A9PP140ZTUL_C35          48   354   174    1433 
  g41474/Y           -       B0->Y R     OAI22_X0P5M_A9PP140ZTUL_C35       1   140    96    1528 
  ro_reg[1][2][15]/D -       -     R     DFFRPQNA_X1M_A9PP140ZTUL_C35      1     -     0    1528 
#------------------------------------------------------------------------------------------------



Path 28: MET (321 ps) Setup Check with Pin ro_reg[1][2][14]/CK->D
           View: wc_analysis_view
          Group: in2reg
     Startpoint: (F) m_ready
          Clock: (R) CLK
       Endpoint: (R) ro_reg[1][2][14]/D
          Clock: (R) CLK

                     Capture       Launch     
        Clock Edge:+    2000            0     
        Drv Adjust:+       0           14     
       Src Latency:+       0            0     
       Net Latency:+       0 (I)        0 (I) 
           Arrival:=    2000           14     
                                              
             Setup:-      26                  
       Uncertainty:-     125                  
     Required Time:=    1849                  
      Launch Clock:-      14                  
       Input Delay:-     500                  
         Data Path:-    1014                  
             Slack:=     321                  

Exceptions/Constraints:
  input_delay             500             axis_sa.sdc_line_16_3_1 

#------------------------------------------------------------------------------------------------
#   Timing Point     Flags   Arc   Edge             Cell              Fanout Trans Delay Arrival 
#                                                                             (ps)  (ps)   (ps)  
#------------------------------------------------------------------------------------------------
  m_ready            -       -     F     (arrival)                         2    31     0     514 
  g39627__3680/Y     -       A->Y  R     NAND2_X1M_A9PP140ZTUL_C35        11   133    78     592 
  g44752/Y           -       A->Y  F     INV_X2M_A9PP140ZTUL_C35          21    83    60     652 
  g44717/Y           -       A->Y  R     NOR2_X0P5A_A9PP140ZTUL_C35       49  1073   607    1259 
  g44699/Y           -       A->Y  F     INV_X2M_A9PP140ZTUL_C35          48   354   174    1433 
  g41479/Y           -       B0->Y R     OAI22_X0P5M_A9PP140ZTUL_C35       1   140    96    1528 
  ro_reg[1][2][14]/D -       -     R     DFFRPQNA_X1M_A9PP140ZTUL_C35      1     -     0    1528 
#------------------------------------------------------------------------------------------------



Path 29: MET (321 ps) Setup Check with Pin ro_reg[1][2][13]/CK->D
           View: wc_analysis_view
          Group: in2reg
     Startpoint: (F) m_ready
          Clock: (R) CLK
       Endpoint: (R) ro_reg[1][2][13]/D
          Clock: (R) CLK

                     Capture       Launch     
        Clock Edge:+    2000            0     
        Drv Adjust:+       0           14     
       Src Latency:+       0            0     
       Net Latency:+       0 (I)        0 (I) 
           Arrival:=    2000           14     
                                              
             Setup:-      26                  
       Uncertainty:-     125                  
     Required Time:=    1849                  
      Launch Clock:-      14                  
       Input Delay:-     500                  
         Data Path:-    1014                  
             Slack:=     321                  

Exceptions/Constraints:
  input_delay             500             axis_sa.sdc_line_16_3_1 

#------------------------------------------------------------------------------------------------
#   Timing Point     Flags   Arc   Edge             Cell              Fanout Trans Delay Arrival 
#                                                                             (ps)  (ps)   (ps)  
#------------------------------------------------------------------------------------------------
  m_ready            -       -     F     (arrival)                         2    31     0     514 
  g39627__3680/Y     -       A->Y  R     NAND2_X1M_A9PP140ZTUL_C35        11   133    78     592 
  g44752/Y           -       A->Y  F     INV_X2M_A9PP140ZTUL_C35          21    83    60     652 
  g44717/Y           -       A->Y  R     NOR2_X0P5A_A9PP140ZTUL_C35       49  1073   607    1259 
  g44699/Y           -       A->Y  F     INV_X2M_A9PP140ZTUL_C35          48   354   174    1433 
  g41484/Y           -       B0->Y R     OAI22_X0P5M_A9PP140ZTUL_C35       1   140    96    1528 
  ro_reg[1][2][13]/D -       -     R     DFFRPQNA_X1M_A9PP140ZTUL_C35      1     -     0    1528 
#------------------------------------------------------------------------------------------------



Path 30: MET (321 ps) Setup Check with Pin ro_reg[1][2][12]/CK->D
           View: wc_analysis_view
          Group: in2reg
     Startpoint: (F) m_ready
          Clock: (R) CLK
       Endpoint: (R) ro_reg[1][2][12]/D
          Clock: (R) CLK

                     Capture       Launch     
        Clock Edge:+    2000            0     
        Drv Adjust:+       0           14     
       Src Latency:+       0            0     
       Net Latency:+       0 (I)        0 (I) 
           Arrival:=    2000           14     
                                              
             Setup:-      26                  
       Uncertainty:-     125                  
     Required Time:=    1849                  
      Launch Clock:-      14                  
       Input Delay:-     500                  
         Data Path:-    1014                  
             Slack:=     321                  

Exceptions/Constraints:
  input_delay             500             axis_sa.sdc_line_16_3_1 

#------------------------------------------------------------------------------------------------
#   Timing Point     Flags   Arc   Edge             Cell              Fanout Trans Delay Arrival 
#                                                                             (ps)  (ps)   (ps)  
#------------------------------------------------------------------------------------------------
  m_ready            -       -     F     (arrival)                         2    31     0     514 
  g39627__3680/Y     -       A->Y  R     NAND2_X1M_A9PP140ZTUL_C35        11   133    78     592 
  g44752/Y           -       A->Y  F     INV_X2M_A9PP140ZTUL_C35          21    83    60     652 
  g44717/Y           -       A->Y  R     NOR2_X0P5A_A9PP140ZTUL_C35       49  1073   607    1259 
  g44699/Y           -       A->Y  F     INV_X2M_A9PP140ZTUL_C35          48   354   174    1433 
  g41489/Y           -       B0->Y R     OAI22_X0P5M_A9PP140ZTUL_C35       1   140    96    1528 
  ro_reg[1][2][12]/D -       -     R     DFFRPQNA_X1M_A9PP140ZTUL_C35      1     -     0    1528 
#------------------------------------------------------------------------------------------------



Path 31: MET (321 ps) Setup Check with Pin ro_reg[1][2][11]/CK->D
           View: wc_analysis_view
          Group: in2reg
     Startpoint: (F) m_ready
          Clock: (R) CLK
       Endpoint: (R) ro_reg[1][2][11]/D
          Clock: (R) CLK

                     Capture       Launch     
        Clock Edge:+    2000            0     
        Drv Adjust:+       0           14     
       Src Latency:+       0            0     
       Net Latency:+       0 (I)        0 (I) 
           Arrival:=    2000           14     
                                              
             Setup:-      26                  
       Uncertainty:-     125                  
     Required Time:=    1849                  
      Launch Clock:-      14                  
       Input Delay:-     500                  
         Data Path:-    1014                  
             Slack:=     321                  

Exceptions/Constraints:
  input_delay             500             axis_sa.sdc_line_16_3_1 

#------------------------------------------------------------------------------------------------
#   Timing Point     Flags   Arc   Edge             Cell              Fanout Trans Delay Arrival 
#                                                                             (ps)  (ps)   (ps)  
#------------------------------------------------------------------------------------------------
  m_ready            -       -     F     (arrival)                         2    31     0     514 
  g39627__3680/Y     -       A->Y  R     NAND2_X1M_A9PP140ZTUL_C35        11   133    78     592 
  g44752/Y           -       A->Y  F     INV_X2M_A9PP140ZTUL_C35          21    83    60     652 
  g44717/Y           -       A->Y  R     NOR2_X0P5A_A9PP140ZTUL_C35       49  1073   607    1259 
  g44699/Y           -       A->Y  F     INV_X2M_A9PP140ZTUL_C35          48   354   174    1433 
  g41494/Y           -       B0->Y R     OAI22_X0P5M_A9PP140ZTUL_C35       1   140    96    1528 
  ro_reg[1][2][11]/D -       -     R     DFFRPQNA_X1M_A9PP140ZTUL_C35      1     -     0    1528 
#------------------------------------------------------------------------------------------------



Path 32: MET (321 ps) Setup Check with Pin ro_reg[1][2][10]/CK->D
           View: wc_analysis_view
          Group: in2reg
     Startpoint: (F) m_ready
          Clock: (R) CLK
       Endpoint: (R) ro_reg[1][2][10]/D
          Clock: (R) CLK

                     Capture       Launch     
        Clock Edge:+    2000            0     
        Drv Adjust:+       0           14     
       Src Latency:+       0            0     
       Net Latency:+       0 (I)        0 (I) 
           Arrival:=    2000           14     
                                              
             Setup:-      26                  
       Uncertainty:-     125                  
     Required Time:=    1849                  
      Launch Clock:-      14                  
       Input Delay:-     500                  
         Data Path:-    1014                  
             Slack:=     321                  

Exceptions/Constraints:
  input_delay             500             axis_sa.sdc_line_16_3_1 

#------------------------------------------------------------------------------------------------
#   Timing Point     Flags   Arc   Edge             Cell              Fanout Trans Delay Arrival 
#                                                                             (ps)  (ps)   (ps)  
#------------------------------------------------------------------------------------------------
  m_ready            -       -     F     (arrival)                         2    31     0     514 
  g39627__3680/Y     -       A->Y  R     NAND2_X1M_A9PP140ZTUL_C35        11   133    78     592 
  g44752/Y           -       A->Y  F     INV_X2M_A9PP140ZTUL_C35          21    83    60     652 
  g44717/Y           -       A->Y  R     NOR2_X0P5A_A9PP140ZTUL_C35       49  1073   607    1259 
  g44699/Y           -       A->Y  F     INV_X2M_A9PP140ZTUL_C35          48   354   174    1433 
  g41499/Y           -       B0->Y R     OAI22_X0P5M_A9PP140ZTUL_C35       1   140    96    1528 
  ro_reg[1][2][10]/D -       -     R     DFFRPQNA_X1M_A9PP140ZTUL_C35      1     -     0    1528 
#------------------------------------------------------------------------------------------------



Path 33: MET (321 ps) Setup Check with Pin ro_reg[1][2][9]/CK->D
           View: wc_analysis_view
          Group: in2reg
     Startpoint: (F) m_ready
          Clock: (R) CLK
       Endpoint: (R) ro_reg[1][2][9]/D
          Clock: (R) CLK

                     Capture       Launch     
        Clock Edge:+    2000            0     
        Drv Adjust:+       0           14     
       Src Latency:+       0            0     
       Net Latency:+       0 (I)        0 (I) 
           Arrival:=    2000           14     
                                              
             Setup:-      26                  
       Uncertainty:-     125                  
     Required Time:=    1849                  
      Launch Clock:-      14                  
       Input Delay:-     500                  
         Data Path:-    1014                  
             Slack:=     321                  

Exceptions/Constraints:
  input_delay             500             axis_sa.sdc_line_16_3_1 

#-----------------------------------------------------------------------------------------------
#   Timing Point    Flags   Arc   Edge             Cell              Fanout Trans Delay Arrival 
#                                                                            (ps)  (ps)   (ps)  
#-----------------------------------------------------------------------------------------------
  m_ready           -       -     F     (arrival)                         2    31     0     514 
  g39627__3680/Y    -       A->Y  R     NAND2_X1M_A9PP140ZTUL_C35        11   133    78     592 
  g44752/Y          -       A->Y  F     INV_X2M_A9PP140ZTUL_C35          21    83    60     652 
  g44717/Y          -       A->Y  R     NOR2_X0P5A_A9PP140ZTUL_C35       49  1073   607    1259 
  g44699/Y          -       A->Y  F     INV_X2M_A9PP140ZTUL_C35          48   354   174    1433 
  g41504/Y          -       B0->Y R     OAI22_X0P5M_A9PP140ZTUL_C35       1   140    96    1528 
  ro_reg[1][2][9]/D -       -     R     DFFRPQNA_X1M_A9PP140ZTUL_C35      1     -     0    1528 
#-----------------------------------------------------------------------------------------------



Path 34: MET (321 ps) Setup Check with Pin ro_reg[1][2][8]/CK->D
           View: wc_analysis_view
          Group: in2reg
     Startpoint: (F) m_ready
          Clock: (R) CLK
       Endpoint: (R) ro_reg[1][2][8]/D
          Clock: (R) CLK

                     Capture       Launch     
        Clock Edge:+    2000            0     
        Drv Adjust:+       0           14     
       Src Latency:+       0            0     
       Net Latency:+       0 (I)        0 (I) 
           Arrival:=    2000           14     
                                              
             Setup:-      26                  
       Uncertainty:-     125                  
     Required Time:=    1849                  
      Launch Clock:-      14                  
       Input Delay:-     500                  
         Data Path:-    1014                  
             Slack:=     321                  

Exceptions/Constraints:
  input_delay             500             axis_sa.sdc_line_16_3_1 

#-----------------------------------------------------------------------------------------------
#   Timing Point    Flags   Arc   Edge             Cell              Fanout Trans Delay Arrival 
#                                                                            (ps)  (ps)   (ps)  
#-----------------------------------------------------------------------------------------------
  m_ready           -       -     F     (arrival)                         2    31     0     514 
  g39627__3680/Y    -       A->Y  R     NAND2_X1M_A9PP140ZTUL_C35        11   133    78     592 
  g44752/Y          -       A->Y  F     INV_X2M_A9PP140ZTUL_C35          21    83    60     652 
  g44717/Y          -       A->Y  R     NOR2_X0P5A_A9PP140ZTUL_C35       49  1073   607    1259 
  g44699/Y          -       A->Y  F     INV_X2M_A9PP140ZTUL_C35          48   354   174    1433 
  g41509/Y          -       B0->Y R     OAI22_X0P5M_A9PP140ZTUL_C35       1   140    96    1528 
  ro_reg[1][2][8]/D -       -     R     DFFRPQNA_X1M_A9PP140ZTUL_C35      1     -     0    1528 
#-----------------------------------------------------------------------------------------------



Path 35: MET (321 ps) Setup Check with Pin ro_reg[1][2][7]/CK->D
           View: wc_analysis_view
          Group: in2reg
     Startpoint: (F) m_ready
          Clock: (R) CLK
       Endpoint: (R) ro_reg[1][2][7]/D
          Clock: (R) CLK

                     Capture       Launch     
        Clock Edge:+    2000            0     
        Drv Adjust:+       0           14     
       Src Latency:+       0            0     
       Net Latency:+       0 (I)        0 (I) 
           Arrival:=    2000           14     
                                              
             Setup:-      26                  
       Uncertainty:-     125                  
     Required Time:=    1849                  
      Launch Clock:-      14                  
       Input Delay:-     500                  
         Data Path:-    1014                  
             Slack:=     321                  

Exceptions/Constraints:
  input_delay             500             axis_sa.sdc_line_16_3_1 

#-----------------------------------------------------------------------------------------------
#   Timing Point    Flags   Arc   Edge             Cell              Fanout Trans Delay Arrival 
#                                                                            (ps)  (ps)   (ps)  
#-----------------------------------------------------------------------------------------------
  m_ready           -       -     F     (arrival)                         2    31     0     514 
  g39627__3680/Y    -       A->Y  R     NAND2_X1M_A9PP140ZTUL_C35        11   133    78     592 
  g44752/Y          -       A->Y  F     INV_X2M_A9PP140ZTUL_C35          21    83    60     652 
  g44717/Y          -       A->Y  R     NOR2_X0P5A_A9PP140ZTUL_C35       49  1073   607    1259 
  g44699/Y          -       A->Y  F     INV_X2M_A9PP140ZTUL_C35          48   354   174    1433 
  g41514/Y          -       B0->Y R     OAI22_X0P5M_A9PP140ZTUL_C35       1   140    96    1528 
  ro_reg[1][2][7]/D -       -     R     DFFRPQNA_X1M_A9PP140ZTUL_C35      1     -     0    1528 
#-----------------------------------------------------------------------------------------------



Path 36: MET (321 ps) Setup Check with Pin ro_reg[1][2][6]/CK->D
           View: wc_analysis_view
          Group: in2reg
     Startpoint: (F) m_ready
          Clock: (R) CLK
       Endpoint: (R) ro_reg[1][2][6]/D
          Clock: (R) CLK

                     Capture       Launch     
        Clock Edge:+    2000            0     
        Drv Adjust:+       0           14     
       Src Latency:+       0            0     
       Net Latency:+       0 (I)        0 (I) 
           Arrival:=    2000           14     
                                              
             Setup:-      26                  
       Uncertainty:-     125                  
     Required Time:=    1849                  
      Launch Clock:-      14                  
       Input Delay:-     500                  
         Data Path:-    1014                  
             Slack:=     321                  

Exceptions/Constraints:
  input_delay             500             axis_sa.sdc_line_16_3_1 

#-----------------------------------------------------------------------------------------------
#   Timing Point    Flags   Arc   Edge             Cell              Fanout Trans Delay Arrival 
#                                                                            (ps)  (ps)   (ps)  
#-----------------------------------------------------------------------------------------------
  m_ready           -       -     F     (arrival)                         2    31     0     514 
  g39627__3680/Y    -       A->Y  R     NAND2_X1M_A9PP140ZTUL_C35        11   133    78     592 
  g44752/Y          -       A->Y  F     INV_X2M_A9PP140ZTUL_C35          21    83    60     652 
  g44717/Y          -       A->Y  R     NOR2_X0P5A_A9PP140ZTUL_C35       49  1073   607    1259 
  g44699/Y          -       A->Y  F     INV_X2M_A9PP140ZTUL_C35          48   354   174    1433 
  g41519/Y          -       B0->Y R     OAI22_X0P5M_A9PP140ZTUL_C35       1   140    96    1528 
  ro_reg[1][2][6]/D -       -     R     DFFRPQNA_X1M_A9PP140ZTUL_C35      1     -     0    1528 
#-----------------------------------------------------------------------------------------------



Path 37: MET (321 ps) Setup Check with Pin ro_reg[1][2][5]/CK->D
           View: wc_analysis_view
          Group: in2reg
     Startpoint: (F) m_ready
          Clock: (R) CLK
       Endpoint: (R) ro_reg[1][2][5]/D
          Clock: (R) CLK

                     Capture       Launch     
        Clock Edge:+    2000            0     
        Drv Adjust:+       0           14     
       Src Latency:+       0            0     
       Net Latency:+       0 (I)        0 (I) 
           Arrival:=    2000           14     
                                              
             Setup:-      26                  
       Uncertainty:-     125                  
     Required Time:=    1849                  
      Launch Clock:-      14                  
       Input Delay:-     500                  
         Data Path:-    1014                  
             Slack:=     321                  

Exceptions/Constraints:
  input_delay             500             axis_sa.sdc_line_16_3_1 

#-----------------------------------------------------------------------------------------------
#   Timing Point    Flags   Arc   Edge             Cell              Fanout Trans Delay Arrival 
#                                                                            (ps)  (ps)   (ps)  
#-----------------------------------------------------------------------------------------------
  m_ready           -       -     F     (arrival)                         2    31     0     514 
  g39627__3680/Y    -       A->Y  R     NAND2_X1M_A9PP140ZTUL_C35        11   133    78     592 
  g44752/Y          -       A->Y  F     INV_X2M_A9PP140ZTUL_C35          21    83    60     652 
  g44717/Y          -       A->Y  R     NOR2_X0P5A_A9PP140ZTUL_C35       49  1073   607    1259 
  g44699/Y          -       A->Y  F     INV_X2M_A9PP140ZTUL_C35          48   354   174    1433 
  g41523/Y          -       B0->Y R     OAI22_X0P5M_A9PP140ZTUL_C35       1   140    96    1528 
  ro_reg[1][2][5]/D -       -     R     DFFRPQNA_X1M_A9PP140ZTUL_C35      1     -     0    1528 
#-----------------------------------------------------------------------------------------------



Path 38: MET (321 ps) Setup Check with Pin ro_reg[0][3][15]/CK->D
           View: wc_analysis_view
          Group: in2reg
     Startpoint: (F) m_ready
          Clock: (R) CLK
       Endpoint: (R) ro_reg[0][3][15]/D
          Clock: (R) CLK

                     Capture       Launch     
        Clock Edge:+    2000            0     
        Drv Adjust:+       0           14     
       Src Latency:+       0            0     
       Net Latency:+       0 (I)        0 (I) 
           Arrival:=    2000           14     
                                              
             Setup:-      26                  
       Uncertainty:-     125                  
     Required Time:=    1849                  
      Launch Clock:-      14                  
       Input Delay:-     500                  
         Data Path:-    1014                  
             Slack:=     321                  

Exceptions/Constraints:
  input_delay             500             axis_sa.sdc_line_16_3_1 

#------------------------------------------------------------------------------------------------
#   Timing Point     Flags   Arc   Edge             Cell              Fanout Trans Delay Arrival 
#                                                                             (ps)  (ps)   (ps)  
#------------------------------------------------------------------------------------------------
  m_ready            -       -     F     (arrival)                         2    31     0     514 
  g39627__3680/Y     -       A->Y  R     NAND2_X1M_A9PP140ZTUL_C35        11   133    78     592 
  g44752/Y           -       A->Y  F     INV_X2M_A9PP140ZTUL_C35          21    83    60     652 
  g44717/Y           -       A->Y  R     NOR2_X0P5A_A9PP140ZTUL_C35       49  1073   607    1259 
  g44699/Y           -       A->Y  F     INV_X2M_A9PP140ZTUL_C35          48   354   174    1433 
  g41475/Y           -       B0->Y R     OAI22_X0P5M_A9PP140ZTUL_C35       1   140    96    1528 
  ro_reg[0][3][15]/D -       -     R     DFFRPQNA_X1M_A9PP140ZTUL_C35      1     -     0    1528 
#------------------------------------------------------------------------------------------------



Path 39: MET (321 ps) Setup Check with Pin ro_reg[0][3][14]/CK->D
           View: wc_analysis_view
          Group: in2reg
     Startpoint: (F) m_ready
          Clock: (R) CLK
       Endpoint: (R) ro_reg[0][3][14]/D
          Clock: (R) CLK

                     Capture       Launch     
        Clock Edge:+    2000            0     
        Drv Adjust:+       0           14     
       Src Latency:+       0            0     
       Net Latency:+       0 (I)        0 (I) 
           Arrival:=    2000           14     
                                              
             Setup:-      26                  
       Uncertainty:-     125                  
     Required Time:=    1849                  
      Launch Clock:-      14                  
       Input Delay:-     500                  
         Data Path:-    1014                  
             Slack:=     321                  

Exceptions/Constraints:
  input_delay             500             axis_sa.sdc_line_16_3_1 

#------------------------------------------------------------------------------------------------
#   Timing Point     Flags   Arc   Edge             Cell              Fanout Trans Delay Arrival 
#                                                                             (ps)  (ps)   (ps)  
#------------------------------------------------------------------------------------------------
  m_ready            -       -     F     (arrival)                         2    31     0     514 
  g39627__3680/Y     -       A->Y  R     NAND2_X1M_A9PP140ZTUL_C35        11   133    78     592 
  g44752/Y           -       A->Y  F     INV_X2M_A9PP140ZTUL_C35          21    83    60     652 
  g44717/Y           -       A->Y  R     NOR2_X0P5A_A9PP140ZTUL_C35       49  1073   607    1259 
  g44699/Y           -       A->Y  F     INV_X2M_A9PP140ZTUL_C35          48   354   174    1433 
  g41480/Y           -       B0->Y R     OAI22_X0P5M_A9PP140ZTUL_C35       1   140    96    1528 
  ro_reg[0][3][14]/D -       -     R     DFFRPQNA_X1M_A9PP140ZTUL_C35      1     -     0    1528 
#------------------------------------------------------------------------------------------------



Path 40: MET (321 ps) Setup Check with Pin ro_reg[0][3][13]/CK->D
           View: wc_analysis_view
          Group: in2reg
     Startpoint: (F) m_ready
          Clock: (R) CLK
       Endpoint: (R) ro_reg[0][3][13]/D
          Clock: (R) CLK

                     Capture       Launch     
        Clock Edge:+    2000            0     
        Drv Adjust:+       0           14     
       Src Latency:+       0            0     
       Net Latency:+       0 (I)        0 (I) 
           Arrival:=    2000           14     
                                              
             Setup:-      26                  
       Uncertainty:-     125                  
     Required Time:=    1849                  
      Launch Clock:-      14                  
       Input Delay:-     500                  
         Data Path:-    1014                  
             Slack:=     321                  

Exceptions/Constraints:
  input_delay             500             axis_sa.sdc_line_16_3_1 

#------------------------------------------------------------------------------------------------
#   Timing Point     Flags   Arc   Edge             Cell              Fanout Trans Delay Arrival 
#                                                                             (ps)  (ps)   (ps)  
#------------------------------------------------------------------------------------------------
  m_ready            -       -     F     (arrival)                         2    31     0     514 
  g39627__3680/Y     -       A->Y  R     NAND2_X1M_A9PP140ZTUL_C35        11   133    78     592 
  g44752/Y           -       A->Y  F     INV_X2M_A9PP140ZTUL_C35          21    83    60     652 
  g44717/Y           -       A->Y  R     NOR2_X0P5A_A9PP140ZTUL_C35       49  1073   607    1259 
  g44699/Y           -       A->Y  F     INV_X2M_A9PP140ZTUL_C35          48   354   174    1433 
  g41485/Y           -       B0->Y R     OAI22_X0P5M_A9PP140ZTUL_C35       1   140    96    1528 
  ro_reg[0][3][13]/D -       -     R     DFFRPQNA_X1M_A9PP140ZTUL_C35      1     -     0    1528 
#------------------------------------------------------------------------------------------------



Path 41: MET (321 ps) Setup Check with Pin ro_reg[0][3][12]/CK->D
           View: wc_analysis_view
          Group: in2reg
     Startpoint: (F) m_ready
          Clock: (R) CLK
       Endpoint: (R) ro_reg[0][3][12]/D
          Clock: (R) CLK

                     Capture       Launch     
        Clock Edge:+    2000            0     
        Drv Adjust:+       0           14     
       Src Latency:+       0            0     
       Net Latency:+       0 (I)        0 (I) 
           Arrival:=    2000           14     
                                              
             Setup:-      26                  
       Uncertainty:-     125                  
     Required Time:=    1849                  
      Launch Clock:-      14                  
       Input Delay:-     500                  
         Data Path:-    1014                  
             Slack:=     321                  

Exceptions/Constraints:
  input_delay             500             axis_sa.sdc_line_16_3_1 

#------------------------------------------------------------------------------------------------
#   Timing Point     Flags   Arc   Edge             Cell              Fanout Trans Delay Arrival 
#                                                                             (ps)  (ps)   (ps)  
#------------------------------------------------------------------------------------------------
  m_ready            -       -     F     (arrival)                         2    31     0     514 
  g39627__3680/Y     -       A->Y  R     NAND2_X1M_A9PP140ZTUL_C35        11   133    78     592 
  g44752/Y           -       A->Y  F     INV_X2M_A9PP140ZTUL_C35          21    83    60     652 
  g44717/Y           -       A->Y  R     NOR2_X0P5A_A9PP140ZTUL_C35       49  1073   607    1259 
  g44699/Y           -       A->Y  F     INV_X2M_A9PP140ZTUL_C35          48   354   174    1433 
  g41490/Y           -       B0->Y R     OAI22_X0P5M_A9PP140ZTUL_C35       1   140    96    1528 
  ro_reg[0][3][12]/D -       -     R     DFFRPQNA_X1M_A9PP140ZTUL_C35      1     -     0    1528 
#------------------------------------------------------------------------------------------------



Path 42: MET (321 ps) Setup Check with Pin ro_reg[0][3][11]/CK->D
           View: wc_analysis_view
          Group: in2reg
     Startpoint: (F) m_ready
          Clock: (R) CLK
       Endpoint: (R) ro_reg[0][3][11]/D
          Clock: (R) CLK

                     Capture       Launch     
        Clock Edge:+    2000            0     
        Drv Adjust:+       0           14     
       Src Latency:+       0            0     
       Net Latency:+       0 (I)        0 (I) 
           Arrival:=    2000           14     
                                              
             Setup:-      26                  
       Uncertainty:-     125                  
     Required Time:=    1849                  
      Launch Clock:-      14                  
       Input Delay:-     500                  
         Data Path:-    1014                  
             Slack:=     321                  

Exceptions/Constraints:
  input_delay             500             axis_sa.sdc_line_16_3_1 

#------------------------------------------------------------------------------------------------
#   Timing Point     Flags   Arc   Edge             Cell              Fanout Trans Delay Arrival 
#                                                                             (ps)  (ps)   (ps)  
#------------------------------------------------------------------------------------------------
  m_ready            -       -     F     (arrival)                         2    31     0     514 
  g39627__3680/Y     -       A->Y  R     NAND2_X1M_A9PP140ZTUL_C35        11   133    78     592 
  g44752/Y           -       A->Y  F     INV_X2M_A9PP140ZTUL_C35          21    83    60     652 
  g44717/Y           -       A->Y  R     NOR2_X0P5A_A9PP140ZTUL_C35       49  1073   607    1259 
  g44699/Y           -       A->Y  F     INV_X2M_A9PP140ZTUL_C35          48   354   174    1433 
  g41495/Y           -       B0->Y R     OAI22_X0P5M_A9PP140ZTUL_C35       1   140    96    1528 
  ro_reg[0][3][11]/D -       -     R     DFFRPQNA_X1M_A9PP140ZTUL_C35      1     -     0    1528 
#------------------------------------------------------------------------------------------------



Path 43: MET (321 ps) Setup Check with Pin ro_reg[0][3][10]/CK->D
           View: wc_analysis_view
          Group: in2reg
     Startpoint: (F) m_ready
          Clock: (R) CLK
       Endpoint: (R) ro_reg[0][3][10]/D
          Clock: (R) CLK

                     Capture       Launch     
        Clock Edge:+    2000            0     
        Drv Adjust:+       0           14     
       Src Latency:+       0            0     
       Net Latency:+       0 (I)        0 (I) 
           Arrival:=    2000           14     
                                              
             Setup:-      26                  
       Uncertainty:-     125                  
     Required Time:=    1849                  
      Launch Clock:-      14                  
       Input Delay:-     500                  
         Data Path:-    1014                  
             Slack:=     321                  

Exceptions/Constraints:
  input_delay             500             axis_sa.sdc_line_16_3_1 

#------------------------------------------------------------------------------------------------
#   Timing Point     Flags   Arc   Edge             Cell              Fanout Trans Delay Arrival 
#                                                                             (ps)  (ps)   (ps)  
#------------------------------------------------------------------------------------------------
  m_ready            -       -     F     (arrival)                         2    31     0     514 
  g39627__3680/Y     -       A->Y  R     NAND2_X1M_A9PP140ZTUL_C35        11   133    78     592 
  g44752/Y           -       A->Y  F     INV_X2M_A9PP140ZTUL_C35          21    83    60     652 
  g44717/Y           -       A->Y  R     NOR2_X0P5A_A9PP140ZTUL_C35       49  1073   607    1259 
  g44699/Y           -       A->Y  F     INV_X2M_A9PP140ZTUL_C35          48   354   174    1433 
  g41500/Y           -       B0->Y R     OAI22_X0P5M_A9PP140ZTUL_C35       1   140    96    1528 
  ro_reg[0][3][10]/D -       -     R     DFFRPQNA_X1M_A9PP140ZTUL_C35      1     -     0    1528 
#------------------------------------------------------------------------------------------------



Path 44: MET (321 ps) Setup Check with Pin ro_reg[0][3][9]/CK->D
           View: wc_analysis_view
          Group: in2reg
     Startpoint: (F) m_ready
          Clock: (R) CLK
       Endpoint: (R) ro_reg[0][3][9]/D
          Clock: (R) CLK

                     Capture       Launch     
        Clock Edge:+    2000            0     
        Drv Adjust:+       0           14     
       Src Latency:+       0            0     
       Net Latency:+       0 (I)        0 (I) 
           Arrival:=    2000           14     
                                              
             Setup:-      26                  
       Uncertainty:-     125                  
     Required Time:=    1849                  
      Launch Clock:-      14                  
       Input Delay:-     500                  
         Data Path:-    1014                  
             Slack:=     321                  

Exceptions/Constraints:
  input_delay             500             axis_sa.sdc_line_16_3_1 

#-----------------------------------------------------------------------------------------------
#   Timing Point    Flags   Arc   Edge             Cell              Fanout Trans Delay Arrival 
#                                                                            (ps)  (ps)   (ps)  
#-----------------------------------------------------------------------------------------------
  m_ready           -       -     F     (arrival)                         2    31     0     514 
  g39627__3680/Y    -       A->Y  R     NAND2_X1M_A9PP140ZTUL_C35        11   133    78     592 
  g44752/Y          -       A->Y  F     INV_X2M_A9PP140ZTUL_C35          21    83    60     652 
  g44717/Y          -       A->Y  R     NOR2_X0P5A_A9PP140ZTUL_C35       49  1073   607    1259 
  g44699/Y          -       A->Y  F     INV_X2M_A9PP140ZTUL_C35          48   354   174    1433 
  g41505/Y          -       B0->Y R     OAI22_X0P5M_A9PP140ZTUL_C35       1   140    96    1528 
  ro_reg[0][3][9]/D -       -     R     DFFRPQNA_X1M_A9PP140ZTUL_C35      1     -     0    1528 
#-----------------------------------------------------------------------------------------------



Path 45: MET (321 ps) Setup Check with Pin ro_reg[0][3][8]/CK->D
           View: wc_analysis_view
          Group: in2reg
     Startpoint: (F) m_ready
          Clock: (R) CLK
       Endpoint: (R) ro_reg[0][3][8]/D
          Clock: (R) CLK

                     Capture       Launch     
        Clock Edge:+    2000            0     
        Drv Adjust:+       0           14     
       Src Latency:+       0            0     
       Net Latency:+       0 (I)        0 (I) 
           Arrival:=    2000           14     
                                              
             Setup:-      26                  
       Uncertainty:-     125                  
     Required Time:=    1849                  
      Launch Clock:-      14                  
       Input Delay:-     500                  
         Data Path:-    1014                  
             Slack:=     321                  

Exceptions/Constraints:
  input_delay             500             axis_sa.sdc_line_16_3_1 

#-----------------------------------------------------------------------------------------------
#   Timing Point    Flags   Arc   Edge             Cell              Fanout Trans Delay Arrival 
#                                                                            (ps)  (ps)   (ps)  
#-----------------------------------------------------------------------------------------------
  m_ready           -       -     F     (arrival)                         2    31     0     514 
  g39627__3680/Y    -       A->Y  R     NAND2_X1M_A9PP140ZTUL_C35        11   133    78     592 
  g44752/Y          -       A->Y  F     INV_X2M_A9PP140ZTUL_C35          21    83    60     652 
  g44717/Y          -       A->Y  R     NOR2_X0P5A_A9PP140ZTUL_C35       49  1073   607    1259 
  g44699/Y          -       A->Y  F     INV_X2M_A9PP140ZTUL_C35          48   354   174    1433 
  g41510/Y          -       B0->Y R     OAI22_X0P5M_A9PP140ZTUL_C35       1   140    96    1528 
  ro_reg[0][3][8]/D -       -     R     DFFRPQNA_X1M_A9PP140ZTUL_C35      1     -     0    1528 
#-----------------------------------------------------------------------------------------------



Path 46: MET (321 ps) Setup Check with Pin ro_reg[0][3][7]/CK->D
           View: wc_analysis_view
          Group: in2reg
     Startpoint: (F) m_ready
          Clock: (R) CLK
       Endpoint: (R) ro_reg[0][3][7]/D
          Clock: (R) CLK

                     Capture       Launch     
        Clock Edge:+    2000            0     
        Drv Adjust:+       0           14     
       Src Latency:+       0            0     
       Net Latency:+       0 (I)        0 (I) 
           Arrival:=    2000           14     
                                              
             Setup:-      26                  
       Uncertainty:-     125                  
     Required Time:=    1849                  
      Launch Clock:-      14                  
       Input Delay:-     500                  
         Data Path:-    1014                  
             Slack:=     321                  

Exceptions/Constraints:
  input_delay             500             axis_sa.sdc_line_16_3_1 

#-----------------------------------------------------------------------------------------------
#   Timing Point    Flags   Arc   Edge             Cell              Fanout Trans Delay Arrival 
#                                                                            (ps)  (ps)   (ps)  
#-----------------------------------------------------------------------------------------------
  m_ready           -       -     F     (arrival)                         2    31     0     514 
  g39627__3680/Y    -       A->Y  R     NAND2_X1M_A9PP140ZTUL_C35        11   133    78     592 
  g44752/Y          -       A->Y  F     INV_X2M_A9PP140ZTUL_C35          21    83    60     652 
  g44717/Y          -       A->Y  R     NOR2_X0P5A_A9PP140ZTUL_C35       49  1073   607    1259 
  g44699/Y          -       A->Y  F     INV_X2M_A9PP140ZTUL_C35          48   354   174    1433 
  g41515/Y          -       B0->Y R     OAI22_X0P5M_A9PP140ZTUL_C35       1   140    96    1528 
  ro_reg[0][3][7]/D -       -     R     DFFRPQNA_X1M_A9PP140ZTUL_C35      1     -     0    1528 
#-----------------------------------------------------------------------------------------------



Path 47: MET (321 ps) Setup Check with Pin ro_reg[0][3][6]/CK->D
           View: wc_analysis_view
          Group: in2reg
     Startpoint: (F) m_ready
          Clock: (R) CLK
       Endpoint: (R) ro_reg[0][3][6]/D
          Clock: (R) CLK

                     Capture       Launch     
        Clock Edge:+    2000            0     
        Drv Adjust:+       0           14     
       Src Latency:+       0            0     
       Net Latency:+       0 (I)        0 (I) 
           Arrival:=    2000           14     
                                              
             Setup:-      26                  
       Uncertainty:-     125                  
     Required Time:=    1849                  
      Launch Clock:-      14                  
       Input Delay:-     500                  
         Data Path:-    1014                  
             Slack:=     321                  

Exceptions/Constraints:
  input_delay             500             axis_sa.sdc_line_16_3_1 

#-----------------------------------------------------------------------------------------------
#   Timing Point    Flags   Arc   Edge             Cell              Fanout Trans Delay Arrival 
#                                                                            (ps)  (ps)   (ps)  
#-----------------------------------------------------------------------------------------------
  m_ready           -       -     F     (arrival)                         2    31     0     514 
  g39627__3680/Y    -       A->Y  R     NAND2_X1M_A9PP140ZTUL_C35        11   133    78     592 
  g44752/Y          -       A->Y  F     INV_X2M_A9PP140ZTUL_C35          21    83    60     652 
  g44717/Y          -       A->Y  R     NOR2_X0P5A_A9PP140ZTUL_C35       49  1073   607    1259 
  g44699/Y          -       A->Y  F     INV_X2M_A9PP140ZTUL_C35          48   354   174    1433 
  g41520/Y          -       B0->Y R     OAI22_X0P5M_A9PP140ZTUL_C35       1   140    96    1528 
  ro_reg[0][3][6]/D -       -     R     DFFRPQNA_X1M_A9PP140ZTUL_C35      1     -     0    1528 
#-----------------------------------------------------------------------------------------------



Path 48: MET (321 ps) Setup Check with Pin ro_reg[0][3][5]/CK->D
           View: wc_analysis_view
          Group: in2reg
     Startpoint: (F) m_ready
          Clock: (R) CLK
       Endpoint: (R) ro_reg[0][3][5]/D
          Clock: (R) CLK

                     Capture       Launch     
        Clock Edge:+    2000            0     
        Drv Adjust:+       0           14     
       Src Latency:+       0            0     
       Net Latency:+       0 (I)        0 (I) 
           Arrival:=    2000           14     
                                              
             Setup:-      26                  
       Uncertainty:-     125                  
     Required Time:=    1849                  
      Launch Clock:-      14                  
       Input Delay:-     500                  
         Data Path:-    1014                  
             Slack:=     321                  

Exceptions/Constraints:
  input_delay             500             axis_sa.sdc_line_16_3_1 

#-----------------------------------------------------------------------------------------------
#   Timing Point    Flags   Arc   Edge             Cell              Fanout Trans Delay Arrival 
#                                                                            (ps)  (ps)   (ps)  
#-----------------------------------------------------------------------------------------------
  m_ready           -       -     F     (arrival)                         2    31     0     514 
  g39627__3680/Y    -       A->Y  R     NAND2_X1M_A9PP140ZTUL_C35        11   133    78     592 
  g44752/Y          -       A->Y  F     INV_X2M_A9PP140ZTUL_C35          21    83    60     652 
  g44717/Y          -       A->Y  R     NOR2_X0P5A_A9PP140ZTUL_C35       49  1073   607    1259 
  g44699/Y          -       A->Y  F     INV_X2M_A9PP140ZTUL_C35          48   354   174    1433 
  g41524/Y          -       B0->Y R     OAI22_X0P5M_A9PP140ZTUL_C35       1   140    96    1528 
  ro_reg[0][3][5]/D -       -     R     DFFRPQNA_X1M_A9PP140ZTUL_C35      1     -     0    1528 
#-----------------------------------------------------------------------------------------------



Path 49: MET (489 ps) Setup Check with Pin ro_reg[3][4][15]/CK->D
           View: wc_analysis_view
          Group: in2reg
     Startpoint: (F) m_ready
          Clock: (R) CLK
       Endpoint: (F) ro_reg[3][4][15]/D
          Clock: (R) CLK

                     Capture       Launch     
        Clock Edge:+    2000            0     
        Drv Adjust:+       0           14     
       Src Latency:+       0            0     
       Net Latency:+       0 (I)        0 (I) 
           Arrival:=    2000           14     
                                              
             Setup:-      97                  
       Uncertainty:-     125                  
     Required Time:=    1778                  
      Launch Clock:-      14                  
       Input Delay:-     500                  
         Data Path:-     776                  
             Slack:=     489                  

Exceptions/Constraints:
  input_delay             500             axis_sa.sdc_line_16_3_1 

#------------------------------------------------------------------------------------------------
#   Timing Point     Flags   Arc   Edge             Cell              Fanout Trans Delay Arrival 
#                                                                             (ps)  (ps)   (ps)  
#------------------------------------------------------------------------------------------------
  m_ready            -       -     F     (arrival)                         2    31     0     514 
  g39627__3680/Y     -       A->Y  R     NAND2_X1M_A9PP140ZTUL_C35        11   133    78     592 
  g44719/Y           -       A->Y  F     NAND2_X0P5A_A9PP140ZTUL_C35      49   710   399     991 
  g44701/Y           -       A->Y  R     INV_X3M_A9PP140ZTUL_C35          80   327   266    1257 
  g41589/Y           -       A0->Y F     OAI22_X0P5M_A9PP140ZTUL_C35       1   176    32    1290 
  ro_reg[3][4][15]/D -       -     F     DFFRPQNA_X1M_A9PP140ZTUL_C35      1     -     0    1290 
#------------------------------------------------------------------------------------------------



Path 50: MET (489 ps) Setup Check with Pin ro_reg[3][4][14]/CK->D
           View: wc_analysis_view
          Group: in2reg
     Startpoint: (F) m_ready
          Clock: (R) CLK
       Endpoint: (F) ro_reg[3][4][14]/D
          Clock: (R) CLK

                     Capture       Launch     
        Clock Edge:+    2000            0     
        Drv Adjust:+       0           14     
       Src Latency:+       0            0     
       Net Latency:+       0 (I)        0 (I) 
           Arrival:=    2000           14     
                                              
             Setup:-      97                  
       Uncertainty:-     125                  
     Required Time:=    1778                  
      Launch Clock:-      14                  
       Input Delay:-     500                  
         Data Path:-     776                  
             Slack:=     489                  

Exceptions/Constraints:
  input_delay             500             axis_sa.sdc_line_16_3_1 

#------------------------------------------------------------------------------------------------
#   Timing Point     Flags   Arc   Edge             Cell              Fanout Trans Delay Arrival 
#                                                                             (ps)  (ps)   (ps)  
#------------------------------------------------------------------------------------------------
  m_ready            -       -     F     (arrival)                         2    31     0     514 
  g39627__3680/Y     -       A->Y  R     NAND2_X1M_A9PP140ZTUL_C35        11   133    78     592 
  g44719/Y           -       A->Y  F     NAND2_X0P5A_A9PP140ZTUL_C35      49   710   399     991 
  g44701/Y           -       A->Y  R     INV_X3M_A9PP140ZTUL_C35          80   327   266    1257 
  g41588/Y           -       A0->Y F     OAI22_X0P5M_A9PP140ZTUL_C35       1   176    32    1290 
  ro_reg[3][4][14]/D -       -     F     DFFRPQNA_X1M_A9PP140ZTUL_C35      1     -     0    1290 
#------------------------------------------------------------------------------------------------



Path 51: MET (489 ps) Setup Check with Pin ro_reg[3][4][13]/CK->D
           View: wc_analysis_view
          Group: in2reg
     Startpoint: (F) m_ready
          Clock: (R) CLK
       Endpoint: (F) ro_reg[3][4][13]/D
          Clock: (R) CLK

                     Capture       Launch     
        Clock Edge:+    2000            0     
        Drv Adjust:+       0           14     
       Src Latency:+       0            0     
       Net Latency:+       0 (I)        0 (I) 
           Arrival:=    2000           14     
                                              
             Setup:-      97                  
       Uncertainty:-     125                  
     Required Time:=    1778                  
      Launch Clock:-      14                  
       Input Delay:-     500                  
         Data Path:-     776                  
             Slack:=     489                  

Exceptions/Constraints:
  input_delay             500             axis_sa.sdc_line_16_3_1 

#------------------------------------------------------------------------------------------------
#   Timing Point     Flags   Arc   Edge             Cell              Fanout Trans Delay Arrival 
#                                                                             (ps)  (ps)   (ps)  
#------------------------------------------------------------------------------------------------
  m_ready            -       -     F     (arrival)                         2    31     0     514 
  g39627__3680/Y     -       A->Y  R     NAND2_X1M_A9PP140ZTUL_C35        11   133    78     592 
  g44719/Y           -       A->Y  F     NAND2_X0P5A_A9PP140ZTUL_C35      49   710   399     991 
  g44701/Y           -       A->Y  R     INV_X3M_A9PP140ZTUL_C35          80   327   266    1257 
  g41587/Y           -       A0->Y F     OAI22_X0P5M_A9PP140ZTUL_C35       1   176    32    1290 
  ro_reg[3][4][13]/D -       -     F     DFFRPQNA_X1M_A9PP140ZTUL_C35      1     -     0    1290 
#------------------------------------------------------------------------------------------------



Path 52: MET (489 ps) Setup Check with Pin ro_reg[3][4][12]/CK->D
           View: wc_analysis_view
          Group: in2reg
     Startpoint: (F) m_ready
          Clock: (R) CLK
       Endpoint: (F) ro_reg[3][4][12]/D
          Clock: (R) CLK

                     Capture       Launch     
        Clock Edge:+    2000            0     
        Drv Adjust:+       0           14     
       Src Latency:+       0            0     
       Net Latency:+       0 (I)        0 (I) 
           Arrival:=    2000           14     
                                              
             Setup:-      97                  
       Uncertainty:-     125                  
     Required Time:=    1778                  
      Launch Clock:-      14                  
       Input Delay:-     500                  
         Data Path:-     776                  
             Slack:=     489                  

Exceptions/Constraints:
  input_delay             500             axis_sa.sdc_line_16_3_1 

#------------------------------------------------------------------------------------------------
#   Timing Point     Flags   Arc   Edge             Cell              Fanout Trans Delay Arrival 
#                                                                             (ps)  (ps)   (ps)  
#------------------------------------------------------------------------------------------------
  m_ready            -       -     F     (arrival)                         2    31     0     514 
  g39627__3680/Y     -       A->Y  R     NAND2_X1M_A9PP140ZTUL_C35        11   133    78     592 
  g44719/Y           -       A->Y  F     NAND2_X0P5A_A9PP140ZTUL_C35      49   710   399     991 
  g44701/Y           -       A->Y  R     INV_X3M_A9PP140ZTUL_C35          80   327   266    1257 
  g41586/Y           -       A0->Y F     OAI22_X0P5M_A9PP140ZTUL_C35       1   176    32    1290 
  ro_reg[3][4][12]/D -       -     F     DFFRPQNA_X1M_A9PP140ZTUL_C35      1     -     0    1290 
#------------------------------------------------------------------------------------------------



Path 53: MET (489 ps) Setup Check with Pin ro_reg[3][4][11]/CK->D
           View: wc_analysis_view
          Group: in2reg
     Startpoint: (F) m_ready
          Clock: (R) CLK
       Endpoint: (F) ro_reg[3][4][11]/D
          Clock: (R) CLK

                     Capture       Launch     
        Clock Edge:+    2000            0     
        Drv Adjust:+       0           14     
       Src Latency:+       0            0     
       Net Latency:+       0 (I)        0 (I) 
           Arrival:=    2000           14     
                                              
             Setup:-      97                  
       Uncertainty:-     125                  
     Required Time:=    1778                  
      Launch Clock:-      14                  
       Input Delay:-     500                  
         Data Path:-     776                  
             Slack:=     489                  

Exceptions/Constraints:
  input_delay             500             axis_sa.sdc_line_16_3_1 

#------------------------------------------------------------------------------------------------
#   Timing Point     Flags   Arc   Edge             Cell              Fanout Trans Delay Arrival 
#                                                                             (ps)  (ps)   (ps)  
#------------------------------------------------------------------------------------------------
  m_ready            -       -     F     (arrival)                         2    31     0     514 
  g39627__3680/Y     -       A->Y  R     NAND2_X1M_A9PP140ZTUL_C35        11   133    78     592 
  g44719/Y           -       A->Y  F     NAND2_X0P5A_A9PP140ZTUL_C35      49   710   399     991 
  g44701/Y           -       A->Y  R     INV_X3M_A9PP140ZTUL_C35          80   327   266    1257 
  g41585/Y           -       A0->Y F     OAI22_X0P5M_A9PP140ZTUL_C35       1   176    32    1290 
  ro_reg[3][4][11]/D -       -     F     DFFRPQNA_X1M_A9PP140ZTUL_C35      1     -     0    1290 
#------------------------------------------------------------------------------------------------



Path 54: MET (489 ps) Setup Check with Pin ro_reg[3][4][10]/CK->D
           View: wc_analysis_view
          Group: in2reg
     Startpoint: (F) m_ready
          Clock: (R) CLK
       Endpoint: (F) ro_reg[3][4][10]/D
          Clock: (R) CLK

                     Capture       Launch     
        Clock Edge:+    2000            0     
        Drv Adjust:+       0           14     
       Src Latency:+       0            0     
       Net Latency:+       0 (I)        0 (I) 
           Arrival:=    2000           14     
                                              
             Setup:-      97                  
       Uncertainty:-     125                  
     Required Time:=    1778                  
      Launch Clock:-      14                  
       Input Delay:-     500                  
         Data Path:-     776                  
             Slack:=     489                  

Exceptions/Constraints:
  input_delay             500             axis_sa.sdc_line_16_3_1 

#------------------------------------------------------------------------------------------------
#   Timing Point     Flags   Arc   Edge             Cell              Fanout Trans Delay Arrival 
#                                                                             (ps)  (ps)   (ps)  
#------------------------------------------------------------------------------------------------
  m_ready            -       -     F     (arrival)                         2    31     0     514 
  g39627__3680/Y     -       A->Y  R     NAND2_X1M_A9PP140ZTUL_C35        11   133    78     592 
  g44719/Y           -       A->Y  F     NAND2_X0P5A_A9PP140ZTUL_C35      49   710   399     991 
  g44701/Y           -       A->Y  R     INV_X3M_A9PP140ZTUL_C35          80   327   266    1257 
  g41584/Y           -       A0->Y F     OAI22_X0P5M_A9PP140ZTUL_C35       1   176    32    1290 
  ro_reg[3][4][10]/D -       -     F     DFFRPQNA_X1M_A9PP140ZTUL_C35      1     -     0    1290 
#------------------------------------------------------------------------------------------------



Path 55: MET (489 ps) Setup Check with Pin ro_reg[3][4][9]/CK->D
           View: wc_analysis_view
          Group: in2reg
     Startpoint: (F) m_ready
          Clock: (R) CLK
       Endpoint: (F) ro_reg[3][4][9]/D
          Clock: (R) CLK

                     Capture       Launch     
        Clock Edge:+    2000            0     
        Drv Adjust:+       0           14     
       Src Latency:+       0            0     
       Net Latency:+       0 (I)        0 (I) 
           Arrival:=    2000           14     
                                              
             Setup:-      97                  
       Uncertainty:-     125                  
     Required Time:=    1778                  
      Launch Clock:-      14                  
       Input Delay:-     500                  
         Data Path:-     776                  
             Slack:=     489                  

Exceptions/Constraints:
  input_delay             500             axis_sa.sdc_line_16_3_1 

#-----------------------------------------------------------------------------------------------
#   Timing Point    Flags   Arc   Edge             Cell              Fanout Trans Delay Arrival 
#                                                                            (ps)  (ps)   (ps)  
#-----------------------------------------------------------------------------------------------
  m_ready           -       -     F     (arrival)                         2    31     0     514 
  g39627__3680/Y    -       A->Y  R     NAND2_X1M_A9PP140ZTUL_C35        11   133    78     592 
  g44719/Y          -       A->Y  F     NAND2_X0P5A_A9PP140ZTUL_C35      49   710   399     991 
  g44701/Y          -       A->Y  R     INV_X3M_A9PP140ZTUL_C35          80   327   266    1257 
  g41583/Y          -       A0->Y F     OAI22_X0P5M_A9PP140ZTUL_C35       1   176    32    1290 
  ro_reg[3][4][9]/D -       -     F     DFFRPQNA_X1M_A9PP140ZTUL_C35      1     -     0    1290 
#-----------------------------------------------------------------------------------------------



Path 56: MET (489 ps) Setup Check with Pin ro_reg[3][4][8]/CK->D
           View: wc_analysis_view
          Group: in2reg
     Startpoint: (F) m_ready
          Clock: (R) CLK
       Endpoint: (F) ro_reg[3][4][8]/D
          Clock: (R) CLK

                     Capture       Launch     
        Clock Edge:+    2000            0     
        Drv Adjust:+       0           14     
       Src Latency:+       0            0     
       Net Latency:+       0 (I)        0 (I) 
           Arrival:=    2000           14     
                                              
             Setup:-      97                  
       Uncertainty:-     125                  
     Required Time:=    1778                  
      Launch Clock:-      14                  
       Input Delay:-     500                  
         Data Path:-     776                  
             Slack:=     489                  

Exceptions/Constraints:
  input_delay             500             axis_sa.sdc_line_16_3_1 

#-----------------------------------------------------------------------------------------------
#   Timing Point    Flags   Arc   Edge             Cell              Fanout Trans Delay Arrival 
#                                                                            (ps)  (ps)   (ps)  
#-----------------------------------------------------------------------------------------------
  m_ready           -       -     F     (arrival)                         2    31     0     514 
  g39627__3680/Y    -       A->Y  R     NAND2_X1M_A9PP140ZTUL_C35        11   133    78     592 
  g44719/Y          -       A->Y  F     NAND2_X0P5A_A9PP140ZTUL_C35      49   710   399     991 
  g44701/Y          -       A->Y  R     INV_X3M_A9PP140ZTUL_C35          80   327   266    1257 
  g41582/Y          -       A0->Y F     OAI22_X0P5M_A9PP140ZTUL_C35       1   176    32    1290 
  ro_reg[3][4][8]/D -       -     F     DFFRPQNA_X1M_A9PP140ZTUL_C35      1     -     0    1290 
#-----------------------------------------------------------------------------------------------



Path 57: MET (489 ps) Setup Check with Pin ro_reg[3][4][7]/CK->D
           View: wc_analysis_view
          Group: in2reg
     Startpoint: (F) m_ready
          Clock: (R) CLK
       Endpoint: (F) ro_reg[3][4][7]/D
          Clock: (R) CLK

                     Capture       Launch     
        Clock Edge:+    2000            0     
        Drv Adjust:+       0           14     
       Src Latency:+       0            0     
       Net Latency:+       0 (I)        0 (I) 
           Arrival:=    2000           14     
                                              
             Setup:-      97                  
       Uncertainty:-     125                  
     Required Time:=    1778                  
      Launch Clock:-      14                  
       Input Delay:-     500                  
         Data Path:-     776                  
             Slack:=     489                  

Exceptions/Constraints:
  input_delay             500             axis_sa.sdc_line_16_3_1 

#-----------------------------------------------------------------------------------------------
#   Timing Point    Flags   Arc   Edge             Cell              Fanout Trans Delay Arrival 
#                                                                            (ps)  (ps)   (ps)  
#-----------------------------------------------------------------------------------------------
  m_ready           -       -     F     (arrival)                         2    31     0     514 
  g39627__3680/Y    -       A->Y  R     NAND2_X1M_A9PP140ZTUL_C35        11   133    78     592 
  g44719/Y          -       A->Y  F     NAND2_X0P5A_A9PP140ZTUL_C35      49   710   399     991 
  g44701/Y          -       A->Y  R     INV_X3M_A9PP140ZTUL_C35          80   327   266    1257 
  g41581/Y          -       A0->Y F     OAI22_X0P5M_A9PP140ZTUL_C35       1   176    32    1290 
  ro_reg[3][4][7]/D -       -     F     DFFRPQNA_X1M_A9PP140ZTUL_C35      1     -     0    1290 
#-----------------------------------------------------------------------------------------------



Path 58: MET (489 ps) Setup Check with Pin ro_reg[3][4][6]/CK->D
           View: wc_analysis_view
          Group: in2reg
     Startpoint: (F) m_ready
          Clock: (R) CLK
       Endpoint: (F) ro_reg[3][4][6]/D
          Clock: (R) CLK

                     Capture       Launch     
        Clock Edge:+    2000            0     
        Drv Adjust:+       0           14     
       Src Latency:+       0            0     
       Net Latency:+       0 (I)        0 (I) 
           Arrival:=    2000           14     
                                              
             Setup:-      97                  
       Uncertainty:-     125                  
     Required Time:=    1778                  
      Launch Clock:-      14                  
       Input Delay:-     500                  
         Data Path:-     776                  
             Slack:=     489                  

Exceptions/Constraints:
  input_delay             500             axis_sa.sdc_line_16_3_1 

#-----------------------------------------------------------------------------------------------
#   Timing Point    Flags   Arc   Edge             Cell              Fanout Trans Delay Arrival 
#                                                                            (ps)  (ps)   (ps)  
#-----------------------------------------------------------------------------------------------
  m_ready           -       -     F     (arrival)                         2    31     0     514 
  g39627__3680/Y    -       A->Y  R     NAND2_X1M_A9PP140ZTUL_C35        11   133    78     592 
  g44719/Y          -       A->Y  F     NAND2_X0P5A_A9PP140ZTUL_C35      49   710   399     991 
  g44701/Y          -       A->Y  R     INV_X3M_A9PP140ZTUL_C35          80   327   266    1257 
  g41579/Y          -       A0->Y F     OAI22_X0P5M_A9PP140ZTUL_C35       1   176    32    1290 
  ro_reg[3][4][6]/D -       -     F     DFFRPQNA_X1M_A9PP140ZTUL_C35      1     -     0    1290 
#-----------------------------------------------------------------------------------------------



Path 59: MET (489 ps) Setup Check with Pin ro_reg[3][4][5]/CK->D
           View: wc_analysis_view
          Group: in2reg
     Startpoint: (F) m_ready
          Clock: (R) CLK
       Endpoint: (F) ro_reg[3][4][5]/D
          Clock: (R) CLK

                     Capture       Launch     
        Clock Edge:+    2000            0     
        Drv Adjust:+       0           14     
       Src Latency:+       0            0     
       Net Latency:+       0 (I)        0 (I) 
           Arrival:=    2000           14     
                                              
             Setup:-      97                  
       Uncertainty:-     125                  
     Required Time:=    1778                  
      Launch Clock:-      14                  
       Input Delay:-     500                  
         Data Path:-     776                  
             Slack:=     489                  

Exceptions/Constraints:
  input_delay             500             axis_sa.sdc_line_16_3_1 

#-----------------------------------------------------------------------------------------------
#   Timing Point    Flags   Arc   Edge             Cell              Fanout Trans Delay Arrival 
#                                                                            (ps)  (ps)   (ps)  
#-----------------------------------------------------------------------------------------------
  m_ready           -       -     F     (arrival)                         2    31     0     514 
  g39627__3680/Y    -       A->Y  R     NAND2_X1M_A9PP140ZTUL_C35        11   133    78     592 
  g44719/Y          -       A->Y  F     NAND2_X0P5A_A9PP140ZTUL_C35      49   710   399     991 
  g44701/Y          -       A->Y  R     INV_X3M_A9PP140ZTUL_C35          80   327   266    1257 
  g41580/Y          -       A0->Y F     OAI22_X0P5M_A9PP140ZTUL_C35       1   176    32    1290 
  ro_reg[3][4][5]/D -       -     F     DFFRPQNA_X1M_A9PP140ZTUL_C35      1     -     0    1290 
#-----------------------------------------------------------------------------------------------



Path 60: MET (489 ps) Setup Check with Pin ro_reg[3][4][4]/CK->D
           View: wc_analysis_view
          Group: in2reg
     Startpoint: (F) m_ready
          Clock: (R) CLK
       Endpoint: (F) ro_reg[3][4][4]/D
          Clock: (R) CLK

                     Capture       Launch     
        Clock Edge:+    2000            0     
        Drv Adjust:+       0           14     
       Src Latency:+       0            0     
       Net Latency:+       0 (I)        0 (I) 
           Arrival:=    2000           14     
                                              
             Setup:-      97                  
       Uncertainty:-     125                  
     Required Time:=    1778                  
      Launch Clock:-      14                  
       Input Delay:-     500                  
         Data Path:-     776                  
             Slack:=     489                  

Exceptions/Constraints:
  input_delay             500             axis_sa.sdc_line_16_3_1 

#-----------------------------------------------------------------------------------------------
#   Timing Point    Flags   Arc   Edge             Cell              Fanout Trans Delay Arrival 
#                                                                            (ps)  (ps)   (ps)  
#-----------------------------------------------------------------------------------------------
  m_ready           -       -     F     (arrival)                         2    31     0     514 
  g39627__3680/Y    -       A->Y  R     NAND2_X1M_A9PP140ZTUL_C35        11   133    78     592 
  g44719/Y          -       A->Y  F     NAND2_X0P5A_A9PP140ZTUL_C35      49   710   399     991 
  g44701/Y          -       A->Y  R     INV_X3M_A9PP140ZTUL_C35          80   327   266    1257 
  g41578/Y          -       A0->Y F     OAI22_X0P5M_A9PP140ZTUL_C35       1   176    32    1290 
  ro_reg[3][4][4]/D -       -     F     DFFRPQNA_X1M_A9PP140ZTUL_C35      1     -     0    1290 
#-----------------------------------------------------------------------------------------------



Path 61: MET (489 ps) Setup Check with Pin ro_reg[3][4][3]/CK->D
           View: wc_analysis_view
          Group: in2reg
     Startpoint: (F) m_ready
          Clock: (R) CLK
       Endpoint: (F) ro_reg[3][4][3]/D
          Clock: (R) CLK

                     Capture       Launch     
        Clock Edge:+    2000            0     
        Drv Adjust:+       0           14     
       Src Latency:+       0            0     
       Net Latency:+       0 (I)        0 (I) 
           Arrival:=    2000           14     
                                              
             Setup:-      97                  
       Uncertainty:-     125                  
     Required Time:=    1778                  
      Launch Clock:-      14                  
       Input Delay:-     500                  
         Data Path:-     776                  
             Slack:=     489                  

Exceptions/Constraints:
  input_delay             500             axis_sa.sdc_line_16_3_1 

#-----------------------------------------------------------------------------------------------
#   Timing Point    Flags   Arc   Edge             Cell              Fanout Trans Delay Arrival 
#                                                                            (ps)  (ps)   (ps)  
#-----------------------------------------------------------------------------------------------
  m_ready           -       -     F     (arrival)                         2    31     0     514 
  g39627__3680/Y    -       A->Y  R     NAND2_X1M_A9PP140ZTUL_C35        11   133    78     592 
  g44719/Y          -       A->Y  F     NAND2_X0P5A_A9PP140ZTUL_C35      49   710   399     991 
  g44701/Y          -       A->Y  R     INV_X3M_A9PP140ZTUL_C35          80   327   266    1257 
  g41577/Y          -       A0->Y F     OAI22_X0P5M_A9PP140ZTUL_C35       1   176    32    1290 
  ro_reg[3][4][3]/D -       -     F     DFFRPQNA_X1M_A9PP140ZTUL_C35      1     -     0    1290 
#-----------------------------------------------------------------------------------------------



Path 62: MET (489 ps) Setup Check with Pin ro_reg[3][4][2]/CK->D
           View: wc_analysis_view
          Group: in2reg
     Startpoint: (F) m_ready
          Clock: (R) CLK
       Endpoint: (F) ro_reg[3][4][2]/D
          Clock: (R) CLK

                     Capture       Launch     
        Clock Edge:+    2000            0     
        Drv Adjust:+       0           14     
       Src Latency:+       0            0     
       Net Latency:+       0 (I)        0 (I) 
           Arrival:=    2000           14     
                                              
             Setup:-      97                  
       Uncertainty:-     125                  
     Required Time:=    1778                  
      Launch Clock:-      14                  
       Input Delay:-     500                  
         Data Path:-     776                  
             Slack:=     489                  

Exceptions/Constraints:
  input_delay             500             axis_sa.sdc_line_16_3_1 

#-----------------------------------------------------------------------------------------------
#   Timing Point    Flags   Arc   Edge             Cell              Fanout Trans Delay Arrival 
#                                                                            (ps)  (ps)   (ps)  
#-----------------------------------------------------------------------------------------------
  m_ready           -       -     F     (arrival)                         2    31     0     514 
  g39627__3680/Y    -       A->Y  R     NAND2_X1M_A9PP140ZTUL_C35        11   133    78     592 
  g44719/Y          -       A->Y  F     NAND2_X0P5A_A9PP140ZTUL_C35      49   710   399     991 
  g44701/Y          -       A->Y  R     INV_X3M_A9PP140ZTUL_C35          80   327   266    1257 
  g41576/Y          -       A0->Y F     OAI22_X0P5M_A9PP140ZTUL_C35       1   176    32    1290 
  ro_reg[3][4][2]/D -       -     F     DFFRPQNA_X1M_A9PP140ZTUL_C35      1     -     0    1290 
#-----------------------------------------------------------------------------------------------



Path 63: MET (489 ps) Setup Check with Pin ro_reg[3][4][1]/CK->D
           View: wc_analysis_view
          Group: in2reg
     Startpoint: (F) m_ready
          Clock: (R) CLK
       Endpoint: (F) ro_reg[3][4][1]/D
          Clock: (R) CLK

                     Capture       Launch     
        Clock Edge:+    2000            0     
        Drv Adjust:+       0           14     
       Src Latency:+       0            0     
       Net Latency:+       0 (I)        0 (I) 
           Arrival:=    2000           14     
                                              
             Setup:-      97                  
       Uncertainty:-     125                  
     Required Time:=    1778                  
      Launch Clock:-      14                  
       Input Delay:-     500                  
         Data Path:-     776                  
             Slack:=     489                  

Exceptions/Constraints:
  input_delay             500             axis_sa.sdc_line_16_3_1 

#-----------------------------------------------------------------------------------------------
#   Timing Point    Flags   Arc   Edge             Cell              Fanout Trans Delay Arrival 
#                                                                            (ps)  (ps)   (ps)  
#-----------------------------------------------------------------------------------------------
  m_ready           -       -     F     (arrival)                         2    31     0     514 
  g39627__3680/Y    -       A->Y  R     NAND2_X1M_A9PP140ZTUL_C35        11   133    78     592 
  g44719/Y          -       A->Y  F     NAND2_X0P5A_A9PP140ZTUL_C35      49   710   399     991 
  g44701/Y          -       A->Y  R     INV_X3M_A9PP140ZTUL_C35          80   327   266    1257 
  g41575/Y          -       A0->Y F     OAI22_X0P5M_A9PP140ZTUL_C35       1   176    32    1290 
  ro_reg[3][4][1]/D -       -     F     DFFRPQNA_X1M_A9PP140ZTUL_C35      1     -     0    1290 
#-----------------------------------------------------------------------------------------------



Path 64: MET (489 ps) Setup Check with Pin ro_reg[3][4][0]/CK->D
           View: wc_analysis_view
          Group: in2reg
     Startpoint: (F) m_ready
          Clock: (R) CLK
       Endpoint: (F) ro_reg[3][4][0]/D
          Clock: (R) CLK

                     Capture       Launch     
        Clock Edge:+    2000            0     
        Drv Adjust:+       0           14     
       Src Latency:+       0            0     
       Net Latency:+       0 (I)        0 (I) 
           Arrival:=    2000           14     
                                              
             Setup:-      97                  
       Uncertainty:-     125                  
     Required Time:=    1778                  
      Launch Clock:-      14                  
       Input Delay:-     500                  
         Data Path:-     776                  
             Slack:=     489                  

Exceptions/Constraints:
  input_delay             500             axis_sa.sdc_line_16_3_1 

#-----------------------------------------------------------------------------------------------
#   Timing Point    Flags   Arc   Edge             Cell              Fanout Trans Delay Arrival 
#                                                                            (ps)  (ps)   (ps)  
#-----------------------------------------------------------------------------------------------
  m_ready           -       -     F     (arrival)                         2    31     0     514 
  g39627__3680/Y    -       A->Y  R     NAND2_X1M_A9PP140ZTUL_C35        11   133    78     592 
  g44719/Y          -       A->Y  F     NAND2_X0P5A_A9PP140ZTUL_C35      49   710   399     991 
  g44701/Y          -       A->Y  R     INV_X3M_A9PP140ZTUL_C35          80   327   266    1257 
  g41574/Y          -       A0->Y F     OAI22_X0P5M_A9PP140ZTUL_C35       1   176    32    1290 
  ro_reg[3][4][0]/D -       -     F     DFFRPQNA_X1M_A9PP140ZTUL_C35      1     -     0    1290 
#-----------------------------------------------------------------------------------------------



Path 65: MET (489 ps) Setup Check with Pin ro_reg[2][5][15]/CK->D
           View: wc_analysis_view
          Group: in2reg
     Startpoint: (F) m_ready
          Clock: (R) CLK
       Endpoint: (F) ro_reg[2][5][15]/D
          Clock: (R) CLK

                     Capture       Launch     
        Clock Edge:+    2000            0     
        Drv Adjust:+       0           14     
       Src Latency:+       0            0     
       Net Latency:+       0 (I)        0 (I) 
           Arrival:=    2000           14     
                                              
             Setup:-      97                  
       Uncertainty:-     125                  
     Required Time:=    1778                  
      Launch Clock:-      14                  
       Input Delay:-     500                  
         Data Path:-     776                  
             Slack:=     489                  

Exceptions/Constraints:
  input_delay             500             axis_sa.sdc_line_16_3_1 

#------------------------------------------------------------------------------------------------
#   Timing Point     Flags   Arc   Edge             Cell              Fanout Trans Delay Arrival 
#                                                                             (ps)  (ps)   (ps)  
#------------------------------------------------------------------------------------------------
  m_ready            -       -     F     (arrival)                         2    31     0     514 
  g39627__3680/Y     -       A->Y  R     NAND2_X1M_A9PP140ZTUL_C35        11   133    78     592 
  g44719/Y           -       A->Y  F     NAND2_X0P5A_A9PP140ZTUL_C35      49   710   399     991 
  g44701/Y           -       A->Y  R     INV_X3M_A9PP140ZTUL_C35          80   327   266    1257 
  g41573/Y           -       A0->Y F     OAI22_X0P5M_A9PP140ZTUL_C35       1   176    32    1290 
  ro_reg[2][5][15]/D -       -     F     DFFRPQNA_X1M_A9PP140ZTUL_C35      1     -     0    1290 
#------------------------------------------------------------------------------------------------



Path 66: MET (489 ps) Setup Check with Pin ro_reg[2][5][14]/CK->D
           View: wc_analysis_view
          Group: in2reg
     Startpoint: (F) m_ready
          Clock: (R) CLK
       Endpoint: (F) ro_reg[2][5][14]/D
          Clock: (R) CLK

                     Capture       Launch     
        Clock Edge:+    2000            0     
        Drv Adjust:+       0           14     
       Src Latency:+       0            0     
       Net Latency:+       0 (I)        0 (I) 
           Arrival:=    2000           14     
                                              
             Setup:-      97                  
       Uncertainty:-     125                  
     Required Time:=    1778                  
      Launch Clock:-      14                  
       Input Delay:-     500                  
         Data Path:-     776                  
             Slack:=     489                  

Exceptions/Constraints:
  input_delay             500             axis_sa.sdc_line_16_3_1 

#------------------------------------------------------------------------------------------------
#   Timing Point     Flags   Arc   Edge             Cell              Fanout Trans Delay Arrival 
#                                                                             (ps)  (ps)   (ps)  
#------------------------------------------------------------------------------------------------
  m_ready            -       -     F     (arrival)                         2    31     0     514 
  g39627__3680/Y     -       A->Y  R     NAND2_X1M_A9PP140ZTUL_C35        11   133    78     592 
  g44719/Y           -       A->Y  F     NAND2_X0P5A_A9PP140ZTUL_C35      49   710   399     991 
  g44701/Y           -       A->Y  R     INV_X3M_A9PP140ZTUL_C35          80   327   266    1257 
  g41572/Y           -       A0->Y F     OAI22_X0P5M_A9PP140ZTUL_C35       1   176    32    1290 
  ro_reg[2][5][14]/D -       -     F     DFFRPQNA_X1M_A9PP140ZTUL_C35      1     -     0    1290 
#------------------------------------------------------------------------------------------------



Path 67: MET (489 ps) Setup Check with Pin ro_reg[2][5][13]/CK->D
           View: wc_analysis_view
          Group: in2reg
     Startpoint: (F) m_ready
          Clock: (R) CLK
       Endpoint: (F) ro_reg[2][5][13]/D
          Clock: (R) CLK

                     Capture       Launch     
        Clock Edge:+    2000            0     
        Drv Adjust:+       0           14     
       Src Latency:+       0            0     
       Net Latency:+       0 (I)        0 (I) 
           Arrival:=    2000           14     
                                              
             Setup:-      97                  
       Uncertainty:-     125                  
     Required Time:=    1778                  
      Launch Clock:-      14                  
       Input Delay:-     500                  
         Data Path:-     776                  
             Slack:=     489                  

Exceptions/Constraints:
  input_delay             500             axis_sa.sdc_line_16_3_1 

#------------------------------------------------------------------------------------------------
#   Timing Point     Flags   Arc   Edge             Cell              Fanout Trans Delay Arrival 
#                                                                             (ps)  (ps)   (ps)  
#------------------------------------------------------------------------------------------------
  m_ready            -       -     F     (arrival)                         2    31     0     514 
  g39627__3680/Y     -       A->Y  R     NAND2_X1M_A9PP140ZTUL_C35        11   133    78     592 
  g44719/Y           -       A->Y  F     NAND2_X0P5A_A9PP140ZTUL_C35      49   710   399     991 
  g44701/Y           -       A->Y  R     INV_X3M_A9PP140ZTUL_C35          80   327   266    1257 
  g41571/Y           -       A0->Y F     OAI22_X0P5M_A9PP140ZTUL_C35       1   176    32    1290 
  ro_reg[2][5][13]/D -       -     F     DFFRPQNA_X1M_A9PP140ZTUL_C35      1     -     0    1290 
#------------------------------------------------------------------------------------------------



Path 68: MET (489 ps) Setup Check with Pin ro_reg[2][5][12]/CK->D
           View: wc_analysis_view
          Group: in2reg
     Startpoint: (F) m_ready
          Clock: (R) CLK
       Endpoint: (F) ro_reg[2][5][12]/D
          Clock: (R) CLK

                     Capture       Launch     
        Clock Edge:+    2000            0     
        Drv Adjust:+       0           14     
       Src Latency:+       0            0     
       Net Latency:+       0 (I)        0 (I) 
           Arrival:=    2000           14     
                                              
             Setup:-      97                  
       Uncertainty:-     125                  
     Required Time:=    1778                  
      Launch Clock:-      14                  
       Input Delay:-     500                  
         Data Path:-     776                  
             Slack:=     489                  

Exceptions/Constraints:
  input_delay             500             axis_sa.sdc_line_16_3_1 

#------------------------------------------------------------------------------------------------
#   Timing Point     Flags   Arc   Edge             Cell              Fanout Trans Delay Arrival 
#                                                                             (ps)  (ps)   (ps)  
#------------------------------------------------------------------------------------------------
  m_ready            -       -     F     (arrival)                         2    31     0     514 
  g39627__3680/Y     -       A->Y  R     NAND2_X1M_A9PP140ZTUL_C35        11   133    78     592 
  g44719/Y           -       A->Y  F     NAND2_X0P5A_A9PP140ZTUL_C35      49   710   399     991 
  g44701/Y           -       A->Y  R     INV_X3M_A9PP140ZTUL_C35          80   327   266    1257 
  g41570/Y           -       A0->Y F     OAI22_X0P5M_A9PP140ZTUL_C35       1   176    32    1290 
  ro_reg[2][5][12]/D -       -     F     DFFRPQNA_X1M_A9PP140ZTUL_C35      1     -     0    1290 
#------------------------------------------------------------------------------------------------



Path 69: MET (489 ps) Setup Check with Pin ro_reg[2][5][11]/CK->D
           View: wc_analysis_view
          Group: in2reg
     Startpoint: (F) m_ready
          Clock: (R) CLK
       Endpoint: (F) ro_reg[2][5][11]/D
          Clock: (R) CLK

                     Capture       Launch     
        Clock Edge:+    2000            0     
        Drv Adjust:+       0           14     
       Src Latency:+       0            0     
       Net Latency:+       0 (I)        0 (I) 
           Arrival:=    2000           14     
                                              
             Setup:-      97                  
       Uncertainty:-     125                  
     Required Time:=    1778                  
      Launch Clock:-      14                  
       Input Delay:-     500                  
         Data Path:-     776                  
             Slack:=     489                  

Exceptions/Constraints:
  input_delay             500             axis_sa.sdc_line_16_3_1 

#------------------------------------------------------------------------------------------------
#   Timing Point     Flags   Arc   Edge             Cell              Fanout Trans Delay Arrival 
#                                                                             (ps)  (ps)   (ps)  
#------------------------------------------------------------------------------------------------
  m_ready            -       -     F     (arrival)                         2    31     0     514 
  g39627__3680/Y     -       A->Y  R     NAND2_X1M_A9PP140ZTUL_C35        11   133    78     592 
  g44719/Y           -       A->Y  F     NAND2_X0P5A_A9PP140ZTUL_C35      49   710   399     991 
  g44701/Y           -       A->Y  R     INV_X3M_A9PP140ZTUL_C35          80   327   266    1257 
  g41569/Y           -       A0->Y F     OAI22_X0P5M_A9PP140ZTUL_C35       1   176    32    1290 
  ro_reg[2][5][11]/D -       -     F     DFFRPQNA_X1M_A9PP140ZTUL_C35      1     -     0    1290 
#------------------------------------------------------------------------------------------------



Path 70: MET (489 ps) Setup Check with Pin ro_reg[2][5][10]/CK->D
           View: wc_analysis_view
          Group: in2reg
     Startpoint: (F) m_ready
          Clock: (R) CLK
       Endpoint: (F) ro_reg[2][5][10]/D
          Clock: (R) CLK

                     Capture       Launch     
        Clock Edge:+    2000            0     
        Drv Adjust:+       0           14     
       Src Latency:+       0            0     
       Net Latency:+       0 (I)        0 (I) 
           Arrival:=    2000           14     
                                              
             Setup:-      97                  
       Uncertainty:-     125                  
     Required Time:=    1778                  
      Launch Clock:-      14                  
       Input Delay:-     500                  
         Data Path:-     776                  
             Slack:=     489                  

Exceptions/Constraints:
  input_delay             500             axis_sa.sdc_line_16_3_1 

#------------------------------------------------------------------------------------------------
#   Timing Point     Flags   Arc   Edge             Cell              Fanout Trans Delay Arrival 
#                                                                             (ps)  (ps)   (ps)  
#------------------------------------------------------------------------------------------------
  m_ready            -       -     F     (arrival)                         2    31     0     514 
  g39627__3680/Y     -       A->Y  R     NAND2_X1M_A9PP140ZTUL_C35        11   133    78     592 
  g44719/Y           -       A->Y  F     NAND2_X0P5A_A9PP140ZTUL_C35      49   710   399     991 
  g44701/Y           -       A->Y  R     INV_X3M_A9PP140ZTUL_C35          80   327   266    1257 
  g41568/Y           -       A0->Y F     OAI22_X0P5M_A9PP140ZTUL_C35       1   176    32    1290 
  ro_reg[2][5][10]/D -       -     F     DFFRPQNA_X1M_A9PP140ZTUL_C35      1     -     0    1290 
#------------------------------------------------------------------------------------------------



Path 71: MET (489 ps) Setup Check with Pin ro_reg[2][5][9]/CK->D
           View: wc_analysis_view
          Group: in2reg
     Startpoint: (F) m_ready
          Clock: (R) CLK
       Endpoint: (F) ro_reg[2][5][9]/D
          Clock: (R) CLK

                     Capture       Launch     
        Clock Edge:+    2000            0     
        Drv Adjust:+       0           14     
       Src Latency:+       0            0     
       Net Latency:+       0 (I)        0 (I) 
           Arrival:=    2000           14     
                                              
             Setup:-      97                  
       Uncertainty:-     125                  
     Required Time:=    1778                  
      Launch Clock:-      14                  
       Input Delay:-     500                  
         Data Path:-     776                  
             Slack:=     489                  

Exceptions/Constraints:
  input_delay             500             axis_sa.sdc_line_16_3_1 

#-----------------------------------------------------------------------------------------------
#   Timing Point    Flags   Arc   Edge             Cell              Fanout Trans Delay Arrival 
#                                                                            (ps)  (ps)   (ps)  
#-----------------------------------------------------------------------------------------------
  m_ready           -       -     F     (arrival)                         2    31     0     514 
  g39627__3680/Y    -       A->Y  R     NAND2_X1M_A9PP140ZTUL_C35        11   133    78     592 
  g44719/Y          -       A->Y  F     NAND2_X0P5A_A9PP140ZTUL_C35      49   710   399     991 
  g44701/Y          -       A->Y  R     INV_X3M_A9PP140ZTUL_C35          80   327   266    1257 
  g41567/Y          -       A0->Y F     OAI22_X0P5M_A9PP140ZTUL_C35       1   176    32    1290 
  ro_reg[2][5][9]/D -       -     F     DFFRPQNA_X1M_A9PP140ZTUL_C35      1     -     0    1290 
#-----------------------------------------------------------------------------------------------



Path 72: MET (489 ps) Setup Check with Pin ro_reg[2][5][8]/CK->D
           View: wc_analysis_view
          Group: in2reg
     Startpoint: (F) m_ready
          Clock: (R) CLK
       Endpoint: (F) ro_reg[2][5][8]/D
          Clock: (R) CLK

                     Capture       Launch     
        Clock Edge:+    2000            0     
        Drv Adjust:+       0           14     
       Src Latency:+       0            0     
       Net Latency:+       0 (I)        0 (I) 
           Arrival:=    2000           14     
                                              
             Setup:-      97                  
       Uncertainty:-     125                  
     Required Time:=    1778                  
      Launch Clock:-      14                  
       Input Delay:-     500                  
         Data Path:-     776                  
             Slack:=     489                  

Exceptions/Constraints:
  input_delay             500             axis_sa.sdc_line_16_3_1 

#-----------------------------------------------------------------------------------------------
#   Timing Point    Flags   Arc   Edge             Cell              Fanout Trans Delay Arrival 
#                                                                            (ps)  (ps)   (ps)  
#-----------------------------------------------------------------------------------------------
  m_ready           -       -     F     (arrival)                         2    31     0     514 
  g39627__3680/Y    -       A->Y  R     NAND2_X1M_A9PP140ZTUL_C35        11   133    78     592 
  g44719/Y          -       A->Y  F     NAND2_X0P5A_A9PP140ZTUL_C35      49   710   399     991 
  g44701/Y          -       A->Y  R     INV_X3M_A9PP140ZTUL_C35          80   327   266    1257 
  g41566/Y          -       A0->Y F     OAI22_X0P5M_A9PP140ZTUL_C35       1   176    32    1290 
  ro_reg[2][5][8]/D -       -     F     DFFRPQNA_X1M_A9PP140ZTUL_C35      1     -     0    1290 
#-----------------------------------------------------------------------------------------------



Path 73: MET (489 ps) Setup Check with Pin ro_reg[2][5][7]/CK->D
           View: wc_analysis_view
          Group: in2reg
     Startpoint: (F) m_ready
          Clock: (R) CLK
       Endpoint: (F) ro_reg[2][5][7]/D
          Clock: (R) CLK

                     Capture       Launch     
        Clock Edge:+    2000            0     
        Drv Adjust:+       0           14     
       Src Latency:+       0            0     
       Net Latency:+       0 (I)        0 (I) 
           Arrival:=    2000           14     
                                              
             Setup:-      97                  
       Uncertainty:-     125                  
     Required Time:=    1778                  
      Launch Clock:-      14                  
       Input Delay:-     500                  
         Data Path:-     776                  
             Slack:=     489                  

Exceptions/Constraints:
  input_delay             500             axis_sa.sdc_line_16_3_1 

#-----------------------------------------------------------------------------------------------
#   Timing Point    Flags   Arc   Edge             Cell              Fanout Trans Delay Arrival 
#                                                                            (ps)  (ps)   (ps)  
#-----------------------------------------------------------------------------------------------
  m_ready           -       -     F     (arrival)                         2    31     0     514 
  g39627__3680/Y    -       A->Y  R     NAND2_X1M_A9PP140ZTUL_C35        11   133    78     592 
  g44719/Y          -       A->Y  F     NAND2_X0P5A_A9PP140ZTUL_C35      49   710   399     991 
  g44701/Y          -       A->Y  R     INV_X3M_A9PP140ZTUL_C35          80   327   266    1257 
  g41565/Y          -       A0->Y F     OAI22_X0P5M_A9PP140ZTUL_C35       1   176    32    1290 
  ro_reg[2][5][7]/D -       -     F     DFFRPQNA_X1M_A9PP140ZTUL_C35      1     -     0    1290 
#-----------------------------------------------------------------------------------------------



Path 74: MET (489 ps) Setup Check with Pin ro_reg[2][5][6]/CK->D
           View: wc_analysis_view
          Group: in2reg
     Startpoint: (F) m_ready
          Clock: (R) CLK
       Endpoint: (F) ro_reg[2][5][6]/D
          Clock: (R) CLK

                     Capture       Launch     
        Clock Edge:+    2000            0     
        Drv Adjust:+       0           14     
       Src Latency:+       0            0     
       Net Latency:+       0 (I)        0 (I) 
           Arrival:=    2000           14     
                                              
             Setup:-      97                  
       Uncertainty:-     125                  
     Required Time:=    1778                  
      Launch Clock:-      14                  
       Input Delay:-     500                  
         Data Path:-     776                  
             Slack:=     489                  

Exceptions/Constraints:
  input_delay             500             axis_sa.sdc_line_16_3_1 

#-----------------------------------------------------------------------------------------------
#   Timing Point    Flags   Arc   Edge             Cell              Fanout Trans Delay Arrival 
#                                                                            (ps)  (ps)   (ps)  
#-----------------------------------------------------------------------------------------------
  m_ready           -       -     F     (arrival)                         2    31     0     514 
  g39627__3680/Y    -       A->Y  R     NAND2_X1M_A9PP140ZTUL_C35        11   133    78     592 
  g44719/Y          -       A->Y  F     NAND2_X0P5A_A9PP140ZTUL_C35      49   710   399     991 
  g44701/Y          -       A->Y  R     INV_X3M_A9PP140ZTUL_C35          80   327   266    1257 
  g41564/Y          -       A0->Y F     OAI22_X0P5M_A9PP140ZTUL_C35       1   176    32    1290 
  ro_reg[2][5][6]/D -       -     F     DFFRPQNA_X1M_A9PP140ZTUL_C35      1     -     0    1290 
#-----------------------------------------------------------------------------------------------



Path 75: MET (489 ps) Setup Check with Pin ro_reg[2][5][5]/CK->D
           View: wc_analysis_view
          Group: in2reg
     Startpoint: (F) m_ready
          Clock: (R) CLK
       Endpoint: (F) ro_reg[2][5][5]/D
          Clock: (R) CLK

                     Capture       Launch     
        Clock Edge:+    2000            0     
        Drv Adjust:+       0           14     
       Src Latency:+       0            0     
       Net Latency:+       0 (I)        0 (I) 
           Arrival:=    2000           14     
                                              
             Setup:-      97                  
       Uncertainty:-     125                  
     Required Time:=    1778                  
      Launch Clock:-      14                  
       Input Delay:-     500                  
         Data Path:-     776                  
             Slack:=     489                  

Exceptions/Constraints:
  input_delay             500             axis_sa.sdc_line_16_3_1 

#-----------------------------------------------------------------------------------------------
#   Timing Point    Flags   Arc   Edge             Cell              Fanout Trans Delay Arrival 
#                                                                            (ps)  (ps)   (ps)  
#-----------------------------------------------------------------------------------------------
  m_ready           -       -     F     (arrival)                         2    31     0     514 
  g39627__3680/Y    -       A->Y  R     NAND2_X1M_A9PP140ZTUL_C35        11   133    78     592 
  g44719/Y          -       A->Y  F     NAND2_X0P5A_A9PP140ZTUL_C35      49   710   399     991 
  g44701/Y          -       A->Y  R     INV_X3M_A9PP140ZTUL_C35          80   327   266    1257 
  g41563/Y          -       A0->Y F     OAI22_X0P5M_A9PP140ZTUL_C35       1   176    32    1290 
  ro_reg[2][5][5]/D -       -     F     DFFRPQNA_X1M_A9PP140ZTUL_C35      1     -     0    1290 
#-----------------------------------------------------------------------------------------------



Path 76: MET (489 ps) Setup Check with Pin ro_reg[2][5][4]/CK->D
           View: wc_analysis_view
          Group: in2reg
     Startpoint: (F) m_ready
          Clock: (R) CLK
       Endpoint: (F) ro_reg[2][5][4]/D
          Clock: (R) CLK

                     Capture       Launch     
        Clock Edge:+    2000            0     
        Drv Adjust:+       0           14     
       Src Latency:+       0            0     
       Net Latency:+       0 (I)        0 (I) 
           Arrival:=    2000           14     
                                              
             Setup:-      97                  
       Uncertainty:-     125                  
     Required Time:=    1778                  
      Launch Clock:-      14                  
       Input Delay:-     500                  
         Data Path:-     776                  
             Slack:=     489                  

Exceptions/Constraints:
  input_delay             500             axis_sa.sdc_line_16_3_1 

#-----------------------------------------------------------------------------------------------
#   Timing Point    Flags   Arc   Edge             Cell              Fanout Trans Delay Arrival 
#                                                                            (ps)  (ps)   (ps)  
#-----------------------------------------------------------------------------------------------
  m_ready           -       -     F     (arrival)                         2    31     0     514 
  g39627__3680/Y    -       A->Y  R     NAND2_X1M_A9PP140ZTUL_C35        11   133    78     592 
  g44719/Y          -       A->Y  F     NAND2_X0P5A_A9PP140ZTUL_C35      49   710   399     991 
  g44701/Y          -       A->Y  R     INV_X3M_A9PP140ZTUL_C35          80   327   266    1257 
  g41562/Y          -       A0->Y F     OAI22_X0P5M_A9PP140ZTUL_C35       1   176    32    1290 
  ro_reg[2][5][4]/D -       -     F     DFFRPQNA_X1M_A9PP140ZTUL_C35      1     -     0    1290 
#-----------------------------------------------------------------------------------------------



Path 77: MET (489 ps) Setup Check with Pin ro_reg[2][5][3]/CK->D
           View: wc_analysis_view
          Group: in2reg
     Startpoint: (F) m_ready
          Clock: (R) CLK
       Endpoint: (F) ro_reg[2][5][3]/D
          Clock: (R) CLK

                     Capture       Launch     
        Clock Edge:+    2000            0     
        Drv Adjust:+       0           14     
       Src Latency:+       0            0     
       Net Latency:+       0 (I)        0 (I) 
           Arrival:=    2000           14     
                                              
             Setup:-      97                  
       Uncertainty:-     125                  
     Required Time:=    1778                  
      Launch Clock:-      14                  
       Input Delay:-     500                  
         Data Path:-     776                  
             Slack:=     489                  

Exceptions/Constraints:
  input_delay             500             axis_sa.sdc_line_16_3_1 

#-----------------------------------------------------------------------------------------------
#   Timing Point    Flags   Arc   Edge             Cell              Fanout Trans Delay Arrival 
#                                                                            (ps)  (ps)   (ps)  
#-----------------------------------------------------------------------------------------------
  m_ready           -       -     F     (arrival)                         2    31     0     514 
  g39627__3680/Y    -       A->Y  R     NAND2_X1M_A9PP140ZTUL_C35        11   133    78     592 
  g44719/Y          -       A->Y  F     NAND2_X0P5A_A9PP140ZTUL_C35      49   710   399     991 
  g44701/Y          -       A->Y  R     INV_X3M_A9PP140ZTUL_C35          80   327   266    1257 
  g41561/Y          -       A0->Y F     OAI22_X0P5M_A9PP140ZTUL_C35       1   176    32    1290 
  ro_reg[2][5][3]/D -       -     F     DFFRPQNA_X1M_A9PP140ZTUL_C35      1     -     0    1290 
#-----------------------------------------------------------------------------------------------



Path 78: MET (489 ps) Setup Check with Pin ro_reg[2][5][2]/CK->D
           View: wc_analysis_view
          Group: in2reg
     Startpoint: (F) m_ready
          Clock: (R) CLK
       Endpoint: (F) ro_reg[2][5][2]/D
          Clock: (R) CLK

                     Capture       Launch     
        Clock Edge:+    2000            0     
        Drv Adjust:+       0           14     
       Src Latency:+       0            0     
       Net Latency:+       0 (I)        0 (I) 
           Arrival:=    2000           14     
                                              
             Setup:-      97                  
       Uncertainty:-     125                  
     Required Time:=    1778                  
      Launch Clock:-      14                  
       Input Delay:-     500                  
         Data Path:-     776                  
             Slack:=     489                  

Exceptions/Constraints:
  input_delay             500             axis_sa.sdc_line_16_3_1 

#-----------------------------------------------------------------------------------------------
#   Timing Point    Flags   Arc   Edge             Cell              Fanout Trans Delay Arrival 
#                                                                            (ps)  (ps)   (ps)  
#-----------------------------------------------------------------------------------------------
  m_ready           -       -     F     (arrival)                         2    31     0     514 
  g39627__3680/Y    -       A->Y  R     NAND2_X1M_A9PP140ZTUL_C35        11   133    78     592 
  g44719/Y          -       A->Y  F     NAND2_X0P5A_A9PP140ZTUL_C35      49   710   399     991 
  g44701/Y          -       A->Y  R     INV_X3M_A9PP140ZTUL_C35          80   327   266    1257 
  g41560/Y          -       A0->Y F     OAI22_X0P5M_A9PP140ZTUL_C35       1   176    32    1290 
  ro_reg[2][5][2]/D -       -     F     DFFRPQNA_X1M_A9PP140ZTUL_C35      1     -     0    1290 
#-----------------------------------------------------------------------------------------------



Path 79: MET (489 ps) Setup Check with Pin ro_reg[2][5][1]/CK->D
           View: wc_analysis_view
          Group: in2reg
     Startpoint: (F) m_ready
          Clock: (R) CLK
       Endpoint: (F) ro_reg[2][5][1]/D
          Clock: (R) CLK

                     Capture       Launch     
        Clock Edge:+    2000            0     
        Drv Adjust:+       0           14     
       Src Latency:+       0            0     
       Net Latency:+       0 (I)        0 (I) 
           Arrival:=    2000           14     
                                              
             Setup:-      97                  
       Uncertainty:-     125                  
     Required Time:=    1778                  
      Launch Clock:-      14                  
       Input Delay:-     500                  
         Data Path:-     776                  
             Slack:=     489                  

Exceptions/Constraints:
  input_delay             500             axis_sa.sdc_line_16_3_1 

#-----------------------------------------------------------------------------------------------
#   Timing Point    Flags   Arc   Edge             Cell              Fanout Trans Delay Arrival 
#                                                                            (ps)  (ps)   (ps)  
#-----------------------------------------------------------------------------------------------
  m_ready           -       -     F     (arrival)                         2    31     0     514 
  g39627__3680/Y    -       A->Y  R     NAND2_X1M_A9PP140ZTUL_C35        11   133    78     592 
  g44719/Y          -       A->Y  F     NAND2_X0P5A_A9PP140ZTUL_C35      49   710   399     991 
  g44701/Y          -       A->Y  R     INV_X3M_A9PP140ZTUL_C35          80   327   266    1257 
  g41559/Y          -       A0->Y F     OAI22_X0P5M_A9PP140ZTUL_C35       1   176    32    1290 
  ro_reg[2][5][1]/D -       -     F     DFFRPQNA_X1M_A9PP140ZTUL_C35      1     -     0    1290 
#-----------------------------------------------------------------------------------------------



Path 80: MET (489 ps) Setup Check with Pin ro_reg[2][5][0]/CK->D
           View: wc_analysis_view
          Group: in2reg
     Startpoint: (F) m_ready
          Clock: (R) CLK
       Endpoint: (F) ro_reg[2][5][0]/D
          Clock: (R) CLK

                     Capture       Launch     
        Clock Edge:+    2000            0     
        Drv Adjust:+       0           14     
       Src Latency:+       0            0     
       Net Latency:+       0 (I)        0 (I) 
           Arrival:=    2000           14     
                                              
             Setup:-      97                  
       Uncertainty:-     125                  
     Required Time:=    1778                  
      Launch Clock:-      14                  
       Input Delay:-     500                  
         Data Path:-     776                  
             Slack:=     489                  

Exceptions/Constraints:
  input_delay             500             axis_sa.sdc_line_16_3_1 

#-----------------------------------------------------------------------------------------------
#   Timing Point    Flags   Arc   Edge             Cell              Fanout Trans Delay Arrival 
#                                                                            (ps)  (ps)   (ps)  
#-----------------------------------------------------------------------------------------------
  m_ready           -       -     F     (arrival)                         2    31     0     514 
  g39627__3680/Y    -       A->Y  R     NAND2_X1M_A9PP140ZTUL_C35        11   133    78     592 
  g44719/Y          -       A->Y  F     NAND2_X0P5A_A9PP140ZTUL_C35      49   710   399     991 
  g44701/Y          -       A->Y  R     INV_X3M_A9PP140ZTUL_C35          80   327   266    1257 
  g41558/Y          -       A0->Y F     OAI22_X0P5M_A9PP140ZTUL_C35       1   176    32    1290 
  ro_reg[2][5][0]/D -       -     F     DFFRPQNA_X1M_A9PP140ZTUL_C35      1     -     0    1290 
#-----------------------------------------------------------------------------------------------



Path 81: MET (489 ps) Setup Check with Pin ro_reg[1][6][15]/CK->D
           View: wc_analysis_view
          Group: in2reg
     Startpoint: (F) m_ready
          Clock: (R) CLK
       Endpoint: (F) ro_reg[1][6][15]/D
          Clock: (R) CLK

                     Capture       Launch     
        Clock Edge:+    2000            0     
        Drv Adjust:+       0           14     
       Src Latency:+       0            0     
       Net Latency:+       0 (I)        0 (I) 
           Arrival:=    2000           14     
                                              
             Setup:-      97                  
       Uncertainty:-     125                  
     Required Time:=    1778                  
      Launch Clock:-      14                  
       Input Delay:-     500                  
         Data Path:-     776                  
             Slack:=     489                  

Exceptions/Constraints:
  input_delay             500             axis_sa.sdc_line_16_3_1 

#------------------------------------------------------------------------------------------------
#   Timing Point     Flags   Arc   Edge             Cell              Fanout Trans Delay Arrival 
#                                                                             (ps)  (ps)   (ps)  
#------------------------------------------------------------------------------------------------
  m_ready            -       -     F     (arrival)                         2    31     0     514 
  g39627__3680/Y     -       A->Y  R     NAND2_X1M_A9PP140ZTUL_C35        11   133    78     592 
  g44719/Y           -       A->Y  F     NAND2_X0P5A_A9PP140ZTUL_C35      49   710   399     991 
  g44701/Y           -       A->Y  R     INV_X3M_A9PP140ZTUL_C35          80   327   266    1257 
  g41557/Y           -       A0->Y F     OAI22_X0P5M_A9PP140ZTUL_C35       1   176    32    1290 
  ro_reg[1][6][15]/D -       -     F     DFFRPQNA_X1M_A9PP140ZTUL_C35      1     -     0    1290 
#------------------------------------------------------------------------------------------------



Path 82: MET (489 ps) Setup Check with Pin ro_reg[1][6][14]/CK->D
           View: wc_analysis_view
          Group: in2reg
     Startpoint: (F) m_ready
          Clock: (R) CLK
       Endpoint: (F) ro_reg[1][6][14]/D
          Clock: (R) CLK

                     Capture       Launch     
        Clock Edge:+    2000            0     
        Drv Adjust:+       0           14     
       Src Latency:+       0            0     
       Net Latency:+       0 (I)        0 (I) 
           Arrival:=    2000           14     
                                              
             Setup:-      97                  
       Uncertainty:-     125                  
     Required Time:=    1778                  
      Launch Clock:-      14                  
       Input Delay:-     500                  
         Data Path:-     776                  
             Slack:=     489                  

Exceptions/Constraints:
  input_delay             500             axis_sa.sdc_line_16_3_1 

#------------------------------------------------------------------------------------------------
#   Timing Point     Flags   Arc   Edge             Cell              Fanout Trans Delay Arrival 
#                                                                             (ps)  (ps)   (ps)  
#------------------------------------------------------------------------------------------------
  m_ready            -       -     F     (arrival)                         2    31     0     514 
  g39627__3680/Y     -       A->Y  R     NAND2_X1M_A9PP140ZTUL_C35        11   133    78     592 
  g44719/Y           -       A->Y  F     NAND2_X0P5A_A9PP140ZTUL_C35      49   710   399     991 
  g44701/Y           -       A->Y  R     INV_X3M_A9PP140ZTUL_C35          80   327   266    1257 
  g41556/Y           -       A0->Y F     OAI22_X0P5M_A9PP140ZTUL_C35       1   176    32    1290 
  ro_reg[1][6][14]/D -       -     F     DFFRPQNA_X1M_A9PP140ZTUL_C35      1     -     0    1290 
#------------------------------------------------------------------------------------------------



Path 83: MET (489 ps) Setup Check with Pin ro_reg[1][6][13]/CK->D
           View: wc_analysis_view
          Group: in2reg
     Startpoint: (F) m_ready
          Clock: (R) CLK
       Endpoint: (F) ro_reg[1][6][13]/D
          Clock: (R) CLK

                     Capture       Launch     
        Clock Edge:+    2000            0     
        Drv Adjust:+       0           14     
       Src Latency:+       0            0     
       Net Latency:+       0 (I)        0 (I) 
           Arrival:=    2000           14     
                                              
             Setup:-      97                  
       Uncertainty:-     125                  
     Required Time:=    1778                  
      Launch Clock:-      14                  
       Input Delay:-     500                  
         Data Path:-     776                  
             Slack:=     489                  

Exceptions/Constraints:
  input_delay             500             axis_sa.sdc_line_16_3_1 

#------------------------------------------------------------------------------------------------
#   Timing Point     Flags   Arc   Edge             Cell              Fanout Trans Delay Arrival 
#                                                                             (ps)  (ps)   (ps)  
#------------------------------------------------------------------------------------------------
  m_ready            -       -     F     (arrival)                         2    31     0     514 
  g39627__3680/Y     -       A->Y  R     NAND2_X1M_A9PP140ZTUL_C35        11   133    78     592 
  g44719/Y           -       A->Y  F     NAND2_X0P5A_A9PP140ZTUL_C35      49   710   399     991 
  g44701/Y           -       A->Y  R     INV_X3M_A9PP140ZTUL_C35          80   327   266    1257 
  g41555/Y           -       A0->Y F     OAI22_X0P5M_A9PP140ZTUL_C35       1   176    32    1290 
  ro_reg[1][6][13]/D -       -     F     DFFRPQNA_X1M_A9PP140ZTUL_C35      1     -     0    1290 
#------------------------------------------------------------------------------------------------



Path 84: MET (489 ps) Setup Check with Pin ro_reg[1][6][12]/CK->D
           View: wc_analysis_view
          Group: in2reg
     Startpoint: (F) m_ready
          Clock: (R) CLK
       Endpoint: (F) ro_reg[1][6][12]/D
          Clock: (R) CLK

                     Capture       Launch     
        Clock Edge:+    2000            0     
        Drv Adjust:+       0           14     
       Src Latency:+       0            0     
       Net Latency:+       0 (I)        0 (I) 
           Arrival:=    2000           14     
                                              
             Setup:-      97                  
       Uncertainty:-     125                  
     Required Time:=    1778                  
      Launch Clock:-      14                  
       Input Delay:-     500                  
         Data Path:-     776                  
             Slack:=     489                  

Exceptions/Constraints:
  input_delay             500             axis_sa.sdc_line_16_3_1 

#------------------------------------------------------------------------------------------------
#   Timing Point     Flags   Arc   Edge             Cell              Fanout Trans Delay Arrival 
#                                                                             (ps)  (ps)   (ps)  
#------------------------------------------------------------------------------------------------
  m_ready            -       -     F     (arrival)                         2    31     0     514 
  g39627__3680/Y     -       A->Y  R     NAND2_X1M_A9PP140ZTUL_C35        11   133    78     592 
  g44719/Y           -       A->Y  F     NAND2_X0P5A_A9PP140ZTUL_C35      49   710   399     991 
  g44701/Y           -       A->Y  R     INV_X3M_A9PP140ZTUL_C35          80   327   266    1257 
  g41554/Y           -       A0->Y F     OAI22_X0P5M_A9PP140ZTUL_C35       1   176    32    1290 
  ro_reg[1][6][12]/D -       -     F     DFFRPQNA_X1M_A9PP140ZTUL_C35      1     -     0    1290 
#------------------------------------------------------------------------------------------------



Path 85: MET (489 ps) Setup Check with Pin ro_reg[1][6][11]/CK->D
           View: wc_analysis_view
          Group: in2reg
     Startpoint: (F) m_ready
          Clock: (R) CLK
       Endpoint: (F) ro_reg[1][6][11]/D
          Clock: (R) CLK

                     Capture       Launch     
        Clock Edge:+    2000            0     
        Drv Adjust:+       0           14     
       Src Latency:+       0            0     
       Net Latency:+       0 (I)        0 (I) 
           Arrival:=    2000           14     
                                              
             Setup:-      97                  
       Uncertainty:-     125                  
     Required Time:=    1778                  
      Launch Clock:-      14                  
       Input Delay:-     500                  
         Data Path:-     776                  
             Slack:=     489                  

Exceptions/Constraints:
  input_delay             500             axis_sa.sdc_line_16_3_1 

#------------------------------------------------------------------------------------------------
#   Timing Point     Flags   Arc   Edge             Cell              Fanout Trans Delay Arrival 
#                                                                             (ps)  (ps)   (ps)  
#------------------------------------------------------------------------------------------------
  m_ready            -       -     F     (arrival)                         2    31     0     514 
  g39627__3680/Y     -       A->Y  R     NAND2_X1M_A9PP140ZTUL_C35        11   133    78     592 
  g44719/Y           -       A->Y  F     NAND2_X0P5A_A9PP140ZTUL_C35      49   710   399     991 
  g44701/Y           -       A->Y  R     INV_X3M_A9PP140ZTUL_C35          80   327   266    1257 
  g41553/Y           -       A0->Y F     OAI22_X0P5M_A9PP140ZTUL_C35       1   176    32    1290 
  ro_reg[1][6][11]/D -       -     F     DFFRPQNA_X1M_A9PP140ZTUL_C35      1     -     0    1290 
#------------------------------------------------------------------------------------------------



Path 86: MET (489 ps) Setup Check with Pin ro_reg[1][6][10]/CK->D
           View: wc_analysis_view
          Group: in2reg
     Startpoint: (F) m_ready
          Clock: (R) CLK
       Endpoint: (F) ro_reg[1][6][10]/D
          Clock: (R) CLK

                     Capture       Launch     
        Clock Edge:+    2000            0     
        Drv Adjust:+       0           14     
       Src Latency:+       0            0     
       Net Latency:+       0 (I)        0 (I) 
           Arrival:=    2000           14     
                                              
             Setup:-      97                  
       Uncertainty:-     125                  
     Required Time:=    1778                  
      Launch Clock:-      14                  
       Input Delay:-     500                  
         Data Path:-     776                  
             Slack:=     489                  

Exceptions/Constraints:
  input_delay             500             axis_sa.sdc_line_16_3_1 

#------------------------------------------------------------------------------------------------
#   Timing Point     Flags   Arc   Edge             Cell              Fanout Trans Delay Arrival 
#                                                                             (ps)  (ps)   (ps)  
#------------------------------------------------------------------------------------------------
  m_ready            -       -     F     (arrival)                         2    31     0     514 
  g39627__3680/Y     -       A->Y  R     NAND2_X1M_A9PP140ZTUL_C35        11   133    78     592 
  g44719/Y           -       A->Y  F     NAND2_X0P5A_A9PP140ZTUL_C35      49   710   399     991 
  g44701/Y           -       A->Y  R     INV_X3M_A9PP140ZTUL_C35          80   327   266    1257 
  g41552/Y           -       A0->Y F     OAI22_X0P5M_A9PP140ZTUL_C35       1   176    32    1290 
  ro_reg[1][6][10]/D -       -     F     DFFRPQNA_X1M_A9PP140ZTUL_C35      1     -     0    1290 
#------------------------------------------------------------------------------------------------



Path 87: MET (489 ps) Setup Check with Pin ro_reg[1][6][9]/CK->D
           View: wc_analysis_view
          Group: in2reg
     Startpoint: (F) m_ready
          Clock: (R) CLK
       Endpoint: (F) ro_reg[1][6][9]/D
          Clock: (R) CLK

                     Capture       Launch     
        Clock Edge:+    2000            0     
        Drv Adjust:+       0           14     
       Src Latency:+       0            0     
       Net Latency:+       0 (I)        0 (I) 
           Arrival:=    2000           14     
                                              
             Setup:-      97                  
       Uncertainty:-     125                  
     Required Time:=    1778                  
      Launch Clock:-      14                  
       Input Delay:-     500                  
         Data Path:-     776                  
             Slack:=     489                  

Exceptions/Constraints:
  input_delay             500             axis_sa.sdc_line_16_3_1 

#-----------------------------------------------------------------------------------------------
#   Timing Point    Flags   Arc   Edge             Cell              Fanout Trans Delay Arrival 
#                                                                            (ps)  (ps)   (ps)  
#-----------------------------------------------------------------------------------------------
  m_ready           -       -     F     (arrival)                         2    31     0     514 
  g39627__3680/Y    -       A->Y  R     NAND2_X1M_A9PP140ZTUL_C35        11   133    78     592 
  g44719/Y          -       A->Y  F     NAND2_X0P5A_A9PP140ZTUL_C35      49   710   399     991 
  g44701/Y          -       A->Y  R     INV_X3M_A9PP140ZTUL_C35          80   327   266    1257 
  g41551/Y          -       A0->Y F     OAI22_X0P5M_A9PP140ZTUL_C35       1   176    32    1290 
  ro_reg[1][6][9]/D -       -     F     DFFRPQNA_X1M_A9PP140ZTUL_C35      1     -     0    1290 
#-----------------------------------------------------------------------------------------------



Path 88: MET (489 ps) Setup Check with Pin ro_reg[1][6][8]/CK->D
           View: wc_analysis_view
          Group: in2reg
     Startpoint: (F) m_ready
          Clock: (R) CLK
       Endpoint: (F) ro_reg[1][6][8]/D
          Clock: (R) CLK

                     Capture       Launch     
        Clock Edge:+    2000            0     
        Drv Adjust:+       0           14     
       Src Latency:+       0            0     
       Net Latency:+       0 (I)        0 (I) 
           Arrival:=    2000           14     
                                              
             Setup:-      97                  
       Uncertainty:-     125                  
     Required Time:=    1778                  
      Launch Clock:-      14                  
       Input Delay:-     500                  
         Data Path:-     776                  
             Slack:=     489                  

Exceptions/Constraints:
  input_delay             500             axis_sa.sdc_line_16_3_1 

#-----------------------------------------------------------------------------------------------
#   Timing Point    Flags   Arc   Edge             Cell              Fanout Trans Delay Arrival 
#                                                                            (ps)  (ps)   (ps)  
#-----------------------------------------------------------------------------------------------
  m_ready           -       -     F     (arrival)                         2    31     0     514 
  g39627__3680/Y    -       A->Y  R     NAND2_X1M_A9PP140ZTUL_C35        11   133    78     592 
  g44719/Y          -       A->Y  F     NAND2_X0P5A_A9PP140ZTUL_C35      49   710   399     991 
  g44701/Y          -       A->Y  R     INV_X3M_A9PP140ZTUL_C35          80   327   266    1257 
  g41550/Y          -       A0->Y F     OAI22_X0P5M_A9PP140ZTUL_C35       1   176    32    1290 
  ro_reg[1][6][8]/D -       -     F     DFFRPQNA_X1M_A9PP140ZTUL_C35      1     -     0    1290 
#-----------------------------------------------------------------------------------------------



Path 89: MET (489 ps) Setup Check with Pin ro_reg[1][6][7]/CK->D
           View: wc_analysis_view
          Group: in2reg
     Startpoint: (F) m_ready
          Clock: (R) CLK
       Endpoint: (F) ro_reg[1][6][7]/D
          Clock: (R) CLK

                     Capture       Launch     
        Clock Edge:+    2000            0     
        Drv Adjust:+       0           14     
       Src Latency:+       0            0     
       Net Latency:+       0 (I)        0 (I) 
           Arrival:=    2000           14     
                                              
             Setup:-      97                  
       Uncertainty:-     125                  
     Required Time:=    1778                  
      Launch Clock:-      14                  
       Input Delay:-     500                  
         Data Path:-     776                  
             Slack:=     489                  

Exceptions/Constraints:
  input_delay             500             axis_sa.sdc_line_16_3_1 

#-----------------------------------------------------------------------------------------------
#   Timing Point    Flags   Arc   Edge             Cell              Fanout Trans Delay Arrival 
#                                                                            (ps)  (ps)   (ps)  
#-----------------------------------------------------------------------------------------------
  m_ready           -       -     F     (arrival)                         2    31     0     514 
  g39627__3680/Y    -       A->Y  R     NAND2_X1M_A9PP140ZTUL_C35        11   133    78     592 
  g44719/Y          -       A->Y  F     NAND2_X0P5A_A9PP140ZTUL_C35      49   710   399     991 
  g44701/Y          -       A->Y  R     INV_X3M_A9PP140ZTUL_C35          80   327   266    1257 
  g41549/Y          -       A0->Y F     OAI22_X0P5M_A9PP140ZTUL_C35       1   176    32    1290 
  ro_reg[1][6][7]/D -       -     F     DFFRPQNA_X1M_A9PP140ZTUL_C35      1     -     0    1290 
#-----------------------------------------------------------------------------------------------



Path 90: MET (489 ps) Setup Check with Pin ro_reg[1][6][6]/CK->D
           View: wc_analysis_view
          Group: in2reg
     Startpoint: (F) m_ready
          Clock: (R) CLK
       Endpoint: (F) ro_reg[1][6][6]/D
          Clock: (R) CLK

                     Capture       Launch     
        Clock Edge:+    2000            0     
        Drv Adjust:+       0           14     
       Src Latency:+       0            0     
       Net Latency:+       0 (I)        0 (I) 
           Arrival:=    2000           14     
                                              
             Setup:-      97                  
       Uncertainty:-     125                  
     Required Time:=    1778                  
      Launch Clock:-      14                  
       Input Delay:-     500                  
         Data Path:-     776                  
             Slack:=     489                  

Exceptions/Constraints:
  input_delay             500             axis_sa.sdc_line_16_3_1 

#-----------------------------------------------------------------------------------------------
#   Timing Point    Flags   Arc   Edge             Cell              Fanout Trans Delay Arrival 
#                                                                            (ps)  (ps)   (ps)  
#-----------------------------------------------------------------------------------------------
  m_ready           -       -     F     (arrival)                         2    31     0     514 
  g39627__3680/Y    -       A->Y  R     NAND2_X1M_A9PP140ZTUL_C35        11   133    78     592 
  g44719/Y          -       A->Y  F     NAND2_X0P5A_A9PP140ZTUL_C35      49   710   399     991 
  g44701/Y          -       A->Y  R     INV_X3M_A9PP140ZTUL_C35          80   327   266    1257 
  g41548/Y          -       A0->Y F     OAI22_X0P5M_A9PP140ZTUL_C35       1   176    32    1290 
  ro_reg[1][6][6]/D -       -     F     DFFRPQNA_X1M_A9PP140ZTUL_C35      1     -     0    1290 
#-----------------------------------------------------------------------------------------------



Path 91: MET (489 ps) Setup Check with Pin ro_reg[1][6][5]/CK->D
           View: wc_analysis_view
          Group: in2reg
     Startpoint: (F) m_ready
          Clock: (R) CLK
       Endpoint: (F) ro_reg[1][6][5]/D
          Clock: (R) CLK

                     Capture       Launch     
        Clock Edge:+    2000            0     
        Drv Adjust:+       0           14     
       Src Latency:+       0            0     
       Net Latency:+       0 (I)        0 (I) 
           Arrival:=    2000           14     
                                              
             Setup:-      97                  
       Uncertainty:-     125                  
     Required Time:=    1778                  
      Launch Clock:-      14                  
       Input Delay:-     500                  
         Data Path:-     776                  
             Slack:=     489                  

Exceptions/Constraints:
  input_delay             500             axis_sa.sdc_line_16_3_1 

#-----------------------------------------------------------------------------------------------
#   Timing Point    Flags   Arc   Edge             Cell              Fanout Trans Delay Arrival 
#                                                                            (ps)  (ps)   (ps)  
#-----------------------------------------------------------------------------------------------
  m_ready           -       -     F     (arrival)                         2    31     0     514 
  g39627__3680/Y    -       A->Y  R     NAND2_X1M_A9PP140ZTUL_C35        11   133    78     592 
  g44719/Y          -       A->Y  F     NAND2_X0P5A_A9PP140ZTUL_C35      49   710   399     991 
  g44701/Y          -       A->Y  R     INV_X3M_A9PP140ZTUL_C35          80   327   266    1257 
  g41547/Y          -       A0->Y F     OAI22_X0P5M_A9PP140ZTUL_C35       1   176    32    1290 
  ro_reg[1][6][5]/D -       -     F     DFFRPQNA_X1M_A9PP140ZTUL_C35      1     -     0    1290 
#-----------------------------------------------------------------------------------------------



Path 92: MET (489 ps) Setup Check with Pin ro_reg[1][6][4]/CK->D
           View: wc_analysis_view
          Group: in2reg
     Startpoint: (F) m_ready
          Clock: (R) CLK
       Endpoint: (F) ro_reg[1][6][4]/D
          Clock: (R) CLK

                     Capture       Launch     
        Clock Edge:+    2000            0     
        Drv Adjust:+       0           14     
       Src Latency:+       0            0     
       Net Latency:+       0 (I)        0 (I) 
           Arrival:=    2000           14     
                                              
             Setup:-      97                  
       Uncertainty:-     125                  
     Required Time:=    1778                  
      Launch Clock:-      14                  
       Input Delay:-     500                  
         Data Path:-     776                  
             Slack:=     489                  

Exceptions/Constraints:
  input_delay             500             axis_sa.sdc_line_16_3_1 

#-----------------------------------------------------------------------------------------------
#   Timing Point    Flags   Arc   Edge             Cell              Fanout Trans Delay Arrival 
#                                                                            (ps)  (ps)   (ps)  
#-----------------------------------------------------------------------------------------------
  m_ready           -       -     F     (arrival)                         2    31     0     514 
  g39627__3680/Y    -       A->Y  R     NAND2_X1M_A9PP140ZTUL_C35        11   133    78     592 
  g44719/Y          -       A->Y  F     NAND2_X0P5A_A9PP140ZTUL_C35      49   710   399     991 
  g44701/Y          -       A->Y  R     INV_X3M_A9PP140ZTUL_C35          80   327   266    1257 
  g41546/Y          -       A0->Y F     OAI22_X0P5M_A9PP140ZTUL_C35       1   176    32    1290 
  ro_reg[1][6][4]/D -       -     F     DFFRPQNA_X1M_A9PP140ZTUL_C35      1     -     0    1290 
#-----------------------------------------------------------------------------------------------



Path 93: MET (489 ps) Setup Check with Pin ro_reg[1][6][3]/CK->D
           View: wc_analysis_view
          Group: in2reg
     Startpoint: (F) m_ready
          Clock: (R) CLK
       Endpoint: (F) ro_reg[1][6][3]/D
          Clock: (R) CLK

                     Capture       Launch     
        Clock Edge:+    2000            0     
        Drv Adjust:+       0           14     
       Src Latency:+       0            0     
       Net Latency:+       0 (I)        0 (I) 
           Arrival:=    2000           14     
                                              
             Setup:-      97                  
       Uncertainty:-     125                  
     Required Time:=    1778                  
      Launch Clock:-      14                  
       Input Delay:-     500                  
         Data Path:-     776                  
             Slack:=     489                  

Exceptions/Constraints:
  input_delay             500             axis_sa.sdc_line_16_3_1 

#-----------------------------------------------------------------------------------------------
#   Timing Point    Flags   Arc   Edge             Cell              Fanout Trans Delay Arrival 
#                                                                            (ps)  (ps)   (ps)  
#-----------------------------------------------------------------------------------------------
  m_ready           -       -     F     (arrival)                         2    31     0     514 
  g39627__3680/Y    -       A->Y  R     NAND2_X1M_A9PP140ZTUL_C35        11   133    78     592 
  g44719/Y          -       A->Y  F     NAND2_X0P5A_A9PP140ZTUL_C35      49   710   399     991 
  g44701/Y          -       A->Y  R     INV_X3M_A9PP140ZTUL_C35          80   327   266    1257 
  g41544/Y          -       A0->Y F     OAI22_X0P5M_A9PP140ZTUL_C35       1   176    32    1290 
  ro_reg[1][6][3]/D -       -     F     DFFRPQNA_X1M_A9PP140ZTUL_C35      1     -     0    1290 
#-----------------------------------------------------------------------------------------------



Path 94: MET (489 ps) Setup Check with Pin ro_reg[1][6][2]/CK->D
           View: wc_analysis_view
          Group: in2reg
     Startpoint: (F) m_ready
          Clock: (R) CLK
       Endpoint: (F) ro_reg[1][6][2]/D
          Clock: (R) CLK

                     Capture       Launch     
        Clock Edge:+    2000            0     
        Drv Adjust:+       0           14     
       Src Latency:+       0            0     
       Net Latency:+       0 (I)        0 (I) 
           Arrival:=    2000           14     
                                              
             Setup:-      97                  
       Uncertainty:-     125                  
     Required Time:=    1778                  
      Launch Clock:-      14                  
       Input Delay:-     500                  
         Data Path:-     776                  
             Slack:=     489                  

Exceptions/Constraints:
  input_delay             500             axis_sa.sdc_line_16_3_1 

#-----------------------------------------------------------------------------------------------
#   Timing Point    Flags   Arc   Edge             Cell              Fanout Trans Delay Arrival 
#                                                                            (ps)  (ps)   (ps)  
#-----------------------------------------------------------------------------------------------
  m_ready           -       -     F     (arrival)                         2    31     0     514 
  g39627__3680/Y    -       A->Y  R     NAND2_X1M_A9PP140ZTUL_C35        11   133    78     592 
  g44719/Y          -       A->Y  F     NAND2_X0P5A_A9PP140ZTUL_C35      49   710   399     991 
  g44701/Y          -       A->Y  R     INV_X3M_A9PP140ZTUL_C35          80   327   266    1257 
  g41545/Y          -       A0->Y F     OAI22_X0P5M_A9PP140ZTUL_C35       1   176    32    1290 
  ro_reg[1][6][2]/D -       -     F     DFFRPQNA_X1M_A9PP140ZTUL_C35      1     -     0    1290 
#-----------------------------------------------------------------------------------------------



Path 95: MET (489 ps) Setup Check with Pin ro_reg[1][6][1]/CK->D
           View: wc_analysis_view
          Group: in2reg
     Startpoint: (F) m_ready
          Clock: (R) CLK
       Endpoint: (F) ro_reg[1][6][1]/D
          Clock: (R) CLK

                     Capture       Launch     
        Clock Edge:+    2000            0     
        Drv Adjust:+       0           14     
       Src Latency:+       0            0     
       Net Latency:+       0 (I)        0 (I) 
           Arrival:=    2000           14     
                                              
             Setup:-      97                  
       Uncertainty:-     125                  
     Required Time:=    1778                  
      Launch Clock:-      14                  
       Input Delay:-     500                  
         Data Path:-     776                  
             Slack:=     489                  

Exceptions/Constraints:
  input_delay             500             axis_sa.sdc_line_16_3_1 

#-----------------------------------------------------------------------------------------------
#   Timing Point    Flags   Arc   Edge             Cell              Fanout Trans Delay Arrival 
#                                                                            (ps)  (ps)   (ps)  
#-----------------------------------------------------------------------------------------------
  m_ready           -       -     F     (arrival)                         2    31     0     514 
  g39627__3680/Y    -       A->Y  R     NAND2_X1M_A9PP140ZTUL_C35        11   133    78     592 
  g44719/Y          -       A->Y  F     NAND2_X0P5A_A9PP140ZTUL_C35      49   710   399     991 
  g44701/Y          -       A->Y  R     INV_X3M_A9PP140ZTUL_C35          80   327   266    1257 
  g41543/Y          -       A0->Y F     OAI22_X0P5M_A9PP140ZTUL_C35       1   176    32    1290 
  ro_reg[1][6][1]/D -       -     F     DFFRPQNA_X1M_A9PP140ZTUL_C35      1     -     0    1290 
#-----------------------------------------------------------------------------------------------



Path 96: MET (489 ps) Setup Check with Pin ro_reg[1][6][0]/CK->D
           View: wc_analysis_view
          Group: in2reg
     Startpoint: (F) m_ready
          Clock: (R) CLK
       Endpoint: (F) ro_reg[1][6][0]/D
          Clock: (R) CLK

                     Capture       Launch     
        Clock Edge:+    2000            0     
        Drv Adjust:+       0           14     
       Src Latency:+       0            0     
       Net Latency:+       0 (I)        0 (I) 
           Arrival:=    2000           14     
                                              
             Setup:-      97                  
       Uncertainty:-     125                  
     Required Time:=    1778                  
      Launch Clock:-      14                  
       Input Delay:-     500                  
         Data Path:-     776                  
             Slack:=     489                  

Exceptions/Constraints:
  input_delay             500             axis_sa.sdc_line_16_3_1 

#-----------------------------------------------------------------------------------------------
#   Timing Point    Flags   Arc   Edge             Cell              Fanout Trans Delay Arrival 
#                                                                            (ps)  (ps)   (ps)  
#-----------------------------------------------------------------------------------------------
  m_ready           -       -     F     (arrival)                         2    31     0     514 
  g39627__3680/Y    -       A->Y  R     NAND2_X1M_A9PP140ZTUL_C35        11   133    78     592 
  g44719/Y          -       A->Y  F     NAND2_X0P5A_A9PP140ZTUL_C35      49   710   399     991 
  g44701/Y          -       A->Y  R     INV_X3M_A9PP140ZTUL_C35          80   327   266    1257 
  g41542/Y          -       A0->Y F     OAI22_X0P5M_A9PP140ZTUL_C35       1   176    32    1290 
  ro_reg[1][6][0]/D -       -     F     DFFRPQNA_X1M_A9PP140ZTUL_C35      1     -     0    1290 
#-----------------------------------------------------------------------------------------------



Path 97: MET (516 ps) Setup Check with Pin ro_reg[0][7][15]/CK->D
           View: wc_analysis_view
          Group: in2reg
     Startpoint: (R) m_ready
          Clock: (R) CLK
       Endpoint: (F) ro_reg[0][7][15]/D
          Clock: (R) CLK

                     Capture       Launch     
        Clock Edge:+    2000            0     
        Drv Adjust:+       0           15     
       Src Latency:+       0            0     
       Net Latency:+       0 (I)        0 (I) 
           Arrival:=    2000           15     
                                              
             Setup:-      63                  
       Uncertainty:-     125                  
     Required Time:=    1812                  
      Launch Clock:-      15                  
       Input Delay:-     500                  
         Data Path:-     781                  
             Slack:=     516                  

Exceptions/Constraints:
  input_delay             500             axis_sa.sdc_line_16_3_1 

#--------------------------------------------------------------------------------------------------
#   Timing Point     Flags    Arc   Edge             Cell               Fanout Trans Delay Arrival 
#                                                                               (ps)  (ps)   (ps)  
#--------------------------------------------------------------------------------------------------
  m_ready            -       -      R     (arrival)                          2    32     0     515 
  g39627__3680/Y     -       A->Y   F     NAND2_X1M_A9PP140ZTUL_C35         11   114    68     583 
  g44719/Y           -       A->Y   R     NAND2_X0P5A_A9PP140ZTUL_C35       49   802   436    1019 
  g44701/Y           -       A->Y   F     INV_X3M_A9PP140ZTUL_C35           80   306   168    1187 
  g41541/Y           -       B0N->Y F     OAI22BB_X0P5M_A9PP140ZTUL_C35      1    87   108    1295 
  ro_reg[0][7][15]/D -       -      F     DFFRPQA_X1M_A9PP140ZTUL_C35        1     -     0    1296 
#--------------------------------------------------------------------------------------------------



Path 98: MET (516 ps) Setup Check with Pin ro_reg[0][7][14]/CK->D
           View: wc_analysis_view
          Group: in2reg
     Startpoint: (R) m_ready
          Clock: (R) CLK
       Endpoint: (F) ro_reg[0][7][14]/D
          Clock: (R) CLK

                     Capture       Launch     
        Clock Edge:+    2000            0     
        Drv Adjust:+       0           15     
       Src Latency:+       0            0     
       Net Latency:+       0 (I)        0 (I) 
           Arrival:=    2000           15     
                                              
             Setup:-      63                  
       Uncertainty:-     125                  
     Required Time:=    1812                  
      Launch Clock:-      15                  
       Input Delay:-     500                  
         Data Path:-     781                  
             Slack:=     516                  

Exceptions/Constraints:
  input_delay             500             axis_sa.sdc_line_16_3_1 

#--------------------------------------------------------------------------------------------------
#   Timing Point     Flags    Arc   Edge             Cell               Fanout Trans Delay Arrival 
#                                                                               (ps)  (ps)   (ps)  
#--------------------------------------------------------------------------------------------------
  m_ready            -       -      R     (arrival)                          2    32     0     515 
  g39627__3680/Y     -       A->Y   F     NAND2_X1M_A9PP140ZTUL_C35         11   114    68     583 
  g44719/Y           -       A->Y   R     NAND2_X0P5A_A9PP140ZTUL_C35       49   802   436    1019 
  g44701/Y           -       A->Y   F     INV_X3M_A9PP140ZTUL_C35           80   306   168    1187 
  g41540/Y           -       B0N->Y F     OAI22BB_X0P5M_A9PP140ZTUL_C35      1    87   108    1295 
  ro_reg[0][7][14]/D -       -      F     DFFRPQA_X1M_A9PP140ZTUL_C35        1     -     0    1296 
#--------------------------------------------------------------------------------------------------



Path 99: MET (516 ps) Setup Check with Pin ro_reg[0][7][13]/CK->D
           View: wc_analysis_view
          Group: in2reg
     Startpoint: (R) m_ready
          Clock: (R) CLK
       Endpoint: (F) ro_reg[0][7][13]/D
          Clock: (R) CLK

                     Capture       Launch     
        Clock Edge:+    2000            0     
        Drv Adjust:+       0           15     
       Src Latency:+       0            0     
       Net Latency:+       0 (I)        0 (I) 
           Arrival:=    2000           15     
                                              
             Setup:-      63                  
       Uncertainty:-     125                  
     Required Time:=    1812                  
      Launch Clock:-      15                  
       Input Delay:-     500                  
         Data Path:-     781                  
             Slack:=     516                  

Exceptions/Constraints:
  input_delay             500             axis_sa.sdc_line_16_3_1 

#--------------------------------------------------------------------------------------------------
#   Timing Point     Flags    Arc   Edge             Cell               Fanout Trans Delay Arrival 
#                                                                               (ps)  (ps)   (ps)  
#--------------------------------------------------------------------------------------------------
  m_ready            -       -      R     (arrival)                          2    32     0     515 
  g39627__3680/Y     -       A->Y   F     NAND2_X1M_A9PP140ZTUL_C35         11   114    68     583 
  g44719/Y           -       A->Y   R     NAND2_X0P5A_A9PP140ZTUL_C35       49   802   436    1019 
  g44701/Y           -       A->Y   F     INV_X3M_A9PP140ZTUL_C35           80   306   168    1187 
  g41538/Y           -       B0N->Y F     OAI22BB_X0P5M_A9PP140ZTUL_C35      1    87   108    1295 
  ro_reg[0][7][13]/D -       -      F     DFFRPQA_X1M_A9PP140ZTUL_C35        1     -     0    1296 
#--------------------------------------------------------------------------------------------------



Path 100: MET (516 ps) Setup Check with Pin ro_reg[0][7][12]/CK->D
           View: wc_analysis_view
          Group: in2reg
     Startpoint: (R) m_ready
          Clock: (R) CLK
       Endpoint: (F) ro_reg[0][7][12]/D
          Clock: (R) CLK

                     Capture       Launch     
        Clock Edge:+    2000            0     
        Drv Adjust:+       0           15     
       Src Latency:+       0            0     
       Net Latency:+       0 (I)        0 (I) 
           Arrival:=    2000           15     
                                              
             Setup:-      63                  
       Uncertainty:-     125                  
     Required Time:=    1812                  
      Launch Clock:-      15                  
       Input Delay:-     500                  
         Data Path:-     781                  
             Slack:=     516                  

Exceptions/Constraints:
  input_delay             500             axis_sa.sdc_line_16_3_1 

#--------------------------------------------------------------------------------------------------
#   Timing Point     Flags    Arc   Edge             Cell               Fanout Trans Delay Arrival 
#                                                                               (ps)  (ps)   (ps)  
#--------------------------------------------------------------------------------------------------
  m_ready            -       -      R     (arrival)                          2    32     0     515 
  g39627__3680/Y     -       A->Y   F     NAND2_X1M_A9PP140ZTUL_C35         11   114    68     583 
  g44719/Y           -       A->Y   R     NAND2_X0P5A_A9PP140ZTUL_C35       49   802   436    1019 
  g44701/Y           -       A->Y   F     INV_X3M_A9PP140ZTUL_C35           80   306   168    1187 
  g41539/Y           -       B0N->Y F     OAI22BB_X0P5M_A9PP140ZTUL_C35      1    87   108    1295 
  ro_reg[0][7][12]/D -       -      F     DFFRPQA_X1M_A9PP140ZTUL_C35        1     -     0    1296 
#--------------------------------------------------------------------------------------------------


