============================================================
  Generated by:           Genus(TM) Synthesis Solution 23.13-s073_1
  Generated on:           Jun 24 2025  07:06:11 am
  Module:                 axis_sa
  Operating conditions:   ssg_cworstt_max_0p72v_125c 
  Interconnect mode:      global
  Area mode:              physical library
============================================================


Path 1: MET (1657 ps) Setup Check with Pin VALID_data_reg[2][0]/CK->D
           View: wc_analysis_view
          Group: reg2reg
     Startpoint: (R) VALID_data_reg[2][0]/CK
          Clock: (R) CLK
       Endpoint: (F) VALID_data_reg[2][0]/D
          Clock: (R) CLK

                     Capture       Launch     
        Clock Edge:+    2000            0     
       Src Latency:+       0            0     
       Net Latency:+       0 (I)        0 (I) 
           Arrival:=    2000            0     
                                              
             Setup:-      76                  
       Uncertainty:-     125                  
     Required Time:=    1799                  
      Launch Clock:-       0                  
         Data Path:-     142                  
             Slack:=    1657                  

#------------------------------------------------------------------------------------------------------
#      Timing Point       Flags    Arc   Edge             Cell              Fanout Trans Delay Arrival 
#                                                                                   (ps)  (ps)   (ps)  
#------------------------------------------------------------------------------------------------------
  VALID_data_reg[2][0]/CK -       -      R     (arrival)                      1856     0     0       0 
  VALID_data_reg[2][0]/QN -       CK->QN R     DFFRPQNA_X1M_A9PP140ZTUL_C35      4    39    41      41 
  g44876/Y                -       A->Y   F     INV_X0P5M_A9PP140ZTUL_C35         3    40    29      70 
  g43857/Y                -       A->Y   R     NAND2_X0P5A_A9PP140ZTUL_C35       1   110    32     101 
  g42511/Y                -       B0->Y  F     OAI31_X0P5M_A9PP140ZTUL_C35       1   106    41     142 
  VALID_data_reg[2][0]/D  -       -      F     DFFRPQNA_X1M_A9PP140ZTUL_C35      1     -     0     142 
#------------------------------------------------------------------------------------------------------



Path 2: MET (1658 ps) Setup Check with Pin ro_reg[1][2][4]/CK->D
           View: wc_analysis_view
          Group: reg2reg
     Startpoint: (R) ro_reg[1][1][4]/CK
          Clock: (R) CLK
       Endpoint: (F) ro_reg[1][2][4]/D
          Clock: (R) CLK

                     Capture       Launch     
        Clock Edge:+    2000            0     
       Src Latency:+       0            0     
       Net Latency:+       0 (I)        0 (I) 
           Arrival:=    2000            0     
                                              
             Setup:-     103                  
       Uncertainty:-     125                  
     Required Time:=    1772                  
      Launch Clock:-       0                  
         Data Path:-     115                  
             Slack:=    1658                  

#--------------------------------------------------------------------------------------------------
#   Timing Point     Flags    Arc   Edge             Cell               Fanout Trans Delay Arrival 
#                                                                               (ps)  (ps)   (ps)  
#--------------------------------------------------------------------------------------------------
  ro_reg[1][1][4]/CK -       -      R     (arrival)                       1856     0     0       0 
  ro_reg[1][1][4]/QN -       CK->QN R     DFFRPQNA_X1M_A9PP140ZTUL_C35       2    28    34      34 
  g43760/Y           -       B0N->Y R     AOI22BB_X0P5M_A9PP140ZTUL_C35      1    70    43      77 
  g41642/Y           -       A1->Y  F     OAI22_X0P5M_A9PP140ZTUL_C35        1   197    38     114 
  ro_reg[1][2][4]/D  -       -      F     DFFRPQNA_X1M_A9PP140ZTUL_C35       1     -     0     115 
#--------------------------------------------------------------------------------------------------



Path 3: MET (1658 ps) Setup Check with Pin ro_reg[1][2][3]/CK->D
           View: wc_analysis_view
          Group: reg2reg
     Startpoint: (R) ro_reg[1][1][3]/CK
          Clock: (R) CLK
       Endpoint: (F) ro_reg[1][2][3]/D
          Clock: (R) CLK

                     Capture       Launch     
        Clock Edge:+    2000            0     
       Src Latency:+       0            0     
       Net Latency:+       0 (I)        0 (I) 
           Arrival:=    2000            0     
                                              
             Setup:-     103                  
       Uncertainty:-     125                  
     Required Time:=    1772                  
      Launch Clock:-       0                  
         Data Path:-     115                  
             Slack:=    1658                  

#--------------------------------------------------------------------------------------------------
#   Timing Point     Flags    Arc   Edge             Cell               Fanout Trans Delay Arrival 
#                                                                               (ps)  (ps)   (ps)  
#--------------------------------------------------------------------------------------------------
  ro_reg[1][1][3]/CK -       -      R     (arrival)                       1856     0     0       0 
  ro_reg[1][1][3]/QN -       CK->QN R     DFFRPQNA_X1M_A9PP140ZTUL_C35       2    28    34      34 
  g43869/Y           -       B0N->Y R     AOI22BB_X0P5M_A9PP140ZTUL_C35      1    70    43      77 
  g41640/Y           -       A1->Y  F     OAI22_X0P5M_A9PP140ZTUL_C35        1   197    38     114 
  ro_reg[1][2][3]/D  -       -      F     DFFRPQNA_X1M_A9PP140ZTUL_C35       1     -     0     115 
#--------------------------------------------------------------------------------------------------



Path 4: MET (1658 ps) Setup Check with Pin ro_reg[1][2][2]/CK->D
           View: wc_analysis_view
          Group: reg2reg
     Startpoint: (R) ro_reg[1][1][2]/CK
          Clock: (R) CLK
       Endpoint: (F) ro_reg[1][2][2]/D
          Clock: (R) CLK

                     Capture       Launch     
        Clock Edge:+    2000            0     
       Src Latency:+       0            0     
       Net Latency:+       0 (I)        0 (I) 
           Arrival:=    2000            0     
                                              
             Setup:-     103                  
       Uncertainty:-     125                  
     Required Time:=    1772                  
      Launch Clock:-       0                  
         Data Path:-     115                  
             Slack:=    1658                  

#--------------------------------------------------------------------------------------------------
#   Timing Point     Flags    Arc   Edge             Cell               Fanout Trans Delay Arrival 
#                                                                               (ps)  (ps)   (ps)  
#--------------------------------------------------------------------------------------------------
  ro_reg[1][1][2]/CK -       -      R     (arrival)                       1856     0     0       0 
  ro_reg[1][1][2]/QN -       CK->QN R     DFFRPQNA_X1M_A9PP140ZTUL_C35       2    28    34      34 
  g43882/Y           -       B0N->Y R     AOI22BB_X0P5M_A9PP140ZTUL_C35      1    70    43      77 
  g41641/Y           -       A1->Y  F     OAI22_X0P5M_A9PP140ZTUL_C35        1   197    38     114 
  ro_reg[1][2][2]/D  -       -      F     DFFRPQNA_X1M_A9PP140ZTUL_C35       1     -     0     115 
#--------------------------------------------------------------------------------------------------



Path 5: MET (1658 ps) Setup Check with Pin ro_reg[1][2][1]/CK->D
           View: wc_analysis_view
          Group: reg2reg
     Startpoint: (R) ro_reg[1][1][1]/CK
          Clock: (R) CLK
       Endpoint: (F) ro_reg[1][2][1]/D
          Clock: (R) CLK

                     Capture       Launch     
        Clock Edge:+    2000            0     
       Src Latency:+       0            0     
       Net Latency:+       0 (I)        0 (I) 
           Arrival:=    2000            0     
                                              
             Setup:-     103                  
       Uncertainty:-     125                  
     Required Time:=    1772                  
      Launch Clock:-       0                  
         Data Path:-     115                  
             Slack:=    1658                  

#--------------------------------------------------------------------------------------------------
#   Timing Point     Flags    Arc   Edge             Cell               Fanout Trans Delay Arrival 
#                                                                               (ps)  (ps)   (ps)  
#--------------------------------------------------------------------------------------------------
  ro_reg[1][1][1]/CK -       -      R     (arrival)                       1856     0     0       0 
  ro_reg[1][1][1]/QN -       CK->QN R     DFFRPQNA_X1M_A9PP140ZTUL_C35       2    28    34      34 
  g44477/Y           -       B0N->Y R     AOI22BB_X0P5M_A9PP140ZTUL_C35      1    70    43      77 
  g41639/Y           -       A1->Y  F     OAI22_X0P5M_A9PP140ZTUL_C35        1   197    38     114 
  ro_reg[1][2][1]/D  -       -      F     DFFRPQNA_X1M_A9PP140ZTUL_C35       1     -     0     115 
#--------------------------------------------------------------------------------------------------



Path 6: MET (1658 ps) Setup Check with Pin ro_reg[1][2][0]/CK->D
           View: wc_analysis_view
          Group: reg2reg
     Startpoint: (R) ro_reg[1][1][0]/CK
          Clock: (R) CLK
       Endpoint: (F) ro_reg[1][2][0]/D
          Clock: (R) CLK

                     Capture       Launch     
        Clock Edge:+    2000            0     
       Src Latency:+       0            0     
       Net Latency:+       0 (I)        0 (I) 
           Arrival:=    2000            0     
                                              
             Setup:-     103                  
       Uncertainty:-     125                  
     Required Time:=    1772                  
      Launch Clock:-       0                  
         Data Path:-     115                  
             Slack:=    1658                  

#--------------------------------------------------------------------------------------------------
#   Timing Point     Flags    Arc   Edge             Cell               Fanout Trans Delay Arrival 
#                                                                               (ps)  (ps)   (ps)  
#--------------------------------------------------------------------------------------------------
  ro_reg[1][1][0]/CK -       -      R     (arrival)                       1856     0     0       0 
  ro_reg[1][1][0]/QN -       CK->QN R     DFFRPQNA_X1M_A9PP140ZTUL_C35       2    28    34      34 
  g44482/Y           -       B0N->Y R     AOI22BB_X0P5M_A9PP140ZTUL_C35      1    70    43      77 
  g41638/Y           -       A1->Y  F     OAI22_X0P5M_A9PP140ZTUL_C35        1   197    38     114 
  ro_reg[1][2][0]/D  -       -      F     DFFRPQNA_X1M_A9PP140ZTUL_C35       1     -     0     115 
#--------------------------------------------------------------------------------------------------



Path 7: MET (1658 ps) Setup Check with Pin ro_reg[0][3][4]/CK->D
           View: wc_analysis_view
          Group: reg2reg
     Startpoint: (R) ro_reg[0][2][4]/CK
          Clock: (R) CLK
       Endpoint: (F) ro_reg[0][3][4]/D
          Clock: (R) CLK

                     Capture       Launch     
        Clock Edge:+    2000            0     
       Src Latency:+       0            0     
       Net Latency:+       0 (I)        0 (I) 
           Arrival:=    2000            0     
                                              
             Setup:-     103                  
       Uncertainty:-     125                  
     Required Time:=    1772                  
      Launch Clock:-       0                  
         Data Path:-     115                  
             Slack:=    1658                  

#--------------------------------------------------------------------------------------------------
#   Timing Point     Flags    Arc   Edge             Cell               Fanout Trans Delay Arrival 
#                                                                               (ps)  (ps)   (ps)  
#--------------------------------------------------------------------------------------------------
  ro_reg[0][2][4]/CK -       -      R     (arrival)                       1856     0     0       0 
  ro_reg[0][2][4]/QN -       CK->QN R     DFFRPQNA_X1M_A9PP140ZTUL_C35       2    28    34      34 
  g43763/Y           -       B0N->Y R     AOI22BB_X0P5M_A9PP140ZTUL_C35      1    70    43      77 
  g41653/Y           -       A1->Y  F     OAI22_X0P5M_A9PP140ZTUL_C35        1   197    38     114 
  ro_reg[0][3][4]/D  -       -      F     DFFRPQNA_X1M_A9PP140ZTUL_C35       1     -     0     115 
#--------------------------------------------------------------------------------------------------



Path 8: MET (1658 ps) Setup Check with Pin ro_reg[0][3][3]/CK->D
           View: wc_analysis_view
          Group: reg2reg
     Startpoint: (R) ro_reg[0][2][3]/CK
          Clock: (R) CLK
       Endpoint: (F) ro_reg[0][3][3]/D
          Clock: (R) CLK

                     Capture       Launch     
        Clock Edge:+    2000            0     
       Src Latency:+       0            0     
       Net Latency:+       0 (I)        0 (I) 
           Arrival:=    2000            0     
                                              
             Setup:-     103                  
       Uncertainty:-     125                  
     Required Time:=    1772                  
      Launch Clock:-       0                  
         Data Path:-     115                  
             Slack:=    1658                  

#--------------------------------------------------------------------------------------------------
#   Timing Point     Flags    Arc   Edge             Cell               Fanout Trans Delay Arrival 
#                                                                               (ps)  (ps)   (ps)  
#--------------------------------------------------------------------------------------------------
  ro_reg[0][2][3]/CK -       -      R     (arrival)                       1856     0     0       0 
  ro_reg[0][2][3]/QN -       CK->QN R     DFFRPQNA_X1M_A9PP140ZTUL_C35       2    28    34      34 
  g43872/Y           -       B0N->Y R     AOI22BB_X0P5M_A9PP140ZTUL_C35      1    70    43      77 
  g41652/Y           -       A1->Y  F     OAI22_X0P5M_A9PP140ZTUL_C35        1   197    38     114 
  ro_reg[0][3][3]/D  -       -      F     DFFRPQNA_X1M_A9PP140ZTUL_C35       1     -     0     115 
#--------------------------------------------------------------------------------------------------



Path 9: MET (1658 ps) Setup Check with Pin ro_reg[0][3][2]/CK->D
           View: wc_analysis_view
          Group: reg2reg
     Startpoint: (R) ro_reg[0][2][2]/CK
          Clock: (R) CLK
       Endpoint: (F) ro_reg[0][3][2]/D
          Clock: (R) CLK

                     Capture       Launch     
        Clock Edge:+    2000            0     
       Src Latency:+       0            0     
       Net Latency:+       0 (I)        0 (I) 
           Arrival:=    2000            0     
                                              
             Setup:-     103                  
       Uncertainty:-     125                  
     Required Time:=    1772                  
      Launch Clock:-       0                  
         Data Path:-     115                  
             Slack:=    1658                  

#--------------------------------------------------------------------------------------------------
#   Timing Point     Flags    Arc   Edge             Cell               Fanout Trans Delay Arrival 
#                                                                               (ps)  (ps)   (ps)  
#--------------------------------------------------------------------------------------------------
  ro_reg[0][2][2]/CK -       -      R     (arrival)                       1856     0     0       0 
  ro_reg[0][2][2]/QN -       CK->QN R     DFFRPQNA_X1M_A9PP140ZTUL_C35       2    28    34      34 
  g43885/Y           -       B0N->Y R     AOI22BB_X0P5M_A9PP140ZTUL_C35      1    70    43      77 
  g41651/Y           -       A1->Y  F     OAI22_X0P5M_A9PP140ZTUL_C35        1   197    38     114 
  ro_reg[0][3][2]/D  -       -      F     DFFRPQNA_X1M_A9PP140ZTUL_C35       1     -     0     115 
#--------------------------------------------------------------------------------------------------



Path 10: MET (1658 ps) Setup Check with Pin ro_reg[0][3][1]/CK->D
           View: wc_analysis_view
          Group: reg2reg
     Startpoint: (R) ro_reg[0][2][1]/CK
          Clock: (R) CLK
       Endpoint: (F) ro_reg[0][3][1]/D
          Clock: (R) CLK

                     Capture       Launch     
        Clock Edge:+    2000            0     
       Src Latency:+       0            0     
       Net Latency:+       0 (I)        0 (I) 
           Arrival:=    2000            0     
                                              
             Setup:-     103                  
       Uncertainty:-     125                  
     Required Time:=    1772                  
      Launch Clock:-       0                  
         Data Path:-     115                  
             Slack:=    1658                  

#--------------------------------------------------------------------------------------------------
#   Timing Point     Flags    Arc   Edge             Cell               Fanout Trans Delay Arrival 
#                                                                               (ps)  (ps)   (ps)  
#--------------------------------------------------------------------------------------------------
  ro_reg[0][2][1]/CK -       -      R     (arrival)                       1856     0     0       0 
  ro_reg[0][2][1]/QN -       CK->QN R     DFFRPQNA_X1M_A9PP140ZTUL_C35       2    28    34      34 
  g44479/Y           -       B0N->Y R     AOI22BB_X0P5M_A9PP140ZTUL_C35      1    70    43      77 
  g41650/Y           -       A1->Y  F     OAI22_X0P5M_A9PP140ZTUL_C35        1   197    38     114 
  ro_reg[0][3][1]/D  -       -      F     DFFRPQNA_X1M_A9PP140ZTUL_C35       1     -     0     115 
#--------------------------------------------------------------------------------------------------



Path 11: MET (1658 ps) Setup Check with Pin ro_reg[0][3][0]/CK->D
           View: wc_analysis_view
          Group: reg2reg
     Startpoint: (R) ro_reg[0][2][0]/CK
          Clock: (R) CLK
       Endpoint: (F) ro_reg[0][3][0]/D
          Clock: (R) CLK

                     Capture       Launch     
        Clock Edge:+    2000            0     
       Src Latency:+       0            0     
       Net Latency:+       0 (I)        0 (I) 
           Arrival:=    2000            0     
                                              
             Setup:-     103                  
       Uncertainty:-     125                  
     Required Time:=    1772                  
      Launch Clock:-       0                  
         Data Path:-     115                  
             Slack:=    1658                  

#--------------------------------------------------------------------------------------------------
#   Timing Point     Flags    Arc   Edge             Cell               Fanout Trans Delay Arrival 
#                                                                               (ps)  (ps)   (ps)  
#--------------------------------------------------------------------------------------------------
  ro_reg[0][2][0]/CK -       -      R     (arrival)                       1856     0     0       0 
  ro_reg[0][2][0]/QN -       CK->QN R     DFFRPQNA_X1M_A9PP140ZTUL_C35       2    28    34      34 
  g44485/Y           -       B0N->Y R     AOI22BB_X0P5M_A9PP140ZTUL_C35      1    70    43      77 
  g41649/Y           -       A1->Y  F     OAI22_X0P5M_A9PP140ZTUL_C35        1   197    38     114 
  ro_reg[0][3][0]/D  -       -      F     DFFRPQNA_X1M_A9PP140ZTUL_C35       1     -     0     115 
#--------------------------------------------------------------------------------------------------



Path 12: MET (1658 ps) Setup Check with Pin VALID_data_reg[10][0]/CK->D
           View: wc_analysis_view
          Group: reg2reg
     Startpoint: (R) VALID_data_reg[10][0]/CK
          Clock: (R) CLK
       Endpoint: (F) VALID_data_reg[10][0]/D
          Clock: (R) CLK

                     Capture       Launch     
        Clock Edge:+    2000            0     
       Src Latency:+       0            0     
       Net Latency:+       0 (I)        0 (I) 
           Arrival:=    2000            0     
                                              
             Setup:-      76                  
       Uncertainty:-     125                  
     Required Time:=    1799                  
      Launch Clock:-       0                  
         Data Path:-     141                  
             Slack:=    1658                  

#-------------------------------------------------------------------------------------------------------
#      Timing Point        Flags    Arc   Edge             Cell              Fanout Trans Delay Arrival 
#                                                                                    (ps)  (ps)   (ps)  
#-------------------------------------------------------------------------------------------------------
  VALID_data_reg[10][0]/CK -       -      R     (arrival)                      1856     0     0       0 
  VALID_data_reg[10][0]/QN -       CK->QN R     DFFRPQNA_X1M_A9PP140ZTUL_C35      5    45    45      45 
  g44877/Y                 -       A->Y   F     INV_X0P5M_A9PP140ZTUL_C35         2    34    25      70 
  g43864/Y                 -       A->Y   R     NAND2_X0P5A_A9PP140ZTUL_C35       1   110    30     100 
  g42513/Y                 -       B0->Y  F     OAI31_X0P5M_A9PP140ZTUL_C35       1   106    41     140 
  VALID_data_reg[10][0]/D  -       -      F     DFFRPQNA_X1M_A9PP140ZTUL_C35      1     -     0     141 
#-------------------------------------------------------------------------------------------------------



Path 13: MET (1663 ps) Setup Check with Pin ro_reg[3][4][15]/CK->D
           View: wc_analysis_view
          Group: reg2reg
     Startpoint: (R) ro_reg[3][3][15]/CK
          Clock: (R) CLK
       Endpoint: (F) ro_reg[3][4][15]/D
          Clock: (R) CLK

                     Capture       Launch     
        Clock Edge:+    2000            0     
       Src Latency:+       0            0     
       Net Latency:+       0 (I)        0 (I) 
           Arrival:=    2000            0     
                                              
             Setup:-      97                  
       Uncertainty:-     125                  
     Required Time:=    1778                  
      Launch Clock:-       0                  
         Data Path:-     116                  
             Slack:=    1663                  

#---------------------------------------------------------------------------------------------------
#    Timing Point     Flags    Arc   Edge             Cell               Fanout Trans Delay Arrival 
#                                                                                (ps)  (ps)   (ps)  
#---------------------------------------------------------------------------------------------------
  ro_reg[3][3][15]/CK -       -      R     (arrival)                       1856     0     0       0 
  ro_reg[3][3][15]/QN -       CK->QN R     DFFRPQNA_X1M_A9PP140ZTUL_C35       2    28    34      34 
  g44549/Y            -       B0N->Y R     AOI22BB_X0P5M_A9PP140ZTUL_C35      1    86    43      77 
  g41589/Y            -       A1->Y  F     OAI22_X0P5M_A9PP140ZTUL_C35        1   176    39     116 
  ro_reg[3][4][15]/D  -       -      F     DFFRPQNA_X1M_A9PP140ZTUL_C35       1     -     0     116 
#---------------------------------------------------------------------------------------------------



Path 14: MET (1663 ps) Setup Check with Pin ro_reg[3][4][14]/CK->D
           View: wc_analysis_view
          Group: reg2reg
     Startpoint: (R) ro_reg[3][3][14]/CK
          Clock: (R) CLK
       Endpoint: (F) ro_reg[3][4][14]/D
          Clock: (R) CLK

                     Capture       Launch     
        Clock Edge:+    2000            0     
       Src Latency:+       0            0     
       Net Latency:+       0 (I)        0 (I) 
           Arrival:=    2000            0     
                                              
             Setup:-      97                  
       Uncertainty:-     125                  
     Required Time:=    1778                  
      Launch Clock:-       0                  
         Data Path:-     116                  
             Slack:=    1663                  

#---------------------------------------------------------------------------------------------------
#    Timing Point     Flags    Arc   Edge             Cell               Fanout Trans Delay Arrival 
#                                                                                (ps)  (ps)   (ps)  
#---------------------------------------------------------------------------------------------------
  ro_reg[3][3][14]/CK -       -      R     (arrival)                       1856     0     0       0 
  ro_reg[3][3][14]/QN -       CK->QN R     DFFRPQNA_X1M_A9PP140ZTUL_C35       2    28    34      34 
  g44548/Y            -       B0N->Y R     AOI22BB_X0P5M_A9PP140ZTUL_C35      1    86    43      77 
  g41588/Y            -       A1->Y  F     OAI22_X0P5M_A9PP140ZTUL_C35        1   176    39     116 
  ro_reg[3][4][14]/D  -       -      F     DFFRPQNA_X1M_A9PP140ZTUL_C35       1     -     0     116 
#---------------------------------------------------------------------------------------------------



Path 15: MET (1663 ps) Setup Check with Pin ro_reg[3][4][13]/CK->D
           View: wc_analysis_view
          Group: reg2reg
     Startpoint: (R) ro_reg[3][3][13]/CK
          Clock: (R) CLK
       Endpoint: (F) ro_reg[3][4][13]/D
          Clock: (R) CLK

                     Capture       Launch     
        Clock Edge:+    2000            0     
       Src Latency:+       0            0     
       Net Latency:+       0 (I)        0 (I) 
           Arrival:=    2000            0     
                                              
             Setup:-      97                  
       Uncertainty:-     125                  
     Required Time:=    1778                  
      Launch Clock:-       0                  
         Data Path:-     116                  
             Slack:=    1663                  

#---------------------------------------------------------------------------------------------------
#    Timing Point     Flags    Arc   Edge             Cell               Fanout Trans Delay Arrival 
#                                                                                (ps)  (ps)   (ps)  
#---------------------------------------------------------------------------------------------------
  ro_reg[3][3][13]/CK -       -      R     (arrival)                       1856     0     0       0 
  ro_reg[3][3][13]/QN -       CK->QN R     DFFRPQNA_X1M_A9PP140ZTUL_C35       2    28    34      34 
  g44547/Y            -       B0N->Y R     AOI22BB_X0P5M_A9PP140ZTUL_C35      1    86    43      77 
  g41587/Y            -       A1->Y  F     OAI22_X0P5M_A9PP140ZTUL_C35        1   176    39     116 
  ro_reg[3][4][13]/D  -       -      F     DFFRPQNA_X1M_A9PP140ZTUL_C35       1     -     0     116 
#---------------------------------------------------------------------------------------------------



Path 16: MET (1663 ps) Setup Check with Pin ro_reg[3][4][12]/CK->D
           View: wc_analysis_view
          Group: reg2reg
     Startpoint: (R) ro_reg[3][3][12]/CK
          Clock: (R) CLK
       Endpoint: (F) ro_reg[3][4][12]/D
          Clock: (R) CLK

                     Capture       Launch     
        Clock Edge:+    2000            0     
       Src Latency:+       0            0     
       Net Latency:+       0 (I)        0 (I) 
           Arrival:=    2000            0     
                                              
             Setup:-      97                  
       Uncertainty:-     125                  
     Required Time:=    1778                  
      Launch Clock:-       0                  
         Data Path:-     116                  
             Slack:=    1663                  

#---------------------------------------------------------------------------------------------------
#    Timing Point     Flags    Arc   Edge             Cell               Fanout Trans Delay Arrival 
#                                                                                (ps)  (ps)   (ps)  
#---------------------------------------------------------------------------------------------------
  ro_reg[3][3][12]/CK -       -      R     (arrival)                       1856     0     0       0 
  ro_reg[3][3][12]/QN -       CK->QN R     DFFRPQNA_X1M_A9PP140ZTUL_C35       2    28    34      34 
  g44546/Y            -       B0N->Y R     AOI22BB_X0P5M_A9PP140ZTUL_C35      1    86    43      77 
  g41586/Y            -       A1->Y  F     OAI22_X0P5M_A9PP140ZTUL_C35        1   176    39     116 
  ro_reg[3][4][12]/D  -       -      F     DFFRPQNA_X1M_A9PP140ZTUL_C35       1     -     0     116 
#---------------------------------------------------------------------------------------------------



Path 17: MET (1663 ps) Setup Check with Pin ro_reg[3][4][11]/CK->D
           View: wc_analysis_view
          Group: reg2reg
     Startpoint: (R) ro_reg[3][3][11]/CK
          Clock: (R) CLK
       Endpoint: (F) ro_reg[3][4][11]/D
          Clock: (R) CLK

                     Capture       Launch     
        Clock Edge:+    2000            0     
       Src Latency:+       0            0     
       Net Latency:+       0 (I)        0 (I) 
           Arrival:=    2000            0     
                                              
             Setup:-      97                  
       Uncertainty:-     125                  
     Required Time:=    1778                  
      Launch Clock:-       0                  
         Data Path:-     116                  
             Slack:=    1663                  

#---------------------------------------------------------------------------------------------------
#    Timing Point     Flags    Arc   Edge             Cell               Fanout Trans Delay Arrival 
#                                                                                (ps)  (ps)   (ps)  
#---------------------------------------------------------------------------------------------------
  ro_reg[3][3][11]/CK -       -      R     (arrival)                       1856     0     0       0 
  ro_reg[3][3][11]/QN -       CK->QN R     DFFRPQNA_X1M_A9PP140ZTUL_C35       2    28    34      34 
  g44545/Y            -       B0N->Y R     AOI22BB_X0P5M_A9PP140ZTUL_C35      1    86    43      77 
  g41585/Y            -       A1->Y  F     OAI22_X0P5M_A9PP140ZTUL_C35        1   176    39     116 
  ro_reg[3][4][11]/D  -       -      F     DFFRPQNA_X1M_A9PP140ZTUL_C35       1     -     0     116 
#---------------------------------------------------------------------------------------------------



Path 18: MET (1663 ps) Setup Check with Pin ro_reg[3][4][10]/CK->D
           View: wc_analysis_view
          Group: reg2reg
     Startpoint: (R) ro_reg[3][3][10]/CK
          Clock: (R) CLK
       Endpoint: (F) ro_reg[3][4][10]/D
          Clock: (R) CLK

                     Capture       Launch     
        Clock Edge:+    2000            0     
       Src Latency:+       0            0     
       Net Latency:+       0 (I)        0 (I) 
           Arrival:=    2000            0     
                                              
             Setup:-      97                  
       Uncertainty:-     125                  
     Required Time:=    1778                  
      Launch Clock:-       0                  
         Data Path:-     116                  
             Slack:=    1663                  

#---------------------------------------------------------------------------------------------------
#    Timing Point     Flags    Arc   Edge             Cell               Fanout Trans Delay Arrival 
#                                                                                (ps)  (ps)   (ps)  
#---------------------------------------------------------------------------------------------------
  ro_reg[3][3][10]/CK -       -      R     (arrival)                       1856     0     0       0 
  ro_reg[3][3][10]/QN -       CK->QN R     DFFRPQNA_X1M_A9PP140ZTUL_C35       2    28    34      34 
  g44544/Y            -       B0N->Y R     AOI22BB_X0P5M_A9PP140ZTUL_C35      1    86    43      77 
  g41584/Y            -       A1->Y  F     OAI22_X0P5M_A9PP140ZTUL_C35        1   176    39     116 
  ro_reg[3][4][10]/D  -       -      F     DFFRPQNA_X1M_A9PP140ZTUL_C35       1     -     0     116 
#---------------------------------------------------------------------------------------------------



Path 19: MET (1663 ps) Setup Check with Pin ro_reg[3][4][9]/CK->D
           View: wc_analysis_view
          Group: reg2reg
     Startpoint: (R) ro_reg[3][3][9]/CK
          Clock: (R) CLK
       Endpoint: (F) ro_reg[3][4][9]/D
          Clock: (R) CLK

                     Capture       Launch     
        Clock Edge:+    2000            0     
       Src Latency:+       0            0     
       Net Latency:+       0 (I)        0 (I) 
           Arrival:=    2000            0     
                                              
             Setup:-      97                  
       Uncertainty:-     125                  
     Required Time:=    1778                  
      Launch Clock:-       0                  
         Data Path:-     116                  
             Slack:=    1663                  

#--------------------------------------------------------------------------------------------------
#   Timing Point     Flags    Arc   Edge             Cell               Fanout Trans Delay Arrival 
#                                                                               (ps)  (ps)   (ps)  
#--------------------------------------------------------------------------------------------------
  ro_reg[3][3][9]/CK -       -      R     (arrival)                       1856     0     0       0 
  ro_reg[3][3][9]/QN -       CK->QN R     DFFRPQNA_X1M_A9PP140ZTUL_C35       2    28    34      34 
  g44553/Y           -       B0N->Y R     AOI22BB_X0P5M_A9PP140ZTUL_C35      1    86    43      77 
  g41583/Y           -       A1->Y  F     OAI22_X0P5M_A9PP140ZTUL_C35        1   176    39     116 
  ro_reg[3][4][9]/D  -       -      F     DFFRPQNA_X1M_A9PP140ZTUL_C35       1     -     0     116 
#--------------------------------------------------------------------------------------------------



Path 20: MET (1663 ps) Setup Check with Pin ro_reg[3][4][8]/CK->D
           View: wc_analysis_view
          Group: reg2reg
     Startpoint: (R) ro_reg[3][3][8]/CK
          Clock: (R) CLK
       Endpoint: (F) ro_reg[3][4][8]/D
          Clock: (R) CLK

                     Capture       Launch     
        Clock Edge:+    2000            0     
       Src Latency:+       0            0     
       Net Latency:+       0 (I)        0 (I) 
           Arrival:=    2000            0     
                                              
             Setup:-      97                  
       Uncertainty:-     125                  
     Required Time:=    1778                  
      Launch Clock:-       0                  
         Data Path:-     116                  
             Slack:=    1663                  

#--------------------------------------------------------------------------------------------------
#   Timing Point     Flags    Arc   Edge             Cell               Fanout Trans Delay Arrival 
#                                                                               (ps)  (ps)   (ps)  
#--------------------------------------------------------------------------------------------------
  ro_reg[3][3][8]/CK -       -      R     (arrival)                       1856     0     0       0 
  ro_reg[3][3][8]/QN -       CK->QN R     DFFRPQNA_X1M_A9PP140ZTUL_C35       2    28    34      34 
  g44543/Y           -       B0N->Y R     AOI22BB_X0P5M_A9PP140ZTUL_C35      1    86    43      77 
  g41582/Y           -       A1->Y  F     OAI22_X0P5M_A9PP140ZTUL_C35        1   176    39     116 
  ro_reg[3][4][8]/D  -       -      F     DFFRPQNA_X1M_A9PP140ZTUL_C35       1     -     0     116 
#--------------------------------------------------------------------------------------------------



Path 21: MET (1663 ps) Setup Check with Pin ro_reg[3][4][7]/CK->D
           View: wc_analysis_view
          Group: reg2reg
     Startpoint: (R) ro_reg[3][3][7]/CK
          Clock: (R) CLK
       Endpoint: (F) ro_reg[3][4][7]/D
          Clock: (R) CLK

                     Capture       Launch     
        Clock Edge:+    2000            0     
       Src Latency:+       0            0     
       Net Latency:+       0 (I)        0 (I) 
           Arrival:=    2000            0     
                                              
             Setup:-      97                  
       Uncertainty:-     125                  
     Required Time:=    1778                  
      Launch Clock:-       0                  
         Data Path:-     116                  
             Slack:=    1663                  

#--------------------------------------------------------------------------------------------------
#   Timing Point     Flags    Arc   Edge             Cell               Fanout Trans Delay Arrival 
#                                                                               (ps)  (ps)   (ps)  
#--------------------------------------------------------------------------------------------------
  ro_reg[3][3][7]/CK -       -      R     (arrival)                       1856     0     0       0 
  ro_reg[3][3][7]/QN -       CK->QN R     DFFRPQNA_X1M_A9PP140ZTUL_C35       2    28    34      34 
  g44542/Y           -       B0N->Y R     AOI22BB_X0P5M_A9PP140ZTUL_C35      1    86    43      77 
  g41581/Y           -       A1->Y  F     OAI22_X0P5M_A9PP140ZTUL_C35        1   176    39     116 
  ro_reg[3][4][7]/D  -       -      F     DFFRPQNA_X1M_A9PP140ZTUL_C35       1     -     0     116 
#--------------------------------------------------------------------------------------------------



Path 22: MET (1663 ps) Setup Check with Pin ro_reg[3][4][6]/CK->D
           View: wc_analysis_view
          Group: reg2reg
     Startpoint: (R) ro_reg[3][3][6]/CK
          Clock: (R) CLK
       Endpoint: (F) ro_reg[3][4][6]/D
          Clock: (R) CLK

                     Capture       Launch     
        Clock Edge:+    2000            0     
       Src Latency:+       0            0     
       Net Latency:+       0 (I)        0 (I) 
           Arrival:=    2000            0     
                                              
             Setup:-      97                  
       Uncertainty:-     125                  
     Required Time:=    1778                  
      Launch Clock:-       0                  
         Data Path:-     116                  
             Slack:=    1663                  

#--------------------------------------------------------------------------------------------------
#   Timing Point     Flags    Arc   Edge             Cell               Fanout Trans Delay Arrival 
#                                                                               (ps)  (ps)   (ps)  
#--------------------------------------------------------------------------------------------------
  ro_reg[3][3][6]/CK -       -      R     (arrival)                       1856     0     0       0 
  ro_reg[3][3][6]/QN -       CK->QN R     DFFRPQNA_X1M_A9PP140ZTUL_C35       2    28    34      34 
  g44541/Y           -       B0N->Y R     AOI22BB_X0P5M_A9PP140ZTUL_C35      1    86    43      77 
  g41579/Y           -       A1->Y  F     OAI22_X0P5M_A9PP140ZTUL_C35        1   176    39     116 
  ro_reg[3][4][6]/D  -       -      F     DFFRPQNA_X1M_A9PP140ZTUL_C35       1     -     0     116 
#--------------------------------------------------------------------------------------------------



Path 23: MET (1663 ps) Setup Check with Pin ro_reg[3][4][5]/CK->D
           View: wc_analysis_view
          Group: reg2reg
     Startpoint: (R) ro_reg[3][3][5]/CK
          Clock: (R) CLK
       Endpoint: (F) ro_reg[3][4][5]/D
          Clock: (R) CLK

                     Capture       Launch     
        Clock Edge:+    2000            0     
       Src Latency:+       0            0     
       Net Latency:+       0 (I)        0 (I) 
           Arrival:=    2000            0     
                                              
             Setup:-      97                  
       Uncertainty:-     125                  
     Required Time:=    1778                  
      Launch Clock:-       0                  
         Data Path:-     116                  
             Slack:=    1663                  

#--------------------------------------------------------------------------------------------------
#   Timing Point     Flags    Arc   Edge             Cell               Fanout Trans Delay Arrival 
#                                                                               (ps)  (ps)   (ps)  
#--------------------------------------------------------------------------------------------------
  ro_reg[3][3][5]/CK -       -      R     (arrival)                       1856     0     0       0 
  ro_reg[3][3][5]/QN -       CK->QN R     DFFRPQNA_X1M_A9PP140ZTUL_C35       2    28    34      34 
  g44540/Y           -       B0N->Y R     AOI22BB_X0P5M_A9PP140ZTUL_C35      1    86    43      77 
  g41580/Y           -       A1->Y  F     OAI22_X0P5M_A9PP140ZTUL_C35        1   176    39     116 
  ro_reg[3][4][5]/D  -       -      F     DFFRPQNA_X1M_A9PP140ZTUL_C35       1     -     0     116 
#--------------------------------------------------------------------------------------------------



Path 24: MET (1663 ps) Setup Check with Pin ro_reg[3][4][4]/CK->D
           View: wc_analysis_view
          Group: reg2reg
     Startpoint: (R) ro_reg[3][3][4]/CK
          Clock: (R) CLK
       Endpoint: (F) ro_reg[3][4][4]/D
          Clock: (R) CLK

                     Capture       Launch     
        Clock Edge:+    2000            0     
       Src Latency:+       0            0     
       Net Latency:+       0 (I)        0 (I) 
           Arrival:=    2000            0     
                                              
             Setup:-      97                  
       Uncertainty:-     125                  
     Required Time:=    1778                  
      Launch Clock:-       0                  
         Data Path:-     116                  
             Slack:=    1663                  

#--------------------------------------------------------------------------------------------------
#   Timing Point     Flags    Arc   Edge             Cell               Fanout Trans Delay Arrival 
#                                                                               (ps)  (ps)   (ps)  
#--------------------------------------------------------------------------------------------------
  ro_reg[3][3][4]/CK -       -      R     (arrival)                       1856     0     0       0 
  ro_reg[3][3][4]/QN -       CK->QN R     DFFRPQNA_X1M_A9PP140ZTUL_C35       2    28    34      34 
  g44539/Y           -       B0N->Y R     AOI22BB_X0P5M_A9PP140ZTUL_C35      1    86    43      77 
  g41578/Y           -       A1->Y  F     OAI22_X0P5M_A9PP140ZTUL_C35        1   176    39     116 
  ro_reg[3][4][4]/D  -       -      F     DFFRPQNA_X1M_A9PP140ZTUL_C35       1     -     0     116 
#--------------------------------------------------------------------------------------------------



Path 25: MET (1663 ps) Setup Check with Pin ro_reg[3][4][3]/CK->D
           View: wc_analysis_view
          Group: reg2reg
     Startpoint: (R) ro_reg[3][3][3]/CK
          Clock: (R) CLK
       Endpoint: (F) ro_reg[3][4][3]/D
          Clock: (R) CLK

                     Capture       Launch     
        Clock Edge:+    2000            0     
       Src Latency:+       0            0     
       Net Latency:+       0 (I)        0 (I) 
           Arrival:=    2000            0     
                                              
             Setup:-      97                  
       Uncertainty:-     125                  
     Required Time:=    1778                  
      Launch Clock:-       0                  
         Data Path:-     116                  
             Slack:=    1663                  

#--------------------------------------------------------------------------------------------------
#   Timing Point     Flags    Arc   Edge             Cell               Fanout Trans Delay Arrival 
#                                                                               (ps)  (ps)   (ps)  
#--------------------------------------------------------------------------------------------------
  ro_reg[3][3][3]/CK -       -      R     (arrival)                       1856     0     0       0 
  ro_reg[3][3][3]/QN -       CK->QN R     DFFRPQNA_X1M_A9PP140ZTUL_C35       2    28    34      34 
  g44538/Y           -       B0N->Y R     AOI22BB_X0P5M_A9PP140ZTUL_C35      1    86    43      77 
  g41577/Y           -       A1->Y  F     OAI22_X0P5M_A9PP140ZTUL_C35        1   176    39     116 
  ro_reg[3][4][3]/D  -       -      F     DFFRPQNA_X1M_A9PP140ZTUL_C35       1     -     0     116 
#--------------------------------------------------------------------------------------------------



Path 26: MET (1663 ps) Setup Check with Pin ro_reg[3][4][2]/CK->D
           View: wc_analysis_view
          Group: reg2reg
     Startpoint: (R) ro_reg[3][3][2]/CK
          Clock: (R) CLK
       Endpoint: (F) ro_reg[3][4][2]/D
          Clock: (R) CLK

                     Capture       Launch     
        Clock Edge:+    2000            0     
       Src Latency:+       0            0     
       Net Latency:+       0 (I)        0 (I) 
           Arrival:=    2000            0     
                                              
             Setup:-      97                  
       Uncertainty:-     125                  
     Required Time:=    1778                  
      Launch Clock:-       0                  
         Data Path:-     116                  
             Slack:=    1663                  

#--------------------------------------------------------------------------------------------------
#   Timing Point     Flags    Arc   Edge             Cell               Fanout Trans Delay Arrival 
#                                                                               (ps)  (ps)   (ps)  
#--------------------------------------------------------------------------------------------------
  ro_reg[3][3][2]/CK -       -      R     (arrival)                       1856     0     0       0 
  ro_reg[3][3][2]/QN -       CK->QN R     DFFRPQNA_X1M_A9PP140ZTUL_C35       2    28    34      34 
  g44537/Y           -       B0N->Y R     AOI22BB_X0P5M_A9PP140ZTUL_C35      1    86    43      77 
  g41576/Y           -       A1->Y  F     OAI22_X0P5M_A9PP140ZTUL_C35        1   176    39     116 
  ro_reg[3][4][2]/D  -       -      F     DFFRPQNA_X1M_A9PP140ZTUL_C35       1     -     0     116 
#--------------------------------------------------------------------------------------------------



Path 27: MET (1663 ps) Setup Check with Pin ro_reg[3][4][1]/CK->D
           View: wc_analysis_view
          Group: reg2reg
     Startpoint: (R) ro_reg[3][3][1]/CK
          Clock: (R) CLK
       Endpoint: (F) ro_reg[3][4][1]/D
          Clock: (R) CLK

                     Capture       Launch     
        Clock Edge:+    2000            0     
       Src Latency:+       0            0     
       Net Latency:+       0 (I)        0 (I) 
           Arrival:=    2000            0     
                                              
             Setup:-      97                  
       Uncertainty:-     125                  
     Required Time:=    1778                  
      Launch Clock:-       0                  
         Data Path:-     116                  
             Slack:=    1663                  

#--------------------------------------------------------------------------------------------------
#   Timing Point     Flags    Arc   Edge             Cell               Fanout Trans Delay Arrival 
#                                                                               (ps)  (ps)   (ps)  
#--------------------------------------------------------------------------------------------------
  ro_reg[3][3][1]/CK -       -      R     (arrival)                       1856     0     0       0 
  ro_reg[3][3][1]/QN -       CK->QN R     DFFRPQNA_X1M_A9PP140ZTUL_C35       2    28    34      34 
  g44535/Y           -       B0N->Y R     AOI22BB_X0P5M_A9PP140ZTUL_C35      1    86    43      77 
  g41575/Y           -       A1->Y  F     OAI22_X0P5M_A9PP140ZTUL_C35        1   176    39     116 
  ro_reg[3][4][1]/D  -       -      F     DFFRPQNA_X1M_A9PP140ZTUL_C35       1     -     0     116 
#--------------------------------------------------------------------------------------------------



Path 28: MET (1663 ps) Setup Check with Pin ro_reg[3][4][0]/CK->D
           View: wc_analysis_view
          Group: reg2reg
     Startpoint: (R) ro_reg[3][3][0]/CK
          Clock: (R) CLK
       Endpoint: (F) ro_reg[3][4][0]/D
          Clock: (R) CLK

                     Capture       Launch     
        Clock Edge:+    2000            0     
       Src Latency:+       0            0     
       Net Latency:+       0 (I)        0 (I) 
           Arrival:=    2000            0     
                                              
             Setup:-      97                  
       Uncertainty:-     125                  
     Required Time:=    1778                  
      Launch Clock:-       0                  
         Data Path:-     116                  
             Slack:=    1663                  

#--------------------------------------------------------------------------------------------------
#   Timing Point     Flags    Arc   Edge             Cell               Fanout Trans Delay Arrival 
#                                                                               (ps)  (ps)   (ps)  
#--------------------------------------------------------------------------------------------------
  ro_reg[3][3][0]/CK -       -      R     (arrival)                       1856     0     0       0 
  ro_reg[3][3][0]/QN -       CK->QN R     DFFRPQNA_X1M_A9PP140ZTUL_C35       2    28    34      34 
  g44534/Y           -       B0N->Y R     AOI22BB_X0P5M_A9PP140ZTUL_C35      1    86    43      77 
  g41574/Y           -       A1->Y  F     OAI22_X0P5M_A9PP140ZTUL_C35        1   176    39     116 
  ro_reg[3][4][0]/D  -       -      F     DFFRPQNA_X1M_A9PP140ZTUL_C35       1     -     0     116 
#--------------------------------------------------------------------------------------------------



Path 29: MET (1663 ps) Setup Check with Pin ro_reg[2][5][15]/CK->D
           View: wc_analysis_view
          Group: reg2reg
     Startpoint: (R) ro_reg[2][4][15]/CK
          Clock: (R) CLK
       Endpoint: (F) ro_reg[2][5][15]/D
          Clock: (R) CLK

                     Capture       Launch     
        Clock Edge:+    2000            0     
       Src Latency:+       0            0     
       Net Latency:+       0 (I)        0 (I) 
           Arrival:=    2000            0     
                                              
             Setup:-      97                  
       Uncertainty:-     125                  
     Required Time:=    1778                  
      Launch Clock:-       0                  
         Data Path:-     116                  
             Slack:=    1663                  

#---------------------------------------------------------------------------------------------------
#    Timing Point     Flags    Arc   Edge             Cell               Fanout Trans Delay Arrival 
#                                                                                (ps)  (ps)   (ps)  
#---------------------------------------------------------------------------------------------------
  ro_reg[2][4][15]/CK -       -      R     (arrival)                       1856     0     0       0 
  ro_reg[2][4][15]/QN -       CK->QN R     DFFRPQNA_X1M_A9PP140ZTUL_C35       2    28    34      34 
  g44530/Y            -       B0N->Y R     AOI22BB_X0P5M_A9PP140ZTUL_C35      1    86    43      77 
  g41573/Y            -       A1->Y  F     OAI22_X0P5M_A9PP140ZTUL_C35        1   176    39     116 
  ro_reg[2][5][15]/D  -       -      F     DFFRPQNA_X1M_A9PP140ZTUL_C35       1     -     0     116 
#---------------------------------------------------------------------------------------------------



Path 30: MET (1663 ps) Setup Check with Pin ro_reg[2][5][14]/CK->D
           View: wc_analysis_view
          Group: reg2reg
     Startpoint: (R) ro_reg[2][4][14]/CK
          Clock: (R) CLK
       Endpoint: (F) ro_reg[2][5][14]/D
          Clock: (R) CLK

                     Capture       Launch     
        Clock Edge:+    2000            0     
       Src Latency:+       0            0     
       Net Latency:+       0 (I)        0 (I) 
           Arrival:=    2000            0     
                                              
             Setup:-      97                  
       Uncertainty:-     125                  
     Required Time:=    1778                  
      Launch Clock:-       0                  
         Data Path:-     116                  
             Slack:=    1663                  

#---------------------------------------------------------------------------------------------------
#    Timing Point     Flags    Arc   Edge             Cell               Fanout Trans Delay Arrival 
#                                                                                (ps)  (ps)   (ps)  
#---------------------------------------------------------------------------------------------------
  ro_reg[2][4][14]/CK -       -      R     (arrival)                       1856     0     0       0 
  ro_reg[2][4][14]/QN -       CK->QN R     DFFRPQNA_X1M_A9PP140ZTUL_C35       2    28    34      34 
  g44506/Y            -       B0N->Y R     AOI22BB_X0P5M_A9PP140ZTUL_C35      1    86    43      77 
  g41572/Y            -       A1->Y  F     OAI22_X0P5M_A9PP140ZTUL_C35        1   176    39     116 
  ro_reg[2][5][14]/D  -       -      F     DFFRPQNA_X1M_A9PP140ZTUL_C35       1     -     0     116 
#---------------------------------------------------------------------------------------------------



Path 31: MET (1663 ps) Setup Check with Pin ro_reg[2][5][13]/CK->D
           View: wc_analysis_view
          Group: reg2reg
     Startpoint: (R) ro_reg[2][4][13]/CK
          Clock: (R) CLK
       Endpoint: (F) ro_reg[2][5][13]/D
          Clock: (R) CLK

                     Capture       Launch     
        Clock Edge:+    2000            0     
       Src Latency:+       0            0     
       Net Latency:+       0 (I)        0 (I) 
           Arrival:=    2000            0     
                                              
             Setup:-      97                  
       Uncertainty:-     125                  
     Required Time:=    1778                  
      Launch Clock:-       0                  
         Data Path:-     116                  
             Slack:=    1663                  

#---------------------------------------------------------------------------------------------------
#    Timing Point     Flags    Arc   Edge             Cell               Fanout Trans Delay Arrival 
#                                                                                (ps)  (ps)   (ps)  
#---------------------------------------------------------------------------------------------------
  ro_reg[2][4][13]/CK -       -      R     (arrival)                       1856     0     0       0 
  ro_reg[2][4][13]/QN -       CK->QN R     DFFRPQNA_X1M_A9PP140ZTUL_C35       2    28    34      34 
  g44523/Y            -       B0N->Y R     AOI22BB_X0P5M_A9PP140ZTUL_C35      1    86    43      77 
  g41571/Y            -       A1->Y  F     OAI22_X0P5M_A9PP140ZTUL_C35        1   176    39     116 
  ro_reg[2][5][13]/D  -       -      F     DFFRPQNA_X1M_A9PP140ZTUL_C35       1     -     0     116 
#---------------------------------------------------------------------------------------------------



Path 32: MET (1663 ps) Setup Check with Pin ro_reg[2][5][12]/CK->D
           View: wc_analysis_view
          Group: reg2reg
     Startpoint: (R) ro_reg[2][4][12]/CK
          Clock: (R) CLK
       Endpoint: (F) ro_reg[2][5][12]/D
          Clock: (R) CLK

                     Capture       Launch     
        Clock Edge:+    2000            0     
       Src Latency:+       0            0     
       Net Latency:+       0 (I)        0 (I) 
           Arrival:=    2000            0     
                                              
             Setup:-      97                  
       Uncertainty:-     125                  
     Required Time:=    1778                  
      Launch Clock:-       0                  
         Data Path:-     116                  
             Slack:=    1663                  

#---------------------------------------------------------------------------------------------------
#    Timing Point     Flags    Arc   Edge             Cell               Fanout Trans Delay Arrival 
#                                                                                (ps)  (ps)   (ps)  
#---------------------------------------------------------------------------------------------------
  ro_reg[2][4][12]/CK -       -      R     (arrival)                       1856     0     0       0 
  ro_reg[2][4][12]/QN -       CK->QN R     DFFRPQNA_X1M_A9PP140ZTUL_C35       2    28    34      34 
  g44532/Y            -       B0N->Y R     AOI22BB_X0P5M_A9PP140ZTUL_C35      1    86    43      77 
  g41570/Y            -       A1->Y  F     OAI22_X0P5M_A9PP140ZTUL_C35        1   176    39     116 
  ro_reg[2][5][12]/D  -       -      F     DFFRPQNA_X1M_A9PP140ZTUL_C35       1     -     0     116 
#---------------------------------------------------------------------------------------------------



Path 33: MET (1663 ps) Setup Check with Pin ro_reg[2][5][11]/CK->D
           View: wc_analysis_view
          Group: reg2reg
     Startpoint: (R) ro_reg[2][4][11]/CK
          Clock: (R) CLK
       Endpoint: (F) ro_reg[2][5][11]/D
          Clock: (R) CLK

                     Capture       Launch     
        Clock Edge:+    2000            0     
       Src Latency:+       0            0     
       Net Latency:+       0 (I)        0 (I) 
           Arrival:=    2000            0     
                                              
             Setup:-      97                  
       Uncertainty:-     125                  
     Required Time:=    1778                  
      Launch Clock:-       0                  
         Data Path:-     116                  
             Slack:=    1663                  

#---------------------------------------------------------------------------------------------------
#    Timing Point     Flags    Arc   Edge             Cell               Fanout Trans Delay Arrival 
#                                                                                (ps)  (ps)   (ps)  
#---------------------------------------------------------------------------------------------------
  ro_reg[2][4][11]/CK -       -      R     (arrival)                       1856     0     0       0 
  ro_reg[2][4][11]/QN -       CK->QN R     DFFRPQNA_X1M_A9PP140ZTUL_C35       2    28    34      34 
  g44529/Y            -       B0N->Y R     AOI22BB_X0P5M_A9PP140ZTUL_C35      1    86    43      77 
  g41569/Y            -       A1->Y  F     OAI22_X0P5M_A9PP140ZTUL_C35        1   176    39     116 
  ro_reg[2][5][11]/D  -       -      F     DFFRPQNA_X1M_A9PP140ZTUL_C35       1     -     0     116 
#---------------------------------------------------------------------------------------------------



Path 34: MET (1663 ps) Setup Check with Pin ro_reg[2][5][10]/CK->D
           View: wc_analysis_view
          Group: reg2reg
     Startpoint: (R) ro_reg[2][4][10]/CK
          Clock: (R) CLK
       Endpoint: (F) ro_reg[2][5][10]/D
          Clock: (R) CLK

                     Capture       Launch     
        Clock Edge:+    2000            0     
       Src Latency:+       0            0     
       Net Latency:+       0 (I)        0 (I) 
           Arrival:=    2000            0     
                                              
             Setup:-      97                  
       Uncertainty:-     125                  
     Required Time:=    1778                  
      Launch Clock:-       0                  
         Data Path:-     116                  
             Slack:=    1663                  

#---------------------------------------------------------------------------------------------------
#    Timing Point     Flags    Arc   Edge             Cell               Fanout Trans Delay Arrival 
#                                                                                (ps)  (ps)   (ps)  
#---------------------------------------------------------------------------------------------------
  ro_reg[2][4][10]/CK -       -      R     (arrival)                       1856     0     0       0 
  ro_reg[2][4][10]/QN -       CK->QN R     DFFRPQNA_X1M_A9PP140ZTUL_C35       2    28    34      34 
  g44528/Y            -       B0N->Y R     AOI22BB_X0P5M_A9PP140ZTUL_C35      1    86    43      77 
  g41568/Y            -       A1->Y  F     OAI22_X0P5M_A9PP140ZTUL_C35        1   176    39     116 
  ro_reg[2][5][10]/D  -       -      F     DFFRPQNA_X1M_A9PP140ZTUL_C35       1     -     0     116 
#---------------------------------------------------------------------------------------------------



Path 35: MET (1663 ps) Setup Check with Pin ro_reg[2][5][9]/CK->D
           View: wc_analysis_view
          Group: reg2reg
     Startpoint: (R) ro_reg[2][4][9]/CK
          Clock: (R) CLK
       Endpoint: (F) ro_reg[2][5][9]/D
          Clock: (R) CLK

                     Capture       Launch     
        Clock Edge:+    2000            0     
       Src Latency:+       0            0     
       Net Latency:+       0 (I)        0 (I) 
           Arrival:=    2000            0     
                                              
             Setup:-      97                  
       Uncertainty:-     125                  
     Required Time:=    1778                  
      Launch Clock:-       0                  
         Data Path:-     116                  
             Slack:=    1663                  

#--------------------------------------------------------------------------------------------------
#   Timing Point     Flags    Arc   Edge             Cell               Fanout Trans Delay Arrival 
#                                                                               (ps)  (ps)   (ps)  
#--------------------------------------------------------------------------------------------------
  ro_reg[2][4][9]/CK -       -      R     (arrival)                       1856     0     0       0 
  ro_reg[2][4][9]/QN -       CK->QN R     DFFRPQNA_X1M_A9PP140ZTUL_C35       2    28    34      34 
  g44531/Y           -       B0N->Y R     AOI22BB_X0P5M_A9PP140ZTUL_C35      1    86    43      77 
  g41567/Y           -       A1->Y  F     OAI22_X0P5M_A9PP140ZTUL_C35        1   176    39     116 
  ro_reg[2][5][9]/D  -       -      F     DFFRPQNA_X1M_A9PP140ZTUL_C35       1     -     0     116 
#--------------------------------------------------------------------------------------------------



Path 36: MET (1663 ps) Setup Check with Pin ro_reg[2][5][8]/CK->D
           View: wc_analysis_view
          Group: reg2reg
     Startpoint: (R) ro_reg[2][4][8]/CK
          Clock: (R) CLK
       Endpoint: (F) ro_reg[2][5][8]/D
          Clock: (R) CLK

                     Capture       Launch     
        Clock Edge:+    2000            0     
       Src Latency:+       0            0     
       Net Latency:+       0 (I)        0 (I) 
           Arrival:=    2000            0     
                                              
             Setup:-      97                  
       Uncertainty:-     125                  
     Required Time:=    1778                  
      Launch Clock:-       0                  
         Data Path:-     116                  
             Slack:=    1663                  

#--------------------------------------------------------------------------------------------------
#   Timing Point     Flags    Arc   Edge             Cell               Fanout Trans Delay Arrival 
#                                                                               (ps)  (ps)   (ps)  
#--------------------------------------------------------------------------------------------------
  ro_reg[2][4][8]/CK -       -      R     (arrival)                       1856     0     0       0 
  ro_reg[2][4][8]/QN -       CK->QN R     DFFRPQNA_X1M_A9PP140ZTUL_C35       2    28    34      34 
  g44533/Y           -       B0N->Y R     AOI22BB_X0P5M_A9PP140ZTUL_C35      1    86    43      77 
  g41566/Y           -       A1->Y  F     OAI22_X0P5M_A9PP140ZTUL_C35        1   176    39     116 
  ro_reg[2][5][8]/D  -       -      F     DFFRPQNA_X1M_A9PP140ZTUL_C35       1     -     0     116 
#--------------------------------------------------------------------------------------------------



Path 37: MET (1663 ps) Setup Check with Pin ro_reg[2][5][7]/CK->D
           View: wc_analysis_view
          Group: reg2reg
     Startpoint: (R) ro_reg[2][4][7]/CK
          Clock: (R) CLK
       Endpoint: (F) ro_reg[2][5][7]/D
          Clock: (R) CLK

                     Capture       Launch     
        Clock Edge:+    2000            0     
       Src Latency:+       0            0     
       Net Latency:+       0 (I)        0 (I) 
           Arrival:=    2000            0     
                                              
             Setup:-      97                  
       Uncertainty:-     125                  
     Required Time:=    1778                  
      Launch Clock:-       0                  
         Data Path:-     116                  
             Slack:=    1663                  

#--------------------------------------------------------------------------------------------------
#   Timing Point     Flags    Arc   Edge             Cell               Fanout Trans Delay Arrival 
#                                                                               (ps)  (ps)   (ps)  
#--------------------------------------------------------------------------------------------------
  ro_reg[2][4][7]/CK -       -      R     (arrival)                       1856     0     0       0 
  ro_reg[2][4][7]/QN -       CK->QN R     DFFRPQNA_X1M_A9PP140ZTUL_C35       2    28    34      34 
  g44536/Y           -       B0N->Y R     AOI22BB_X0P5M_A9PP140ZTUL_C35      1    86    43      77 
  g41565/Y           -       A1->Y  F     OAI22_X0P5M_A9PP140ZTUL_C35        1   176    39     116 
  ro_reg[2][5][7]/D  -       -      F     DFFRPQNA_X1M_A9PP140ZTUL_C35       1     -     0     116 
#--------------------------------------------------------------------------------------------------



Path 38: MET (1663 ps) Setup Check with Pin ro_reg[2][5][6]/CK->D
           View: wc_analysis_view
          Group: reg2reg
     Startpoint: (R) ro_reg[2][4][6]/CK
          Clock: (R) CLK
       Endpoint: (F) ro_reg[2][5][6]/D
          Clock: (R) CLK

                     Capture       Launch     
        Clock Edge:+    2000            0     
       Src Latency:+       0            0     
       Net Latency:+       0 (I)        0 (I) 
           Arrival:=    2000            0     
                                              
             Setup:-      97                  
       Uncertainty:-     125                  
     Required Time:=    1778                  
      Launch Clock:-       0                  
         Data Path:-     116                  
             Slack:=    1663                  

#--------------------------------------------------------------------------------------------------
#   Timing Point     Flags    Arc   Edge             Cell               Fanout Trans Delay Arrival 
#                                                                               (ps)  (ps)   (ps)  
#--------------------------------------------------------------------------------------------------
  ro_reg[2][4][6]/CK -       -      R     (arrival)                       1856     0     0       0 
  ro_reg[2][4][6]/QN -       CK->QN R     DFFRPQNA_X1M_A9PP140ZTUL_C35       2    28    34      34 
  g44550/Y           -       B0N->Y R     AOI22BB_X0P5M_A9PP140ZTUL_C35      1    86    43      77 
  g41564/Y           -       A1->Y  F     OAI22_X0P5M_A9PP140ZTUL_C35        1   176    39     116 
  ro_reg[2][5][6]/D  -       -      F     DFFRPQNA_X1M_A9PP140ZTUL_C35       1     -     0     116 
#--------------------------------------------------------------------------------------------------



Path 39: MET (1663 ps) Setup Check with Pin ro_reg[2][5][5]/CK->D
           View: wc_analysis_view
          Group: reg2reg
     Startpoint: (R) ro_reg[2][4][5]/CK
          Clock: (R) CLK
       Endpoint: (F) ro_reg[2][5][5]/D
          Clock: (R) CLK

                     Capture       Launch     
        Clock Edge:+    2000            0     
       Src Latency:+       0            0     
       Net Latency:+       0 (I)        0 (I) 
           Arrival:=    2000            0     
                                              
             Setup:-      97                  
       Uncertainty:-     125                  
     Required Time:=    1778                  
      Launch Clock:-       0                  
         Data Path:-     116                  
             Slack:=    1663                  

#--------------------------------------------------------------------------------------------------
#   Timing Point     Flags    Arc   Edge             Cell               Fanout Trans Delay Arrival 
#                                                                               (ps)  (ps)   (ps)  
#--------------------------------------------------------------------------------------------------
  ro_reg[2][4][5]/CK -       -      R     (arrival)                       1856     0     0       0 
  ro_reg[2][4][5]/QN -       CK->QN R     DFFRPQNA_X1M_A9PP140ZTUL_C35       2    28    34      34 
  g44527/Y           -       B0N->Y R     AOI22BB_X0P5M_A9PP140ZTUL_C35      1    86    43      77 
  g41563/Y           -       A1->Y  F     OAI22_X0P5M_A9PP140ZTUL_C35        1   176    39     116 
  ro_reg[2][5][5]/D  -       -      F     DFFRPQNA_X1M_A9PP140ZTUL_C35       1     -     0     116 
#--------------------------------------------------------------------------------------------------



Path 40: MET (1663 ps) Setup Check with Pin ro_reg[2][5][4]/CK->D
           View: wc_analysis_view
          Group: reg2reg
     Startpoint: (R) ro_reg[2][4][4]/CK
          Clock: (R) CLK
       Endpoint: (F) ro_reg[2][5][4]/D
          Clock: (R) CLK

                     Capture       Launch     
        Clock Edge:+    2000            0     
       Src Latency:+       0            0     
       Net Latency:+       0 (I)        0 (I) 
           Arrival:=    2000            0     
                                              
             Setup:-      97                  
       Uncertainty:-     125                  
     Required Time:=    1778                  
      Launch Clock:-       0                  
         Data Path:-     116                  
             Slack:=    1663                  

#--------------------------------------------------------------------------------------------------
#   Timing Point     Flags    Arc   Edge             Cell               Fanout Trans Delay Arrival 
#                                                                               (ps)  (ps)   (ps)  
#--------------------------------------------------------------------------------------------------
  ro_reg[2][4][4]/CK -       -      R     (arrival)                       1856     0     0       0 
  ro_reg[2][4][4]/QN -       CK->QN R     DFFRPQNA_X1M_A9PP140ZTUL_C35       2    28    34      34 
  g44526/Y           -       B0N->Y R     AOI22BB_X0P5M_A9PP140ZTUL_C35      1    86    43      77 
  g41562/Y           -       A1->Y  F     OAI22_X0P5M_A9PP140ZTUL_C35        1   176    39     116 
  ro_reg[2][5][4]/D  -       -      F     DFFRPQNA_X1M_A9PP140ZTUL_C35       1     -     0     116 
#--------------------------------------------------------------------------------------------------



Path 41: MET (1663 ps) Setup Check with Pin ro_reg[2][5][3]/CK->D
           View: wc_analysis_view
          Group: reg2reg
     Startpoint: (R) ro_reg[2][4][3]/CK
          Clock: (R) CLK
       Endpoint: (F) ro_reg[2][5][3]/D
          Clock: (R) CLK

                     Capture       Launch     
        Clock Edge:+    2000            0     
       Src Latency:+       0            0     
       Net Latency:+       0 (I)        0 (I) 
           Arrival:=    2000            0     
                                              
             Setup:-      97                  
       Uncertainty:-     125                  
     Required Time:=    1778                  
      Launch Clock:-       0                  
         Data Path:-     116                  
             Slack:=    1663                  

#--------------------------------------------------------------------------------------------------
#   Timing Point     Flags    Arc   Edge             Cell               Fanout Trans Delay Arrival 
#                                                                               (ps)  (ps)   (ps)  
#--------------------------------------------------------------------------------------------------
  ro_reg[2][4][3]/CK -       -      R     (arrival)                       1856     0     0       0 
  ro_reg[2][4][3]/QN -       CK->QN R     DFFRPQNA_X1M_A9PP140ZTUL_C35       2    28    34      34 
  g44551/Y           -       B0N->Y R     AOI22BB_X0P5M_A9PP140ZTUL_C35      1    86    43      77 
  g41561/Y           -       A1->Y  F     OAI22_X0P5M_A9PP140ZTUL_C35        1   176    39     116 
  ro_reg[2][5][3]/D  -       -      F     DFFRPQNA_X1M_A9PP140ZTUL_C35       1     -     0     116 
#--------------------------------------------------------------------------------------------------



Path 42: MET (1663 ps) Setup Check with Pin ro_reg[2][5][2]/CK->D
           View: wc_analysis_view
          Group: reg2reg
     Startpoint: (R) ro_reg[2][4][2]/CK
          Clock: (R) CLK
       Endpoint: (F) ro_reg[2][5][2]/D
          Clock: (R) CLK

                     Capture       Launch     
        Clock Edge:+    2000            0     
       Src Latency:+       0            0     
       Net Latency:+       0 (I)        0 (I) 
           Arrival:=    2000            0     
                                              
             Setup:-      97                  
       Uncertainty:-     125                  
     Required Time:=    1778                  
      Launch Clock:-       0                  
         Data Path:-     116                  
             Slack:=    1663                  

#--------------------------------------------------------------------------------------------------
#   Timing Point     Flags    Arc   Edge             Cell               Fanout Trans Delay Arrival 
#                                                                               (ps)  (ps)   (ps)  
#--------------------------------------------------------------------------------------------------
  ro_reg[2][4][2]/CK -       -      R     (arrival)                       1856     0     0       0 
  ro_reg[2][4][2]/QN -       CK->QN R     DFFRPQNA_X1M_A9PP140ZTUL_C35       2    28    34      34 
  g44552/Y           -       B0N->Y R     AOI22BB_X0P5M_A9PP140ZTUL_C35      1    86    43      77 
  g41560/Y           -       A1->Y  F     OAI22_X0P5M_A9PP140ZTUL_C35        1   176    39     116 
  ro_reg[2][5][2]/D  -       -      F     DFFRPQNA_X1M_A9PP140ZTUL_C35       1     -     0     116 
#--------------------------------------------------------------------------------------------------



Path 43: MET (1663 ps) Setup Check with Pin ro_reg[2][5][1]/CK->D
           View: wc_analysis_view
          Group: reg2reg
     Startpoint: (R) ro_reg[2][4][1]/CK
          Clock: (R) CLK
       Endpoint: (F) ro_reg[2][5][1]/D
          Clock: (R) CLK

                     Capture       Launch     
        Clock Edge:+    2000            0     
       Src Latency:+       0            0     
       Net Latency:+       0 (I)        0 (I) 
           Arrival:=    2000            0     
                                              
             Setup:-      97                  
       Uncertainty:-     125                  
     Required Time:=    1778                  
      Launch Clock:-       0                  
         Data Path:-     116                  
             Slack:=    1663                  

#--------------------------------------------------------------------------------------------------
#   Timing Point     Flags    Arc   Edge             Cell               Fanout Trans Delay Arrival 
#                                                                               (ps)  (ps)   (ps)  
#--------------------------------------------------------------------------------------------------
  ro_reg[2][4][1]/CK -       -      R     (arrival)                       1856     0     0       0 
  ro_reg[2][4][1]/QN -       CK->QN R     DFFRPQNA_X1M_A9PP140ZTUL_C35       2    28    34      34 
  g44525/Y           -       B0N->Y R     AOI22BB_X0P5M_A9PP140ZTUL_C35      1    86    43      77 
  g41559/Y           -       A1->Y  F     OAI22_X0P5M_A9PP140ZTUL_C35        1   176    39     116 
  ro_reg[2][5][1]/D  -       -      F     DFFRPQNA_X1M_A9PP140ZTUL_C35       1     -     0     116 
#--------------------------------------------------------------------------------------------------



Path 44: MET (1663 ps) Setup Check with Pin ro_reg[2][5][0]/CK->D
           View: wc_analysis_view
          Group: reg2reg
     Startpoint: (R) ro_reg[2][4][0]/CK
          Clock: (R) CLK
       Endpoint: (F) ro_reg[2][5][0]/D
          Clock: (R) CLK

                     Capture       Launch     
        Clock Edge:+    2000            0     
       Src Latency:+       0            0     
       Net Latency:+       0 (I)        0 (I) 
           Arrival:=    2000            0     
                                              
             Setup:-      97                  
       Uncertainty:-     125                  
     Required Time:=    1778                  
      Launch Clock:-       0                  
         Data Path:-     116                  
             Slack:=    1663                  

#--------------------------------------------------------------------------------------------------
#   Timing Point     Flags    Arc   Edge             Cell               Fanout Trans Delay Arrival 
#                                                                               (ps)  (ps)   (ps)  
#--------------------------------------------------------------------------------------------------
  ro_reg[2][4][0]/CK -       -      R     (arrival)                       1856     0     0       0 
  ro_reg[2][4][0]/QN -       CK->QN R     DFFRPQNA_X1M_A9PP140ZTUL_C35       2    28    34      34 
  g44524/Y           -       B0N->Y R     AOI22BB_X0P5M_A9PP140ZTUL_C35      1    86    43      77 
  g41558/Y           -       A1->Y  F     OAI22_X0P5M_A9PP140ZTUL_C35        1   176    39     116 
  ro_reg[2][5][0]/D  -       -      F     DFFRPQNA_X1M_A9PP140ZTUL_C35       1     -     0     116 
#--------------------------------------------------------------------------------------------------



Path 45: MET (1663 ps) Setup Check with Pin ro_reg[1][6][15]/CK->D
           View: wc_analysis_view
          Group: reg2reg
     Startpoint: (R) ro_reg[1][5][15]/CK
          Clock: (R) CLK
       Endpoint: (F) ro_reg[1][6][15]/D
          Clock: (R) CLK

                     Capture       Launch     
        Clock Edge:+    2000            0     
       Src Latency:+       0            0     
       Net Latency:+       0 (I)        0 (I) 
           Arrival:=    2000            0     
                                              
             Setup:-      97                  
       Uncertainty:-     125                  
     Required Time:=    1778                  
      Launch Clock:-       0                  
         Data Path:-     116                  
             Slack:=    1663                  

#---------------------------------------------------------------------------------------------------
#    Timing Point     Flags    Arc   Edge             Cell               Fanout Trans Delay Arrival 
#                                                                                (ps)  (ps)   (ps)  
#---------------------------------------------------------------------------------------------------
  ro_reg[1][5][15]/CK -       -      R     (arrival)                       1856     0     0       0 
  ro_reg[1][5][15]/QN -       CK->QN R     DFFRPQNA_X1M_A9PP140ZTUL_C35       2    28    34      34 
  g44522/Y            -       B0N->Y R     AOI22BB_X0P5M_A9PP140ZTUL_C35      1    86    43      77 
  g41557/Y            -       A1->Y  F     OAI22_X0P5M_A9PP140ZTUL_C35        1   176    39     116 
  ro_reg[1][6][15]/D  -       -      F     DFFRPQNA_X1M_A9PP140ZTUL_C35       1     -     0     116 
#---------------------------------------------------------------------------------------------------



Path 46: MET (1663 ps) Setup Check with Pin ro_reg[1][6][14]/CK->D
           View: wc_analysis_view
          Group: reg2reg
     Startpoint: (R) ro_reg[1][5][14]/CK
          Clock: (R) CLK
       Endpoint: (F) ro_reg[1][6][14]/D
          Clock: (R) CLK

                     Capture       Launch     
        Clock Edge:+    2000            0     
       Src Latency:+       0            0     
       Net Latency:+       0 (I)        0 (I) 
           Arrival:=    2000            0     
                                              
             Setup:-      97                  
       Uncertainty:-     125                  
     Required Time:=    1778                  
      Launch Clock:-       0                  
         Data Path:-     116                  
             Slack:=    1663                  

#---------------------------------------------------------------------------------------------------
#    Timing Point     Flags    Arc   Edge             Cell               Fanout Trans Delay Arrival 
#                                                                                (ps)  (ps)   (ps)  
#---------------------------------------------------------------------------------------------------
  ro_reg[1][5][14]/CK -       -      R     (arrival)                       1856     0     0       0 
  ro_reg[1][5][14]/QN -       CK->QN R     DFFRPQNA_X1M_A9PP140ZTUL_C35       2    28    34      34 
  g44521/Y            -       B0N->Y R     AOI22BB_X0P5M_A9PP140ZTUL_C35      1    86    43      77 
  g41556/Y            -       A1->Y  F     OAI22_X0P5M_A9PP140ZTUL_C35        1   176    39     116 
  ro_reg[1][6][14]/D  -       -      F     DFFRPQNA_X1M_A9PP140ZTUL_C35       1     -     0     116 
#---------------------------------------------------------------------------------------------------



Path 47: MET (1663 ps) Setup Check with Pin ro_reg[1][6][13]/CK->D
           View: wc_analysis_view
          Group: reg2reg
     Startpoint: (R) ro_reg[1][5][13]/CK
          Clock: (R) CLK
       Endpoint: (F) ro_reg[1][6][13]/D
          Clock: (R) CLK

                     Capture       Launch     
        Clock Edge:+    2000            0     
       Src Latency:+       0            0     
       Net Latency:+       0 (I)        0 (I) 
           Arrival:=    2000            0     
                                              
             Setup:-      97                  
       Uncertainty:-     125                  
     Required Time:=    1778                  
      Launch Clock:-       0                  
         Data Path:-     116                  
             Slack:=    1663                  

#---------------------------------------------------------------------------------------------------
#    Timing Point     Flags    Arc   Edge             Cell               Fanout Trans Delay Arrival 
#                                                                                (ps)  (ps)   (ps)  
#---------------------------------------------------------------------------------------------------
  ro_reg[1][5][13]/CK -       -      R     (arrival)                       1856     0     0       0 
  ro_reg[1][5][13]/QN -       CK->QN R     DFFRPQNA_X1M_A9PP140ZTUL_C35       2    28    34      34 
  g44520/Y            -       B0N->Y R     AOI22BB_X0P5M_A9PP140ZTUL_C35      1    86    43      77 
  g41555/Y            -       A1->Y  F     OAI22_X0P5M_A9PP140ZTUL_C35        1   176    39     116 
  ro_reg[1][6][13]/D  -       -      F     DFFRPQNA_X1M_A9PP140ZTUL_C35       1     -     0     116 
#---------------------------------------------------------------------------------------------------



Path 48: MET (1663 ps) Setup Check with Pin ro_reg[1][6][12]/CK->D
           View: wc_analysis_view
          Group: reg2reg
     Startpoint: (R) ro_reg[1][5][12]/CK
          Clock: (R) CLK
       Endpoint: (F) ro_reg[1][6][12]/D
          Clock: (R) CLK

                     Capture       Launch     
        Clock Edge:+    2000            0     
       Src Latency:+       0            0     
       Net Latency:+       0 (I)        0 (I) 
           Arrival:=    2000            0     
                                              
             Setup:-      97                  
       Uncertainty:-     125                  
     Required Time:=    1778                  
      Launch Clock:-       0                  
         Data Path:-     116                  
             Slack:=    1663                  

#---------------------------------------------------------------------------------------------------
#    Timing Point     Flags    Arc   Edge             Cell               Fanout Trans Delay Arrival 
#                                                                                (ps)  (ps)   (ps)  
#---------------------------------------------------------------------------------------------------
  ro_reg[1][5][12]/CK -       -      R     (arrival)                       1856     0     0       0 
  ro_reg[1][5][12]/QN -       CK->QN R     DFFRPQNA_X1M_A9PP140ZTUL_C35       2    28    34      34 
  g44519/Y            -       B0N->Y R     AOI22BB_X0P5M_A9PP140ZTUL_C35      1    86    43      77 
  g41554/Y            -       A1->Y  F     OAI22_X0P5M_A9PP140ZTUL_C35        1   176    39     116 
  ro_reg[1][6][12]/D  -       -      F     DFFRPQNA_X1M_A9PP140ZTUL_C35       1     -     0     116 
#---------------------------------------------------------------------------------------------------



Path 49: MET (1663 ps) Setup Check with Pin ro_reg[1][6][11]/CK->D
           View: wc_analysis_view
          Group: reg2reg
     Startpoint: (R) ro_reg[1][5][11]/CK
          Clock: (R) CLK
       Endpoint: (F) ro_reg[1][6][11]/D
          Clock: (R) CLK

                     Capture       Launch     
        Clock Edge:+    2000            0     
       Src Latency:+       0            0     
       Net Latency:+       0 (I)        0 (I) 
           Arrival:=    2000            0     
                                              
             Setup:-      97                  
       Uncertainty:-     125                  
     Required Time:=    1778                  
      Launch Clock:-       0                  
         Data Path:-     116                  
             Slack:=    1663                  

#---------------------------------------------------------------------------------------------------
#    Timing Point     Flags    Arc   Edge             Cell               Fanout Trans Delay Arrival 
#                                                                                (ps)  (ps)   (ps)  
#---------------------------------------------------------------------------------------------------
  ro_reg[1][5][11]/CK -       -      R     (arrival)                       1856     0     0       0 
  ro_reg[1][5][11]/QN -       CK->QN R     DFFRPQNA_X1M_A9PP140ZTUL_C35       2    28    34      34 
  g44518/Y            -       B0N->Y R     AOI22BB_X0P5M_A9PP140ZTUL_C35      1    86    43      77 
  g41553/Y            -       A1->Y  F     OAI22_X0P5M_A9PP140ZTUL_C35        1   176    39     116 
  ro_reg[1][6][11]/D  -       -      F     DFFRPQNA_X1M_A9PP140ZTUL_C35       1     -     0     116 
#---------------------------------------------------------------------------------------------------



Path 50: MET (1663 ps) Setup Check with Pin ro_reg[1][6][10]/CK->D
           View: wc_analysis_view
          Group: reg2reg
     Startpoint: (R) ro_reg[1][5][10]/CK
          Clock: (R) CLK
       Endpoint: (F) ro_reg[1][6][10]/D
          Clock: (R) CLK

                     Capture       Launch     
        Clock Edge:+    2000            0     
       Src Latency:+       0            0     
       Net Latency:+       0 (I)        0 (I) 
           Arrival:=    2000            0     
                                              
             Setup:-      97                  
       Uncertainty:-     125                  
     Required Time:=    1778                  
      Launch Clock:-       0                  
         Data Path:-     116                  
             Slack:=    1663                  

#---------------------------------------------------------------------------------------------------
#    Timing Point     Flags    Arc   Edge             Cell               Fanout Trans Delay Arrival 
#                                                                                (ps)  (ps)   (ps)  
#---------------------------------------------------------------------------------------------------
  ro_reg[1][5][10]/CK -       -      R     (arrival)                       1856     0     0       0 
  ro_reg[1][5][10]/QN -       CK->QN R     DFFRPQNA_X1M_A9PP140ZTUL_C35       2    28    34      34 
  g44517/Y            -       B0N->Y R     AOI22BB_X0P5M_A9PP140ZTUL_C35      1    86    43      77 
  g41552/Y            -       A1->Y  F     OAI22_X0P5M_A9PP140ZTUL_C35        1   176    39     116 
  ro_reg[1][6][10]/D  -       -      F     DFFRPQNA_X1M_A9PP140ZTUL_C35       1     -     0     116 
#---------------------------------------------------------------------------------------------------



Path 51: MET (1663 ps) Setup Check with Pin ro_reg[1][6][9]/CK->D
           View: wc_analysis_view
          Group: reg2reg
     Startpoint: (R) ro_reg[1][5][9]/CK
          Clock: (R) CLK
       Endpoint: (F) ro_reg[1][6][9]/D
          Clock: (R) CLK

                     Capture       Launch     
        Clock Edge:+    2000            0     
       Src Latency:+       0            0     
       Net Latency:+       0 (I)        0 (I) 
           Arrival:=    2000            0     
                                              
             Setup:-      97                  
       Uncertainty:-     125                  
     Required Time:=    1778                  
      Launch Clock:-       0                  
         Data Path:-     116                  
             Slack:=    1663                  

#--------------------------------------------------------------------------------------------------
#   Timing Point     Flags    Arc   Edge             Cell               Fanout Trans Delay Arrival 
#                                                                               (ps)  (ps)   (ps)  
#--------------------------------------------------------------------------------------------------
  ro_reg[1][5][9]/CK -       -      R     (arrival)                       1856     0     0       0 
  ro_reg[1][5][9]/QN -       CK->QN R     DFFRPQNA_X1M_A9PP140ZTUL_C35       2    28    34      34 
  g44516/Y           -       B0N->Y R     AOI22BB_X0P5M_A9PP140ZTUL_C35      1    86    43      77 
  g41551/Y           -       A1->Y  F     OAI22_X0P5M_A9PP140ZTUL_C35        1   176    39     116 
  ro_reg[1][6][9]/D  -       -      F     DFFRPQNA_X1M_A9PP140ZTUL_C35       1     -     0     116 
#--------------------------------------------------------------------------------------------------



Path 52: MET (1663 ps) Setup Check with Pin ro_reg[1][6][8]/CK->D
           View: wc_analysis_view
          Group: reg2reg
     Startpoint: (R) ro_reg[1][5][8]/CK
          Clock: (R) CLK
       Endpoint: (F) ro_reg[1][6][8]/D
          Clock: (R) CLK

                     Capture       Launch     
        Clock Edge:+    2000            0     
       Src Latency:+       0            0     
       Net Latency:+       0 (I)        0 (I) 
           Arrival:=    2000            0     
                                              
             Setup:-      97                  
       Uncertainty:-     125                  
     Required Time:=    1778                  
      Launch Clock:-       0                  
         Data Path:-     116                  
             Slack:=    1663                  

#--------------------------------------------------------------------------------------------------
#   Timing Point     Flags    Arc   Edge             Cell               Fanout Trans Delay Arrival 
#                                                                               (ps)  (ps)   (ps)  
#--------------------------------------------------------------------------------------------------
  ro_reg[1][5][8]/CK -       -      R     (arrival)                       1856     0     0       0 
  ro_reg[1][5][8]/QN -       CK->QN R     DFFRPQNA_X1M_A9PP140ZTUL_C35       2    28    34      34 
  g44515/Y           -       B0N->Y R     AOI22BB_X0P5M_A9PP140ZTUL_C35      1    86    43      77 
  g41550/Y           -       A1->Y  F     OAI22_X0P5M_A9PP140ZTUL_C35        1   176    39     116 
  ro_reg[1][6][8]/D  -       -      F     DFFRPQNA_X1M_A9PP140ZTUL_C35       1     -     0     116 
#--------------------------------------------------------------------------------------------------



Path 53: MET (1663 ps) Setup Check with Pin ro_reg[1][6][7]/CK->D
           View: wc_analysis_view
          Group: reg2reg
     Startpoint: (R) ro_reg[1][5][7]/CK
          Clock: (R) CLK
       Endpoint: (F) ro_reg[1][6][7]/D
          Clock: (R) CLK

                     Capture       Launch     
        Clock Edge:+    2000            0     
       Src Latency:+       0            0     
       Net Latency:+       0 (I)        0 (I) 
           Arrival:=    2000            0     
                                              
             Setup:-      97                  
       Uncertainty:-     125                  
     Required Time:=    1778                  
      Launch Clock:-       0                  
         Data Path:-     116                  
             Slack:=    1663                  

#--------------------------------------------------------------------------------------------------
#   Timing Point     Flags    Arc   Edge             Cell               Fanout Trans Delay Arrival 
#                                                                               (ps)  (ps)   (ps)  
#--------------------------------------------------------------------------------------------------
  ro_reg[1][5][7]/CK -       -      R     (arrival)                       1856     0     0       0 
  ro_reg[1][5][7]/QN -       CK->QN R     DFFRPQNA_X1M_A9PP140ZTUL_C35       2    28    34      34 
  g44514/Y           -       B0N->Y R     AOI22BB_X0P5M_A9PP140ZTUL_C35      1    86    43      77 
  g41549/Y           -       A1->Y  F     OAI22_X0P5M_A9PP140ZTUL_C35        1   176    39     116 
  ro_reg[1][6][7]/D  -       -      F     DFFRPQNA_X1M_A9PP140ZTUL_C35       1     -     0     116 
#--------------------------------------------------------------------------------------------------



Path 54: MET (1663 ps) Setup Check with Pin ro_reg[1][6][6]/CK->D
           View: wc_analysis_view
          Group: reg2reg
     Startpoint: (R) ro_reg[1][5][6]/CK
          Clock: (R) CLK
       Endpoint: (F) ro_reg[1][6][6]/D
          Clock: (R) CLK

                     Capture       Launch     
        Clock Edge:+    2000            0     
       Src Latency:+       0            0     
       Net Latency:+       0 (I)        0 (I) 
           Arrival:=    2000            0     
                                              
             Setup:-      97                  
       Uncertainty:-     125                  
     Required Time:=    1778                  
      Launch Clock:-       0                  
         Data Path:-     116                  
             Slack:=    1663                  

#--------------------------------------------------------------------------------------------------
#   Timing Point     Flags    Arc   Edge             Cell               Fanout Trans Delay Arrival 
#                                                                               (ps)  (ps)   (ps)  
#--------------------------------------------------------------------------------------------------
  ro_reg[1][5][6]/CK -       -      R     (arrival)                       1856     0     0       0 
  ro_reg[1][5][6]/QN -       CK->QN R     DFFRPQNA_X1M_A9PP140ZTUL_C35       2    28    34      34 
  g44513/Y           -       B0N->Y R     AOI22BB_X0P5M_A9PP140ZTUL_C35      1    86    43      77 
  g41548/Y           -       A1->Y  F     OAI22_X0P5M_A9PP140ZTUL_C35        1   176    39     116 
  ro_reg[1][6][6]/D  -       -      F     DFFRPQNA_X1M_A9PP140ZTUL_C35       1     -     0     116 
#--------------------------------------------------------------------------------------------------



Path 55: MET (1663 ps) Setup Check with Pin ro_reg[1][6][5]/CK->D
           View: wc_analysis_view
          Group: reg2reg
     Startpoint: (R) ro_reg[1][5][5]/CK
          Clock: (R) CLK
       Endpoint: (F) ro_reg[1][6][5]/D
          Clock: (R) CLK

                     Capture       Launch     
        Clock Edge:+    2000            0     
       Src Latency:+       0            0     
       Net Latency:+       0 (I)        0 (I) 
           Arrival:=    2000            0     
                                              
             Setup:-      97                  
       Uncertainty:-     125                  
     Required Time:=    1778                  
      Launch Clock:-       0                  
         Data Path:-     116                  
             Slack:=    1663                  

#--------------------------------------------------------------------------------------------------
#   Timing Point     Flags    Arc   Edge             Cell               Fanout Trans Delay Arrival 
#                                                                               (ps)  (ps)   (ps)  
#--------------------------------------------------------------------------------------------------
  ro_reg[1][5][5]/CK -       -      R     (arrival)                       1856     0     0       0 
  ro_reg[1][5][5]/QN -       CK->QN R     DFFRPQNA_X1M_A9PP140ZTUL_C35       2    28    34      34 
  g44512/Y           -       B0N->Y R     AOI22BB_X0P5M_A9PP140ZTUL_C35      1    86    43      77 
  g41547/Y           -       A1->Y  F     OAI22_X0P5M_A9PP140ZTUL_C35        1   176    39     116 
  ro_reg[1][6][5]/D  -       -      F     DFFRPQNA_X1M_A9PP140ZTUL_C35       1     -     0     116 
#--------------------------------------------------------------------------------------------------



Path 56: MET (1663 ps) Setup Check with Pin ro_reg[1][6][4]/CK->D
           View: wc_analysis_view
          Group: reg2reg
     Startpoint: (R) ro_reg[1][5][4]/CK
          Clock: (R) CLK
       Endpoint: (F) ro_reg[1][6][4]/D
          Clock: (R) CLK

                     Capture       Launch     
        Clock Edge:+    2000            0     
       Src Latency:+       0            0     
       Net Latency:+       0 (I)        0 (I) 
           Arrival:=    2000            0     
                                              
             Setup:-      97                  
       Uncertainty:-     125                  
     Required Time:=    1778                  
      Launch Clock:-       0                  
         Data Path:-     116                  
             Slack:=    1663                  

#--------------------------------------------------------------------------------------------------
#   Timing Point     Flags    Arc   Edge             Cell               Fanout Trans Delay Arrival 
#                                                                               (ps)  (ps)   (ps)  
#--------------------------------------------------------------------------------------------------
  ro_reg[1][5][4]/CK -       -      R     (arrival)                       1856     0     0       0 
  ro_reg[1][5][4]/QN -       CK->QN R     DFFRPQNA_X1M_A9PP140ZTUL_C35       2    28    34      34 
  g44511/Y           -       B0N->Y R     AOI22BB_X0P5M_A9PP140ZTUL_C35      1    86    43      77 
  g41546/Y           -       A1->Y  F     OAI22_X0P5M_A9PP140ZTUL_C35        1   176    39     116 
  ro_reg[1][6][4]/D  -       -      F     DFFRPQNA_X1M_A9PP140ZTUL_C35       1     -     0     116 
#--------------------------------------------------------------------------------------------------



Path 57: MET (1663 ps) Setup Check with Pin ro_reg[1][6][3]/CK->D
           View: wc_analysis_view
          Group: reg2reg
     Startpoint: (R) ro_reg[1][5][3]/CK
          Clock: (R) CLK
       Endpoint: (F) ro_reg[1][6][3]/D
          Clock: (R) CLK

                     Capture       Launch     
        Clock Edge:+    2000            0     
       Src Latency:+       0            0     
       Net Latency:+       0 (I)        0 (I) 
           Arrival:=    2000            0     
                                              
             Setup:-      97                  
       Uncertainty:-     125                  
     Required Time:=    1778                  
      Launch Clock:-       0                  
         Data Path:-     116                  
             Slack:=    1663                  

#--------------------------------------------------------------------------------------------------
#   Timing Point     Flags    Arc   Edge             Cell               Fanout Trans Delay Arrival 
#                                                                               (ps)  (ps)   (ps)  
#--------------------------------------------------------------------------------------------------
  ro_reg[1][5][3]/CK -       -      R     (arrival)                       1856     0     0       0 
  ro_reg[1][5][3]/QN -       CK->QN R     DFFRPQNA_X1M_A9PP140ZTUL_C35       2    28    34      34 
  g44510/Y           -       B0N->Y R     AOI22BB_X0P5M_A9PP140ZTUL_C35      1    86    43      77 
  g41544/Y           -       A1->Y  F     OAI22_X0P5M_A9PP140ZTUL_C35        1   176    39     116 
  ro_reg[1][6][3]/D  -       -      F     DFFRPQNA_X1M_A9PP140ZTUL_C35       1     -     0     116 
#--------------------------------------------------------------------------------------------------



Path 58: MET (1663 ps) Setup Check with Pin ro_reg[1][6][2]/CK->D
           View: wc_analysis_view
          Group: reg2reg
     Startpoint: (R) ro_reg[1][5][2]/CK
          Clock: (R) CLK
       Endpoint: (F) ro_reg[1][6][2]/D
          Clock: (R) CLK

                     Capture       Launch     
        Clock Edge:+    2000            0     
       Src Latency:+       0            0     
       Net Latency:+       0 (I)        0 (I) 
           Arrival:=    2000            0     
                                              
             Setup:-      97                  
       Uncertainty:-     125                  
     Required Time:=    1778                  
      Launch Clock:-       0                  
         Data Path:-     116                  
             Slack:=    1663                  

#--------------------------------------------------------------------------------------------------
#   Timing Point     Flags    Arc   Edge             Cell               Fanout Trans Delay Arrival 
#                                                                               (ps)  (ps)   (ps)  
#--------------------------------------------------------------------------------------------------
  ro_reg[1][5][2]/CK -       -      R     (arrival)                       1856     0     0       0 
  ro_reg[1][5][2]/QN -       CK->QN R     DFFRPQNA_X1M_A9PP140ZTUL_C35       2    28    34      34 
  g44509/Y           -       B0N->Y R     AOI22BB_X0P5M_A9PP140ZTUL_C35      1    86    43      77 
  g41545/Y           -       A1->Y  F     OAI22_X0P5M_A9PP140ZTUL_C35        1   176    39     116 
  ro_reg[1][6][2]/D  -       -      F     DFFRPQNA_X1M_A9PP140ZTUL_C35       1     -     0     116 
#--------------------------------------------------------------------------------------------------



Path 59: MET (1663 ps) Setup Check with Pin ro_reg[1][6][1]/CK->D
           View: wc_analysis_view
          Group: reg2reg
     Startpoint: (R) ro_reg[1][5][1]/CK
          Clock: (R) CLK
       Endpoint: (F) ro_reg[1][6][1]/D
          Clock: (R) CLK

                     Capture       Launch     
        Clock Edge:+    2000            0     
       Src Latency:+       0            0     
       Net Latency:+       0 (I)        0 (I) 
           Arrival:=    2000            0     
                                              
             Setup:-      97                  
       Uncertainty:-     125                  
     Required Time:=    1778                  
      Launch Clock:-       0                  
         Data Path:-     116                  
             Slack:=    1663                  

#--------------------------------------------------------------------------------------------------
#   Timing Point     Flags    Arc   Edge             Cell               Fanout Trans Delay Arrival 
#                                                                               (ps)  (ps)   (ps)  
#--------------------------------------------------------------------------------------------------
  ro_reg[1][5][1]/CK -       -      R     (arrival)                       1856     0     0       0 
  ro_reg[1][5][1]/QN -       CK->QN R     DFFRPQNA_X1M_A9PP140ZTUL_C35       2    28    34      34 
  g44508/Y           -       B0N->Y R     AOI22BB_X0P5M_A9PP140ZTUL_C35      1    86    43      77 
  g41543/Y           -       A1->Y  F     OAI22_X0P5M_A9PP140ZTUL_C35        1   176    39     116 
  ro_reg[1][6][1]/D  -       -      F     DFFRPQNA_X1M_A9PP140ZTUL_C35       1     -     0     116 
#--------------------------------------------------------------------------------------------------



Path 60: MET (1663 ps) Setup Check with Pin ro_reg[1][6][0]/CK->D
           View: wc_analysis_view
          Group: reg2reg
     Startpoint: (R) ro_reg[1][5][0]/CK
          Clock: (R) CLK
       Endpoint: (F) ro_reg[1][6][0]/D
          Clock: (R) CLK

                     Capture       Launch     
        Clock Edge:+    2000            0     
       Src Latency:+       0            0     
       Net Latency:+       0 (I)        0 (I) 
           Arrival:=    2000            0     
                                              
             Setup:-      97                  
       Uncertainty:-     125                  
     Required Time:=    1778                  
      Launch Clock:-       0                  
         Data Path:-     116                  
             Slack:=    1663                  

#--------------------------------------------------------------------------------------------------
#   Timing Point     Flags    Arc   Edge             Cell               Fanout Trans Delay Arrival 
#                                                                               (ps)  (ps)   (ps)  
#--------------------------------------------------------------------------------------------------
  ro_reg[1][5][0]/CK -       -      R     (arrival)                       1856     0     0       0 
  ro_reg[1][5][0]/QN -       CK->QN R     DFFRPQNA_X1M_A9PP140ZTUL_C35       2    28    34      34 
  g44507/Y           -       B0N->Y R     AOI22BB_X0P5M_A9PP140ZTUL_C35      1    86    43      77 
  g41542/Y           -       A1->Y  F     OAI22_X0P5M_A9PP140ZTUL_C35        1   176    39     116 
  ro_reg[1][6][0]/D  -       -      F     DFFRPQNA_X1M_A9PP140ZTUL_C35       1     -     0     116 
#--------------------------------------------------------------------------------------------------



Path 61: MET (1663 ps) Setup Check with Pin VALID_data_reg[11][0]/CK->D
           View: wc_analysis_view
          Group: reg2reg
     Startpoint: (R) VALID_data_reg[11][0]/CK
          Clock: (R) CLK
       Endpoint: (F) VALID_data_reg[11][0]/D
          Clock: (R) CLK

                     Capture       Launch     
        Clock Edge:+    2000            0     
       Src Latency:+       0            0     
       Net Latency:+       0 (I)        0 (I) 
           Arrival:=    2000            0     
                                              
             Setup:-      76                  
       Uncertainty:-     125                  
     Required Time:=    1799                  
      Launch Clock:-       0                  
         Data Path:-     136                  
             Slack:=    1663                  

#-------------------------------------------------------------------------------------------------------
#      Timing Point        Flags    Arc   Edge             Cell              Fanout Trans Delay Arrival 
#                                                                                    (ps)  (ps)   (ps)  
#-------------------------------------------------------------------------------------------------------
  VALID_data_reg[11][0]/CK -       -      R     (arrival)                      1856     0     0       0 
  VALID_data_reg[11][0]/QN -       CK->QN R     DFFRPQNA_X1M_A9PP140ZTUL_C35      4    40    42      42 
  g44751/Y                 -       A->Y   F     INV_X0P5M_A9PP140ZTUL_C35         2    33    24      66 
  g43865/Y                 -       A->Y   R     NAND2_X0P5A_A9PP140ZTUL_C35       1   110    30      95 
  g42521/Y                 -       B0->Y  F     OAI31_X0P5M_A9PP140ZTUL_C35       1   106    41     136 
  VALID_data_reg[11][0]/D  -       -      F     DFFRPQNA_X1M_A9PP140ZTUL_C35      1     -     0     136 
#-------------------------------------------------------------------------------------------------------



Path 62: MET (1663 ps) Setup Check with Pin ro_reg[1][2][15]/CK->D
           View: wc_analysis_view
          Group: reg2reg
     Startpoint: (R) ro_reg[1][1][15]/CK
          Clock: (R) CLK
       Endpoint: (F) ro_reg[1][2][15]/D
          Clock: (R) CLK

                     Capture       Launch     
        Clock Edge:+    2000            0     
       Src Latency:+       0            0     
       Net Latency:+       0 (I)        0 (I) 
           Arrival:=    2000            0     
                                              
             Setup:-     101                  
       Uncertainty:-     125                  
     Required Time:=    1774                  
      Launch Clock:-       0                  
         Data Path:-     111                  
             Slack:=    1663                  

#---------------------------------------------------------------------------------------------------
#    Timing Point     Flags    Arc   Edge             Cell               Fanout Trans Delay Arrival 
#                                                                                (ps)  (ps)   (ps)  
#---------------------------------------------------------------------------------------------------
  ro_reg[1][1][15]/CK -       -      R     (arrival)                       1856     0     0       0 
  ro_reg[1][1][15]/QN -       CK->QN R     DFFRPQNA_X1M_A9PP140ZTUL_C35       2    28    34      34 
  g43626/Y            -       B0N->Y R     AOI22BB_X0P5M_A9PP140ZTUL_C35      1    70    43      77 
  g41474/Y            -       A0->Y  F     OAI22_X0P5M_A9PP140ZTUL_C35        1   192    34     110 
  ro_reg[1][2][15]/D  -       -      F     DFFRPQNA_X1M_A9PP140ZTUL_C35       1     -     0     111 
#---------------------------------------------------------------------------------------------------



Path 63: MET (1663 ps) Setup Check with Pin ro_reg[1][2][14]/CK->D
           View: wc_analysis_view
          Group: reg2reg
     Startpoint: (R) ro_reg[1][1][14]/CK
          Clock: (R) CLK
       Endpoint: (F) ro_reg[1][2][14]/D
          Clock: (R) CLK

                     Capture       Launch     
        Clock Edge:+    2000            0     
       Src Latency:+       0            0     
       Net Latency:+       0 (I)        0 (I) 
           Arrival:=    2000            0     
                                              
             Setup:-     101                  
       Uncertainty:-     125                  
     Required Time:=    1774                  
      Launch Clock:-       0                  
         Data Path:-     111                  
             Slack:=    1663                  

#---------------------------------------------------------------------------------------------------
#    Timing Point     Flags    Arc   Edge             Cell               Fanout Trans Delay Arrival 
#                                                                                (ps)  (ps)   (ps)  
#---------------------------------------------------------------------------------------------------
  ro_reg[1][1][14]/CK -       -      R     (arrival)                       1856     0     0       0 
  ro_reg[1][1][14]/QN -       CK->QN R     DFFRPQNA_X1M_A9PP140ZTUL_C35       2    28    34      34 
  g43631/Y            -       B0N->Y R     AOI22BB_X0P5M_A9PP140ZTUL_C35      1    70    43      77 
  g41479/Y            -       A0->Y  F     OAI22_X0P5M_A9PP140ZTUL_C35        1   192    34     110 
  ro_reg[1][2][14]/D  -       -      F     DFFRPQNA_X1M_A9PP140ZTUL_C35       1     -     0     111 
#---------------------------------------------------------------------------------------------------



Path 64: MET (1663 ps) Setup Check with Pin ro_reg[1][2][13]/CK->D
           View: wc_analysis_view
          Group: reg2reg
     Startpoint: (R) ro_reg[1][1][13]/CK
          Clock: (R) CLK
       Endpoint: (F) ro_reg[1][2][13]/D
          Clock: (R) CLK

                     Capture       Launch     
        Clock Edge:+    2000            0     
       Src Latency:+       0            0     
       Net Latency:+       0 (I)        0 (I) 
           Arrival:=    2000            0     
                                              
             Setup:-     101                  
       Uncertainty:-     125                  
     Required Time:=    1774                  
      Launch Clock:-       0                  
         Data Path:-     111                  
             Slack:=    1663                  

#---------------------------------------------------------------------------------------------------
#    Timing Point     Flags    Arc   Edge             Cell               Fanout Trans Delay Arrival 
#                                                                                (ps)  (ps)   (ps)  
#---------------------------------------------------------------------------------------------------
  ro_reg[1][1][13]/CK -       -      R     (arrival)                       1856     0     0       0 
  ro_reg[1][1][13]/QN -       CK->QN R     DFFRPQNA_X1M_A9PP140ZTUL_C35       2    28    34      34 
  g43650/Y            -       B0N->Y R     AOI22BB_X0P5M_A9PP140ZTUL_C35      1    70    43      77 
  g41484/Y            -       A0->Y  F     OAI22_X0P5M_A9PP140ZTUL_C35        1   192    34     110 
  ro_reg[1][2][13]/D  -       -      F     DFFRPQNA_X1M_A9PP140ZTUL_C35       1     -     0     111 
#---------------------------------------------------------------------------------------------------



Path 65: MET (1663 ps) Setup Check with Pin ro_reg[1][2][12]/CK->D
           View: wc_analysis_view
          Group: reg2reg
     Startpoint: (R) ro_reg[1][1][12]/CK
          Clock: (R) CLK
       Endpoint: (F) ro_reg[1][2][12]/D
          Clock: (R) CLK

                     Capture       Launch     
        Clock Edge:+    2000            0     
       Src Latency:+       0            0     
       Net Latency:+       0 (I)        0 (I) 
           Arrival:=    2000            0     
                                              
             Setup:-     101                  
       Uncertainty:-     125                  
     Required Time:=    1774                  
      Launch Clock:-       0                  
         Data Path:-     111                  
             Slack:=    1663                  

#---------------------------------------------------------------------------------------------------
#    Timing Point     Flags    Arc   Edge             Cell               Fanout Trans Delay Arrival 
#                                                                                (ps)  (ps)   (ps)  
#---------------------------------------------------------------------------------------------------
  ro_reg[1][1][12]/CK -       -      R     (arrival)                       1856     0     0       0 
  ro_reg[1][1][12]/QN -       CK->QN R     DFFRPQNA_X1M_A9PP140ZTUL_C35       2    28    34      34 
  g43671/Y            -       B0N->Y R     AOI22BB_X0P5M_A9PP140ZTUL_C35      1    70    43      77 
  g41489/Y            -       A0->Y  F     OAI22_X0P5M_A9PP140ZTUL_C35        1   192    34     110 
  ro_reg[1][2][12]/D  -       -      F     DFFRPQNA_X1M_A9PP140ZTUL_C35       1     -     0     111 
#---------------------------------------------------------------------------------------------------



Path 66: MET (1663 ps) Setup Check with Pin ro_reg[1][2][11]/CK->D
           View: wc_analysis_view
          Group: reg2reg
     Startpoint: (R) ro_reg[1][1][11]/CK
          Clock: (R) CLK
       Endpoint: (F) ro_reg[1][2][11]/D
          Clock: (R) CLK

                     Capture       Launch     
        Clock Edge:+    2000            0     
       Src Latency:+       0            0     
       Net Latency:+       0 (I)        0 (I) 
           Arrival:=    2000            0     
                                              
             Setup:-     101                  
       Uncertainty:-     125                  
     Required Time:=    1774                  
      Launch Clock:-       0                  
         Data Path:-     111                  
             Slack:=    1663                  

#---------------------------------------------------------------------------------------------------
#    Timing Point     Flags    Arc   Edge             Cell               Fanout Trans Delay Arrival 
#                                                                                (ps)  (ps)   (ps)  
#---------------------------------------------------------------------------------------------------
  ro_reg[1][1][11]/CK -       -      R     (arrival)                       1856     0     0       0 
  ro_reg[1][1][11]/QN -       CK->QN R     DFFRPQNA_X1M_A9PP140ZTUL_C35       2    28    34      34 
  g43677/Y            -       B0N->Y R     AOI22BB_X0P5M_A9PP140ZTUL_C35      1    70    43      77 
  g41494/Y            -       A0->Y  F     OAI22_X0P5M_A9PP140ZTUL_C35        1   192    34     110 
  ro_reg[1][2][11]/D  -       -      F     DFFRPQNA_X1M_A9PP140ZTUL_C35       1     -     0     111 
#---------------------------------------------------------------------------------------------------



Path 67: MET (1663 ps) Setup Check with Pin ro_reg[1][2][10]/CK->D
           View: wc_analysis_view
          Group: reg2reg
     Startpoint: (R) ro_reg[1][1][10]/CK
          Clock: (R) CLK
       Endpoint: (F) ro_reg[1][2][10]/D
          Clock: (R) CLK

                     Capture       Launch     
        Clock Edge:+    2000            0     
       Src Latency:+       0            0     
       Net Latency:+       0 (I)        0 (I) 
           Arrival:=    2000            0     
                                              
             Setup:-     101                  
       Uncertainty:-     125                  
     Required Time:=    1774                  
      Launch Clock:-       0                  
         Data Path:-     111                  
             Slack:=    1663                  

#---------------------------------------------------------------------------------------------------
#    Timing Point     Flags    Arc   Edge             Cell               Fanout Trans Delay Arrival 
#                                                                                (ps)  (ps)   (ps)  
#---------------------------------------------------------------------------------------------------
  ro_reg[1][1][10]/CK -       -      R     (arrival)                       1856     0     0       0 
  ro_reg[1][1][10]/QN -       CK->QN R     DFFRPQNA_X1M_A9PP140ZTUL_C35       2    28    34      34 
  g43688/Y            -       B0N->Y R     AOI22BB_X0P5M_A9PP140ZTUL_C35      1    70    43      77 
  g41499/Y            -       A0->Y  F     OAI22_X0P5M_A9PP140ZTUL_C35        1   192    34     110 
  ro_reg[1][2][10]/D  -       -      F     DFFRPQNA_X1M_A9PP140ZTUL_C35       1     -     0     111 
#---------------------------------------------------------------------------------------------------



Path 68: MET (1663 ps) Setup Check with Pin ro_reg[1][2][9]/CK->D
           View: wc_analysis_view
          Group: reg2reg
     Startpoint: (R) ro_reg[1][1][9]/CK
          Clock: (R) CLK
       Endpoint: (F) ro_reg[1][2][9]/D
          Clock: (R) CLK

                     Capture       Launch     
        Clock Edge:+    2000            0     
       Src Latency:+       0            0     
       Net Latency:+       0 (I)        0 (I) 
           Arrival:=    2000            0     
                                              
             Setup:-     101                  
       Uncertainty:-     125                  
     Required Time:=    1774                  
      Launch Clock:-       0                  
         Data Path:-     111                  
             Slack:=    1663                  

#--------------------------------------------------------------------------------------------------
#   Timing Point     Flags    Arc   Edge             Cell               Fanout Trans Delay Arrival 
#                                                                               (ps)  (ps)   (ps)  
#--------------------------------------------------------------------------------------------------
  ro_reg[1][1][9]/CK -       -      R     (arrival)                       1856     0     0       0 
  ro_reg[1][1][9]/QN -       CK->QN R     DFFRPQNA_X1M_A9PP140ZTUL_C35       2    28    34      34 
  g43693/Y           -       B0N->Y R     AOI22BB_X0P5M_A9PP140ZTUL_C35      1    70    43      77 
  g41504/Y           -       A0->Y  F     OAI22_X0P5M_A9PP140ZTUL_C35        1   192    34     110 
  ro_reg[1][2][9]/D  -       -      F     DFFRPQNA_X1M_A9PP140ZTUL_C35       1     -     0     111 
#--------------------------------------------------------------------------------------------------



Path 69: MET (1663 ps) Setup Check with Pin ro_reg[1][2][8]/CK->D
           View: wc_analysis_view
          Group: reg2reg
     Startpoint: (R) ro_reg[1][1][8]/CK
          Clock: (R) CLK
       Endpoint: (F) ro_reg[1][2][8]/D
          Clock: (R) CLK

                     Capture       Launch     
        Clock Edge:+    2000            0     
       Src Latency:+       0            0     
       Net Latency:+       0 (I)        0 (I) 
           Arrival:=    2000            0     
                                              
             Setup:-     101                  
       Uncertainty:-     125                  
     Required Time:=    1774                  
      Launch Clock:-       0                  
         Data Path:-     111                  
             Slack:=    1663                  

#--------------------------------------------------------------------------------------------------
#   Timing Point     Flags    Arc   Edge             Cell               Fanout Trans Delay Arrival 
#                                                                               (ps)  (ps)   (ps)  
#--------------------------------------------------------------------------------------------------
  ro_reg[1][1][8]/CK -       -      R     (arrival)                       1856     0     0       0 
  ro_reg[1][1][8]/QN -       CK->QN R     DFFRPQNA_X1M_A9PP140ZTUL_C35       2    28    34      34 
  g43710/Y           -       B0N->Y R     AOI22BB_X0P5M_A9PP140ZTUL_C35      1    70    43      77 
  g41509/Y           -       A0->Y  F     OAI22_X0P5M_A9PP140ZTUL_C35        1   192    34     110 
  ro_reg[1][2][8]/D  -       -      F     DFFRPQNA_X1M_A9PP140ZTUL_C35       1     -     0     111 
#--------------------------------------------------------------------------------------------------



Path 70: MET (1663 ps) Setup Check with Pin ro_reg[1][2][7]/CK->D
           View: wc_analysis_view
          Group: reg2reg
     Startpoint: (R) ro_reg[1][1][7]/CK
          Clock: (R) CLK
       Endpoint: (F) ro_reg[1][2][7]/D
          Clock: (R) CLK

                     Capture       Launch     
        Clock Edge:+    2000            0     
       Src Latency:+       0            0     
       Net Latency:+       0 (I)        0 (I) 
           Arrival:=    2000            0     
                                              
             Setup:-     101                  
       Uncertainty:-     125                  
     Required Time:=    1774                  
      Launch Clock:-       0                  
         Data Path:-     111                  
             Slack:=    1663                  

#--------------------------------------------------------------------------------------------------
#   Timing Point     Flags    Arc   Edge             Cell               Fanout Trans Delay Arrival 
#                                                                               (ps)  (ps)   (ps)  
#--------------------------------------------------------------------------------------------------
  ro_reg[1][1][7]/CK -       -      R     (arrival)                       1856     0     0       0 
  ro_reg[1][1][7]/QN -       CK->QN R     DFFRPQNA_X1M_A9PP140ZTUL_C35       2    28    34      34 
  g43715/Y           -       B0N->Y R     AOI22BB_X0P5M_A9PP140ZTUL_C35      1    70    43      77 
  g41514/Y           -       A0->Y  F     OAI22_X0P5M_A9PP140ZTUL_C35        1   192    34     110 
  ro_reg[1][2][7]/D  -       -      F     DFFRPQNA_X1M_A9PP140ZTUL_C35       1     -     0     111 
#--------------------------------------------------------------------------------------------------



Path 71: MET (1663 ps) Setup Check with Pin ro_reg[1][2][6]/CK->D
           View: wc_analysis_view
          Group: reg2reg
     Startpoint: (R) ro_reg[1][1][6]/CK
          Clock: (R) CLK
       Endpoint: (F) ro_reg[1][2][6]/D
          Clock: (R) CLK

                     Capture       Launch     
        Clock Edge:+    2000            0     
       Src Latency:+       0            0     
       Net Latency:+       0 (I)        0 (I) 
           Arrival:=    2000            0     
                                              
             Setup:-     101                  
       Uncertainty:-     125                  
     Required Time:=    1774                  
      Launch Clock:-       0                  
         Data Path:-     111                  
             Slack:=    1663                  

#--------------------------------------------------------------------------------------------------
#   Timing Point     Flags    Arc   Edge             Cell               Fanout Trans Delay Arrival 
#                                                                               (ps)  (ps)   (ps)  
#--------------------------------------------------------------------------------------------------
  ro_reg[1][1][6]/CK -       -      R     (arrival)                       1856     0     0       0 
  ro_reg[1][1][6]/QN -       CK->QN R     DFFRPQNA_X1M_A9PP140ZTUL_C35       2    28    34      34 
  g43730/Y           -       B0N->Y R     AOI22BB_X0P5M_A9PP140ZTUL_C35      1    70    43      77 
  g41519/Y           -       A0->Y  F     OAI22_X0P5M_A9PP140ZTUL_C35        1   192    34     110 
  ro_reg[1][2][6]/D  -       -      F     DFFRPQNA_X1M_A9PP140ZTUL_C35       1     -     0     111 
#--------------------------------------------------------------------------------------------------



Path 72: MET (1663 ps) Setup Check with Pin ro_reg[1][2][5]/CK->D
           View: wc_analysis_view
          Group: reg2reg
     Startpoint: (R) ro_reg[1][1][5]/CK
          Clock: (R) CLK
       Endpoint: (F) ro_reg[1][2][5]/D
          Clock: (R) CLK

                     Capture       Launch     
        Clock Edge:+    2000            0     
       Src Latency:+       0            0     
       Net Latency:+       0 (I)        0 (I) 
           Arrival:=    2000            0     
                                              
             Setup:-     101                  
       Uncertainty:-     125                  
     Required Time:=    1774                  
      Launch Clock:-       0                  
         Data Path:-     111                  
             Slack:=    1663                  

#--------------------------------------------------------------------------------------------------
#   Timing Point     Flags    Arc   Edge             Cell               Fanout Trans Delay Arrival 
#                                                                               (ps)  (ps)   (ps)  
#--------------------------------------------------------------------------------------------------
  ro_reg[1][1][5]/CK -       -      R     (arrival)                       1856     0     0       0 
  ro_reg[1][1][5]/QN -       CK->QN R     DFFRPQNA_X1M_A9PP140ZTUL_C35       2    28    34      34 
  g43741/Y           -       B0N->Y R     AOI22BB_X0P5M_A9PP140ZTUL_C35      1    70    43      77 
  g41523/Y           -       A0->Y  F     OAI22_X0P5M_A9PP140ZTUL_C35        1   192    34     110 
  ro_reg[1][2][5]/D  -       -      F     DFFRPQNA_X1M_A9PP140ZTUL_C35       1     -     0     111 
#--------------------------------------------------------------------------------------------------



Path 73: MET (1663 ps) Setup Check with Pin ro_reg[0][3][15]/CK->D
           View: wc_analysis_view
          Group: reg2reg
     Startpoint: (R) ro_reg[0][2][15]/CK
          Clock: (R) CLK
       Endpoint: (F) ro_reg[0][3][15]/D
          Clock: (R) CLK

                     Capture       Launch     
        Clock Edge:+    2000            0     
       Src Latency:+       0            0     
       Net Latency:+       0 (I)        0 (I) 
           Arrival:=    2000            0     
                                              
             Setup:-     101                  
       Uncertainty:-     125                  
     Required Time:=    1774                  
      Launch Clock:-       0                  
         Data Path:-     111                  
             Slack:=    1663                  

#---------------------------------------------------------------------------------------------------
#    Timing Point     Flags    Arc   Edge             Cell               Fanout Trans Delay Arrival 
#                                                                                (ps)  (ps)   (ps)  
#---------------------------------------------------------------------------------------------------
  ro_reg[0][2][15]/CK -       -      R     (arrival)                       1856     0     0       0 
  ro_reg[0][2][15]/QN -       CK->QN R     DFFRPQNA_X1M_A9PP140ZTUL_C35       2    28    34      34 
  g43628/Y            -       B0N->Y R     AOI22BB_X0P5M_A9PP140ZTUL_C35      1    70    43      77 
  g41475/Y            -       A0->Y  F     OAI22_X0P5M_A9PP140ZTUL_C35        1   192    34     110 
  ro_reg[0][3][15]/D  -       -      F     DFFRPQNA_X1M_A9PP140ZTUL_C35       1     -     0     111 
#---------------------------------------------------------------------------------------------------



Path 74: MET (1663 ps) Setup Check with Pin ro_reg[0][3][14]/CK->D
           View: wc_analysis_view
          Group: reg2reg
     Startpoint: (R) ro_reg[0][2][14]/CK
          Clock: (R) CLK
       Endpoint: (F) ro_reg[0][3][14]/D
          Clock: (R) CLK

                     Capture       Launch     
        Clock Edge:+    2000            0     
       Src Latency:+       0            0     
       Net Latency:+       0 (I)        0 (I) 
           Arrival:=    2000            0     
                                              
             Setup:-     101                  
       Uncertainty:-     125                  
     Required Time:=    1774                  
      Launch Clock:-       0                  
         Data Path:-     111                  
             Slack:=    1663                  

#---------------------------------------------------------------------------------------------------
#    Timing Point     Flags    Arc   Edge             Cell               Fanout Trans Delay Arrival 
#                                                                                (ps)  (ps)   (ps)  
#---------------------------------------------------------------------------------------------------
  ro_reg[0][2][14]/CK -       -      R     (arrival)                       1856     0     0       0 
  ro_reg[0][2][14]/QN -       CK->QN R     DFFRPQNA_X1M_A9PP140ZTUL_C35       2    28    34      34 
  g43633/Y            -       B0N->Y R     AOI22BB_X0P5M_A9PP140ZTUL_C35      1    70    43      77 
  g41480/Y            -       A0->Y  F     OAI22_X0P5M_A9PP140ZTUL_C35        1   192    34     110 
  ro_reg[0][3][14]/D  -       -      F     DFFRPQNA_X1M_A9PP140ZTUL_C35       1     -     0     111 
#---------------------------------------------------------------------------------------------------



Path 75: MET (1663 ps) Setup Check with Pin ro_reg[0][3][13]/CK->D
           View: wc_analysis_view
          Group: reg2reg
     Startpoint: (R) ro_reg[0][2][13]/CK
          Clock: (R) CLK
       Endpoint: (F) ro_reg[0][3][13]/D
          Clock: (R) CLK

                     Capture       Launch     
        Clock Edge:+    2000            0     
       Src Latency:+       0            0     
       Net Latency:+       0 (I)        0 (I) 
           Arrival:=    2000            0     
                                              
             Setup:-     101                  
       Uncertainty:-     125                  
     Required Time:=    1774                  
      Launch Clock:-       0                  
         Data Path:-     111                  
             Slack:=    1663                  

#---------------------------------------------------------------------------------------------------
#    Timing Point     Flags    Arc   Edge             Cell               Fanout Trans Delay Arrival 
#                                                                                (ps)  (ps)   (ps)  
#---------------------------------------------------------------------------------------------------
  ro_reg[0][2][13]/CK -       -      R     (arrival)                       1856     0     0       0 
  ro_reg[0][2][13]/QN -       CK->QN R     DFFRPQNA_X1M_A9PP140ZTUL_C35       2    28    34      34 
  g43652/Y            -       B0N->Y R     AOI22BB_X0P5M_A9PP140ZTUL_C35      1    70    43      77 
  g41485/Y            -       A0->Y  F     OAI22_X0P5M_A9PP140ZTUL_C35        1   192    34     110 
  ro_reg[0][3][13]/D  -       -      F     DFFRPQNA_X1M_A9PP140ZTUL_C35       1     -     0     111 
#---------------------------------------------------------------------------------------------------



Path 76: MET (1663 ps) Setup Check with Pin ro_reg[0][3][12]/CK->D
           View: wc_analysis_view
          Group: reg2reg
     Startpoint: (R) ro_reg[0][2][12]/CK
          Clock: (R) CLK
       Endpoint: (F) ro_reg[0][3][12]/D
          Clock: (R) CLK

                     Capture       Launch     
        Clock Edge:+    2000            0     
       Src Latency:+       0            0     
       Net Latency:+       0 (I)        0 (I) 
           Arrival:=    2000            0     
                                              
             Setup:-     101                  
       Uncertainty:-     125                  
     Required Time:=    1774                  
      Launch Clock:-       0                  
         Data Path:-     111                  
             Slack:=    1663                  

#---------------------------------------------------------------------------------------------------
#    Timing Point     Flags    Arc   Edge             Cell               Fanout Trans Delay Arrival 
#                                                                                (ps)  (ps)   (ps)  
#---------------------------------------------------------------------------------------------------
  ro_reg[0][2][12]/CK -       -      R     (arrival)                       1856     0     0       0 
  ro_reg[0][2][12]/QN -       CK->QN R     DFFRPQNA_X1M_A9PP140ZTUL_C35       2    28    34      34 
  g43673/Y            -       B0N->Y R     AOI22BB_X0P5M_A9PP140ZTUL_C35      1    70    43      77 
  g41490/Y            -       A0->Y  F     OAI22_X0P5M_A9PP140ZTUL_C35        1   192    34     110 
  ro_reg[0][3][12]/D  -       -      F     DFFRPQNA_X1M_A9PP140ZTUL_C35       1     -     0     111 
#---------------------------------------------------------------------------------------------------



Path 77: MET (1663 ps) Setup Check with Pin ro_reg[0][3][11]/CK->D
           View: wc_analysis_view
          Group: reg2reg
     Startpoint: (R) ro_reg[0][2][11]/CK
          Clock: (R) CLK
       Endpoint: (F) ro_reg[0][3][11]/D
          Clock: (R) CLK

                     Capture       Launch     
        Clock Edge:+    2000            0     
       Src Latency:+       0            0     
       Net Latency:+       0 (I)        0 (I) 
           Arrival:=    2000            0     
                                              
             Setup:-     101                  
       Uncertainty:-     125                  
     Required Time:=    1774                  
      Launch Clock:-       0                  
         Data Path:-     111                  
             Slack:=    1663                  

#---------------------------------------------------------------------------------------------------
#    Timing Point     Flags    Arc   Edge             Cell               Fanout Trans Delay Arrival 
#                                                                                (ps)  (ps)   (ps)  
#---------------------------------------------------------------------------------------------------
  ro_reg[0][2][11]/CK -       -      R     (arrival)                       1856     0     0       0 
  ro_reg[0][2][11]/QN -       CK->QN R     DFFRPQNA_X1M_A9PP140ZTUL_C35       2    28    34      34 
  g43680/Y            -       B0N->Y R     AOI22BB_X0P5M_A9PP140ZTUL_C35      1    70    43      77 
  g41495/Y            -       A0->Y  F     OAI22_X0P5M_A9PP140ZTUL_C35        1   192    34     110 
  ro_reg[0][3][11]/D  -       -      F     DFFRPQNA_X1M_A9PP140ZTUL_C35       1     -     0     111 
#---------------------------------------------------------------------------------------------------



Path 78: MET (1663 ps) Setup Check with Pin ro_reg[0][3][10]/CK->D
           View: wc_analysis_view
          Group: reg2reg
     Startpoint: (R) ro_reg[0][2][10]/CK
          Clock: (R) CLK
       Endpoint: (F) ro_reg[0][3][10]/D
          Clock: (R) CLK

                     Capture       Launch     
        Clock Edge:+    2000            0     
       Src Latency:+       0            0     
       Net Latency:+       0 (I)        0 (I) 
           Arrival:=    2000            0     
                                              
             Setup:-     101                  
       Uncertainty:-     125                  
     Required Time:=    1774                  
      Launch Clock:-       0                  
         Data Path:-     111                  
             Slack:=    1663                  

#---------------------------------------------------------------------------------------------------
#    Timing Point     Flags    Arc   Edge             Cell               Fanout Trans Delay Arrival 
#                                                                                (ps)  (ps)   (ps)  
#---------------------------------------------------------------------------------------------------
  ro_reg[0][2][10]/CK -       -      R     (arrival)                       1856     0     0       0 
  ro_reg[0][2][10]/QN -       CK->QN R     DFFRPQNA_X1M_A9PP140ZTUL_C35       2    28    34      34 
  g43691/Y            -       B0N->Y R     AOI22BB_X0P5M_A9PP140ZTUL_C35      1    70    43      77 
  g41500/Y            -       A0->Y  F     OAI22_X0P5M_A9PP140ZTUL_C35        1   192    34     110 
  ro_reg[0][3][10]/D  -       -      F     DFFRPQNA_X1M_A9PP140ZTUL_C35       1     -     0     111 
#---------------------------------------------------------------------------------------------------



Path 79: MET (1663 ps) Setup Check with Pin ro_reg[0][3][9]/CK->D
           View: wc_analysis_view
          Group: reg2reg
     Startpoint: (R) ro_reg[0][2][9]/CK
          Clock: (R) CLK
       Endpoint: (F) ro_reg[0][3][9]/D
          Clock: (R) CLK

                     Capture       Launch     
        Clock Edge:+    2000            0     
       Src Latency:+       0            0     
       Net Latency:+       0 (I)        0 (I) 
           Arrival:=    2000            0     
                                              
             Setup:-     101                  
       Uncertainty:-     125                  
     Required Time:=    1774                  
      Launch Clock:-       0                  
         Data Path:-     111                  
             Slack:=    1663                  

#--------------------------------------------------------------------------------------------------
#   Timing Point     Flags    Arc   Edge             Cell               Fanout Trans Delay Arrival 
#                                                                               (ps)  (ps)   (ps)  
#--------------------------------------------------------------------------------------------------
  ro_reg[0][2][9]/CK -       -      R     (arrival)                       1856     0     0       0 
  ro_reg[0][2][9]/QN -       CK->QN R     DFFRPQNA_X1M_A9PP140ZTUL_C35       2    28    34      34 
  g43696/Y           -       B0N->Y R     AOI22BB_X0P5M_A9PP140ZTUL_C35      1    70    43      77 
  g41505/Y           -       A0->Y  F     OAI22_X0P5M_A9PP140ZTUL_C35        1   192    34     110 
  ro_reg[0][3][9]/D  -       -      F     DFFRPQNA_X1M_A9PP140ZTUL_C35       1     -     0     111 
#--------------------------------------------------------------------------------------------------



Path 80: MET (1663 ps) Setup Check with Pin ro_reg[0][3][8]/CK->D
           View: wc_analysis_view
          Group: reg2reg
     Startpoint: (R) ro_reg[0][2][8]/CK
          Clock: (R) CLK
       Endpoint: (F) ro_reg[0][3][8]/D
          Clock: (R) CLK

                     Capture       Launch     
        Clock Edge:+    2000            0     
       Src Latency:+       0            0     
       Net Latency:+       0 (I)        0 (I) 
           Arrival:=    2000            0     
                                              
             Setup:-     101                  
       Uncertainty:-     125                  
     Required Time:=    1774                  
      Launch Clock:-       0                  
         Data Path:-     111                  
             Slack:=    1663                  

#--------------------------------------------------------------------------------------------------
#   Timing Point     Flags    Arc   Edge             Cell               Fanout Trans Delay Arrival 
#                                                                               (ps)  (ps)   (ps)  
#--------------------------------------------------------------------------------------------------
  ro_reg[0][2][8]/CK -       -      R     (arrival)                       1856     0     0       0 
  ro_reg[0][2][8]/QN -       CK->QN R     DFFRPQNA_X1M_A9PP140ZTUL_C35       2    28    34      34 
  g43713/Y           -       B0N->Y R     AOI22BB_X0P5M_A9PP140ZTUL_C35      1    70    43      77 
  g41510/Y           -       A0->Y  F     OAI22_X0P5M_A9PP140ZTUL_C35        1   192    34     110 
  ro_reg[0][3][8]/D  -       -      F     DFFRPQNA_X1M_A9PP140ZTUL_C35       1     -     0     111 
#--------------------------------------------------------------------------------------------------



Path 81: MET (1663 ps) Setup Check with Pin ro_reg[0][3][7]/CK->D
           View: wc_analysis_view
          Group: reg2reg
     Startpoint: (R) ro_reg[0][2][7]/CK
          Clock: (R) CLK
       Endpoint: (F) ro_reg[0][3][7]/D
          Clock: (R) CLK

                     Capture       Launch     
        Clock Edge:+    2000            0     
       Src Latency:+       0            0     
       Net Latency:+       0 (I)        0 (I) 
           Arrival:=    2000            0     
                                              
             Setup:-     101                  
       Uncertainty:-     125                  
     Required Time:=    1774                  
      Launch Clock:-       0                  
         Data Path:-     111                  
             Slack:=    1663                  

#--------------------------------------------------------------------------------------------------
#   Timing Point     Flags    Arc   Edge             Cell               Fanout Trans Delay Arrival 
#                                                                               (ps)  (ps)   (ps)  
#--------------------------------------------------------------------------------------------------
  ro_reg[0][2][7]/CK -       -      R     (arrival)                       1856     0     0       0 
  ro_reg[0][2][7]/QN -       CK->QN R     DFFRPQNA_X1M_A9PP140ZTUL_C35       2    28    34      34 
  g43718/Y           -       B0N->Y R     AOI22BB_X0P5M_A9PP140ZTUL_C35      1    70    43      77 
  g41515/Y           -       A0->Y  F     OAI22_X0P5M_A9PP140ZTUL_C35        1   192    34     110 
  ro_reg[0][3][7]/D  -       -      F     DFFRPQNA_X1M_A9PP140ZTUL_C35       1     -     0     111 
#--------------------------------------------------------------------------------------------------



Path 82: MET (1663 ps) Setup Check with Pin ro_reg[0][3][6]/CK->D
           View: wc_analysis_view
          Group: reg2reg
     Startpoint: (R) ro_reg[0][2][6]/CK
          Clock: (R) CLK
       Endpoint: (F) ro_reg[0][3][6]/D
          Clock: (R) CLK

                     Capture       Launch     
        Clock Edge:+    2000            0     
       Src Latency:+       0            0     
       Net Latency:+       0 (I)        0 (I) 
           Arrival:=    2000            0     
                                              
             Setup:-     101                  
       Uncertainty:-     125                  
     Required Time:=    1774                  
      Launch Clock:-       0                  
         Data Path:-     111                  
             Slack:=    1663                  

#--------------------------------------------------------------------------------------------------
#   Timing Point     Flags    Arc   Edge             Cell               Fanout Trans Delay Arrival 
#                                                                               (ps)  (ps)   (ps)  
#--------------------------------------------------------------------------------------------------
  ro_reg[0][2][6]/CK -       -      R     (arrival)                       1856     0     0       0 
  ro_reg[0][2][6]/QN -       CK->QN R     DFFRPQNA_X1M_A9PP140ZTUL_C35       2    28    34      34 
  g43733/Y           -       B0N->Y R     AOI22BB_X0P5M_A9PP140ZTUL_C35      1    70    43      77 
  g41520/Y           -       A0->Y  F     OAI22_X0P5M_A9PP140ZTUL_C35        1   192    34     110 
  ro_reg[0][3][6]/D  -       -      F     DFFRPQNA_X1M_A9PP140ZTUL_C35       1     -     0     111 
#--------------------------------------------------------------------------------------------------



Path 83: MET (1663 ps) Setup Check with Pin ro_reg[0][3][5]/CK->D
           View: wc_analysis_view
          Group: reg2reg
     Startpoint: (R) ro_reg[0][2][5]/CK
          Clock: (R) CLK
       Endpoint: (F) ro_reg[0][3][5]/D
          Clock: (R) CLK

                     Capture       Launch     
        Clock Edge:+    2000            0     
       Src Latency:+       0            0     
       Net Latency:+       0 (I)        0 (I) 
           Arrival:=    2000            0     
                                              
             Setup:-     101                  
       Uncertainty:-     125                  
     Required Time:=    1774                  
      Launch Clock:-       0                  
         Data Path:-     111                  
             Slack:=    1663                  

#--------------------------------------------------------------------------------------------------
#   Timing Point     Flags    Arc   Edge             Cell               Fanout Trans Delay Arrival 
#                                                                               (ps)  (ps)   (ps)  
#--------------------------------------------------------------------------------------------------
  ro_reg[0][2][5]/CK -       -      R     (arrival)                       1856     0     0       0 
  ro_reg[0][2][5]/QN -       CK->QN R     DFFRPQNA_X1M_A9PP140ZTUL_C35       2    28    34      34 
  g43744/Y           -       B0N->Y R     AOI22BB_X0P5M_A9PP140ZTUL_C35      1    70    43      77 
  g41524/Y           -       A0->Y  F     OAI22_X0P5M_A9PP140ZTUL_C35        1   192    34     110 
  ro_reg[0][3][5]/D  -       -      F     DFFRPQNA_X1M_A9PP140ZTUL_C35       1     -     0     111 
#--------------------------------------------------------------------------------------------------



Path 84: MET (1663 ps) Setup Check with Pin ro_reg[2][2][15]/CK->D
           View: wc_analysis_view
          Group: reg2reg
     Startpoint: (R) ro_reg[2][1][15]/CK
          Clock: (R) CLK
       Endpoint: (F) ro_reg[2][2][15]/D
          Clock: (R) CLK

                     Capture       Launch     
        Clock Edge:+    2000            0     
       Src Latency:+       0            0     
       Net Latency:+       0 (I)        0 (I) 
           Arrival:=    2000            0     
                                              
             Setup:-      93                  
       Uncertainty:-     125                  
     Required Time:=    1782                  
      Launch Clock:-       0                  
         Data Path:-     119                  
             Slack:=    1663                  

#---------------------------------------------------------------------------------------------------
#    Timing Point     Flags    Arc   Edge             Cell               Fanout Trans Delay Arrival 
#                                                                                (ps)  (ps)   (ps)  
#---------------------------------------------------------------------------------------------------
  ro_reg[2][1][15]/CK -       -      R     (arrival)                       1856     0     0       0 
  ro_reg[2][1][15]/QN -       CK->QN R     DFFRPQNA_X1M_A9PP140ZTUL_C35       2    28    34      34 
  g42715/Y            -       B0N->Y R     AOI22BB_X0P5M_A9PP140ZTUL_C35      1   169    43      77 
  g41081/Y            -       A1->Y  F     OAI22_X0P5M_A9PP140ZTUL_C35        1   163    42     119 
  ro_reg[2][2][15]/D  -       -      F     DFFRPQNA_X1M_A9PP140ZTUL_C35       1     -     0     119 
#---------------------------------------------------------------------------------------------------



Path 85: MET (1663 ps) Setup Check with Pin ro_reg[2][2][14]/CK->D
           View: wc_analysis_view
          Group: reg2reg
     Startpoint: (R) ro_reg[2][1][14]/CK
          Clock: (R) CLK
       Endpoint: (F) ro_reg[2][2][14]/D
          Clock: (R) CLK

                     Capture       Launch     
        Clock Edge:+    2000            0     
       Src Latency:+       0            0     
       Net Latency:+       0 (I)        0 (I) 
           Arrival:=    2000            0     
                                              
             Setup:-      93                  
       Uncertainty:-     125                  
     Required Time:=    1782                  
      Launch Clock:-       0                  
         Data Path:-     119                  
             Slack:=    1663                  

#---------------------------------------------------------------------------------------------------
#    Timing Point     Flags    Arc   Edge             Cell               Fanout Trans Delay Arrival 
#                                                                                (ps)  (ps)   (ps)  
#---------------------------------------------------------------------------------------------------
  ro_reg[2][1][14]/CK -       -      R     (arrival)                       1856     0     0       0 
  ro_reg[2][1][14]/QN -       CK->QN R     DFFRPQNA_X1M_A9PP140ZTUL_C35       2    28    34      34 
  g42714/Y            -       B0N->Y R     AOI22BB_X0P5M_A9PP140ZTUL_C35      1   169    43      77 
  g41080/Y            -       A1->Y  F     OAI22_X0P5M_A9PP140ZTUL_C35        1   163    42     119 
  ro_reg[2][2][14]/D  -       -      F     DFFRPQNA_X1M_A9PP140ZTUL_C35       1     -     0     119 
#---------------------------------------------------------------------------------------------------



Path 86: MET (1663 ps) Setup Check with Pin ro_reg[2][2][13]/CK->D
           View: wc_analysis_view
          Group: reg2reg
     Startpoint: (R) ro_reg[2][1][13]/CK
          Clock: (R) CLK
       Endpoint: (F) ro_reg[2][2][13]/D
          Clock: (R) CLK

                     Capture       Launch     
        Clock Edge:+    2000            0     
       Src Latency:+       0            0     
       Net Latency:+       0 (I)        0 (I) 
           Arrival:=    2000            0     
                                              
             Setup:-      93                  
       Uncertainty:-     125                  
     Required Time:=    1782                  
      Launch Clock:-       0                  
         Data Path:-     119                  
             Slack:=    1663                  

#---------------------------------------------------------------------------------------------------
#    Timing Point     Flags    Arc   Edge             Cell               Fanout Trans Delay Arrival 
#                                                                                (ps)  (ps)   (ps)  
#---------------------------------------------------------------------------------------------------
  ro_reg[2][1][13]/CK -       -      R     (arrival)                       1856     0     0       0 
  ro_reg[2][1][13]/QN -       CK->QN R     DFFRPQNA_X1M_A9PP140ZTUL_C35       2    28    34      34 
  g42713/Y            -       B0N->Y R     AOI22BB_X0P5M_A9PP140ZTUL_C35      1   169    43      77 
  g41079/Y            -       A1->Y  F     OAI22_X0P5M_A9PP140ZTUL_C35        1   163    42     119 
  ro_reg[2][2][13]/D  -       -      F     DFFRPQNA_X1M_A9PP140ZTUL_C35       1     -     0     119 
#---------------------------------------------------------------------------------------------------



Path 87: MET (1663 ps) Setup Check with Pin ro_reg[2][2][12]/CK->D
           View: wc_analysis_view
          Group: reg2reg
     Startpoint: (R) ro_reg[2][1][12]/CK
          Clock: (R) CLK
       Endpoint: (F) ro_reg[2][2][12]/D
          Clock: (R) CLK

                     Capture       Launch     
        Clock Edge:+    2000            0     
       Src Latency:+       0            0     
       Net Latency:+       0 (I)        0 (I) 
           Arrival:=    2000            0     
                                              
             Setup:-      93                  
       Uncertainty:-     125                  
     Required Time:=    1782                  
      Launch Clock:-       0                  
         Data Path:-     119                  
             Slack:=    1663                  

#---------------------------------------------------------------------------------------------------
#    Timing Point     Flags    Arc   Edge             Cell               Fanout Trans Delay Arrival 
#                                                                                (ps)  (ps)   (ps)  
#---------------------------------------------------------------------------------------------------
  ro_reg[2][1][12]/CK -       -      R     (arrival)                       1856     0     0       0 
  ro_reg[2][1][12]/QN -       CK->QN R     DFFRPQNA_X1M_A9PP140ZTUL_C35       2    28    34      34 
  g42712/Y            -       B0N->Y R     AOI22BB_X0P5M_A9PP140ZTUL_C35      1   169    43      77 
  g41078/Y            -       A1->Y  F     OAI22_X0P5M_A9PP140ZTUL_C35        1   163    42     119 
  ro_reg[2][2][12]/D  -       -      F     DFFRPQNA_X1M_A9PP140ZTUL_C35       1     -     0     119 
#---------------------------------------------------------------------------------------------------



Path 88: MET (1663 ps) Setup Check with Pin ro_reg[2][2][11]/CK->D
           View: wc_analysis_view
          Group: reg2reg
     Startpoint: (R) ro_reg[2][1][11]/CK
          Clock: (R) CLK
       Endpoint: (F) ro_reg[2][2][11]/D
          Clock: (R) CLK

                     Capture       Launch     
        Clock Edge:+    2000            0     
       Src Latency:+       0            0     
       Net Latency:+       0 (I)        0 (I) 
           Arrival:=    2000            0     
                                              
             Setup:-      93                  
       Uncertainty:-     125                  
     Required Time:=    1782                  
      Launch Clock:-       0                  
         Data Path:-     119                  
             Slack:=    1663                  

#---------------------------------------------------------------------------------------------------
#    Timing Point     Flags    Arc   Edge             Cell               Fanout Trans Delay Arrival 
#                                                                                (ps)  (ps)   (ps)  
#---------------------------------------------------------------------------------------------------
  ro_reg[2][1][11]/CK -       -      R     (arrival)                       1856     0     0       0 
  ro_reg[2][1][11]/QN -       CK->QN R     DFFRPQNA_X1M_A9PP140ZTUL_C35       2    28    34      34 
  g42711/Y            -       B0N->Y R     AOI22BB_X0P5M_A9PP140ZTUL_C35      1   169    43      77 
  g41077/Y            -       A1->Y  F     OAI22_X0P5M_A9PP140ZTUL_C35        1   163    42     119 
  ro_reg[2][2][11]/D  -       -      F     DFFRPQNA_X1M_A9PP140ZTUL_C35       1     -     0     119 
#---------------------------------------------------------------------------------------------------



Path 89: MET (1663 ps) Setup Check with Pin ro_reg[2][2][10]/CK->D
           View: wc_analysis_view
          Group: reg2reg
     Startpoint: (R) ro_reg[2][1][10]/CK
          Clock: (R) CLK
       Endpoint: (F) ro_reg[2][2][10]/D
          Clock: (R) CLK

                     Capture       Launch     
        Clock Edge:+    2000            0     
       Src Latency:+       0            0     
       Net Latency:+       0 (I)        0 (I) 
           Arrival:=    2000            0     
                                              
             Setup:-      93                  
       Uncertainty:-     125                  
     Required Time:=    1782                  
      Launch Clock:-       0                  
         Data Path:-     119                  
             Slack:=    1663                  

#---------------------------------------------------------------------------------------------------
#    Timing Point     Flags    Arc   Edge             Cell               Fanout Trans Delay Arrival 
#                                                                                (ps)  (ps)   (ps)  
#---------------------------------------------------------------------------------------------------
  ro_reg[2][1][10]/CK -       -      R     (arrival)                       1856     0     0       0 
  ro_reg[2][1][10]/QN -       CK->QN R     DFFRPQNA_X1M_A9PP140ZTUL_C35       2    28    34      34 
  g42710/Y            -       B0N->Y R     AOI22BB_X0P5M_A9PP140ZTUL_C35      1   169    43      77 
  g41076/Y            -       A1->Y  F     OAI22_X0P5M_A9PP140ZTUL_C35        1   163    42     119 
  ro_reg[2][2][10]/D  -       -      F     DFFRPQNA_X1M_A9PP140ZTUL_C35       1     -     0     119 
#---------------------------------------------------------------------------------------------------



Path 90: MET (1663 ps) Setup Check with Pin ro_reg[2][2][9]/CK->D
           View: wc_analysis_view
          Group: reg2reg
     Startpoint: (R) ro_reg[2][1][9]/CK
          Clock: (R) CLK
       Endpoint: (F) ro_reg[2][2][9]/D
          Clock: (R) CLK

                     Capture       Launch     
        Clock Edge:+    2000            0     
       Src Latency:+       0            0     
       Net Latency:+       0 (I)        0 (I) 
           Arrival:=    2000            0     
                                              
             Setup:-      93                  
       Uncertainty:-     125                  
     Required Time:=    1782                  
      Launch Clock:-       0                  
         Data Path:-     119                  
             Slack:=    1663                  

#--------------------------------------------------------------------------------------------------
#   Timing Point     Flags    Arc   Edge             Cell               Fanout Trans Delay Arrival 
#                                                                               (ps)  (ps)   (ps)  
#--------------------------------------------------------------------------------------------------
  ro_reg[2][1][9]/CK -       -      R     (arrival)                       1856     0     0       0 
  ro_reg[2][1][9]/QN -       CK->QN R     DFFRPQNA_X1M_A9PP140ZTUL_C35       2    28    34      34 
  g42709/Y           -       B0N->Y R     AOI22BB_X0P5M_A9PP140ZTUL_C35      1   169    43      77 
  g41075/Y           -       A1->Y  F     OAI22_X0P5M_A9PP140ZTUL_C35        1   163    42     119 
  ro_reg[2][2][9]/D  -       -      F     DFFRPQNA_X1M_A9PP140ZTUL_C35       1     -     0     119 
#--------------------------------------------------------------------------------------------------



Path 91: MET (1663 ps) Setup Check with Pin ro_reg[2][2][8]/CK->D
           View: wc_analysis_view
          Group: reg2reg
     Startpoint: (R) ro_reg[2][1][8]/CK
          Clock: (R) CLK
       Endpoint: (F) ro_reg[2][2][8]/D
          Clock: (R) CLK

                     Capture       Launch     
        Clock Edge:+    2000            0     
       Src Latency:+       0            0     
       Net Latency:+       0 (I)        0 (I) 
           Arrival:=    2000            0     
                                              
             Setup:-      93                  
       Uncertainty:-     125                  
     Required Time:=    1782                  
      Launch Clock:-       0                  
         Data Path:-     119                  
             Slack:=    1663                  

#--------------------------------------------------------------------------------------------------
#   Timing Point     Flags    Arc   Edge             Cell               Fanout Trans Delay Arrival 
#                                                                               (ps)  (ps)   (ps)  
#--------------------------------------------------------------------------------------------------
  ro_reg[2][1][8]/CK -       -      R     (arrival)                       1856     0     0       0 
  ro_reg[2][1][8]/QN -       CK->QN R     DFFRPQNA_X1M_A9PP140ZTUL_C35       2    28    34      34 
  g42708/Y           -       B0N->Y R     AOI22BB_X0P5M_A9PP140ZTUL_C35      1   169    43      77 
  g41074/Y           -       A1->Y  F     OAI22_X0P5M_A9PP140ZTUL_C35        1   163    42     119 
  ro_reg[2][2][8]/D  -       -      F     DFFRPQNA_X1M_A9PP140ZTUL_C35       1     -     0     119 
#--------------------------------------------------------------------------------------------------



Path 92: MET (1663 ps) Setup Check with Pin ro_reg[2][2][7]/CK->D
           View: wc_analysis_view
          Group: reg2reg
     Startpoint: (R) ro_reg[2][1][7]/CK
          Clock: (R) CLK
       Endpoint: (F) ro_reg[2][2][7]/D
          Clock: (R) CLK

                     Capture       Launch     
        Clock Edge:+    2000            0     
       Src Latency:+       0            0     
       Net Latency:+       0 (I)        0 (I) 
           Arrival:=    2000            0     
                                              
             Setup:-      93                  
       Uncertainty:-     125                  
     Required Time:=    1782                  
      Launch Clock:-       0                  
         Data Path:-     119                  
             Slack:=    1663                  

#--------------------------------------------------------------------------------------------------
#   Timing Point     Flags    Arc   Edge             Cell               Fanout Trans Delay Arrival 
#                                                                               (ps)  (ps)   (ps)  
#--------------------------------------------------------------------------------------------------
  ro_reg[2][1][7]/CK -       -      R     (arrival)                       1856     0     0       0 
  ro_reg[2][1][7]/QN -       CK->QN R     DFFRPQNA_X1M_A9PP140ZTUL_C35       2    28    34      34 
  g42707/Y           -       B0N->Y R     AOI22BB_X0P5M_A9PP140ZTUL_C35      1   169    43      77 
  g41073/Y           -       A1->Y  F     OAI22_X0P5M_A9PP140ZTUL_C35        1   163    42     119 
  ro_reg[2][2][7]/D  -       -      F     DFFRPQNA_X1M_A9PP140ZTUL_C35       1     -     0     119 
#--------------------------------------------------------------------------------------------------



Path 93: MET (1663 ps) Setup Check with Pin ro_reg[2][2][6]/CK->D
           View: wc_analysis_view
          Group: reg2reg
     Startpoint: (R) ro_reg[2][1][6]/CK
          Clock: (R) CLK
       Endpoint: (F) ro_reg[2][2][6]/D
          Clock: (R) CLK

                     Capture       Launch     
        Clock Edge:+    2000            0     
       Src Latency:+       0            0     
       Net Latency:+       0 (I)        0 (I) 
           Arrival:=    2000            0     
                                              
             Setup:-      93                  
       Uncertainty:-     125                  
     Required Time:=    1782                  
      Launch Clock:-       0                  
         Data Path:-     119                  
             Slack:=    1663                  

#--------------------------------------------------------------------------------------------------
#   Timing Point     Flags    Arc   Edge             Cell               Fanout Trans Delay Arrival 
#                                                                               (ps)  (ps)   (ps)  
#--------------------------------------------------------------------------------------------------
  ro_reg[2][1][6]/CK -       -      R     (arrival)                       1856     0     0       0 
  ro_reg[2][1][6]/QN -       CK->QN R     DFFRPQNA_X1M_A9PP140ZTUL_C35       2    28    34      34 
  g42706/Y           -       B0N->Y R     AOI22BB_X0P5M_A9PP140ZTUL_C35      1   169    43      77 
  g41072/Y           -       A1->Y  F     OAI22_X0P5M_A9PP140ZTUL_C35        1   163    42     119 
  ro_reg[2][2][6]/D  -       -      F     DFFRPQNA_X1M_A9PP140ZTUL_C35       1     -     0     119 
#--------------------------------------------------------------------------------------------------



Path 94: MET (1663 ps) Setup Check with Pin ro_reg[2][2][5]/CK->D
           View: wc_analysis_view
          Group: reg2reg
     Startpoint: (R) ro_reg[2][1][5]/CK
          Clock: (R) CLK
       Endpoint: (F) ro_reg[2][2][5]/D
          Clock: (R) CLK

                     Capture       Launch     
        Clock Edge:+    2000            0     
       Src Latency:+       0            0     
       Net Latency:+       0 (I)        0 (I) 
           Arrival:=    2000            0     
                                              
             Setup:-      93                  
       Uncertainty:-     125                  
     Required Time:=    1782                  
      Launch Clock:-       0                  
         Data Path:-     119                  
             Slack:=    1663                  

#--------------------------------------------------------------------------------------------------
#   Timing Point     Flags    Arc   Edge             Cell               Fanout Trans Delay Arrival 
#                                                                               (ps)  (ps)   (ps)  
#--------------------------------------------------------------------------------------------------
  ro_reg[2][1][5]/CK -       -      R     (arrival)                       1856     0     0       0 
  ro_reg[2][1][5]/QN -       CK->QN R     DFFRPQNA_X1M_A9PP140ZTUL_C35       2    28    34      34 
  g42705/Y           -       B0N->Y R     AOI22BB_X0P5M_A9PP140ZTUL_C35      1   169    43      77 
  g41070/Y           -       A1->Y  F     OAI22_X0P5M_A9PP140ZTUL_C35        1   163    42     119 
  ro_reg[2][2][5]/D  -       -      F     DFFRPQNA_X1M_A9PP140ZTUL_C35       1     -     0     119 
#--------------------------------------------------------------------------------------------------



Path 95: MET (1663 ps) Setup Check with Pin ro_reg[2][2][4]/CK->D
           View: wc_analysis_view
          Group: reg2reg
     Startpoint: (R) ro_reg[2][1][4]/CK
          Clock: (R) CLK
       Endpoint: (F) ro_reg[2][2][4]/D
          Clock: (R) CLK

                     Capture       Launch     
        Clock Edge:+    2000            0     
       Src Latency:+       0            0     
       Net Latency:+       0 (I)        0 (I) 
           Arrival:=    2000            0     
                                              
             Setup:-      93                  
       Uncertainty:-     125                  
     Required Time:=    1782                  
      Launch Clock:-       0                  
         Data Path:-     119                  
             Slack:=    1663                  

#--------------------------------------------------------------------------------------------------
#   Timing Point     Flags    Arc   Edge             Cell               Fanout Trans Delay Arrival 
#                                                                               (ps)  (ps)   (ps)  
#--------------------------------------------------------------------------------------------------
  ro_reg[2][1][4]/CK -       -      R     (arrival)                       1856     0     0       0 
  ro_reg[2][1][4]/QN -       CK->QN R     DFFRPQNA_X1M_A9PP140ZTUL_C35       2    28    34      34 
  g42704/Y           -       B0N->Y R     AOI22BB_X0P5M_A9PP140ZTUL_C35      1   169    43      77 
  g41068/Y           -       A1->Y  F     OAI22_X0P5M_A9PP140ZTUL_C35        1   163    42     119 
  ro_reg[2][2][4]/D  -       -      F     DFFRPQNA_X1M_A9PP140ZTUL_C35       1     -     0     119 
#--------------------------------------------------------------------------------------------------



Path 96: MET (1663 ps) Setup Check with Pin ro_reg[2][2][3]/CK->D
           View: wc_analysis_view
          Group: reg2reg
     Startpoint: (R) ro_reg[2][1][3]/CK
          Clock: (R) CLK
       Endpoint: (F) ro_reg[2][2][3]/D
          Clock: (R) CLK

                     Capture       Launch     
        Clock Edge:+    2000            0     
       Src Latency:+       0            0     
       Net Latency:+       0 (I)        0 (I) 
           Arrival:=    2000            0     
                                              
             Setup:-      93                  
       Uncertainty:-     125                  
     Required Time:=    1782                  
      Launch Clock:-       0                  
         Data Path:-     119                  
             Slack:=    1663                  

#--------------------------------------------------------------------------------------------------
#   Timing Point     Flags    Arc   Edge             Cell               Fanout Trans Delay Arrival 
#                                                                               (ps)  (ps)   (ps)  
#--------------------------------------------------------------------------------------------------
  ro_reg[2][1][3]/CK -       -      R     (arrival)                       1856     0     0       0 
  ro_reg[2][1][3]/QN -       CK->QN R     DFFRPQNA_X1M_A9PP140ZTUL_C35       2    28    34      34 
  g42703/Y           -       B0N->Y R     AOI22BB_X0P5M_A9PP140ZTUL_C35      1   169    43      77 
  g41071/Y           -       A1->Y  F     OAI22_X0P5M_A9PP140ZTUL_C35        1   163    42     119 
  ro_reg[2][2][3]/D  -       -      F     DFFRPQNA_X1M_A9PP140ZTUL_C35       1     -     0     119 
#--------------------------------------------------------------------------------------------------



Path 97: MET (1663 ps) Setup Check with Pin ro_reg[2][2][2]/CK->D
           View: wc_analysis_view
          Group: reg2reg
     Startpoint: (R) ro_reg[2][1][2]/CK
          Clock: (R) CLK
       Endpoint: (F) ro_reg[2][2][2]/D
          Clock: (R) CLK

                     Capture       Launch     
        Clock Edge:+    2000            0     
       Src Latency:+       0            0     
       Net Latency:+       0 (I)        0 (I) 
           Arrival:=    2000            0     
                                              
             Setup:-      93                  
       Uncertainty:-     125                  
     Required Time:=    1782                  
      Launch Clock:-       0                  
         Data Path:-     119                  
             Slack:=    1663                  

#--------------------------------------------------------------------------------------------------
#   Timing Point     Flags    Arc   Edge             Cell               Fanout Trans Delay Arrival 
#                                                                               (ps)  (ps)   (ps)  
#--------------------------------------------------------------------------------------------------
  ro_reg[2][1][2]/CK -       -      R     (arrival)                       1856     0     0       0 
  ro_reg[2][1][2]/QN -       CK->QN R     DFFRPQNA_X1M_A9PP140ZTUL_C35       2    28    34      34 
  g42702/Y           -       B0N->Y R     AOI22BB_X0P5M_A9PP140ZTUL_C35      1   169    43      77 
  g41067/Y           -       A1->Y  F     OAI22_X0P5M_A9PP140ZTUL_C35        1   163    42     119 
  ro_reg[2][2][2]/D  -       -      F     DFFRPQNA_X1M_A9PP140ZTUL_C35       1     -     0     119 
#--------------------------------------------------------------------------------------------------



Path 98: MET (1663 ps) Setup Check with Pin ro_reg[2][2][1]/CK->D
           View: wc_analysis_view
          Group: reg2reg
     Startpoint: (R) ro_reg[2][1][1]/CK
          Clock: (R) CLK
       Endpoint: (F) ro_reg[2][2][1]/D
          Clock: (R) CLK

                     Capture       Launch     
        Clock Edge:+    2000            0     
       Src Latency:+       0            0     
       Net Latency:+       0 (I)        0 (I) 
           Arrival:=    2000            0     
                                              
             Setup:-      93                  
       Uncertainty:-     125                  
     Required Time:=    1782                  
      Launch Clock:-       0                  
         Data Path:-     119                  
             Slack:=    1663                  

#--------------------------------------------------------------------------------------------------
#   Timing Point     Flags    Arc   Edge             Cell               Fanout Trans Delay Arrival 
#                                                                               (ps)  (ps)   (ps)  
#--------------------------------------------------------------------------------------------------
  ro_reg[2][1][1]/CK -       -      R     (arrival)                       1856     0     0       0 
  ro_reg[2][1][1]/QN -       CK->QN R     DFFRPQNA_X1M_A9PP140ZTUL_C35       2    28    34      34 
  g42701/Y           -       B0N->Y R     AOI22BB_X0P5M_A9PP140ZTUL_C35      1   169    43      77 
  g41066/Y           -       A1->Y  F     OAI22_X0P5M_A9PP140ZTUL_C35        1   163    42     119 
  ro_reg[2][2][1]/D  -       -      F     DFFRPQNA_X1M_A9PP140ZTUL_C35       1     -     0     119 
#--------------------------------------------------------------------------------------------------



Path 99: MET (1663 ps) Setup Check with Pin ro_reg[2][2][0]/CK->D
           View: wc_analysis_view
          Group: reg2reg
     Startpoint: (R) ro_reg[2][1][0]/CK
          Clock: (R) CLK
       Endpoint: (F) ro_reg[2][2][0]/D
          Clock: (R) CLK

                     Capture       Launch     
        Clock Edge:+    2000            0     
       Src Latency:+       0            0     
       Net Latency:+       0 (I)        0 (I) 
           Arrival:=    2000            0     
                                              
             Setup:-      93                  
       Uncertainty:-     125                  
     Required Time:=    1782                  
      Launch Clock:-       0                  
         Data Path:-     119                  
             Slack:=    1663                  

#--------------------------------------------------------------------------------------------------
#   Timing Point     Flags    Arc   Edge             Cell               Fanout Trans Delay Arrival 
#                                                                               (ps)  (ps)   (ps)  
#--------------------------------------------------------------------------------------------------
  ro_reg[2][1][0]/CK -       -      R     (arrival)                       1856     0     0       0 
  ro_reg[2][1][0]/QN -       CK->QN R     DFFRPQNA_X1M_A9PP140ZTUL_C35       2    28    34      34 
  g42700/Y           -       B0N->Y R     AOI22BB_X0P5M_A9PP140ZTUL_C35      1   169    43      77 
  g41069/Y           -       A1->Y  F     OAI22_X0P5M_A9PP140ZTUL_C35        1   163    42     119 
  ro_reg[2][2][0]/D  -       -      F     DFFRPQNA_X1M_A9PP140ZTUL_C35       1     -     0     119 
#--------------------------------------------------------------------------------------------------



Path 100: MET (1663 ps) Setup Check with Pin ro_reg[1][3][15]/CK->D
           View: wc_analysis_view
          Group: reg2reg
     Startpoint: (R) ro_reg[1][2][15]/CK
          Clock: (R) CLK
       Endpoint: (F) ro_reg[1][3][15]/D
          Clock: (R) CLK

                     Capture       Launch     
        Clock Edge:+    2000            0     
       Src Latency:+       0            0     
       Net Latency:+       0 (I)        0 (I) 
           Arrival:=    2000            0     
                                              
             Setup:-      93                  
       Uncertainty:-     125                  
     Required Time:=    1782                  
      Launch Clock:-       0                  
         Data Path:-     119                  
             Slack:=    1663                  

#---------------------------------------------------------------------------------------------------
#    Timing Point     Flags    Arc   Edge             Cell               Fanout Trans Delay Arrival 
#                                                                                (ps)  (ps)   (ps)  
#---------------------------------------------------------------------------------------------------
  ro_reg[1][2][15]/CK -       -      R     (arrival)                       1856     0     0       0 
  ro_reg[1][2][15]/QN -       CK->QN R     DFFRPQNA_X1M_A9PP140ZTUL_C35       2    28    34      34 
  g42667/Y            -       B0N->Y R     AOI22BB_X0P5M_A9PP140ZTUL_C35      1   169    43      77 
  g41033/Y            -       A1->Y  F     OAI22_X0P5M_A9PP140ZTUL_C35        1   163    42     119 
  ro_reg[1][3][15]/D  -       -      F     DFFRPQNA_X1M_A9PP140ZTUL_C35       1     -     0     119 
#---------------------------------------------------------------------------------------------------


