###############################################################
#  Generated by:      Cadence Innovus 23.13-s082_1
#  OS:                Linux x86_64(Host ID mun)
#  Generated on:      Tue Jun 24 07:47:01 2025
#  Design:            axis_sa
#  Command:           check_drc -out_file /work/axis-systolic-array/run/work/../../tcl/asic/reports/pnr/3_placement/drc_report.rpt
###############################################################

SPACING: ( ParallelRunLength Spacing ) Regular Wire of Net MR[2].MC[3].MUL_mul_15_35_n_2 & Pin of Cell MR[2].MC[3].MUL_mul_15_35_g519  ( M1 )
Bounds : ( 77.795, 39.995 ) ( 77.815, 40.025 )


SPACING: ( ParallelRunLength Spacing ) Regular Wire of Net MR[2].MC[3].MUL_mul_15_35_n_28 & Blockage of Cell MR[2].MC[3].MUL_mul_15_35_g494  ( M1 )
Bounds : ( 77.435, 39.990 ) ( 77.470, 40.025 )


MINSTEP: ( MinStep ) Regular Wire of Net MR[2].MC[3].MUL_mul_15_35_n_2  ( M1 )
Bounds : ( 77.795, 39.995 ) ( 77.815, 40.025 )


MAR: ( Minimum Area ) Regular Wire of Net MR[2].MC[3].MUL_mul_15_35_n_2  ( M3 )
Bounds : ( 77.795, 39.995 ) ( 77.845, 40.205 )


SPACING: ( ParallelRunLength Spacing ) Regular Wire of Net xi[3][3][1] & Blockage of Cell g39964__1617  ( M1 )
Bounds : ( 76.875, 39.990 ) ( 76.910, 40.025 )


EndOfLine: ( EndOfLine Spacing ) Regular Wire of Net xi[3][3][0] & Regular Wire of Net MR[2].MC[3].MUL_mul_15_35_n_69  ( M2 )
Bounds : ( 76.710, 39.645 ) ( 76.735, 39.690 )


EndOfLine: ( EndOfLine Spacing ) Regular Wire of Net MR[2].MC[3].MUL_mul_15_35_n_28 & Pin of Cell MR[2].MC[3].MUL_mul_15_35_cdnfadd_004_1  ( M1 )
Bounds : ( 77.470, 39.825 ) ( 77.520, 39.880 )


EndOfLine: ( EndOfLine Spacing ) Regular Wire of Net xi[3][3][1] & Pin of Cell MR[2].MC[3].MUL_mul_15_35_cdnfadd_004_1  ( M1 )
Bounds : ( 76.910, 39.825 ) ( 76.960, 39.880 )


EndOfLine: ( EndOfLine Spacing ) Regular Wire of Net MR[2].MC[3].MUL_mul_15_35_n_69 & Pin of Cell MR[2].MC[3].MUL_mul_15_35_cdnfadd_004_1  ( M1 )
Bounds : ( 76.765, 39.725 ) ( 76.815, 39.775 )


MINSTEP: ( MinStep ) Regular Wire of Net MR[2].MC[3].MUL_mul_15_35_n_28  ( M2 )
Bounds : ( 77.520, 39.960 ) ( 77.550, 39.975 )


MINSTEP: ( MinStep ) Regular Wire of Net xi[3][3][1]  ( M2 )
Bounds : ( 76.975, 39.960 ) ( 76.990, 39.975 )


MINSTEP: ( MinStep ) Regular Wire of Net xi[3][3][1]  ( M2 )
Bounds : ( 76.865, 39.910 ) ( 76.880, 39.925 )


MINSTEP: ( MinStep ) Regular Wire of Net MR[2].MC[3].MUL_mul_15_35_n_69  ( M2 )
Bounds : ( 76.735, 39.625 ) ( 76.765, 39.645 )


MINSTEP: ( MinStep ) Regular Wire of Net xi[3][3][0]  ( M2 )
Bounds : ( 76.680, 39.625 ) ( 76.710, 39.640 )


MINSTEP: ( MinStep ) Regular Wire of Net MR[2].MC[3].MUL_mul_15_35_n_28  ( M1 )
Bounds : ( 77.520, 39.880 ) ( 77.535, 39.895 )


MINSTEP: ( MinStep ) Regular Wire of Net MR[2].MC[3].MUL_mul_15_35_n_28  ( M1 )
Bounds : ( 77.450, 39.880 ) ( 77.470, 39.895 )


MINSTEP: ( MinStep ) Regular Wire of Net xi[3][3][1]  ( M1 )
Bounds : ( 76.960, 39.880 ) ( 76.975, 39.895 )


MINSTEP: ( MinStep ) Regular Wire of Net xi[3][3][1]  ( M1 )
Bounds : ( 76.890, 39.880 ) ( 76.910, 39.895 )


MINSTEP: ( MinStep ) Regular Wire of Net MR[2].MC[3].MUL_mul_15_35_n_69  ( M1 )
Bounds : ( 76.815, 39.710 ) ( 76.830, 39.725 )


MINSTEP: ( MinStep ) Regular Wire of Net MR[2].MC[3].MUL_mul_15_35_n_69  ( M1 )
Bounds : ( 76.795, 39.615 ) ( 76.830, 39.630 )


MINSTEP: ( MinStep ) Regular Wire of Net MR[2].MC[3].MUL_mul_15_35_n_69  ( M1 )
Bounds : ( 76.745, 39.710 ) ( 76.765, 39.725 )


MINSTEP: ( MinStep ) Regular Wire of Net xi[3][3][0]  ( M1 )
Bounds : ( 76.680, 39.705 ) ( 76.695, 39.720 )


MAR: ( Minimum Area ) Regular Wire of Net MR[2].MC[3].MUL_mul_15_35_n_28  ( M2 )
Bounds : ( 77.365, 39.925 ) ( 77.550, 39.960 )


MAR: ( Minimum Area ) Regular Wire of Net xi[3][3][1]  ( M2 )
Bounds : ( 76.865, 39.925 ) ( 76.990, 39.960 )


CUTSPACING: ( Cut EolSpacing ) Regular Wire of Net xi[3][3][0] & Regular Wire of Net MR[2].MC[3].MUL_mul_15_35_n_69  ( VIA1 )
Bounds : ( 76.680, 39.645 ) ( 76.765, 39.690 )


SPACING: ( ParallelRunLength Spacing ) Regular Wire of Net xi[3][3][0] & Regular Wire of Net MR[2].MC[3].MUL_mul_15_35_n_69  ( M2 )
Bounds : ( 76.710, 39.645 ) ( 76.735, 39.690 )


SPACING: ( ParallelRunLength Spacing ) Regular Wire of Net MR[2].MC[3].MUL_mul_15_35_n_69 & Special Wire of Net VDD  ( M2 )
Bounds : ( 76.735, 39.695 ) ( 76.845, 39.735 )


SPACING: ( ParallelRunLength Spacing ) Regular Wire of Net xi[3][3][1] & Special Wire of Net VDD  ( M2 )
Bounds : ( 76.880, 39.865 ) ( 76.990, 39.910 )


SPACING: ( ParallelRunLength Spacing ) Regular Wire of Net MR[2].MC[3].MUL_mul_15_35_n_28 & Special Wire of Net VDD  ( M2 )
Bounds : ( 77.440, 39.865 ) ( 77.550, 39.910 )


CUTSPACING: ( Cut EolSpacing ) Regular Wire of Net place_opt_net_FE_OFN61_place_opt_net_FE_DBTN0_n_2948 & Regular Wire of Net xi[3][3][1]  ( VIA2 )
Bounds : ( 76.845, 39.975 ) ( 76.895, 40.025 )


MAR: ( Minimum Area ) Regular Wire of Net xi[3][3][1]  ( M3 )
Bounds : ( 76.895, 39.895 ) ( 76.945, 40.055 )


MINSTEP: ( MinStep ) Regular Wire of Net xi[3][3][1]  ( M1 )
Bounds : ( 76.890, 39.975 ) ( 76.925, 39.990 )


MINSTEP: ( MinStep ) Regular Wire of Net MR[2].MC[3].MUL_mul_15_35_n_28  ( M1 )
Bounds : ( 77.450, 39.975 ) ( 77.485, 39.990 )


EndOfLine: ( EndOfLine Spacing ) Regular Wire of Net MR[2].MC[3].MUL_mul_15_35_n_2 & Pin of Cell MR[2].MC[3].MUL_mul_15_35_g519  ( M1 )
Bounds : ( 77.865, 39.970 ) ( 77.870, 39.995 )


SPACING: ( ParallelRunLength Spacing ) Regular Wire of Net MR[2].MC[3].MUL_mul_15_35_n_2 & Pin of Cell MR[2].MC[3].MUL_mul_15_35_g519  ( M1 )
Bounds : ( 77.865, 39.970 ) ( 77.870, 39.995 )


SPACING: ( ParallelRunLength Spacing ) Regular Wire of Net MR[2].MC[3].MUL_mul_15_35_n_8 & Pin of Cell MR[2].MC[3].MUL_mul_15_35_g513  ( M1 )
Bounds : ( 76.185, 39.995 ) ( 76.205, 40.025 )


MINSTEP: ( MinStep ) Regular Wire of Net MR[2].MC[3].MUL_mul_15_35_n_8  ( M1 )
Bounds : ( 76.185, 39.995 ) ( 76.205, 40.025 )


SPACING: ( ParallelRunLength Spacing ) Regular Wire of Net MR[2].MC[3].MUL_mul_15_35_n_21 & Blockage of Cell MR[2].MC[3].MUL_mul_15_35_g501  ( M1 )
Bounds : ( 75.555, 39.990 ) ( 75.585, 40.025 )


SHORT: ( Metal Short ) Regular Wire of Net mo[2][3][1] & Regular Wire of Net MR[2].MC[3].MUL_mul_15_35_n_64  ( M2 )
Bounds : ( 76.065, 39.625 ) ( 76.075, 39.675 )


SHORT: ( Metal Short ) Regular Wire of Net mo[2][3][1] & Regular Wire of Net MR[2].MC[3].MUL_mul_15_35_n_64  ( M2 )
Bounds : ( 76.040, 39.640 ) ( 76.075, 39.675 )


MINSTEP: ( MinStep ) Regular Wire of Net xi[3][3][0]  ( M1 )
Bounds : ( 76.610, 39.705 ) ( 76.630, 39.720 )


MINSTEP: ( MinStep ) Regular Wire of Net MR[2].MC[3].MUL_n_16  ( M1 )
Bounds : ( 75.905, 39.475 ) ( 75.935, 39.495 )


CUTSPACING: ( Same Layer Cut Spacing ) Regular Wire of Net MR[2].MC[3].MUL_mul_15_35_n_64 & Regular Wire of Net mo[2][3][1]  ( VIA2 )
Bounds : ( 76.045, 39.625 ) ( 76.095, 39.675 )


MAR: ( Minimum Area ) Regular Wire of Net mo[2][3][1]  ( M3 )
Bounds : ( 76.095, 39.545 ) ( 76.145, 39.705 )


MAR: ( Minimum Area ) Regular Wire of Net mo[2][3][1]  ( M2 )
Bounds : ( 76.040, 39.640 ) ( 76.175, 39.675 )


MINSTEP: ( MinStep ) Regular Wire of Net mo[2][3][1]  ( M1 )
Bounds : ( 76.050, 39.610 ) ( 76.085, 39.625 )


MINSTEP: ( MinStep ) Regular Wire of Net mo[2][3][1]  ( M1 )
Bounds : ( 76.050, 39.705 ) ( 76.070, 39.720 )


MINSTEP: ( MinStep ) Regular Wire of Net mo[2][3][1]  ( M1 )
Bounds : ( 76.120, 39.705 ) ( 76.135, 39.720 )


MINSTEP: ( MinStep ) Regular Wire of Net place_opt_net_FE_OFN61_place_opt_net_FE_DBTN0_n_2948  ( M1 )
Bounds : ( 76.385, 39.385 ) ( 76.445, 39.405 )


MINSTEP: ( MinStep ) Regular Wire of Net place_opt_net_FE_OFN61_place_opt_net_FE_DBTN0_n_2948  ( M1 )
Bounds : ( 76.385, 39.475 ) ( 76.415, 39.495 )


MINSTEP: ( MinStep ) Regular Wire of Net place_opt_net_FE_OFN61_place_opt_net_FE_DBTN0_n_2948  ( M1 )
Bounds : ( 76.465, 39.475 ) ( 76.495, 39.495 )


MINSTEP: ( MinStep ) Regular Wire of Net MR[2].MC[3].MUL_n_16  ( M2 )
Bounds : ( 75.935, 39.415 ) ( 75.975, 39.425 )


MINSTEP: ( MinStep ) Regular Wire of Net mo[2][3][1]  ( M2 )
Bounds : ( 76.040, 39.625 ) ( 76.065, 39.640 )


MINSTEP: ( MinStep ) Regular Wire of Net mo[2][3][1]  ( M2 )
Bounds : ( 76.150, 39.675 ) ( 76.175, 39.690 )


MINSTEP: ( MinStep ) Regular Wire of Net place_opt_net_FE_OFN61_place_opt_net_FE_DBTN0_n_2948  ( M2 )
Bounds : ( 76.385, 39.465 ) ( 76.415, 39.475 )


MINSTEP: ( MinStep ) Regular Wire of Net xi[3][3][0]  ( M2 )
Bounds : ( 76.565, 39.675 ) ( 76.600, 39.690 )


SHORT: ( Metal Short ) Regular Wire of Net MR[2].MC[3].MUL_mul_15_35_n_8 & Regular Wire of Net mo[2][3][1]  ( M3 )
Bounds : ( 76.095, 39.545 ) ( 76.145, 39.705 )


EndOfLine: ( EndOfLine Spacing ) Regular Wire of Net mo[2][3][1] & Pin of Cell g39967__5122  ( M1 )
Bounds : ( 76.070, 39.720 ) ( 76.120, 39.775 )


EndOfLine: ( EndOfLine Spacing ) Regular Wire of Net place_opt_net_FE_OFN61_place_opt_net_FE_DBTN0_n_2948 & Blockage of Cell g39967__5122  ( M1 )
Bounds : ( 76.415, 39.495 ) ( 76.465, 39.525 )


SPACING: ( ParallelRunLength Spacing ) Regular Wire of Net mo[2][3][1] & Blockage of Cell g39800__8246  ( M1 )
Bounds : ( 76.035, 39.575 ) ( 76.070, 39.610 )


SPACING: ( ParallelRunLength Spacing ) Regular Wire of Net place_opt_net_FE_OFN61_place_opt_net_FE_DBTN0_n_2948 & Blockage of Cell g39967__5122  ( M1 )
Bounds : ( 76.410, 39.495 ) ( 76.415, 39.525 )


SPACING: ( ParallelRunLength Spacing ) Regular Wire of Net place_opt_net_FE_OFN61_place_opt_net_FE_DBTN0_n_2948 & Blockage of Cell g39967__5122  ( M1 )
Bounds : ( 76.415, 39.495 ) ( 76.465, 39.525 )


SPACING: ( ParallelRunLength Spacing ) Regular Wire of Net xi[3][3][0] & Blockage of Cell g39967__5122  ( M1 )
Bounds : ( 76.595, 39.575 ) ( 76.630, 39.610 )


SPACING: ( ParallelRunLength Spacing ) Regular Wire of Net MR[2].MC[3].MUL_mul_15_35_n_64 & Special Wire of Net VDD  ( M2 )
Bounds : ( 76.040, 39.690 ) ( 76.150, 39.735 )


MINSTEP: ( MinStep ) Regular Wire of Net MR[2].MC[3].MUL_n_16  ( M1 )
Bounds : ( 75.825, 39.475 ) ( 75.855, 39.495 )


MINSTEP: ( MinStep ) Regular Wire of Net MR[2].MC[3].MUL_mul_15_35_n_21  ( M1 )
Bounds : ( 75.555, 39.880 ) ( 75.570, 39.895 )


MINSTEP: ( MinStep ) Regular Wire of Net MR[2].MC[3].MUL_mul_15_35_n_21  ( M1 )
Bounds : ( 75.485, 39.880 ) ( 75.505, 39.895 )


MINSTEP: ( MinStep ) Regular Wire of Net MR[2].MC[3].MUL_mul_15_35_n_64  ( M1 )
Bounds : ( 75.420, 39.710 ) ( 75.435, 39.725 )


MINSTEP: ( MinStep ) Regular Wire of Net MR[2].MC[3].MUL_mul_15_35_n_64  ( M1 )
Bounds : ( 75.350, 39.710 ) ( 75.370, 39.725 )


MINSTEP: ( MinStep ) Regular Wire of Net MR[2].MC[3].MUL_mul_15_35_n_64  ( M1 )
Bounds : ( 75.350, 39.615 ) ( 75.385, 39.630 )


MAR: ( Minimum Area ) Regular Wire of Net MR[2].MC[3].MUL_mul_15_35_n_21  ( M2 )
Bounds : ( 75.365, 39.925 ) ( 75.585, 39.960 )


MINSTEP: ( MinStep ) Regular Wire of Net MR[2].MC[3].MUL_mul_15_35_n_64  ( M2 )
Bounds : ( 75.340, 39.625 ) ( 75.370, 39.645 )


MINSTEP: ( MinStep ) Regular Wire of Net MR[2].MC[3].MUL_mul_15_35_n_21  ( M2 )
Bounds : ( 75.555, 39.960 ) ( 75.585, 39.975 )


MINSTEP: ( MinStep ) Regular Wire of Net MR[2].MC[3].MUL_n_16  ( M2 )
Bounds : ( 75.825, 39.465 ) ( 75.855, 39.475 )


EndOfLine: ( EndOfLine Spacing ) Regular Wire of Net MR[2].MC[3].MUL_mul_15_35_n_64 & Pin of Cell MR[2].MC[3].MUL_mul_15_35_cdnfadd_005_0  ( M1 )
Bounds : ( 75.370, 39.725 ) ( 75.420, 39.775 )


EndOfLine: ( EndOfLine Spacing ) Regular Wire of Net MR[2].MC[3].MUL_mul_15_35_n_21 & Pin of Cell MR[2].MC[3].MUL_mul_15_35_cdnfadd_005_0  ( M1 )
Bounds : ( 75.505, 39.825 ) ( 75.555, 39.880 )


SPACING: ( ParallelRunLength Spacing ) Regular Wire of Net MR[2].MC[3].MUL_n_16 & Blockage of Cell g39800__8246  ( M1 )
Bounds : ( 75.850, 39.495 ) ( 75.855, 39.525 )


SPACING: ( ParallelRunLength Spacing ) Regular Wire of Net MR[2].MC[3].MUL_mul_15_35_n_64 & Special Wire of Net VDD  ( M2 )
Bounds : ( 75.340, 39.695 ) ( 75.450, 39.735 )


SPACING: ( ParallelRunLength Spacing ) Regular Wire of Net MR[2].MC[3].MUL_mul_15_35_n_21 & Special Wire of Net VDD  ( M2 )
Bounds : ( 75.475, 39.865 ) ( 75.585, 39.910 )


MAR: ( Minimum Area ) Regular Wire of Net MR[2].MC[3].MUL_n_16  ( M2 )
Bounds : ( 75.825, 39.425 ) ( 75.975, 39.465 )


MINSTEP: ( MinStep ) Regular Wire of Net MR[2].MC[3].MUL_n_16  ( M1 )
Bounds : ( 75.825, 39.385 ) ( 75.885, 39.405 )


EndOfLine: ( EndOfLine Spacing ) Regular Wire of Net MR[2].MC[3].MUL_n_16 & Blockage of Cell g39800__8246  ( M1 )
Bounds : ( 75.855, 39.495 ) ( 75.905, 39.525 )


SPACING: ( ParallelRunLength Spacing ) Regular Wire of Net MR[2].MC[3].MUL_n_16 & Blockage of Cell g39800__8246  ( M1 )
Bounds : ( 75.855, 39.495 ) ( 75.905, 39.525 )


MINSTEP: ( MinStep ) Regular Wire of Net MR[2].MC[3].MUL_mul_15_35_n_21  ( M1 )
Bounds : ( 75.535, 39.975 ) ( 75.570, 39.990 )


EndOfLine: ( EndOfLine Spacing ) Regular Wire of Net MR[2].MC[3].MUL_mul_15_35_n_8 & Pin of Cell MR[2].MC[3].MUL_mul_15_35_g513  ( M1 )
Bounds : ( 76.130, 39.970 ) ( 76.135, 39.995 )


SPACING: ( ParallelRunLength Spacing ) Regular Wire of Net MR[2].MC[3].MUL_mul_15_35_n_8 & Pin of Cell MR[2].MC[3].MUL_mul_15_35_g513  ( M1 )
Bounds : ( 76.130, 39.970 ) ( 76.135, 39.995 )


MINSTEP: ( MinStep ) Regular Wire of Net xi[3][3][0]  ( M1 )
Bounds : ( 76.610, 39.610 ) ( 76.645, 39.625 )


MAR: ( Minimum Area ) Regular Wire of Net xi[3][3][0]  ( M2 )
Bounds : ( 76.565, 39.640 ) ( 76.710, 39.675 )


MAR: ( Minimum Area ) Regular Wire of Net xi[3][3][0]  ( M3 )
Bounds : ( 76.595, 39.595 ) ( 76.645, 39.755 )


EndOfLine: ( EndOfLine Spacing ) Regular Wire of Net xi[3][3][0] & Pin of Cell MR[2].MC[3].MUL_mul_15_35_cdnfadd_004_1  ( M1 )
Bounds : ( 76.630, 39.720 ) ( 76.680, 39.775 )


SPACING: ( ParallelRunLength Spacing ) Regular Wire of Net xi[3][3][0] & Special Wire of Net VDD  ( M2 )
Bounds : ( 76.600, 39.690 ) ( 76.710, 39.735 )


MINSTEP: ( MinStep ) Regular Wire of Net n_4133  ( M1 )
Bounds : ( 77.085, 38.675 ) ( 77.115, 38.705 )


MINSTEP: ( MinStep ) Regular Wire of Net n_4133  ( M1 )
Bounds : ( 77.085, 38.595 ) ( 77.115, 38.625 )


MAR: ( Minimum Area ) Regular Wire of Net MR[2].MC[3].MUL_mul_15_35_n_32  ( M2 )
Bounds : ( 78.065, 38.625 ) ( 78.175, 38.675 )


MAR: ( Minimum Area ) Regular Wire of Net MR[2].MC[3].MUL_mul_15_35_n_14  ( M2 )
Bounds : ( 78.065, 38.425 ) ( 78.175, 38.475 )


MAR: ( Minimum Area ) Regular Wire of Net place_opt_net_FE_OFN61_place_opt_net_FE_DBTN0_n_2948  ( M2 )
Bounds : ( 77.465, 38.625 ) ( 77.615, 38.675 )


MAR: ( Minimum Area ) Regular Wire of Net n_4442  ( M2 )
Bounds : ( 77.065, 38.425 ) ( 77.195, 38.475 )


SHORT: ( Metal Short ) Regular Wire of Net n_4133 & Regular Wire of Net n_4442  ( M2 )
Bounds : ( 77.085, 38.625 ) ( 77.175, 38.675 )


EndOfLine: ( EndOfLine Spacing ) Regular Wire of Net n_4133 & Pin of Cell MR[2].MC[3].MUL_mul_15_35_g507  ( M1 )
Bounds : ( 77.110, 38.705 ) ( 77.115, 38.730 )


EndOfLine: ( EndOfLine Spacing ) Regular Wire of Net n_4133 & Pin of Cell MR[2].MC[3].MUL_mul_15_35_g507  ( M1 )
Bounds : ( 77.115, 38.555 ) ( 77.165, 38.595 )


EndOfLine: ( EndOfLine Spacing ) Regular Wire of Net place_opt_net_FE_OFN61_place_opt_net_FE_DBTN0_n_2948 & Blockage of Cell g39765__5526  ( M1 )
Bounds : ( 77.535, 38.705 ) ( 77.535, 38.740 )


EndOfLine: ( EndOfLine Spacing ) Regular Wire of Net MR[2].MC[3].MUL_mul_15_35_n_32 & Pin of Cell MR[2].MC[3].MUL_mul_15_35_g487  ( M1 )
Bounds : ( 78.090, 38.705 ) ( 78.095, 38.730 )


SPACING: ( ParallelRunLength Spacing ) Regular Wire of Net n_4133 & Pin of Cell MR[2].MC[3].MUL_mul_15_35_g507  ( M1 )
Bounds : ( 77.110, 38.705 ) ( 77.115, 38.730 )


SPACING: ( ParallelRunLength Spacing ) Regular Wire of Net n_4133 & Pin of Cell MR[2].MC[3].MUL_mul_15_35_g507  ( M1 )
Bounds : ( 77.115, 38.555 ) ( 77.165, 38.595 )


SPACING: ( ParallelRunLength Spacing ) Regular Wire of Net place_opt_net_FE_OFN61_place_opt_net_FE_DBTN0_n_2948 & Blockage of Cell g39765__5526  ( M1 )
Bounds : ( 77.495, 38.595 ) ( 77.535, 38.705 )


SPACING: ( ParallelRunLength Spacing ) Regular Wire of Net place_opt_net_FE_OFN61_place_opt_net_FE_DBTN0_n_2948 & Blockage of Cell g39765__5526  ( M1 )
Bounds : ( 77.535, 38.705 ) ( 77.535, 38.740 )


SPACING: ( ParallelRunLength Spacing ) Regular Wire of Net MR[2].MC[3].MUL_mul_15_35_n_32 & Pin of Cell FILLTIE_2651  ( M1 )
Bounds : ( 78.085, 38.705 ) ( 78.095, 38.730 )


SPACING: ( ParallelRunLength Spacing ) Regular Wire of Net MR[2].MC[3].MUL_n_17 & Blockage of Cell g39765__5526  ( M1 )
Bounds : ( 77.670, 38.275 ) ( 77.675, 38.305 )


EndOfLine: ( EndOfLine Spacing ) Regular Wire of Net MR[2].MC[3].MUL_n_17 & Blockage of Cell g39765__5526  ( M1 )
Bounds : ( 77.675, 38.275 ) ( 77.725, 38.305 )


SHORT: ( Metal Short ) Regular Wire of Net MR[2].MC[3].MUL_n_17 & Regular Wire of Net n_2951  ( M3 )
Bounds : ( 77.695, 38.095 ) ( 77.745, 38.405 )


SHORT: ( Metal Short ) Regular Wire of Net MR[2].MC[3].MUL_n_17 & Regular Wire of Net MR[2].MC[3].MUL_mul_15_35_n_66  ( M2 )
Bounds : ( 77.665, 38.125 ) ( 78.075, 38.175 )


MINSTEP: ( MinStep ) Regular Wire of Net mo[2][3][2] & Regular Wire of Net MR[2].MC[3].MUL_mul_15_35_n_66  ( M2 )
Bounds : ( 77.970, 38.110 ) ( 77.975, 38.125 )


MINSTEP: ( MinStep ) Regular Wire of Net mo[2][3][2] & Regular Wire of Net MR[2].MC[3].MUL_mul_15_35_n_66  ( M2 )
Bounds : ( 77.860, 38.160 ) ( 77.865, 38.175 )


MINSTEP: ( MinStep ) Regular Wire of Net MR[2].MC[3].MUL_n_17  ( M2 )
Bounds : ( 77.755, 38.375 ) ( 77.775, 38.385 )


MINSTEP: ( MinStep ) Regular Wire of Net MR[2].MC[3].MUL_n_17  ( M2 )
Bounds : ( 77.645, 38.325 ) ( 77.665, 38.335 )


MAR: ( Minimum Area ) Regular Wire of Net MR[2].MC[3].MUL_n_17  ( M3 )
Bounds : ( 77.695, 38.095 ) ( 77.745, 38.405 )


MAR: ( Minimum Area ) Regular Wire of Net mo[2][3][2]  ( M2 )
Bounds : ( 77.860, 38.125 ) ( 77.975, 38.160 )


MAR: ( Minimum Area ) Regular Wire of Net MR[2].MC[3].MUL_n_17  ( M2 )
Bounds : ( 77.645, 38.335 ) ( 77.775, 38.375 )


VIAENCLOSURE: ( EnclosureEdge ) Regular Wire of Net mo[2][3][2] & Regular Wire of Net MR[2].MC[3].MUL_n_17  ( VIA1 )
Bounds : ( 77.890, 38.110 ) ( 77.940, 38.160 )


CUTSPACING: ( Same Layer Cut Spacing ) Regular Wire of Net mo[2][3][2] & Regular Wire of Net MR[2].MC[3].MUL_mul_15_35_n_66  ( VIA2 )
Bounds : ( 77.945, 38.125 ) ( 77.995, 38.175 )


MINSTEP: ( MinStep ) Regular Wire of Net MR[2].MC[3].MUL_n_17  ( M1 )
Bounds : ( 77.645, 38.305 ) ( 77.675, 38.325 )


MINSTEP: ( MinStep ) Regular Wire of Net MR[2].MC[3].MUL_n_17  ( M1 )
Bounds : ( 77.645, 38.395 ) ( 77.705, 38.415 )


MINSTEP: ( MinStep ) Regular Wire of Net MR[2].MC[3].MUL_n_17  ( M1 )
Bounds : ( 77.725, 38.305 ) ( 77.755, 38.325 )


MINSTEP: ( MinStep ) Regular Wire of Net mo[2][3][2]  ( M1 )
Bounds : ( 77.870, 38.080 ) ( 77.890, 38.095 )


MINSTEP: ( MinStep ) Regular Wire of Net mo[2][3][2]  ( M1 )
Bounds : ( 77.870, 38.175 ) ( 77.905, 38.190 )


MINSTEP: ( MinStep ) Regular Wire of Net mo[2][3][2]  ( M1 )
Bounds : ( 77.940, 38.080 ) ( 77.955, 38.095 )


SPACING: ( ParallelRunLength Spacing ) Regular Wire of Net MR[2].MC[3].MUL_n_17 & Blockage of Cell g39765__5526  ( M1 )
Bounds : ( 77.675, 38.275 ) ( 77.725, 38.305 )


SPACING: ( ParallelRunLength Spacing ) Regular Wire of Net mo[2][3][2] & Blockage of Cell g39765__5526  ( M1 )
Bounds : ( 77.855, 38.190 ) ( 77.890, 38.225 )


SPACING: ( ParallelRunLength Spacing ) Regular Wire of Net MR[2].MC[3].MUL_n_17 & Special Wire of Net VDD  ( M2 )
Bounds : ( 77.860, 38.065 ) ( 77.970, 38.110 )


SPACING: ( ParallelRunLength Spacing ) Regular Wire of Net MR[2].MC[3].MUL_mul_15_35_n_35 & Pin of Cell MR[2].MC[3].MUL_mul_15_35_g490  ( M1 )
Bounds : ( 77.655, 37.775 ) ( 77.675, 37.805 )


EndOfLine: ( EndOfLine Spacing ) Regular Wire of Net MR[2].MC[3].MUL_mul_15_35_n_13 & Pin of Cell MR[2].MC[3].MUL_mul_15_35_g489  ( M1 )
Bounds : ( 77.955, 37.675 ) ( 78.005, 37.695 )


EndOfLine: ( EndOfLine Spacing ) Regular Wire of Net MR[2].MC[3].MUL_mul_15_35_n_13 & Pin of Cell MR[2].MC[3].MUL_mul_15_35_g489  ( M1 )
Bounds : ( 77.950, 37.805 ) ( 77.955, 37.830 )


EndOfLine: ( EndOfLine Spacing ) Regular Wire of Net MR[2].MC[3].MUL_mul_15_35_n_35 & Pin of Cell MR[2].MC[3].MUL_mul_15_35_g490  ( M1 )
Bounds : ( 77.725, 37.805 ) ( 77.730, 37.830 )


EndOfLine: ( EndOfLine Spacing ) Regular Wire of Net MR[2].MC[3].MUL_mul_15_35_n_35 & Pin of Cell MR[2].MC[3].MUL_mul_15_35_g490  ( M1 )
Bounds : ( 77.675, 37.675 ) ( 77.685, 37.695 )


SHORT: ( Metal Short ) Regular Wire of Net MR[2].MC[3].MUL_mul_15_35_n_35 & Regular Wire of Net MR[2].MC[3].MUL_mul_15_35_n_13  ( M2 )
Bounds : ( 77.645, 37.725 ) ( 77.875, 37.775 )


MAR: ( Minimum Area ) Regular Wire of Net MR[2].MC[3].MUL_mul_15_35_n_35  ( M2 )
Bounds : ( 77.645, 37.725 ) ( 77.875, 37.775 )


CUTSPACING: ( Cut EolSpacing ) Regular Wire of Net n_2951 & Regular Wire of Net MR[2].MC[3].MUL_mul_15_35_n_35  ( VIA2 )
Bounds : ( 77.745, 37.675 ) ( 77.795, 37.725 )


MINSTEP: ( MinStep ) Regular Wire of Net MR[2].MC[3].MUL_mul_15_35_n_35  ( M1 )
Bounds : ( 77.655, 37.775 ) ( 77.675, 37.805 )


MINSTEP: ( MinStep ) Regular Wire of Net MR[2].MC[3].MUL_mul_15_35_n_35  ( M1 )
Bounds : ( 77.725, 37.695 ) ( 77.765, 37.725 )


SPACING: ( ParallelRunLength Spacing ) Regular Wire of Net MR[2].MC[3].MUL_mul_15_35_n_35 & Pin of Cell MR[2].MC[3].MUL_mul_15_35_g490  ( M1 )
Bounds : ( 77.675, 37.675 ) ( 77.685, 37.695 )


SPACING: ( ParallelRunLength Spacing ) Regular Wire of Net MR[2].MC[3].MUL_mul_15_35_n_35 & Pin of Cell MR[2].MC[3].MUL_mul_15_35_g490  ( M1 )
Bounds : ( 77.725, 37.695 ) ( 77.765, 37.725 )


SPACING: ( ParallelRunLength Spacing ) Regular Wire of Net MR[2].MC[3].MUL_mul_15_35_n_35 & Pin of Cell FILLTIE_2639  ( M1 )
Bounds : ( 77.725, 37.805 ) ( 77.735, 37.830 )


SPACING: ( ParallelRunLength Spacing ) Regular Wire of Net MR[2].MC[3].MUL_mul_15_35_n_13 & Pin of Cell MR[2].MC[3].MUL_mul_15_35_g489  ( M1 )
Bounds : ( 77.950, 37.805 ) ( 77.955, 37.830 )


SPACING: ( ParallelRunLength Spacing ) Regular Wire of Net MR[2].MC[3].MUL_mul_15_35_n_13 & Pin of Cell MR[2].MC[3].MUL_mul_15_35_g489  ( M1 )
Bounds : ( 77.955, 37.675 ) ( 78.005, 37.695 )


EndOfLine: ( EndOfLine Spacing ) Regular Wire of Net mo[2][3][2] & Pin of Cell g39765__5526  ( M1 )
Bounds : ( 77.890, 38.025 ) ( 77.940, 38.080 )


EndOfLine: ( EndOfLine Spacing ) Regular Wire of Net MR[2].MC[3].MUL_mul_15_35_n_31 & Pin of Cell MR[2].MC[3].MUL_mul_15_35_g507  ( M1 )
Bounds : ( 77.305, 38.170 ) ( 77.310, 38.195 )


EndOfLine: ( EndOfLine Spacing ) Regular Wire of Net MR[2].MC[3].MUL_mul_15_35_n_31 & Pin of Cell MR[2].MC[3].MUL_mul_15_35_g507  ( M1 )
Bounds : ( 77.255, 38.305 ) ( 77.265, 38.325 )


MINSTEP: ( MinStep ) Regular Wire of Net MR[2].MC[3].MUL_mul_15_35_n_66  ( M2 )
Bounds : ( 76.880, 38.155 ) ( 76.910, 38.175 )


MINSTEP: ( MinStep ) Regular Wire of Net MR[2].MC[3].MUL_mul_15_35_n_66  ( M1 )
Bounds : ( 76.960, 38.075 ) ( 76.975, 38.090 )


MINSTEP: ( MinStep ) Regular Wire of Net MR[2].MC[3].MUL_mul_15_35_n_66  ( M1 )
Bounds : ( 76.890, 38.075 ) ( 76.910, 38.090 )


MINSTEP: ( MinStep ) Regular Wire of Net MR[2].MC[3].MUL_mul_15_35_n_66  ( M1 )
Bounds : ( 76.890, 38.170 ) ( 76.925, 38.185 )


MINSTEP: ( MinStep ) Regular Wire of Net MR[2].MC[3].MUL_mul_15_35_n_31  ( M1 )
Bounds : ( 77.235, 38.195 ) ( 77.255, 38.225 )


MINSTEP: ( MinStep ) Regular Wire of Net MR[2].MC[3].MUL_mul_15_35_n_31  ( M1 )
Bounds : ( 77.305, 38.275 ) ( 77.345, 38.305 )


SPACING: ( ParallelRunLength Spacing ) Regular Wire of Net MR[2].MC[3].MUL_mul_15_35_n_31 & Pin of Cell MR[2].MC[3].MUL_mul_15_35_g507  ( M1 )
Bounds : ( 77.235, 38.195 ) ( 77.255, 38.225 )


SPACING: ( ParallelRunLength Spacing ) Regular Wire of Net MR[2].MC[3].MUL_mul_15_35_n_31 & Pin of Cell MR[2].MC[3].MUL_mul_15_35_g507  ( M1 )
Bounds : ( 77.255, 38.305 ) ( 77.265, 38.325 )


SPACING: ( ParallelRunLength Spacing ) Regular Wire of Net MR[2].MC[3].MUL_mul_15_35_n_31 & Pin of Cell FILLTIE_2639  ( M1 )
Bounds : ( 77.305, 38.170 ) ( 77.310, 38.195 )


SPACING: ( ParallelRunLength Spacing ) Regular Wire of Net MR[2].MC[3].MUL_mul_15_35_n_31 & Pin of Cell MR[2].MC[3].MUL_mul_15_35_g507  ( M1 )
Bounds : ( 77.305, 38.275 ) ( 77.345, 38.305 )


SPACING: ( ParallelRunLength Spacing ) Regular Wire of Net MR[2].MC[3].MUL_mul_15_35_n_66 & Special Wire of Net VDD  ( M2 )
Bounds : ( 76.880, 38.065 ) ( 76.990, 38.105 )


SPACING: ( ParallelRunLength Spacing ) Regular Wire of Net AR[2].AC[3].ACC_n_135 & Blockage of Cell g40366  ( M1 )
Bounds : ( 76.955, 37.775 ) ( 76.985, 37.810 )


SPACING: ( ParallelRunLength Spacing ) Regular Wire of Net MR[2].MC[3].MUL_mul_15_35_n_13 & Pin of Cell FILLTIE_2639  ( M1 )
Bounds : ( 76.745, 37.805 ) ( 76.755, 37.830 )


SPACING: ( ParallelRunLength Spacing ) Regular Wire of Net MR[2].MC[3].MUL_mul_15_35_n_13 & Pin of Cell MR[2].MC[3].MUL_mul_15_35_g523  ( M1 )
Bounds : ( 76.745, 37.695 ) ( 76.785, 37.725 )


SPACING: ( ParallelRunLength Spacing ) Regular Wire of Net MR[2].MC[3].MUL_mul_15_35_n_13 & Pin of Cell MR[2].MC[3].MUL_mul_15_35_g523  ( M1 )
Bounds : ( 76.695, 37.675 ) ( 76.705, 37.695 )


SPACING: ( ParallelRunLength Spacing ) Regular Wire of Net MR[2].MC[3].MUL_mul_15_35_n_13 & Pin of Cell MR[2].MC[3].MUL_mul_15_35_g523  ( M1 )
Bounds : ( 76.675, 37.775 ) ( 76.695, 37.805 )


EndOfLine: ( EndOfLine Spacing ) Regular Wire of Net n_2951 & Blockage of Cell g40366  ( M1 )
Bounds : ( 77.115, 37.695 ) ( 77.165, 37.725 )


EndOfLine: ( EndOfLine Spacing ) Regular Wire of Net AR[2].AC[3].ACC_n_135 & Pin of Cell MR[2].MC[3].MUL_mul_15_35_g507  ( M1 )
Bounds : ( 76.905, 37.920 ) ( 76.955, 37.975 )


EndOfLine: ( EndOfLine Spacing ) Regular Wire of Net MR[2].MC[3].MUL_mul_15_35_n_13 & Pin of Cell MR[2].MC[3].MUL_mul_15_35_g523  ( M1 )
Bounds : ( 76.745, 37.805 ) ( 76.750, 37.830 )


EndOfLine: ( EndOfLine Spacing ) Regular Wire of Net MR[2].MC[3].MUL_mul_15_35_n_13 & Pin of Cell MR[2].MC[3].MUL_mul_15_35_g523  ( M1 )
Bounds : ( 76.695, 37.675 ) ( 76.705, 37.695 )


MINSTEP: ( MinStep ) Regular Wire of Net n_2951  ( M2 )
Bounds : ( 77.085, 37.665 ) ( 77.115, 37.675 )


MINSTEP: ( MinStep ) Regular Wire of Net AR[2].AC[3].ACC_n_135  ( M2 )
Bounds : ( 76.975, 37.825 ) ( 76.985, 37.840 )


MINSTEP: ( MinStep ) Regular Wire of Net AR[2].AC[3].ACC_n_135  ( M2 )
Bounds : ( 76.865, 37.875 ) ( 76.875, 37.890 )


MINSTEP: ( MinStep ) Regular Wire of Net n_2951  ( M1 )
Bounds : ( 77.165, 37.675 ) ( 77.195, 37.695 )


MINSTEP: ( MinStep ) Regular Wire of Net n_2951  ( M1 )
Bounds : ( 77.085, 37.675 ) ( 77.115, 37.695 )


MINSTEP: ( MinStep ) Regular Wire of Net AR[2].AC[3].ACC_n_135  ( M1 )
Bounds : ( 76.955, 37.905 ) ( 76.970, 37.920 )


MINSTEP: ( MinStep ) Regular Wire of Net AR[2].AC[3].ACC_n_135  ( M1 )
Bounds : ( 76.935, 37.810 ) ( 76.970, 37.825 )


MAR: ( Minimum Area ) Regular Wire of Net AR[2].AC[3].ACC_n_135  ( M3 )
Bounds : ( 76.895, 37.745 ) ( 76.945, 37.905 )


MAR: ( Minimum Area ) Regular Wire of Net AR[2].AC[3].ACC_n_135  ( M2 )
Bounds : ( 76.865, 37.840 ) ( 76.985, 37.875 )


MINSTEP: ( MinStep ) Regular Wire of Net MR[2].MC[3].MUL_mul_15_35_n_13  ( M1 )
Bounds : ( 76.675, 37.775 ) ( 76.695, 37.805 )


MINSTEP: ( MinStep ) Regular Wire of Net MR[2].MC[3].MUL_mul_15_35_n_13  ( M1 )
Bounds : ( 76.745, 37.695 ) ( 76.785, 37.725 )


MINSTEP: ( MinStep ) Regular Wire of Net AR[2].AC[3].ACC_n_135  ( M1 )
Bounds : ( 76.885, 37.905 ) ( 76.905, 37.920 )


SPACING: ( ParallelRunLength Spacing ) Regular Wire of Net n_2951 & Blockage of Cell g40366  ( M1 )
Bounds : ( 77.115, 37.695 ) ( 77.165, 37.725 )


SPACING: ( ParallelRunLength Spacing ) Regular Wire of Net n_2951 & Blockage of Cell g40366  ( M1 )
Bounds : ( 77.165, 37.695 ) ( 77.170, 37.725 )


SPACING: ( ParallelRunLength Spacing ) Regular Wire of Net AR[2].AC[3].ACC_n_135 & Special Wire of Net VDD  ( M2 )
Bounds : ( 76.875, 37.890 ) ( 76.985, 37.935 )


EndOfLine: ( EndOfLine Spacing ) Regular Wire of Net MR[2].MC[3].MUL_mul_15_35_n_66 & Pin of Cell MR[2].MC[3].MUL_mul_15_35_g507  ( M1 )
Bounds : ( 76.910, 38.025 ) ( 76.960, 38.075 )


MAR: ( Minimum Area ) Regular Wire of Net MR[2].MC[3].MUL_mul_15_35_n_31  ( M2 )
Bounds : ( 77.225, 38.225 ) ( 77.475, 38.275 )


SHORT: ( Metal Short ) Regular Wire of Net n_3936 & Regular Wire of Net n_4442  ( M3 )
Bounds : ( 77.095, 38.395 ) ( 77.145, 38.755 )


MINSTEP: ( MinStep ) Regular Wire of Net n_3834  ( M1 )
Bounds : ( 75.905, 37.675 ) ( 75.935, 37.695 )


MINSTEP: ( MinStep ) Regular Wire of Net n_3834  ( M1 )
Bounds : ( 75.825, 37.675 ) ( 75.855, 37.695 )


MINSTEP: ( MinStep ) Regular Wire of Net MR[2].MC[3].MUL_mul_15_35_n_4  ( M1 )
Bounds : ( 75.695, 37.905 ) ( 75.710, 37.920 )


MINSTEP: ( MinStep ) Regular Wire of Net MR[2].MC[3].MUL_mul_15_35_n_4  ( M1 )
Bounds : ( 75.675, 37.810 ) ( 75.710, 37.825 )


MINSTEP: ( MinStep ) Regular Wire of Net MR[2].MC[3].MUL_mul_15_35_n_4  ( M1 )
Bounds : ( 75.625, 37.905 ) ( 75.645, 37.920 )


MINSTEP: ( MinStep ) Regular Wire of Net MR[2].MC[3].MUL_mul_15_35_n_7  ( M1 )
Bounds : ( 75.140, 37.905 ) ( 75.155, 37.920 )


MAR: ( Minimum Area ) Regular Wire of Net n_3958  ( M2 )
Bounds : ( 76.245, 39.125 ) ( 76.375, 39.175 )


MINSTEP: ( MinStep ) Regular Wire of Net MR[2].MC[3].MUL_mul_15_35_n_4  ( M2 )
Bounds : ( 75.695, 37.825 ) ( 75.725, 37.840 )


SHORT: ( Metal Short ) Regular Wire of Net place_opt_net_FE_OFN61_place_opt_net_FE_DBTN0_n_2948 & Regular Wire of Net n_3958  ( M2 )
Bounds : ( 76.245, 39.125 ) ( 76.375, 39.175 )


EndOfLine: ( EndOfLine Spacing ) Regular Wire of Net MR[2].MC[3].MUL_mul_15_35_n_7 & Pin of Cell MR[2].MC[3].MUL_mul_15_35_cdnfadd_004_0  ( M1 )
Bounds : ( 75.090, 37.920 ) ( 75.140, 37.975 )


EndOfLine: ( EndOfLine Spacing ) Regular Wire of Net MR[2].MC[3].MUL_mul_15_35_n_4 & Pin of Cell MR[2].MC[3].MUL_mul_15_35_cdnfadd_004_0  ( M1 )
Bounds : ( 75.645, 37.920 ) ( 75.695, 37.975 )


EndOfLine: ( EndOfLine Spacing ) Regular Wire of Net place_opt_net_FE_OFN61_place_opt_net_FE_DBTN0_n_2948 & Blockage of Cell g39800__8246  ( M1 )
Bounds : ( 75.715, 39.060 ) ( 75.715, 39.095 )


EndOfLine: ( EndOfLine Spacing ) Regular Wire of Net n_3834 & Blockage of Cell MR[2].MC[3].MUL_mul_15_35_g517  ( M1 )
Bounds : ( 75.855, 37.695 ) ( 75.905, 37.725 )


EndOfLine: ( EndOfLine Spacing ) Regular Wire of Net n_3958 & Blockage of Cell g39967__5122  ( M1 )
Bounds : ( 76.275, 39.060 ) ( 76.275, 39.095 )


SPACING: ( ParallelRunLength Spacing ) Regular Wire of Net MR[2].MC[3].MUL_mul_15_35_n_4 & Blockage of Cell MR[2].MC[3].MUL_mul_15_35_g517  ( M1 )
Bounds : ( 75.695, 37.775 ) ( 75.725, 37.810 )


SPACING: ( ParallelRunLength Spacing ) Regular Wire of Net place_opt_net_FE_OFN61_place_opt_net_FE_DBTN0_n_2948 & Blockage of Cell g39800__8246  ( M1 )
Bounds : ( 75.715, 39.060 ) ( 75.715, 39.095 )


SPACING: ( ParallelRunLength Spacing ) Regular Wire of Net n_3834 & Blockage of Cell MR[2].MC[3].MUL_mul_15_35_g517  ( M1 )
Bounds : ( 75.855, 37.695 ) ( 75.905, 37.725 )


SPACING: ( ParallelRunLength Spacing ) Regular Wire of Net n_3834 & Blockage of Cell MR[2].MC[3].MUL_mul_15_35_g517  ( M1 )
Bounds : ( 75.905, 37.695 ) ( 75.910, 37.725 )


SPACING: ( ParallelRunLength Spacing ) Regular Wire of Net n_3958 & Blockage of Cell g39967__5122  ( M1 )
Bounds : ( 76.275, 39.060 ) ( 76.275, 39.095 )


SPACING: ( ParallelRunLength Spacing ) Regular Wire of Net MR[2].MC[3].MUL_mul_15_35_n_4 & Special Wire of Net VDD  ( M2 )
Bounds : ( 75.615, 37.890 ) ( 75.725, 37.935 )


SPACING: ( ParallelRunLength Spacing ) Regular Wire of Net n_4133 & Pin of Cell MR[2].MC[3].MUL_mul_15_35_g508  ( M1 )
Bounds : ( 77.670, 36.905 ) ( 77.675, 36.930 )


SPACING: ( ParallelRunLength Spacing ) Regular Wire of Net MR[2].MC[3].MUL_mul_15_35_n_13 & Pin of Cell MR[2].MC[3].MUL_mul_15_35_g490  ( M1 )
Bounds : ( 77.535, 37.405 ) ( 77.585, 37.445 )


SPACING: ( ParallelRunLength Spacing ) Regular Wire of Net MR[2].MC[3].MUL_mul_15_35_n_13 & Pin of Cell MR[2].MC[3].MUL_mul_15_35_g490  ( M1 )
Bounds : ( 77.530, 37.270 ) ( 77.535, 37.295 )


EndOfLine: ( EndOfLine Spacing ) Regular Wire of Net MR[2].MC[3].MUL_mul_15_35_n_35 & Pin of Cell MR[2].MC[3].MUL_mul_15_35_g489  ( M1 )
Bounds : ( 78.095, 37.505 ) ( 78.145, 37.525 )


EndOfLine: ( EndOfLine Spacing ) Regular Wire of Net MR[2].MC[3].MUL_mul_15_35_n_35 & Blockage of Cell MR[2].MC[3].MUL_mul_15_35_g489  ( M1 )
Bounds : ( 78.095, 37.350 ) ( 78.145, 37.395 )


EndOfLine: ( EndOfLine Spacing ) Regular Wire of Net n_4133 & Blockage of Cell g39897__7410  ( M1 )
Bounds : ( 78.095, 36.905 ) ( 78.095, 36.940 )


EndOfLine: ( EndOfLine Spacing ) Regular Wire of Net n_4133 & Pin of Cell MR[2].MC[3].MUL_mul_15_35_g508  ( M1 )
Bounds : ( 77.670, 36.905 ) ( 77.675, 36.930 )


EndOfLine: ( EndOfLine Spacing ) Regular Wire of Net MR[2].MC[3].MUL_mul_15_35_n_13 & Pin of Cell MR[2].MC[3].MUL_mul_15_35_g490  ( M1 )
Bounds : ( 77.535, 37.405 ) ( 77.585, 37.445 )


EndOfLine: ( EndOfLine Spacing ) Regular Wire of Net MR[2].MC[3].MUL_mul_15_35_n_13 & Pin of Cell MR[2].MC[3].MUL_mul_15_35_g490  ( M1 )
Bounds : ( 77.530, 37.270 ) ( 77.535, 37.295 )


SHORT: ( Metal Short ) Regular Wire of Net n_3915 & Regular Wire of Net MR[2].MC[3].MUL_mul_15_35_n_13  ( M2 )
Bounds : ( 77.465, 37.325 ) ( 77.615, 37.375 )


MINSTEP: ( MinStep ) Regular Wire of Net MR[2].MC[3].MUL_mul_15_35_n_35  ( M1 )
Bounds : ( 78.065, 37.475 ) ( 78.095, 37.505 )


MINSTEP: ( MinStep ) Regular Wire of Net MR[2].MC[3].MUL_mul_15_35_n_35  ( M1 )
Bounds : ( 78.065, 37.395 ) ( 78.095, 37.405 )


CUTSPACING: ( Same Layer Cut Spacing ) Regular Wire of Net n_3915  ( VIA2 )
Bounds : ( 77.595, 37.275 ) ( 77.645, 37.325 )


CUTSPACING: ( Same Layer Cut Spacing ) Regular Wire of Net MR[2].MC[3].MUL_mul_15_35_n_13 & Regular Wire of Net n_3915  ( VIA2 )
Bounds : ( 77.545, 37.325 ) ( 77.595, 37.375 )


CUTSPACING: ( Cut EolSpacing ) Regular Wire of Net n_3915 & Regular Wire of Net place_opt_net_FE_OFN61_place_opt_net_FE_DBTN0_n_2948  ( VIA2 )
Bounds : ( 77.595, 37.275 ) ( 77.645, 37.325 )


MAR: ( Minimum Area ) Regular Wire of Net MR[2].MC[3].MUL_mul_15_35_n_13  ( M2 )
Bounds : ( 77.465, 37.325 ) ( 77.615, 37.375 )


MINSTEP: ( MinStep ) Regular Wire of Net MR[2].MC[3].MUL_mul_15_35_n_13  ( M1 )
Bounds : ( 77.505, 37.295 ) ( 77.535, 37.325 )


MINSTEP: ( MinStep ) Regular Wire of Net MR[2].MC[3].MUL_mul_15_35_n_13  ( M1 )
Bounds : ( 77.505, 37.375 ) ( 77.535, 37.405 )


MINSTEP: ( MinStep ) Regular Wire of Net n_4133  ( M1 )
Bounds : ( 77.645, 36.875 ) ( 77.675, 36.905 )


SPACING: ( ParallelRunLength Spacing ) Regular Wire of Net n_4133 & Blockage of Cell g39897__7410  ( M1 )
Bounds : ( 78.095, 36.905 ) ( 78.095, 36.940 )


SPACING: ( ParallelRunLength Spacing ) Regular Wire of Net MR[2].MC[3].MUL_mul_15_35_n_35 & Blockage of Cell MR[2].MC[3].MUL_mul_15_35_g489  ( M1 )
Bounds : ( 78.095, 37.350 ) ( 78.145, 37.395 )


SPACING: ( ParallelRunLength Spacing ) Regular Wire of Net MR[2].MC[3].MUL_mul_15_35_n_35 & Pin of Cell MR[2].MC[3].MUL_mul_15_35_g489  ( M1 )
Bounds : ( 78.095, 37.505 ) ( 78.145, 37.525 )


SPACING: ( ParallelRunLength Spacing ) Regular Wire of Net n_4427 & Blockage of Cell g40366  ( M1 )
Bounds : ( 77.305, 37.295 ) ( 77.345, 37.405 )


SPACING: ( ParallelRunLength Spacing ) Regular Wire of Net n_4427 & Blockage of Cell g40366  ( M1 )
Bounds : ( 77.305, 37.260 ) ( 77.305, 37.295 )


SPACING: ( ParallelRunLength Spacing ) Regular Wire of Net n_3936 & Blockage of Cell g39893__9945  ( M1 )
Bounds : ( 77.115, 36.905 ) ( 77.115, 36.940 )


EndOfLine: ( EndOfLine Spacing ) Regular Wire of Net n_4427 & Blockage of Cell g40366  ( M1 )
Bounds : ( 77.305, 37.260 ) ( 77.305, 37.295 )


EndOfLine: ( EndOfLine Spacing ) Regular Wire of Net n_3936 & Blockage of Cell g39893__9945  ( M1 )
Bounds : ( 77.115, 36.905 ) ( 77.115, 36.940 )


SHORT: ( Metal Short ) Regular Wire of Net n_4133 & Regular Wire of Net n_4427  ( M3 )
Bounds : ( 77.295, 37.245 ) ( 77.345, 37.405 )


SHORT: ( Metal Short ) Regular Wire of Net n_3915 & Regular Wire of Net n_4427  ( M2 )
Bounds : ( 77.225, 37.325 ) ( 77.375, 37.375 )


MAR: ( Minimum Area ) Regular Wire of Net n_4427  ( M2 )
Bounds : ( 77.225, 37.325 ) ( 77.375, 37.375 )


MAR: ( Minimum Area ) Regular Wire of Net n_4427  ( M3 )
Bounds : ( 77.295, 37.245 ) ( 77.345, 37.405 )


MINSTEP: ( MinStep ) Regular Wire of Net n_2951  ( M1 )
Bounds : ( 77.135, 37.585 ) ( 77.195, 37.605 )


SPACING: ( ParallelRunLength Spacing ) Regular Wire of Net MR[2].MC[3].MUL_mul_15_35_n_30 & Pin of Cell MR[2].MC[3].MUL_mul_15_35_g508  ( M1 )
Bounds : ( 77.815, 36.505 ) ( 77.825, 36.525 )


SPACING: ( ParallelRunLength Spacing ) Regular Wire of Net n_4133 & Pin of Cell MR[2].MC[3].MUL_mul_15_35_g508  ( M1 )
Bounds : ( 77.675, 36.755 ) ( 77.725, 36.795 )


MINSTEP: ( MinStep ) Regular Wire of Net n_4133  ( M1 )
Bounds : ( 77.645, 36.795 ) ( 77.675, 36.825 )


MAR: ( Minimum Area ) Regular Wire of Net n_3915  ( M2 )
Bounds : ( 77.565, 36.625 ) ( 77.755, 36.675 )


CUTSPACING: ( Same Layer Cut Spacing ) Regular Wire of Net ki[3][3][6] & Regular Wire of Net place_opt_net_FE_OFN61_place_opt_net_FE_DBTN0_n_2948  ( VIA2 )
Bounds : ( 77.495, 36.475 ) ( 77.545, 36.525 )


CUTSPACING: ( Same Layer Cut Spacing ) Regular Wire of Net place_opt_net_FE_OFN61_place_opt_net_FE_DBTN0_n_2948  ( VIA2 )
Bounds : ( 77.495, 36.575 ) ( 77.545, 36.625 )


CUTSPACING: ( Same Layer Cut Spacing ) Regular Wire of Net place_opt_net_FE_OFN61_place_opt_net_FE_DBTN0_n_2948 & Regular Wire of Net n_3915  ( VIA2 )
Bounds : ( 77.545, 36.625 ) ( 77.595, 36.675 )


CUTSPACING: ( Same Layer Cut Spacing ) Regular Wire of Net MR[2].MC[3].MUL_mul_15_35_n_30  ( VIA2 )
Bounds : ( 77.795, 36.475 ) ( 77.845, 36.525 )


MINSTEP: ( MinStep ) Regular Wire of Net MR[2].MC[3].MUL_mul_15_35_n_30  ( M1 )
Bounds : ( 77.865, 36.475 ) ( 77.905, 36.505 )


SHORT: ( Metal Short ) Regular Wire of Net n_3915 & Regular Wire of Net place_opt_net_FE_OFN61_place_opt_net_FE_DBTN0_n_2948  ( M2 )
Bounds : ( 77.565, 36.625 ) ( 77.755, 36.675 )


SHORT: ( Metal Short ) Regular Wire of Net ki[3][3][6] & Regular Wire of Net place_opt_net_FE_OFN61_place_opt_net_FE_DBTN0_n_2948  ( M3 )
Bounds : ( 77.495, 36.495 ) ( 77.545, 36.505 )


EndOfLine: ( EndOfLine Spacing ) Regular Wire of Net n_4133 & Pin of Cell MR[2].MC[3].MUL_mul_15_35_g508  ( M1 )
Bounds : ( 77.675, 36.755 ) ( 77.725, 36.795 )


EndOfLine: ( EndOfLine Spacing ) Regular Wire of Net MR[2].MC[3].MUL_mul_15_35_n_30 & Pin of Cell MR[2].MC[3].MUL_mul_15_35_g508  ( M1 )
Bounds : ( 77.815, 36.505 ) ( 77.825, 36.525 )


SPACING: ( ParallelRunLength Spacing ) Regular Wire of Net MR[2].MC[3].MUL_mul_15_35_n_30 & Pin of Cell MR[2].MC[3].MUL_mul_15_35_g508  ( M1 )
Bounds : ( 77.865, 36.475 ) ( 77.905, 36.505 )


SPACING: ( ParallelRunLength Spacing ) Regular Wire of Net MR[2].MC[3].MUL_mul_15_35_n_30 & Pin of Cell FILLTIE_2615  ( M1 )
Bounds : ( 77.865, 36.370 ) ( 77.875, 36.395 )


SPACING: ( ParallelRunLength Spacing ) Regular Wire of Net MR[2].MC[3].MUL_mul_15_35_n_30 & Pin of Cell MR[2].MC[3].MUL_mul_15_35_g508  ( M1 )
Bounds : ( 77.795, 36.395 ) ( 77.815, 36.425 )


SPACING: ( ParallelRunLength Spacing ) Regular Wire of Net ki[3][3][6] & Blockage of Cell g39893__9945  ( M1 )
Bounds : ( 77.435, 36.390 ) ( 77.470, 36.425 )


MINSTEP: ( MinStep ) Regular Wire of Net MR[2].MC[3].MUL_mul_15_35_n_30  ( M1 )
Bounds : ( 77.795, 36.395 ) ( 77.815, 36.425 )


MINSTEP: ( MinStep ) Regular Wire of Net ki[3][3][6]  ( M1 )
Bounds : ( 77.520, 36.280 ) ( 77.535, 36.295 )


MINSTEP: ( MinStep ) Regular Wire of Net ki[3][3][6]  ( M1 )
Bounds : ( 77.450, 36.375 ) ( 77.485, 36.390 )


MINSTEP: ( MinStep ) Regular Wire of Net ki[3][3][6]  ( M1 )
Bounds : ( 77.450, 36.280 ) ( 77.470, 36.295 )


MAR: ( Minimum Area ) Regular Wire of Net ki[3][3][6]  ( M2 )
Bounds : ( 77.440, 36.325 ) ( 77.575, 36.360 )


CUTSPACING: ( Same Layer Cut Spacing ) Regular Wire of Net ki[3][3][6]  ( VIA2 )
Bounds : ( 77.495, 36.375 ) ( 77.545, 36.425 )


MINSTEP: ( MinStep ) Regular Wire of Net ki[3][3][6]  ( M2 )
Bounds : ( 77.440, 36.360 ) ( 77.465, 36.375 )


MINSTEP: ( MinStep ) Regular Wire of Net ki[3][3][6]  ( M2 )
Bounds : ( 77.550, 36.310 ) ( 77.575, 36.325 )


EndOfLine: ( EndOfLine Spacing ) Regular Wire of Net ki[3][3][6] & Pin of Cell MR[2].MC[3].MUL_mul_15_35_g508  ( M1 )
Bounds : ( 77.470, 36.225 ) ( 77.520, 36.280 )


EndOfLine: ( EndOfLine Spacing ) Regular Wire of Net MR[2].MC[3].MUL_mul_15_35_n_30 & Pin of Cell MR[2].MC[3].MUL_mul_15_35_g508  ( M1 )
Bounds : ( 77.865, 36.370 ) ( 77.870, 36.395 )


SPACING: ( ParallelRunLength Spacing ) Regular Wire of Net ki[3][3][6] & Special Wire of Net VDD  ( M2 )
Bounds : ( 77.440, 36.265 ) ( 77.550, 36.310 )


SHORT: ( Metal Short ) Regular Wire of Net ki[3][3][6] & Regular Wire of Net MR[2].MC[3].MUL_mul_15_35_n_30  ( M2 )
Bounds : ( 77.765, 36.425 ) ( 77.895, 36.475 )


MAR: ( Minimum Area ) Regular Wire of Net MR[2].MC[3].MUL_mul_15_35_n_30  ( M2 )
Bounds : ( 77.765, 36.425 ) ( 77.895, 36.475 )


MAR: ( Minimum Area ) Regular Wire of Net ki[3][3][6]  ( M3 )
Bounds : ( 77.495, 36.295 ) ( 77.545, 36.505 )


MAR: ( Minimum Area ) Regular Wire of Net MR[2].MC[3].MUL_mul_15_35_n_30  ( M3 )
Bounds : ( 77.795, 36.395 ) ( 77.845, 36.605 )


EndOfLine: ( EndOfLine Spacing ) Regular Wire of Net place_opt_net_FE_OFN61_place_opt_net_FE_DBTN0_n_2948 & Blockage of Cell g39893__9945  ( M1 )
Bounds : ( 77.255, 36.475 ) ( 77.305, 36.505 )


MINSTEP: ( MinStep ) Regular Wire of Net ki[3][3][3]  ( M1 )
Bounds : ( 76.680, 36.280 ) ( 76.695, 36.295 )


MINSTEP: ( MinStep ) Regular Wire of Net place_opt_net_FE_OFN61_place_opt_net_FE_DBTN0_n_2948  ( M1 )
Bounds : ( 77.225, 36.505 ) ( 77.255, 36.525 )


MINSTEP: ( MinStep ) Regular Wire of Net place_opt_net_FE_OFN61_place_opt_net_FE_DBTN0_n_2948  ( M1 )
Bounds : ( 77.225, 36.595 ) ( 77.285, 36.615 )


MINSTEP: ( MinStep ) Regular Wire of Net place_opt_net_FE_OFN61_place_opt_net_FE_DBTN0_n_2948  ( M1 )
Bounds : ( 77.305, 36.505 ) ( 77.335, 36.525 )


SPACING: ( ParallelRunLength Spacing ) Regular Wire of Net place_opt_net_FE_OFN61_place_opt_net_FE_DBTN0_n_2948 & Blockage of Cell g39893__9945  ( M1 )
Bounds : ( 77.250, 36.475 ) ( 77.255, 36.505 )


SPACING: ( ParallelRunLength Spacing ) Regular Wire of Net place_opt_net_FE_OFN61_place_opt_net_FE_DBTN0_n_2948 & Blockage of Cell g39893__9945  ( M1 )
Bounds : ( 77.255, 36.475 ) ( 77.305, 36.505 )


MAR: ( Minimum Area ) Regular Wire of Net n_3936  ( M2 )
Bounds : ( 77.065, 36.825 ) ( 77.195, 36.875 )


EndOfLine: ( EndOfLine Spacing ) Regular Wire of Net n_3936 & Regular Wire of Net n_4133  ( M2 )
Bounds : ( 77.195, 36.825 ) ( 77.265, 36.875 )


SPACING: ( ParallelRunLength Spacing ) Regular Wire of Net n_3936 & Blockage of Cell g39893__9945  ( M1 )
Bounds : ( 77.075, 36.795 ) ( 77.115, 36.905 )


SPACING: ( ParallelRunLength Spacing ) Regular Wire of Net n_4133 & Blockage of Cell g39897__7410  ( M1 )
Bounds : ( 78.055, 36.795 ) ( 78.095, 36.905 )


MINSTEP: ( MinStep ) Regular Wire of Net n_3834  ( M1 )
Bounds : ( 76.525, 37.375 ) ( 76.555, 37.405 )


MINSTEP: ( MinStep ) Regular Wire of Net n_3834  ( M1 )
Bounds : ( 76.525, 37.295 ) ( 76.555, 37.325 )


MINSTEP: ( MinStep ) Regular Wire of Net n_3834  ( M1 )
Bounds : ( 75.875, 37.585 ) ( 75.935, 37.605 )


MAR: ( Minimum Area ) Regular Wire of Net n_3834  ( M2 )
Bounds : ( 76.365, 37.325 ) ( 76.635, 37.375 )


MAR: ( Minimum Area ) Regular Wire of Net n_4442  ( M2 )
Bounds : ( 75.965, 37.325 ) ( 76.075, 37.375 )


SHORT: ( Metal Short ) Regular Wire of Net n_3915 & Regular Wire of Net n_4442  ( M2 )
Bounds : ( 75.965, 37.325 ) ( 76.075, 37.375 )


SHORT: ( Metal Short ) Regular Wire of Net n_3915 & Regular Wire of Net n_3834  ( M2 )
Bounds : ( 76.365, 37.325 ) ( 76.635, 37.375 )


EndOfLine: ( EndOfLine Spacing ) Regular Wire of Net n_3858 & Blockage of Cell g39894__2883  ( M1 )
Bounds : ( 75.295, 36.905 ) ( 75.295, 36.940 )


EndOfLine: ( EndOfLine Spacing ) Regular Wire of Net n_4442 & Blockage of Cell MR[2].MC[3].MUL_mul_15_35_g517  ( M1 )
Bounds : ( 76.045, 37.260 ) ( 76.045, 37.295 )


EndOfLine: ( EndOfLine Spacing ) Regular Wire of Net n_3834 & Blockage of Cell g39896__1666  ( M1 )
Bounds : ( 76.275, 36.905 ) ( 76.275, 36.940 )


EndOfLine: ( EndOfLine Spacing ) Regular Wire of Net n_3834 & Pin of Cell MR[2].MC[3].MUL_mul_15_35_g523  ( M1 )
Bounds : ( 76.550, 37.270 ) ( 76.555, 37.295 )


EndOfLine: ( EndOfLine Spacing ) Regular Wire of Net n_3834 & Pin of Cell MR[2].MC[3].MUL_mul_15_35_g523  ( M1 )
Bounds : ( 76.555, 37.405 ) ( 76.605, 37.445 )


SPACING: ( ParallelRunLength Spacing ) Regular Wire of Net n_3858 & Blockage of Cell g39894__2883  ( M1 )
Bounds : ( 75.295, 36.905 ) ( 75.295, 36.940 )


SPACING: ( ParallelRunLength Spacing ) Regular Wire of Net n_4442 & Blockage of Cell MR[2].MC[3].MUL_mul_15_35_g517  ( M1 )
Bounds : ( 76.045, 37.260 ) ( 76.045, 37.295 )


SPACING: ( ParallelRunLength Spacing ) Regular Wire of Net n_4442 & Blockage of Cell MR[2].MC[3].MUL_mul_15_35_g517  ( M1 )
Bounds : ( 76.045, 37.295 ) ( 76.085, 37.405 )


SPACING: ( ParallelRunLength Spacing ) Regular Wire of Net n_3834 & Blockage of Cell g39896__1666  ( M1 )
Bounds : ( 76.275, 36.905 ) ( 76.275, 36.940 )


SPACING: ( ParallelRunLength Spacing ) Regular Wire of Net n_3834 & Pin of Cell FILLTIE_2627  ( M1 )
Bounds : ( 76.545, 37.270 ) ( 76.555, 37.295 )


SPACING: ( ParallelRunLength Spacing ) Regular Wire of Net n_3834 & Pin of Cell MR[2].MC[3].MUL_mul_15_35_g523  ( M1 )
Bounds : ( 76.555, 37.405 ) ( 76.605, 37.445 )


EndOfLine: ( EndOfLine Spacing ) Regular Wire of Net place_opt_net_FE_OFN61_place_opt_net_FE_DBTN0_n_2948 & Blockage of Cell g39896__1666  ( M1 )
Bounds : ( 76.415, 36.475 ) ( 76.465, 36.505 )


EndOfLine: ( EndOfLine Spacing ) Regular Wire of Net MR[3].MC[3].MUL_mul_15_35_n_3 & Pin of Cell g39896__1666  ( M1 )
Bounds : ( 76.350, 36.140 ) ( 76.400, 36.175 )


CUTSPACING: ( Same Layer Cut Spacing ) Regular Wire of Net MR[3].MC[3].MUL_mul_15_35_n_3 & Pin of Cell MR[3].MC[3].MUL_mul_15_35_g2304  ( VIA1 )
Bounds : ( 76.350, 36.110 ) ( 76.395, 36.175 )


CUTSPACING: ( Cut EolSpacing ) Regular Wire of Net MR[3].MC[3].MUL_mul_15_35_n_3 & Pin of Cell MR[3].MC[3].MUL_mul_15_35_g2304  ( VIA1 )
Bounds : ( 76.350, 36.110 ) ( 76.395, 36.175 )


MINSTEP: ( MinStep ) Regular Wire of Net MR[3].MC[3].MUL_mul_15_35_n_3  ( M1 )
Bounds : ( 76.325, 36.120 ) ( 76.350, 36.140 )


MINSTEP: ( MinStep ) Regular Wire of Net place_opt_net_FE_OFN61_place_opt_net_FE_DBTN0_n_2948  ( M1 )
Bounds : ( 76.385, 36.505 ) ( 76.415, 36.525 )


MINSTEP: ( MinStep ) Regular Wire of Net place_opt_net_FE_OFN61_place_opt_net_FE_DBTN0_n_2948  ( M1 )
Bounds : ( 76.385, 36.595 ) ( 76.445, 36.615 )


MINSTEP: ( MinStep ) Regular Wire of Net MR[3].MC[3].MUL_mul_15_35_n_3  ( M1 )
Bounds : ( 76.400, 36.120 ) ( 76.425, 36.140 )


MINSTEP: ( MinStep ) Regular Wire of Net place_opt_net_FE_OFN61_place_opt_net_FE_DBTN0_n_2948  ( M1 )
Bounds : ( 76.465, 36.505 ) ( 76.495, 36.525 )


MINSTEP: ( MinStep ) Regular Wire of Net ki[3][3][3]  ( M1 )
Bounds : ( 76.610, 36.280 ) ( 76.630, 36.295 )


MINSTEP: ( MinStep ) Regular Wire of Net ki[3][3][3]  ( M2 )
Bounds : ( 76.600, 36.360 ) ( 76.630, 36.375 )


SPACING: ( ParallelRunLength Spacing ) Regular Wire of Net MR[3].MC[3].MUL_mul_15_35_n_3 & Pin of Cell FILLTIE_2615  ( M1 )
Bounds : ( 76.350, 36.140 ) ( 76.400, 36.175 )


SPACING: ( ParallelRunLength Spacing ) Regular Wire of Net place_opt_net_FE_OFN61_place_opt_net_FE_DBTN0_n_2948 & Blockage of Cell g39896__1666  ( M1 )
Bounds : ( 76.410, 36.475 ) ( 76.415, 36.505 )


SPACING: ( ParallelRunLength Spacing ) Regular Wire of Net place_opt_net_FE_OFN61_place_opt_net_FE_DBTN0_n_2948 & Blockage of Cell g39896__1666  ( M1 )
Bounds : ( 76.415, 36.475 ) ( 76.465, 36.505 )


SPACING: ( ParallelRunLength Spacing ) Regular Wire of Net ki[3][3][3] & Blockage of Cell g39896__1666  ( M1 )
Bounds : ( 76.595, 36.390 ) ( 76.630, 36.425 )


SPACING: ( ParallelRunLength Spacing ) Regular Wire of Net MR[3].MC[3].MUL_mul_15_35_n_3 & Special Wire of Net VDD  ( M2 )
Bounds : ( 76.320, 36.110 ) ( 76.430, 36.135 )


EndOfLine: ( EndOfLine Spacing ) Regular Wire of Net MR[3].MC[3].MUL_mul_15_35_n_8 & Pin of Cell MR[3].MC[3].MUL_mul_15_35_g2299  ( M1 )
Bounds : ( 75.780, 36.140 ) ( 75.830, 36.175 )


EndOfLine: ( EndOfLine Spacing ) Regular Wire of Net ki[3][3][5] & Pin of Cell MR[3].MC[3].MUL_mul_15_35_g2299  ( M1 )
Bounds : ( 75.650, 36.225 ) ( 75.700, 36.280 )


EndOfLine: ( EndOfLine Spacing ) Regular Wire of Net place_opt_net_FE_OFN61_place_opt_net_FE_DBTN0_n_2948 & Blockage of Cell g39894__2883  ( M1 )
Bounds : ( 75.435, 36.475 ) ( 75.485, 36.505 )


EndOfLine: ( EndOfLine Spacing ) Regular Wire of Net ki[3][3][4] & Pin of Cell MR[3].MC[3].MUL_mul_15_35_g2299  ( M1 )
Bounds : ( 75.090, 36.225 ) ( 75.140, 36.280 )


MINSTEP: ( MinStep ) Regular Wire of Net place_opt_net_FE_OFN61_place_opt_net_FE_DBTN0_n_2948  ( M1 )
Bounds : ( 75.405, 36.505 ) ( 75.435, 36.525 )


MINSTEP: ( MinStep ) Regular Wire of Net ki[3][3][4]  ( M1 )
Bounds : ( 75.140, 36.280 ) ( 75.155, 36.295 )


CUTSPACING: ( Same Layer Cut Spacing ) Regular Wire of Net MR[3].MC[3].MUL_mul_15_35_n_8 & Pin of Cell MR[3].MC[3].MUL_mul_15_35_g2299  ( VIA1 )
Bounds : ( 75.785, 36.110 ) ( 75.830, 36.175 )


CUTSPACING: ( Cut EolSpacing ) Regular Wire of Net MR[3].MC[3].MUL_mul_15_35_n_8 & Pin of Cell MR[3].MC[3].MUL_mul_15_35_g2299  ( VIA1 )
Bounds : ( 75.785, 36.110 ) ( 75.830, 36.175 )


VIAENCLOSURE: ( EnclosureEdge ) Regular Wire of Net ki[3][3][4]  ( VIA1 )
Bounds : ( 75.090, 36.310 ) ( 75.140, 36.360 )


MAR: ( Minimum Area ) Regular Wire of Net ki[3][3][5]  ( M2 )
Bounds : ( 75.565, 36.325 ) ( 75.730, 36.360 )


MINSTEP: ( MinStep ) Regular Wire of Net place_opt_net_FE_OFN61_place_opt_net_FE_DBTN0_n_2948  ( M1 )
Bounds : ( 75.405, 36.595 ) ( 75.465, 36.615 )


MINSTEP: ( MinStep ) Regular Wire of Net place_opt_net_FE_OFN61_place_opt_net_FE_DBTN0_n_2948  ( M1 )
Bounds : ( 75.485, 36.505 ) ( 75.515, 36.525 )


MINSTEP: ( MinStep ) Regular Wire of Net ki[3][3][5]  ( M1 )
Bounds : ( 75.630, 36.280 ) ( 75.650, 36.295 )


MINSTEP: ( MinStep ) Regular Wire of Net ki[3][3][5]  ( M1 )
Bounds : ( 75.630, 36.375 ) ( 75.665, 36.390 )


MINSTEP: ( MinStep ) Regular Wire of Net ki[3][3][5]  ( M1 )
Bounds : ( 75.700, 36.280 ) ( 75.715, 36.295 )


MINSTEP: ( MinStep ) Regular Wire of Net MR[3].MC[3].MUL_mul_15_35_n_8  ( M1 )
Bounds : ( 75.755, 36.120 ) ( 75.780, 36.140 )


MINSTEP: ( MinStep ) Regular Wire of Net MR[3].MC[3].MUL_mul_15_35_n_8  ( M1 )
Bounds : ( 75.830, 36.120 ) ( 75.855, 36.140 )


MINSTEP: ( MinStep ) Regular Wire of Net ki[3][3][4]  ( M2 )
Bounds : ( 75.170, 36.310 ) ( 75.175, 36.325 )


MINSTEP: ( MinStep ) Regular Wire of Net ki[3][3][5]  ( M2 )
Bounds : ( 75.700, 36.360 ) ( 75.730, 36.375 )


SPACING: ( ParallelRunLength Spacing ) Regular Wire of Net place_opt_net_FE_OFN61_place_opt_net_FE_DBTN0_n_2948 & Blockage of Cell g39894__2883  ( M1 )
Bounds : ( 75.430, 36.475 ) ( 75.435, 36.505 )


SPACING: ( ParallelRunLength Spacing ) Regular Wire of Net place_opt_net_FE_OFN61_place_opt_net_FE_DBTN0_n_2948 & Blockage of Cell g39894__2883  ( M1 )
Bounds : ( 75.435, 36.475 ) ( 75.485, 36.505 )


SPACING: ( ParallelRunLength Spacing ) Regular Wire of Net ki[3][3][5] & Blockage of Cell g39894__2883  ( M1 )
Bounds : ( 75.615, 36.390 ) ( 75.650, 36.425 )


SPACING: ( ParallelRunLength Spacing ) Regular Wire of Net MR[3].MC[3].MUL_mul_15_35_n_8 & Pin of Cell MR[3].MC[3].MUL_mul_15_35_g2299  ( M1 )
Bounds : ( 75.780, 36.140 ) ( 75.830, 36.175 )


SPACING: ( ParallelRunLength Spacing ) Regular Wire of Net ki[3][3][5] & Special Wire of Net VDD  ( M2 )
Bounds : ( 75.620, 36.265 ) ( 75.730, 36.310 )


SPACING: ( ParallelRunLength Spacing ) Regular Wire of Net MR[3].MC[3].MUL_mul_15_35_n_3 & Special Wire of Net VDD  ( M2 )
Bounds : ( 75.750, 36.110 ) ( 75.860, 36.135 )


MAR: ( Minimum Area ) Regular Wire of Net n_3834  ( M2 )
Bounds : ( 76.245, 36.825 ) ( 76.475, 36.875 )


SPACING: ( ParallelRunLength Spacing ) Regular Wire of Net n_3858 & Blockage of Cell g39894__2883  ( M1 )
Bounds : ( 75.255, 36.795 ) ( 75.295, 36.905 )


SPACING: ( ParallelRunLength Spacing ) Regular Wire of Net n_3834 & Blockage of Cell g39896__1666  ( M1 )
Bounds : ( 76.235, 36.795 ) ( 76.275, 36.905 )


MAR: ( Minimum Area ) Regular Wire of Net n_3915  ( M3 )
Bounds : ( 76.595, 37.295 ) ( 76.645, 37.605 )


MAR: ( Minimum Area ) Regular Wire of Net n_3915  ( M2 )
Bounds : ( 76.525, 37.525 ) ( 76.675, 37.575 )


MINSTEP: ( MinStep ) Regular Wire of Net ki[3][3][3]  ( M1 )
Bounds : ( 76.610, 36.375 ) ( 76.645, 36.390 )


EndOfLine: ( EndOfLine Spacing ) Regular Wire of Net ki[3][3][3] & Pin of Cell g39896__1666  ( M1 )
Bounds : ( 76.630, 36.225 ) ( 76.680, 36.280 )


SPACING: ( ParallelRunLength Spacing ) Regular Wire of Net ki[3][3][3] & Special Wire of Net VDD  ( M2 )
Bounds : ( 76.600, 36.265 ) ( 76.710, 36.310 )


SHORT: ( Metal Short ) Regular Wire of Net MR[2].MC[3].MUL_mul_15_35_n_13 & Regular Wire of Net place_opt_net_FE_OFN61_place_opt_net_FE_DBTN0_n_2948  ( M3 )
Bounds : ( 77.495, 37.295 ) ( 77.545, 37.805 )


MAR: ( Minimum Area ) Regular Wire of Net n_3958  ( M3 )
Bounds : ( 76.295, 39.045 ) ( 76.345, 39.205 )


MAR: ( Minimum Area ) Regular Wire of Net MR[2].MC[3].MUL_mul_15_35_n_35  ( M3 )
Bounds : ( 77.095, 38.995 ) ( 77.145, 39.305 )


SHORT: ( Metal Short ) Regular Wire of Net MR[2].MC[3].MUL_mul_15_35_n_35 & Regular Wire of Net n_3936  ( M3 )
Bounds : ( 77.095, 38.995 ) ( 77.145, 39.305 )


SPACING: ( ParallelRunLength Spacing ) Regular Wire of Net place_opt_net_FE_OFN61_place_opt_net_FE_DBTN0_n_2948 & Blockage of Cell g39800__8246  ( M1 )
Bounds : ( 75.675, 39.095 ) ( 75.715, 39.205 )


SPACING: ( ParallelRunLength Spacing ) Regular Wire of Net n_3958 & Blockage of Cell g39967__5122  ( M1 )
Bounds : ( 76.235, 39.095 ) ( 76.275, 39.205 )


EndOfLine: ( EndOfLine Spacing ) Regular Wire of Net ki[3][3][5] & Pin of Cell MR[3].MC[3].MUL_mul_15_35_g2302  ( M1 )
Bounds : ( 77.955, 35.645 ) ( 78.005, 35.695 )


EndOfLine: ( EndOfLine Spacing ) Regular Wire of Net ki[3][3][3] & Pin of Cell MR[3].MC[3].MUL_mul_15_35_g2304  ( M1 )
Bounds : ( 76.975, 35.645 ) ( 77.025, 35.695 )


SHORT: ( Metal Short ) Regular Wire of Net ki[3][3][3] & Regular Wire of Net ki[3][3][5]  ( M2 )
Bounds : ( 76.945, 35.725 ) ( 77.075, 35.775 )


MAR: ( Minimum Area ) Regular Wire of Net ki[3][3][3]  ( M2 )
Bounds : ( 76.945, 35.725 ) ( 77.075, 35.775 )


MINSTEP: ( MinStep ) Regular Wire of Net ki[3][3][3]  ( M1 )
Bounds : ( 76.945, 35.695 ) ( 76.975, 35.705 )


MINSTEP: ( MinStep ) Regular Wire of Net ki[3][3][3]  ( M1 )
Bounds : ( 76.995, 35.775 ) ( 77.055, 35.825 )


MINSTEP: ( MinStep ) Regular Wire of Net ki[3][3][3]  ( M1 )
Bounds : ( 77.025, 35.695 ) ( 77.055, 35.705 )


MINSTEP: ( MinStep ) Regular Wire of Net ki[3][3][5]  ( M1 )
Bounds : ( 77.925, 35.695 ) ( 77.955, 35.705 )


MINSTEP: ( MinStep ) Regular Wire of Net ki[3][3][5]  ( M1 )
Bounds : ( 77.925, 35.775 ) ( 77.985, 35.825 )


MINSTEP: ( MinStep ) Regular Wire of Net ki[3][3][5]  ( M1 )
Bounds : ( 78.005, 35.695 ) ( 78.035, 35.705 )


SPACING: ( ParallelRunLength Spacing ) Regular Wire of Net ki[3][3][3] & Pin of Cell MR[3].MC[3].MUL_mul_15_35_g2304  ( M1 )
Bounds : ( 76.995, 35.805 ) ( 77.025, 35.825 )


SPACING: ( ParallelRunLength Spacing ) Regular Wire of Net ki[3][3][5] & Pin of Cell MR[3].MC[3].MUL_mul_15_35_g2302  ( M1 )
Bounds : ( 77.955, 35.805 ) ( 77.985, 35.825 )


SPACING: ( ParallelRunLength Spacing ) Regular Wire of Net ki[3][3][4] & Pin of Cell MR[3].MC[3].MUL_mul_15_35_g2299  ( M1 )
Bounds : ( 75.155, 35.805 ) ( 75.185, 35.825 )


EndOfLine: ( EndOfLine Spacing ) Regular Wire of Net MR[3].MC[3].MUL_mul_15_35_n_8 & Pin of Cell MR[3].MC[3].MUL_mul_15_35_retime_s5_51_reg  ( M1 )
Bounds : ( 75.845, 35.105 ) ( 75.855, 35.140 )


EndOfLine: ( EndOfLine Spacing ) Regular Wire of Net ki[3][3][4] & Pin of Cell MR[3].MC[3].MUL_mul_15_35_g2299  ( M1 )
Bounds : ( 75.155, 35.645 ) ( 75.205, 35.695 )


SHORT: ( Metal Short ) Regular Wire of Net ki[3][3][5] & Regular Wire of Net MR[3].MC[3].MUL_mul_15_35_n_88  ( M2 )
Bounds : ( 76.465, 35.725 ) ( 76.635, 35.775 )


SHORT: ( Metal Short ) Regular Wire of Net MR[3].MC[3].MUL_mul_15_35_n_3 & Regular Wire of Net MR[3].MC[3].MUL_mul_15_35_n_8  ( M2 )
Bounds : ( 75.665, 36.060 ) ( 75.860, 36.075 )


MAR: ( Minimum Area ) Regular Wire of Net MR[3].MC[3].MUL_mul_15_35_n_90  ( M2 )
Bounds : ( 75.465, 35.725 ) ( 75.655, 35.775 )


MAR: ( Minimum Area ) Regular Wire of Net MR[3].MC[3].MUL_mul_15_35_n_8  ( M2 )
Bounds : ( 75.665, 35.025 ) ( 75.935, 35.075 )


MAR: ( Minimum Area ) Regular Wire of Net MR[3].MC[3].MUL_mul_15_35_n_8  ( M2 )
Bounds : ( 75.665, 36.060 ) ( 75.860, 36.075 )


MAR: ( Minimum Area ) Regular Wire of Net MR[3].MC[3].MUL_mul_15_35_n_88  ( M2 )
Bounds : ( 76.465, 35.725 ) ( 76.635, 35.775 )


CUTSPACING: ( Cut EolSpacing ) Regular Wire of Net MR[3].MC[3].MUL_mul_15_35_n_90 & Regular Wire of Net clk  ( VIA2 )
Bounds : ( 75.545, 34.875 ) ( 75.595, 34.925 )


CUTSPACING: ( Same Layer Cut Spacing ) Regular Wire of Net MR[3].MC[3].MUL_mul_15_35_n_90 & Regular Wire of Net ki[3][3][5]  ( VIA2 )
Bounds : ( 75.545, 35.725 ) ( 75.595, 35.775 )


MINSTEP: ( MinStep ) Regular Wire of Net ki[3][3][4]  ( M1 )
Bounds : ( 75.125, 35.695 ) ( 75.155, 35.705 )


MINSTEP: ( MinStep ) Regular Wire of Net ki[3][3][4]  ( M1 )
Bounds : ( 75.125, 35.775 ) ( 75.185, 35.825 )


MINSTEP: ( MinStep ) Regular Wire of Net ki[3][3][4]  ( M1 )
Bounds : ( 75.205, 35.695 ) ( 75.235, 35.705 )


MINSTEP: ( MinStep ) Regular Wire of Net MR[3].MC[3].MUL_mul_15_35_n_8  ( M1 )
Bounds : ( 75.755, 36.030 ) ( 75.805, 36.050 )


MINSTEP: ( MinStep ) Regular Wire of Net MR[3].MC[3].MUL_mul_15_35_n_3  ( M1 )
Bounds : ( 76.375, 36.030 ) ( 76.425, 36.050 )


MINSTEP: ( MinStep ) Regular Wire of Net MR[3].MC[3].MUL_mul_15_35_n_8  ( M2 )
Bounds : ( 75.830, 36.025 ) ( 75.860, 36.060 )


MINSTEP: ( MinStep ) Regular Wire of Net MR[3].MC[3].MUL_mul_15_35_n_3  ( M2 )
Bounds : ( 76.400, 36.025 ) ( 76.430, 36.060 )


SHORT: ( Metal Short ) Regular Wire of Net MR[3].MC[3].MUL_mul_15_35_n_90 & Regular Wire of Net ki[3][3][5]  ( M2 )
Bounds : ( 75.565, 35.725 ) ( 75.655, 35.775 )


SHORT: ( Metal Short ) Regular Wire of Net MR[3].MC[3].MUL_mul_15_35_n_3 & Regular Wire of Net MR[3].MC[3].MUL_mul_15_35_n_8  ( M2 )
Bounds : ( 75.665, 36.025 ) ( 75.830, 36.075 )


SPACING: ( ParallelRunLength Spacing ) Regular Wire of Net MR[3].MC[3].MUL_mul_15_35_n_8 & Blockage of Cell MR[3].MC[3].MUL_mul_15_35_g2299  ( M1 )
Bounds : ( 75.755, 36.000 ) ( 75.780, 36.030 )


SPACING: ( ParallelRunLength Spacing ) Regular Wire of Net MR[3].MC[3].MUL_mul_15_35_n_8 & Pin of Cell MR[3].MC[3].MUL_mul_15_35_retime_s5_51_reg  ( M1 )
Bounds : ( 75.845, 35.105 ) ( 75.855, 35.140 )


SPACING: ( ParallelRunLength Spacing ) Regular Wire of Net MR[3].MC[3].MUL_mul_15_35_n_3 & Blockage of Cell MR[3].MC[3].MUL_mul_15_35_g2304  ( M1 )
Bounds : ( 76.400, 36.000 ) ( 76.425, 36.030 )


CUTSPACING: ( Cut EolSpacing ) Regular Wire of Net clk & Regular Wire of Net MR[3].MC[3].MUL_mul_15_35_n_5  ( VIA2 )
Bounds : ( 77.045, 33.775 ) ( 77.095, 33.825 )


CUTSPACING: ( Cut EolSpacing ) Regular Wire of Net clk & Regular Wire of Net MR[3].MC[3].MUL_mul_15_35_n_5  ( VIA2 )
Bounds : ( 76.995, 33.875 ) ( 77.045, 33.925 )


MAR: ( Minimum Area ) Regular Wire of Net place_opt_net_FE_OFN46_MR_3__MC_6__MUL_mul_15_35_n_0  ( M3 )
Bounds : ( 77.995, 33.995 ) ( 78.045, 34.305 )


MAR: ( Minimum Area ) Regular Wire of Net clk  ( M3 )
Bounds : ( 76.995, 33.795 ) ( 77.045, 34.005 )


MAR: ( Minimum Area ) Regular Wire of Net MR[3].MC[3].MUL_mul_15_35_n_5  ( M2 )
Bounds : ( 77.065, 33.725 ) ( 77.195, 33.775 )


MAR: ( Minimum Area ) Regular Wire of Net MR[3].MC[3].MUL_mul_15_35_n_88  ( M2 )
Bounds : ( 76.465, 33.925 ) ( 76.675, 33.975 )


CUTSPACING: ( Same Layer Cut Spacing ) Regular Wire of Net MR[3].MC[3].MUL_mul_15_35_n_88  ( VIA2 )
Bounds : ( 76.545, 33.925 ) ( 76.595, 33.975 )


CUTSPACING: ( Same Layer Cut Spacing ) Regular Wire of Net clk  ( VIA2 )
Bounds : ( 76.995, 33.875 ) ( 77.045, 33.925 )


SHORT: ( Metal Short ) Regular Wire of Net MR[3].MC[3].MUL_mul_15_35_n_88 & Regular Wire of Net clk  ( M2 )
Bounds : ( 76.465, 33.925 ) ( 76.675, 33.975 )


EndOfLine: ( EndOfLine Spacing ) Regular Wire of Net MR[3].MC[3].MUL_mul_15_35_n_5 & Pin of Cell MR[3].MC[3].MUL_mul_15_35_retime_s5_76_reg  ( M1 )
Bounds : ( 77.105, 33.660 ) ( 77.115, 33.695 )


EndOfLine: ( EndOfLine Spacing ) Regular Wire of Net clk & Blockage of Cell MR[3].MC[3].MUL_mul_15_35_retime_s5_76_reg  ( M2 )
Bounds : ( 77.910, 34.025 ) ( 77.965, 34.075 )


SPACING: ( ParallelRunLength Spacing ) Regular Wire of Net MR[3].MC[3].MUL_mul_15_35_n_5 & Pin of Cell MR[3].MC[3].MUL_mul_15_35_retime_s5_76_reg  ( M1 )
Bounds : ( 77.105, 33.660 ) ( 77.115, 33.695 )


MINSTEP: ( MinStep ) Regular Wire of Net MR[2].MC[3].MUL_mul_15_35_n_11  ( M1 )
Bounds : ( 74.505, 39.995 ) ( 74.525, 40.025 )


SPACING: ( ParallelRunLength Spacing ) Regular Wire of Net MR[2].MC[3].MUL_mul_15_35_n_11 & Pin of Cell MR[2].MC[3].MUL_mul_15_35_g510  ( M1 )
Bounds : ( 74.505, 39.995 ) ( 74.525, 40.025 )


MINSTEP: ( MinStep ) Regular Wire of Net MR[2].MC[3].MUL_mul_15_35_n_23  ( M1 )
Bounds : ( 73.735, 39.995 ) ( 73.755, 40.025 )


SPACING: ( ParallelRunLength Spacing ) Regular Wire of Net MR[2].MC[3].MUL_mul_15_35_n_23 & Pin of Cell MR[2].MC[3].MUL_mul_15_35_g499  ( M1 )
Bounds : ( 73.735, 39.995 ) ( 73.755, 40.025 )


EndOfLine: ( EndOfLine Spacing ) Regular Wire of Net MR[2].MC[3].MUL_mul_15_35_n_23 & Pin of Cell MR[2].MC[3].MUL_mul_15_35_g499  ( M1 )
Bounds : ( 73.805, 39.970 ) ( 73.810, 39.995 )


EndOfLine: ( EndOfLine Spacing ) Regular Wire of Net MR[2].MC[3].MUL_mul_15_35_n_11 & Pin of Cell MR[2].MC[3].MUL_mul_15_35_g510  ( M1 )
Bounds : ( 74.450, 39.970 ) ( 74.455, 39.995 )


SPACING: ( ParallelRunLength Spacing ) Regular Wire of Net MR[2].MC[3].MUL_mul_15_35_n_23 & Pin of Cell MR[2].MC[3].MUL_mul_15_35_g499  ( M1 )
Bounds : ( 73.805, 39.970 ) ( 73.810, 39.995 )


SPACING: ( ParallelRunLength Spacing ) Regular Wire of Net MR[2].MC[3].MUL_mul_15_35_n_11 & Pin of Cell MR[2].MC[3].MUL_mul_15_35_g510  ( M1 )
Bounds : ( 74.450, 39.970 ) ( 74.455, 39.995 )


SPACING: ( ParallelRunLength Spacing ) Regular Wire of Net MR[2].MC[3].MUL_mul_15_35_n_18 & Blockage of Cell MR[2].MC[3].MUL_mul_15_35_g504  ( M1 )
Bounds : ( 72.895, 39.990 ) ( 72.925, 40.025 )


SPACING: ( ParallelRunLength Spacing ) Regular Wire of Net MR[2].MC[3].MUL_mul_15_35_n_65 & Special Wire of Net VDD  ( M2 )
Bounds : ( 73.235, 39.695 ) ( 73.345, 39.735 )


SPACING: ( ParallelRunLength Spacing ) Regular Wire of Net MR[2].MC[3].MUL_mul_15_35_n_18 & Special Wire of Net VDD  ( M2 )
Bounds : ( 72.815, 39.865 ) ( 72.925, 39.910 )


EndOfLine: ( EndOfLine Spacing ) Regular Wire of Net MR[2].MC[3].MUL_mul_15_35_n_65 & Pin of Cell MR[2].MC[3].MUL_mul_15_35_cdnfadd_005_0  ( M1 )
Bounds : ( 73.265, 39.725 ) ( 73.315, 39.775 )


EndOfLine: ( EndOfLine Spacing ) Regular Wire of Net MR[2].MC[3].MUL_mul_15_35_n_18 & Pin of Cell MR[2].MC[3].MUL_mul_15_35_g504  ( M1 )
Bounds : ( 72.845, 39.825 ) ( 72.895, 39.880 )


MINSTEP: ( MinStep ) Regular Wire of Net MR[2].MC[3].MUL_mul_15_35_n_65  ( M2 )
Bounds : ( 73.235, 39.625 ) ( 73.265, 39.645 )


MINSTEP: ( MinStep ) Regular Wire of Net MR[2].MC[3].MUL_mul_15_35_n_18  ( M2 )
Bounds : ( 72.895, 39.960 ) ( 72.925, 39.975 )


CUTSPACING: ( Same Layer Cut Spacing ) Regular Wire of Net place_opt_net_FE_OFN108_AR_3__AC_7__ACC_add_31_50_n_0 & Regular Wire of Net place_opt_net_FE_OFN4_s_ready  ( VIA1 )
Bounds : ( 72.265, 39.275 ) ( 72.305, 39.325 )


MAR: ( Minimum Area ) Regular Wire of Net MR[2].MC[3].MUL_mul_15_35_n_18  ( M2 )
Bounds : ( 72.765, 39.925 ) ( 72.925, 39.960 )


MAR: ( Minimum Area ) Regular Wire of Net place_opt_net_FE_OFN108_AR_3__AC_7__ACC_add_31_50_n_0  ( M2 )
Bounds : ( 72.165, 39.225 ) ( 72.295, 39.275 )


MINSTEP: ( MinStep ) Regular Wire of Net MR[2].MC[3].MUL_mul_15_35_n_18  ( M1 )
Bounds : ( 72.825, 39.880 ) ( 72.845, 39.895 )


MINSTEP: ( MinStep ) Regular Wire of Net MR[2].MC[3].MUL_mul_15_35_n_18  ( M1 )
Bounds : ( 72.895, 39.880 ) ( 72.910, 39.895 )


MINSTEP: ( MinStep ) Regular Wire of Net MR[2].MC[3].MUL_mul_15_35_n_65  ( M1 )
Bounds : ( 73.245, 39.710 ) ( 73.265, 39.725 )


MINSTEP: ( MinStep ) Regular Wire of Net MR[2].MC[3].MUL_mul_15_35_n_65  ( M1 )
Bounds : ( 73.295, 39.615 ) ( 73.330, 39.630 )


MINSTEP: ( MinStep ) Regular Wire of Net MR[2].MC[3].MUL_mul_15_35_n_65  ( M1 )
Bounds : ( 73.315, 39.710 ) ( 73.330, 39.725 )


MINSTEP: ( MinStep ) Regular Wire of Net MR[2].MC[3].MUL_mul_15_35_n_18  ( M1 )
Bounds : ( 72.875, 39.975 ) ( 72.910, 39.990 )


SPACING: ( ParallelRunLength Spacing ) Regular Wire of Net n_974 & Blockage of Cell g43978  ( M1 )
Bounds : ( 69.035, 39.990 ) ( 69.070, 40.025 )


SPACING: ( ParallelRunLength Spacing ) Regular Wire of Net n_974 & Special Wire of Net VDD  ( M2 )
Bounds : ( 69.040, 39.865 ) ( 69.150, 39.910 )


SPACING: ( ParallelRunLength Spacing ) Regular Wire of Net n_931 & Blockage of Cell g44021  ( M1 )
Bounds : ( 69.675, 39.575 ) ( 69.705, 39.610 )


EndOfLine: ( EndOfLine Spacing ) Regular Wire of Net n_931 & Pin of Cell g44021  ( M1 )
Bounds : ( 69.625, 39.720 ) ( 69.675, 39.775 )


EndOfLine: ( EndOfLine Spacing ) Regular Wire of Net n_974 & Pin of Cell g43978  ( M1 )
Bounds : ( 69.070, 39.825 ) ( 69.120, 39.880 )


SHORT: ( Metal Short ) Regular Wire of Net n_974 & Regular Wire of Net place_opt_net_FE_OFN4_s_ready  ( M2 )
Bounds : ( 69.065, 39.925 ) ( 69.175, 39.975 )


SHORT: ( Metal Short ) Regular Wire of Net place_opt_net_FE_OFN4_s_ready & Regular Wire of Net n_974  ( M2 )
Bounds : ( 69.040, 39.925 ) ( 69.175, 39.960 )


MINSTEP: ( MinStep ) Regular Wire of Net n_931  ( M2 )
Bounds : ( 69.675, 39.625 ) ( 69.705, 39.640 )


MINSTEP: ( MinStep ) Regular Wire of Net n_931  ( M1 )
Bounds : ( 69.655, 39.610 ) ( 69.690, 39.625 )


MINSTEP: ( MinStep ) Regular Wire of Net n_931  ( M1 )
Bounds : ( 69.605, 39.705 ) ( 69.625, 39.720 )


MINSTEP: ( MinStep ) Regular Wire of Net n_974  ( M1 )
Bounds : ( 69.120, 39.880 ) ( 69.135, 39.895 )


MINSTEP: ( MinStep ) Regular Wire of Net n_974  ( M1 )
Bounds : ( 69.050, 39.880 ) ( 69.070, 39.895 )


CUTSPACING: ( Same Layer Cut Spacing ) Regular Wire of Net n_3834 & Regular Wire of Net place_opt_net_FE_OFN85_AR_3__AC_7__ACC_add_31_50_n_0  ( VIA2 )
Bounds : ( 70.045, 39.325 ) ( 70.095, 39.375 )


CUTSPACING: ( Same Layer Cut Spacing ) Regular Wire of Net n_3834  ( VIA2 )
Bounds : ( 69.995, 39.375 ) ( 70.045, 39.425 )


SHORT: ( Cut Short ) Regular Wire of Net n_974 & Regular Wire of Net place_opt_net_FE_OFN4_s_ready  ( VIA2 )
Bounds : ( 69.095, 39.925 ) ( 69.145, 39.975 )


MAR: ( Minimum Area ) Regular Wire of Net n_3834  ( M3 )
Bounds : ( 69.995, 39.295 ) ( 70.045, 39.505 )


MAR: ( Minimum Area ) Regular Wire of Net n_931  ( M2 )
Bounds : ( 69.565, 39.640 ) ( 69.705, 39.675 )


MAR: ( Minimum Area ) Regular Wire of Net n_974  ( M2 )
Bounds : ( 69.040, 39.925 ) ( 69.175, 39.960 )


CUTSPACING: ( Cut EolSpacing ) Regular Wire of Net n_3834 & Regular Wire of Net place_opt_net_FE_OFN85_AR_3__AC_7__ACC_add_31_50_n_0  ( VIA2 )
Bounds : ( 69.995, 39.375 ) ( 70.045, 39.425 )


CUTSPACING: ( Cut EolSpacing ) Regular Wire of Net n_3834 & Regular Wire of Net place_opt_net_FE_OFN85_AR_3__AC_7__ACC_add_31_50_n_0  ( VIA2 )
Bounds : ( 70.045, 39.375 ) ( 70.095, 39.425 )


MINSTEP: ( MinStep ) Regular Wire of Net n_931  ( M1 )
Bounds : ( 69.675, 39.705 ) ( 69.690, 39.720 )


MINSTEP: ( MinStep ) Regular Wire of Net n_974 & Regular Wire of Net place_opt_net_FE_OFN4_s_ready  ( M2 )
Bounds : ( 69.040, 39.960 ) ( 69.065, 39.975 )


MINSTEP: ( MinStep ) Regular Wire of Net n_974 & Regular Wire of Net place_opt_net_FE_OFN4_s_ready  ( M2 )
Bounds : ( 69.150, 39.910 ) ( 69.175, 39.925 )


MINSTEP: ( MinStep ) Regular Wire of Net n_931  ( M2 )
Bounds : ( 69.565, 39.675 ) ( 69.595, 39.690 )


SPACING: ( ParallelRunLength Spacing ) Regular Wire of Net n_931 & Special Wire of Net VDD  ( M2 )
Bounds : ( 69.595, 39.690 ) ( 69.705, 39.735 )


SHORT: ( Metal Short ) Regular Wire of Net place_opt_net_FE_OFN4_s_ready & Regular Wire of Net n_3834  ( M2 )
Bounds : ( 69.945, 39.325 ) ( 70.195, 39.375 )


MAR: ( Minimum Area ) Regular Wire of Net n_3834  ( M2 )
Bounds : ( 69.945, 39.325 ) ( 70.195, 39.375 )


MINSTEP: ( MinStep ) Regular Wire of Net n_974  ( M1 )
Bounds : ( 69.050, 39.975 ) ( 69.085, 39.990 )


SHORT: ( Metal Short ) Regular Wire of Net place_opt_net_FE_OFN4_s_ready & Regular Wire of Net n_974  ( M3 )
Bounds : ( 69.095, 39.895 ) ( 69.145, 40.305 )


EndOfLine: ( EndOfLine Spacing ) Regular Wire of Net n_4442 & Blockage of Cell MR[2].MC[3].MUL_mul_15_35_g512  ( M1 )
Bounds : ( 74.225, 38.705 ) ( 74.225, 38.740 )


SPACING: ( ParallelRunLength Spacing ) Regular Wire of Net n_4442 & Blockage of Cell MR[2].MC[3].MUL_mul_15_35_g512  ( M1 )
Bounds : ( 74.225, 38.595 ) ( 74.265, 38.705 )


SPACING: ( ParallelRunLength Spacing ) Regular Wire of Net n_4442 & Blockage of Cell MR[2].MC[3].MUL_mul_15_35_g512  ( M1 )
Bounds : ( 74.225, 38.705 ) ( 74.225, 38.740 )


SPACING: ( ParallelRunLength Spacing ) Regular Wire of Net n_3902 & Blockage of Cell MR[2].MC[3].MUL_mul_15_35_g514  ( M1 )
Bounds : ( 74.875, 37.695 ) ( 74.925, 37.725 )


SPACING: ( ParallelRunLength Spacing ) Regular Wire of Net n_3902 & Blockage of Cell MR[2].MC[3].MUL_mul_15_35_g514  ( M1 )
Bounds : ( 74.870, 37.695 ) ( 74.875, 37.725 )


MINSTEP: ( MinStep ) Regular Wire of Net n_3902  ( M2 )
Bounds : ( 74.925, 37.665 ) ( 74.955, 37.675 )


MINSTEP: ( MinStep ) Regular Wire of Net MR[2].MC[3].MUL_mul_15_35_n_67  ( M2 )
Bounds : ( 74.875, 38.155 ) ( 74.885, 38.175 )


MINSTEP: ( MinStep ) Regular Wire of Net MR[2].MC[3].MUL_mul_15_35_n_67  ( M2 )
Bounds : ( 74.765, 38.105 ) ( 74.775, 38.125 )


MINSTEP: ( MinStep ) Regular Wire of Net MR[2].MC[3].MUL_mul_15_35_n_67  ( M1 )
Bounds : ( 74.855, 38.075 ) ( 74.870, 38.090 )


MINSTEP: ( MinStep ) Regular Wire of Net n_3902  ( M1 )
Bounds : ( 74.845, 37.675 ) ( 74.875, 37.695 )


MINSTEP: ( MinStep ) Regular Wire of Net MR[2].MC[3].MUL_mul_15_35_n_67  ( M1 )
Bounds : ( 74.835, 38.170 ) ( 74.870, 38.185 )


MINSTEP: ( MinStep ) Regular Wire of Net MR[2].MC[3].MUL_mul_15_35_n_67  ( M1 )
Bounds : ( 74.785, 38.075 ) ( 74.805, 38.090 )


MAR: ( Minimum Area ) Regular Wire of Net MR[2].MC[3].MUL_mul_15_35_n_67  ( M2 )
Bounds : ( 74.765, 38.125 ) ( 74.885, 38.155 )


MINSTEP: ( MinStep ) Regular Wire of Net n_3902  ( M1 )
Bounds : ( 74.925, 37.675 ) ( 74.955, 37.695 )


EndOfLine: ( EndOfLine Spacing ) Regular Wire of Net MR[2].MC[3].MUL_mul_15_35_n_67 & Pin of Cell MR[2].MC[3].MUL_mul_15_35_cdnfadd_004_0  ( M1 )
Bounds : ( 74.805, 38.025 ) ( 74.855, 38.075 )


EndOfLine: ( EndOfLine Spacing ) Regular Wire of Net n_3902 & Blockage of Cell MR[2].MC[3].MUL_mul_15_35_g514  ( M1 )
Bounds : ( 74.875, 37.695 ) ( 74.925, 37.725 )


SPACING: ( ParallelRunLength Spacing ) Regular Wire of Net MR[2].MC[3].MUL_mul_15_35_n_67 & Special Wire of Net VDD  ( M2 )
Bounds : ( 74.775, 38.065 ) ( 74.885, 38.105 )


SPACING: ( ParallelRunLength Spacing ) Regular Wire of Net MR[2].MC[3].MUL_mul_15_35_n_9 & Special Wire of Net VDD  ( M2 )
Bounds : ( 73.795, 38.065 ) ( 73.905, 38.110 )


SHORT: ( Metal Short ) Regular Wire of Net MR[2].MC[3].MUL_mul_15_35_n_19 & Regular Wire of Net MR[2].MC[3].MUL_mul_15_35_n_9  ( M2 )
Bounds : ( 73.665, 38.125 ) ( 73.675, 38.175 )


MINSTEP: ( MinStep ) Regular Wire of Net n_3902  ( M2 )
Bounds : ( 74.005, 38.325 ) ( 74.035, 38.335 )


MINSTEP: ( MinStep ) Regular Wire of Net n_3902  ( M1 )
Bounds : ( 74.085, 38.305 ) ( 74.115, 38.325 )


MINSTEP: ( MinStep ) Regular Wire of Net n_3902  ( M1 )
Bounds : ( 74.055, 38.395 ) ( 74.115, 38.415 )


MINSTEP: ( MinStep ) Regular Wire of Net n_3902  ( M1 )
Bounds : ( 74.005, 38.305 ) ( 74.035, 38.325 )


MINSTEP: ( MinStep ) Regular Wire of Net MR[2].MC[3].MUL_mul_15_35_n_9  ( M1 )
Bounds : ( 73.875, 38.080 ) ( 73.890, 38.095 )


MINSTEP: ( MinStep ) Regular Wire of Net MR[2].MC[3].MUL_mul_15_35_n_9  ( M1 )
Bounds : ( 73.855, 38.175 ) ( 73.890, 38.190 )


MINSTEP: ( MinStep ) Regular Wire of Net MR[2].MC[3].MUL_mul_15_35_n_9  ( M1 )
Bounds : ( 73.805, 38.080 ) ( 73.825, 38.095 )


MAR: ( Minimum Area ) Regular Wire of Net MR[2].MC[3].MUL_mul_15_35_n_9  ( M2 )
Bounds : ( 73.665, 38.125 ) ( 73.905, 38.160 )


CUTSPACING: ( Same Layer Cut Spacing ) Regular Wire of Net MR[2].MC[3].MUL_mul_15_35_n_19 & Regular Wire of Net MR[2].MC[3].MUL_mul_15_35_n_9  ( VIA2 )
Bounds : ( 73.645, 38.125 ) ( 73.695, 38.175 )


MINSTEP: ( MinStep ) Regular Wire of Net MR[2].MC[3].MUL_mul_15_35_n_9  ( M2 )
Bounds : ( 73.875, 38.160 ) ( 73.905, 38.175 )


EndOfLine: ( EndOfLine Spacing ) Regular Wire of Net MR[2].MC[3].MUL_mul_15_35_n_9 & Pin of Cell MR[2].MC[3].MUL_mul_15_35_g512  ( M1 )
Bounds : ( 73.825, 38.025 ) ( 73.875, 38.080 )


EndOfLine: ( EndOfLine Spacing ) Regular Wire of Net n_3902 & Blockage of Cell MR[2].MC[3].MUL_mul_15_35_g512  ( M1 )
Bounds : ( 74.035, 38.275 ) ( 74.085, 38.305 )


SPACING: ( ParallelRunLength Spacing ) Regular Wire of Net MR[2].MC[3].MUL_mul_15_35_n_9 & Blockage of Cell MR[2].MC[3].MUL_mul_15_35_g512  ( M1 )
Bounds : ( 73.875, 38.190 ) ( 73.905, 38.225 )


SPACING: ( ParallelRunLength Spacing ) Regular Wire of Net n_3902 & Blockage of Cell MR[2].MC[3].MUL_mul_15_35_g512  ( M1 )
Bounds : ( 74.035, 38.275 ) ( 74.085, 38.305 )


SPACING: ( ParallelRunLength Spacing ) Regular Wire of Net n_3902 & Blockage of Cell MR[2].MC[3].MUL_mul_15_35_g512  ( M1 )
Bounds : ( 74.085, 38.275 ) ( 74.090, 38.305 )


CUTSPACING: ( Cut EolSpacing ) Regular Wire of Net n_3902 & Regular Wire of Net MR[2].MC[3].MUL_mul_15_35_n_67  ( VIA2 )
Bounds : ( 74.695, 38.375 ) ( 74.745, 38.425 )


CUTSPACING: ( Same Layer Cut Spacing ) Regular Wire of Net n_3902  ( VIA2 )
Bounds : ( 74.695, 38.375 ) ( 74.745, 38.425 )


SPACING: ( ParallelRunLength Spacing ) Regular Wire of Net n_3902  ( M2 )
Bounds : ( 74.005, 38.385 ) ( 74.115, 38.425 )


MINSTEP: ( MinStep ) Regular Wire of Net MR[2].MC[3].MUL_mul_15_35_n_19  ( M1 )
Bounds : ( 73.460, 38.080 ) ( 73.475, 38.095 )


MINSTEP: ( MinStep ) Regular Wire of Net MR[2].MC[3].MUL_mul_15_35_n_19  ( M1 )
Bounds : ( 73.390, 38.175 ) ( 73.425, 38.190 )


MINSTEP: ( MinStep ) Regular Wire of Net MR[2].MC[3].MUL_mul_15_35_n_19  ( M1 )
Bounds : ( 73.390, 38.080 ) ( 73.410, 38.095 )


MINSTEP: ( MinStep ) Regular Wire of Net n_3858  ( M1 )
Bounds : ( 73.245, 38.305 ) ( 73.275, 38.325 )


MINSTEP: ( MinStep ) Regular Wire of Net n_3858  ( M1 )
Bounds : ( 73.165, 38.395 ) ( 73.225, 38.415 )


MINSTEP: ( MinStep ) Regular Wire of Net n_3858  ( M1 )
Bounds : ( 73.165, 38.305 ) ( 73.195, 38.325 )


MAR: ( Minimum Area ) Regular Wire of Net n_3915  ( M2 )
Bounds : ( 72.865, 38.625 ) ( 73.135, 38.675 )


MINSTEP: ( MinStep ) Regular Wire of Net MR[2].MC[3].MUL_mul_15_35_n_19  ( M2 )
Bounds : ( 73.380, 38.160 ) ( 73.410, 38.175 )


EndOfLine: ( EndOfLine Spacing ) Regular Wire of Net place_opt_net_FE_OFN108_AR_3__AC_7__ACC_add_31_50_n_0 & Pin of Cell place_opt_inst_FE_OFC125_AR_3__AC_7__ACC_add_31_50_n_0  ( M1 )
Bounds : ( 72.265, 39.175 ) ( 72.285, 39.195 )


EndOfLine: ( EndOfLine Spacing ) Regular Wire of Net n_3915 & Blockage of Cell MR[2].MC[3].MUL_mul_15_35_g503  ( M1 )
Bounds : ( 73.055, 38.705 ) ( 73.055, 38.740 )


EndOfLine: ( EndOfLine Spacing ) Regular Wire of Net n_3858 & Blockage of Cell MR[2].MC[3].MUL_mul_15_35_g503  ( M1 )
Bounds : ( 73.195, 38.275 ) ( 73.245, 38.305 )


EndOfLine: ( EndOfLine Spacing ) Regular Wire of Net MR[2].MC[3].MUL_mul_15_35_n_19 & Pin of Cell MR[2].MC[3].MUL_mul_15_35_g503  ( M1 )
Bounds : ( 73.410, 38.025 ) ( 73.460, 38.080 )


EndOfLine: ( EndOfLine Spacing ) Regular Wire of Net n_3915 & Regular Wire of Net n_4442  ( M2 )
Bounds : ( 73.135, 38.625 ) ( 73.165, 38.675 )


SPACING: ( ParallelRunLength Spacing ) Regular Wire of Net place_opt_net_FE_OFN108_AR_3__AC_7__ACC_add_31_50_n_0 & Pin of Cell place_opt_inst_FE_OFC125_AR_3__AC_7__ACC_add_31_50_n_0  ( M1 )
Bounds : ( 72.205, 39.170 ) ( 72.215, 39.195 )


SPACING: ( ParallelRunLength Spacing ) Regular Wire of Net place_opt_net_FE_OFN108_AR_3__AC_7__ACC_add_31_50_n_0 & Pin of Cell place_opt_inst_FE_OFC125_AR_3__AC_7__ACC_add_31_50_n_0  ( M1 )
Bounds : ( 72.265, 39.175 ) ( 72.285, 39.195 )


SPACING: ( ParallelRunLength Spacing ) Regular Wire of Net n_3915 & Blockage of Cell MR[2].MC[3].MUL_mul_15_35_g503  ( M1 )
Bounds : ( 73.015, 38.595 ) ( 73.055, 38.705 )


SPACING: ( ParallelRunLength Spacing ) Regular Wire of Net n_3915 & Blockage of Cell MR[2].MC[3].MUL_mul_15_35_g503  ( M1 )
Bounds : ( 73.055, 38.705 ) ( 73.055, 38.740 )


SPACING: ( ParallelRunLength Spacing ) Regular Wire of Net n_3858 & Blockage of Cell MR[2].MC[3].MUL_mul_15_35_g503  ( M1 )
Bounds : ( 73.190, 38.275 ) ( 73.195, 38.305 )


SPACING: ( ParallelRunLength Spacing ) Regular Wire of Net n_3858 & Blockage of Cell MR[2].MC[3].MUL_mul_15_35_g503  ( M1 )
Bounds : ( 73.195, 38.275 ) ( 73.245, 38.305 )


SPACING: ( ParallelRunLength Spacing ) Regular Wire of Net MR[2].MC[3].MUL_mul_15_35_n_19 & Blockage of Cell MR[2].MC[3].MUL_mul_15_35_g503  ( M1 )
Bounds : ( 73.375, 38.190 ) ( 73.410, 38.225 )


SPACING: ( ParallelRunLength Spacing ) Regular Wire of Net n_3915 & Regular Wire of Net n_4442  ( M2 )
Bounds : ( 73.135, 38.625 ) ( 73.165, 38.675 )


SPACING: ( ParallelRunLength Spacing ) Regular Wire of Net MR[2].MC[3].MUL_mul_15_35_n_19 & Special Wire of Net VDD  ( M2 )
Bounds : ( 73.380, 38.065 ) ( 73.490, 38.110 )


MAR: ( Minimum Area ) Regular Wire of Net n_3902  ( M2 )
Bounds : ( 74.665, 36.825 ) ( 74.815, 36.875 )


MINSTEP: ( MinStep ) Regular Wire of Net place_opt_net_FE_OFN61_place_opt_net_FE_DBTN0_n_2948  ( M1 )
Bounds : ( 74.845, 36.505 ) ( 74.875, 36.525 )


MINSTEP: ( MinStep ) Regular Wire of Net place_opt_net_FE_OFN61_place_opt_net_FE_DBTN0_n_2948  ( M1 )
Bounds : ( 74.845, 36.595 ) ( 74.905, 36.615 )


MINSTEP: ( MinStep ) Regular Wire of Net n_3902  ( M1 )
Bounds : ( 74.845, 37.585 ) ( 74.905, 37.605 )


MINSTEP: ( MinStep ) Regular Wire of Net place_opt_net_FE_OFN61_place_opt_net_FE_DBTN0_n_2948  ( M1 )
Bounds : ( 74.925, 36.505 ) ( 74.955, 36.525 )


MINSTEP: ( MinStep ) Regular Wire of Net place_opt_net_FE_OFN61_place_opt_net_FE_DBTN0_n_2948  ( M2 )
Bounds : ( 74.845, 36.525 ) ( 74.875, 36.535 )


MINSTEP: ( MinStep ) Regular Wire of Net ki[3][3][4]  ( M2 )
Bounds : ( 75.060, 36.360 ) ( 75.065, 36.375 )


SHORT: ( Metal Short ) Regular Wire of Net n_3858 & Regular Wire of Net n_3902  ( M2 )
Bounds : ( 74.665, 36.825 ) ( 74.815, 36.875 )


EndOfLine: ( EndOfLine Spacing ) Regular Wire of Net n_3902 & Blockage of Cell g39895__2346  ( M1 )
Bounds : ( 74.735, 36.905 ) ( 74.735, 36.940 )


EndOfLine: ( EndOfLine Spacing ) Regular Wire of Net n_3915 & Blockage of Cell MR[2].MC[3].MUL_mul_15_35_g514  ( M1 )
Bounds : ( 74.735, 37.260 ) ( 74.735, 37.295 )


EndOfLine: ( EndOfLine Spacing ) Regular Wire of Net place_opt_net_FE_OFN61_place_opt_net_FE_DBTN0_n_2948 & Blockage of Cell g39895__2346  ( M1 )
Bounds : ( 74.875, 36.475 ) ( 74.925, 36.505 )


SPACING: ( ParallelRunLength Spacing ) Regular Wire of Net n_3902 & Blockage of Cell g39895__2346  ( M1 )
Bounds : ( 74.695, 36.795 ) ( 74.735, 36.905 )


SPACING: ( ParallelRunLength Spacing ) Regular Wire of Net n_3915 & Blockage of Cell MR[2].MC[3].MUL_mul_15_35_g514  ( M1 )
Bounds : ( 74.695, 37.295 ) ( 74.735, 37.405 )


SPACING: ( ParallelRunLength Spacing ) Regular Wire of Net n_3902 & Blockage of Cell g39895__2346  ( M1 )
Bounds : ( 74.735, 36.905 ) ( 74.735, 36.940 )


SPACING: ( ParallelRunLength Spacing ) Regular Wire of Net n_3915 & Blockage of Cell MR[2].MC[3].MUL_mul_15_35_g514  ( M1 )
Bounds : ( 74.735, 37.260 ) ( 74.735, 37.295 )


SPACING: ( ParallelRunLength Spacing ) Regular Wire of Net place_opt_net_FE_OFN61_place_opt_net_FE_DBTN0_n_2948 & Blockage of Cell g39895__2346  ( M1 )
Bounds : ( 74.870, 36.475 ) ( 74.875, 36.505 )


SPACING: ( ParallelRunLength Spacing ) Regular Wire of Net place_opt_net_FE_OFN61_place_opt_net_FE_DBTN0_n_2948 & Blockage of Cell g39895__2346  ( M1 )
Bounds : ( 74.875, 36.475 ) ( 74.925, 36.505 )


MAR: ( Minimum Area ) Regular Wire of Net n_931  ( M2 )
Bounds : ( 69.525, 38.625 ) ( 69.675, 38.675 )


MAR: ( Minimum Area ) Regular Wire of Net ki[2][3][3]  ( M2 )
Bounds : ( 70.365, 39.125 ) ( 70.475, 39.175 )


MAR: ( Minimum Area ) Regular Wire of Net n_3834  ( M2 )
Bounds : ( 71.565, 38.425 ) ( 71.685, 38.475 )


EndOfLine: ( EndOfLine Spacing ) Regular Wire of Net n_931 & Pin of Cell retime_s3_221_reg  ( M1 )
Bounds : ( 69.545, 38.705 ) ( 69.555, 38.740 )


EndOfLine: ( EndOfLine Spacing ) Regular Wire of Net ki[2][3][3] & Pin of Cell g44021  ( M1 )
Bounds : ( 70.445, 39.070 ) ( 70.450, 39.095 )


SPACING: ( ParallelRunLength Spacing ) Regular Wire of Net n_931 & Pin of Cell retime_s3_221_reg  ( M1 )
Bounds : ( 69.545, 38.705 ) ( 69.555, 38.740 )


SPACING: ( ParallelRunLength Spacing ) Regular Wire of Net ki[2][3][3] & Pin of Cell g44021  ( M1 )
Bounds : ( 70.445, 39.070 ) ( 70.450, 39.095 )


SPACING: ( ParallelRunLength Spacing ) Regular Wire of Net place_opt_net_FE_OFN108_AR_3__AC_7__ACC_add_31_50_n_0 & Pin of Cell place_opt_inst_FE_OFC125_AR_3__AC_7__ACC_add_31_50_n_0  ( M1 )
Bounds : ( 72.265, 39.195 ) ( 72.305, 39.305 )


MAR: ( Minimum Area ) Regular Wire of Net MR[3].MC[3].MUL_mul_15_35_n_3  ( M2 )
Bounds : ( 74.425, 33.725 ) ( 74.575, 33.775 )


MAR: ( Minimum Area ) Regular Wire of Net clk  ( M3 )
Bounds : ( 74.295, 33.595 ) ( 74.345, 33.905 )


EndOfLine: ( EndOfLine Spacing ) Regular Wire of Net MR[3].MC[3].MUL_mul_15_35_n_3 & Pin of Cell MR[3].MC[3].MUL_mul_15_35_retime_s5_77_reg  ( M1 )
Bounds : ( 74.445, 33.660 ) ( 74.455, 33.695 )


SPACING: ( ParallelRunLength Spacing ) Regular Wire of Net MR[3].MC[3].MUL_mul_15_35_n_3 & Pin of Cell MR[3].MC[3].MUL_mul_15_35_retime_s5_77_reg  ( M1 )
Bounds : ( 74.445, 33.660 ) ( 74.455, 33.695 )


MINSTEP: ( MinStep ) Regular Wire of Net n_801  ( M1 )
Bounds : ( 57.920, 39.880 ) ( 57.935, 39.895 )


MINSTEP: ( MinStep ) Regular Wire of Net n_801  ( M2 )
Bounds : ( 57.950, 39.910 ) ( 57.975, 39.925 )


MINSTEP: ( MinStep ) Regular Wire of Net n_801  ( M2 )
Bounds : ( 57.840, 39.960 ) ( 57.865, 39.975 )


SPACING: ( ParallelRunLength Spacing ) Regular Wire of Net n_801 & Special Wire of Net VDD  ( M2 )
Bounds : ( 57.840, 39.865 ) ( 57.950, 39.910 )


SPACING: ( ParallelRunLength Spacing ) Regular Wire of Net n_801 & Blockage of Cell g44157  ( M1 )
Bounds : ( 57.835, 39.990 ) ( 57.870, 40.025 )


EndOfLine: ( EndOfLine Spacing ) Regular Wire of Net n_801 & Pin of Cell g44157  ( M1 )
Bounds : ( 57.870, 39.825 ) ( 57.920, 39.880 )


MINSTEP: ( MinStep ) Regular Wire of Net n_801  ( M1 )
Bounds : ( 57.850, 39.975 ) ( 57.885, 39.990 )


MINSTEP: ( MinStep ) Regular Wire of Net n_801  ( M1 )
Bounds : ( 57.850, 39.880 ) ( 57.870, 39.895 )


MAR: ( Minimum Area ) Regular Wire of Net n_801  ( M2 )
Bounds : ( 57.840, 39.925 ) ( 57.975, 39.960 )


SPACING: ( ParallelRunLength Spacing ) Regular Wire of Net n_516 & Blockage of Cell g44442  ( M1 )
Bounds : ( 51.615, 39.575 ) ( 51.645, 39.610 )


SHORT: ( Metal Short ) Regular Wire of Net place_opt_net_FE_OFN108_AR_3__AC_7__ACC_add_31_50_n_0 & Regular Wire of Net TRI_K_buffer[3][7][7]  ( M2 )
Bounds : ( 52.025, 39.325 ) ( 52.275, 39.375 )


CUTSPACING: ( Cut EolSpacing ) Regular Wire of Net TRI_K_buffer[4][7][5] & Regular Wire of Net TRI_K_buffer[3][7][2]  ( VIA2 )
Bounds : ( 51.895, 39.375 ) ( 51.945, 39.425 )


MAR: ( Minimum Area ) Regular Wire of Net TRI_K_buffer[4][7][5]  ( M2 )
Bounds : ( 51.865, 39.325 ) ( 51.995, 39.375 )


MAR: ( Minimum Area ) Regular Wire of Net place_opt_net_FE_OFN108_AR_3__AC_7__ACC_add_31_50_n_0  ( M2 )
Bounds : ( 52.025, 39.325 ) ( 52.275, 39.375 )


MAR: ( Minimum Area ) Regular Wire of Net place_opt_net_FE_OFN108_AR_3__AC_7__ACC_add_31_50_n_0  ( M2 )
Bounds : ( 52.165, 39.225 ) ( 52.415, 39.275 )


MAR: ( Minimum Area ) Regular Wire of Net TRI_K_buffer[4][7][5]  ( M3 )
Bounds : ( 51.895, 39.295 ) ( 51.945, 39.505 )


MAR: ( Minimum Area ) Regular Wire of Net place_opt_net_FE_OFN34_MR_3__MC_6__MUL_mul_15_35_n_0  ( M3 )
Bounds : ( 52.295, 39.895 ) ( 52.345, 40.205 )


SHORT: ( Cut Short ) Regular Wire of Net place_opt_net_FE_OFN108_AR_3__AC_7__ACC_add_31_50_n_0 & Regular Wire of Net place_opt_net_FE_OFN88_AR_3__AC_7__ACC_add_31_50_n_0  ( VIA2 )
Bounds : ( 52.195, 39.225 ) ( 52.245, 39.275 )


SHORT: ( Cut Short ) Regular Wire of Net place_opt_net_FE_OFN88_AR_3__AC_7__ACC_add_31_50_n_0 & Regular Wire of Net place_opt_net_FE_OFN108_AR_3__AC_7__ACC_add_31_50_n_0  ( VIA2 )
Bounds : ( 52.195, 39.325 ) ( 52.245, 39.375 )


CUTSPACING: ( Same Layer Cut Spacing ) Regular Wire of Net place_opt_net_FE_OFN108_AR_3__AC_7__ACC_add_31_50_n_0 & Regular Wire of Net place_opt_net_FE_OFN88_AR_3__AC_7__ACC_add_31_50_n_0  ( VIA1 )
Bounds : ( 52.385, 39.275 ) ( 52.425, 39.275 )


CUTSPACING: ( Same Layer Cut Spacing ) Regular Wire of Net TRI_K_buffer[4][7][5]  ( VIA2 )
Bounds : ( 51.895, 39.375 ) ( 51.945, 39.425 )


CUTSPACING: ( Same Layer Cut Spacing ) Regular Wire of Net place_opt_net_FE_OFN88_AR_3__AC_7__ACC_add_31_50_n_0  ( VIA2 )
Bounds : ( 52.195, 39.275 ) ( 52.245, 39.325 )


MINSTEP: ( MinStep ) Regular Wire of Net n_516  ( M1 )
Bounds : ( 51.615, 39.705 ) ( 51.630, 39.720 )


MINSTEP: ( MinStep ) Regular Wire of Net n_516  ( M2 )
Bounds : ( 51.615, 39.625 ) ( 51.645, 39.640 )


SHORT: ( Metal Short ) Regular Wire of Net TRI_K_buffer[3][7][7] & Regular Wire of Net TRI_K_buffer[4][7][5]  ( M2 )
Bounds : ( 51.865, 39.325 ) ( 51.995, 39.375 )


SHORT: ( Metal Short ) Regular Wire of Net place_opt_net_FE_OFN88_AR_3__AC_7__ACC_add_31_50_n_0 & Regular Wire of Net place_opt_net_FE_OFN108_AR_3__AC_7__ACC_add_31_50_n_0  ( M2 )
Bounds : ( 52.165, 39.225 ) ( 52.415, 39.275 )


SHORT: ( Metal Short ) Regular Wire of Net place_opt_net_FE_OFN88_AR_3__AC_7__ACC_add_31_50_n_0 & Regular Wire of Net TRI_K_buffer[3][7][7]  ( M2 )
Bounds : ( 52.395, 39.325 ) ( 52.505, 39.325 )


MINSTEP: ( MinStep ) Regular Wire of Net n_516  ( M1 )
Bounds : ( 51.545, 39.705 ) ( 51.565, 39.720 )


MINSTEP: ( MinStep ) Regular Wire of Net n_516  ( M1 )
Bounds : ( 51.595, 39.610 ) ( 51.630, 39.625 )


EndOfLine: ( EndOfLine Spacing ) Regular Wire of Net n_516 & Pin of Cell retime_s2_194_reg  ( M1 )
Bounds : ( 51.565, 39.720 ) ( 51.615, 39.775 )


SPACING: ( ParallelRunLength Spacing ) Regular Wire of Net n_516 & Special Wire of Net VDD  ( M2 )
Bounds : ( 51.535, 39.690 ) ( 51.645, 39.735 )


EndOfLine: ( EndOfLine Spacing ) Regular Wire of Net TRI_K_buffer[3][7][5] & Pin of Cell place_opt_inst_FE_OFC150_s_ready  ( M1 )
Bounds : ( 52.385, 39.075 ) ( 52.390, 39.095 )


SPACING: ( ParallelRunLength Spacing ) Regular Wire of Net TRI_K_buffer[3][7][5] & Pin of Cell place_opt_inst_FE_OFC150_s_ready  ( M1 )
Bounds : ( 52.325, 39.095 ) ( 52.335, 39.095 )


SPACING: ( ParallelRunLength Spacing ) Regular Wire of Net TRI_K_buffer[3][7][5] & Pin of Cell g44442  ( M1 )
Bounds : ( 52.385, 39.070 ) ( 52.390, 39.095 )


MAR: ( Minimum Area ) Regular Wire of Net place_opt_net_FE_OFN88_AR_3__AC_7__ACC_add_31_50_n_0  ( M3 )
Bounds : ( 52.195, 39.195 ) ( 52.245, 39.405 )


CUTSPACING: ( Same Layer Cut Spacing ) Regular Wire of Net TRI_K_buffer[3][7][5] & Regular Wire of Net place_opt_net_FE_OFN108_AR_3__AC_7__ACC_add_31_50_n_0  ( VIA1 )
Bounds : ( 52.335, 39.175 ) ( 52.385, 39.225 )


SHORT: ( Metal Short ) Regular Wire of Net place_opt_net_FE_OFN108_AR_3__AC_7__ACC_add_31_50_n_0 & Regular Wire of Net TRI_K_buffer[3][7][5]  ( M1 )
Bounds : ( 52.325, 39.195 ) ( 52.385, 39.305 )


SHORT: ( Metal Short ) Regular Wire of Net TRI_K_buffer[3][7][5] & Regular Wire of Net place_opt_net_FE_OFN108_AR_3__AC_7__ACC_add_31_50_n_0  ( M1 )
Bounds : ( 52.335, 39.175 ) ( 52.375, 39.365 )


SHORT: ( Metal Short ) Regular Wire of Net place_opt_net_FE_OFN108_AR_3__AC_7__ACC_add_31_50_n_0 & Regular Wire of Net place_opt_net_FE_OFN88_AR_3__AC_7__ACC_add_31_50_n_0  ( M3 )
Bounds : ( 52.195, 39.195 ) ( 52.245, 39.405 )


SPACING: ( ParallelRunLength Spacing ) Regular Wire of Net TRI_K_buffer[3][7][5] & Pin of Cell place_opt_inst_FE_OFC150_s_ready  ( M1 )
Bounds : ( 52.385, 39.095 ) ( 52.425, 39.365 )


MAR: ( Minimum Area ) Regular Wire of Net ki[3][3][4]  ( M2 )
Bounds : ( 75.060, 36.325 ) ( 75.175, 36.360 )


MAR: ( Minimum Area ) Regular Wire of Net MR[2].MC[3].MUL_mul_15_35_n_7  ( M2 )
Bounds : ( 75.060, 37.840 ) ( 75.275, 37.875 )


MAR: ( Minimum Area ) Regular Wire of Net ki[3][3][4]  ( M2 )
Bounds : ( 75.065, 35.725 ) ( 75.235, 35.775 )


MINSTEP: ( MinStep ) Regular Wire of Net ki[3][3][4]  ( M1 )
Bounds : ( 75.070, 36.280 ) ( 75.090, 36.295 )


MINSTEP: ( MinStep ) Regular Wire of Net ki[3][3][4]  ( M1 )
Bounds : ( 75.070, 36.375 ) ( 75.105, 36.390 )


MINSTEP: ( MinStep ) Regular Wire of Net MR[2].MC[3].MUL_mul_15_35_n_7  ( M1 )
Bounds : ( 75.070, 37.810 ) ( 75.105, 37.825 )


MINSTEP: ( MinStep ) Regular Wire of Net MR[2].MC[3].MUL_mul_15_35_n_7  ( M1 )
Bounds : ( 75.070, 37.905 ) ( 75.090, 37.920 )


MINSTEP: ( MinStep ) Regular Wire of Net MR[2].MC[3].MUL_mul_15_35_n_7  ( M2 )
Bounds : ( 75.060, 37.825 ) ( 75.090, 37.840 )


SPACING: ( ParallelRunLength Spacing ) Regular Wire of Net ki[3][3][4] & Blockage of Cell g39895__2346  ( M1 )
Bounds : ( 75.055, 36.390 ) ( 75.090, 36.425 )


SPACING: ( ParallelRunLength Spacing ) Regular Wire of Net MR[2].MC[3].MUL_mul_15_35_n_7 & Blockage of Cell MR[2].MC[3].MUL_mul_15_35_g514  ( M1 )
Bounds : ( 75.055, 37.775 ) ( 75.090, 37.810 )


SPACING: ( ParallelRunLength Spacing ) Regular Wire of Net ki[3][3][4] & Special Wire of Net VDD  ( M2 )
Bounds : ( 75.060, 36.265 ) ( 75.170, 36.310 )


SPACING: ( ParallelRunLength Spacing ) Regular Wire of Net MR[2].MC[3].MUL_mul_15_35_n_7 & Special Wire of Net VDD  ( M2 )
Bounds : ( 75.060, 37.890 ) ( 75.170, 37.935 )


EndOfLine: ( EndOfLine Spacing ) Regular Wire of Net n_604 & Pin of Cell g44354  ( M1 )
Bounds : ( 45.550, 39.825 ) ( 45.600, 39.880 )


MINSTEP: ( MinStep ) Regular Wire of Net n_604  ( M2 )
Bounds : ( 45.520, 39.960 ) ( 45.550, 39.975 )


MINSTEP: ( MinStep ) Regular Wire of Net n_604  ( M1 )
Bounds : ( 45.600, 39.880 ) ( 45.615, 39.895 )


MINSTEP: ( MinStep ) Regular Wire of Net n_604  ( M1 )
Bounds : ( 45.530, 39.975 ) ( 45.565, 39.990 )


MINSTEP: ( MinStep ) Regular Wire of Net n_604  ( M1 )
Bounds : ( 45.530, 39.880 ) ( 45.550, 39.895 )


SPACING: ( ParallelRunLength Spacing ) Regular Wire of Net n_604 & Blockage of Cell g44354  ( M1 )
Bounds : ( 45.515, 39.990 ) ( 45.550, 40.025 )


SPACING: ( ParallelRunLength Spacing ) Regular Wire of Net n_604 & Special Wire of Net VDD  ( M2 )
Bounds : ( 45.520, 39.865 ) ( 45.630, 39.910 )


EndOfLine: ( EndOfLine Spacing ) Regular Wire of Net place_opt_net_FE_OFN34_MR_3__MC_6__MUL_mul_15_35_n_0 & Blockage of Cell retime_s1_79_reg  ( M2 )
Bounds : ( 47.110, 38.325 ) ( 47.165, 38.375 )


EndOfLine: ( EndOfLine Spacing ) Regular Wire of Net n_488 & Pin of Cell retime_s1_79_reg  ( M1 )
Bounds : ( 47.370, 37.920 ) ( 47.420, 37.975 )


MAR: ( Minimum Area ) Regular Wire of Net n_488  ( M2 )
Bounds : ( 47.340, 37.840 ) ( 47.575, 37.875 )


MAR: ( Minimum Area ) Regular Wire of Net place_opt_net_FE_OFN34_MR_3__MC_6__MUL_mul_15_35_n_0  ( M3 )
Bounds : ( 47.195, 38.295 ) ( 47.245, 38.505 )


CUTSPACING: ( Cut EolSpacing ) Regular Wire of Net place_opt_net_FE_OFN12_AR_3__AC_7__ACC_add_31_50_n_0 & Regular Wire of Net place_opt_net_FE_OFN79_AR_3__AC_7__ACC_add_31_50_n_0  ( VIA1 )
Bounds : ( 46.925, 37.475 ) ( 46.965, 37.525 )


SHORT: ( Cut Short ) Regular Wire of Net TRI_K_buffer[3][7][2] & Regular Wire of Net place_opt_net_FE_OFN79_AR_3__AC_7__ACC_add_31_50_n_0  ( VIA1 )
Bounds : ( 47.015, 37.525 ) ( 47.015, 37.575 )


CUTSPACING: ( Same Layer Cut Spacing ) Regular Wire of Net place_opt_net_FE_OFN12_AR_3__AC_7__ACC_add_31_50_n_0 & Regular Wire of Net place_opt_net_FE_OFN79_AR_3__AC_7__ACC_add_31_50_n_0  ( VIA1 )
Bounds : ( 46.925, 37.475 ) ( 46.965, 37.525 )


CUTSPACING: ( Same Layer Cut Spacing ) Regular Wire of Net place_opt_net_FE_OFN79_AR_3__AC_7__ACC_add_31_50_n_0  ( VIA1 )
Bounds : ( 46.925, 37.525 ) ( 46.965, 37.575 )


CUTSPACING: ( Same Layer Cut Spacing ) Regular Wire of Net place_opt_net_FE_OFN34_MR_3__MC_6__MUL_mul_15_35_n_0  ( VIA2 )
Bounds : ( 47.195, 38.375 ) ( 47.245, 38.425 )


MINSTEP: ( MinStep ) Regular Wire of Net n_488  ( M1 )
Bounds : ( 47.350, 37.810 ) ( 47.385, 37.825 )


MINSTEP: ( MinStep ) Regular Wire of Net n_488  ( M1 )
Bounds : ( 47.350, 37.905 ) ( 47.370, 37.920 )


MINSTEP: ( MinStep ) Regular Wire of Net n_488  ( M1 )
Bounds : ( 47.420, 37.905 ) ( 47.435, 37.920 )


MINSTEP: ( MinStep ) Regular Wire of Net n_488  ( M2 )
Bounds : ( 47.340, 37.825 ) ( 47.370, 37.840 )


SHORT: ( Metal Short ) Regular Wire of Net place_opt_net_FE_OFN79_AR_3__AC_7__ACC_add_31_50_n_0 & Regular Wire of Net TRI_K_buffer[3][7][2]  ( M2 )
Bounds : ( 46.985, 37.525 ) ( 47.045, 37.575 )


SPACING: ( ParallelRunLength Spacing ) Regular Wire of Net place_opt_net_FE_OFN12_AR_3__AC_7__ACC_add_31_50_n_0 & Pin of Cell place_opt_inst_FE_OFC166_AR_3__AC_7__ACC_add_31_50_n_0  ( M1 )
Bounds : ( 46.925, 37.375 ) ( 46.945, 37.395 )


SPACING: ( ParallelRunLength Spacing ) Regular Wire of Net place_opt_net_FE_OFN12_AR_3__AC_7__ACC_add_31_50_n_0 & Pin of Cell place_opt_inst_FE_OFC166_AR_3__AC_7__ACC_add_31_50_n_0  ( M1 )
Bounds : ( 46.925, 37.395 ) ( 46.965, 37.505 )


SPACING: ( ParallelRunLength Spacing ) Regular Wire of Net n_488 & Blockage of Cell g44470  ( M1 )
Bounds : ( 47.335, 37.775 ) ( 47.370, 37.810 )


SPACING: ( ParallelRunLength Spacing ) Regular Wire of Net n_488 & Special Wire of Net VDD  ( M2 )
Bounds : ( 47.340, 37.890 ) ( 47.450, 37.935 )


SPACING: ( ParallelRunLength Spacing ) Regular Wire of Net n_488 & Pin of Cell retime_s1_79_reg  ( M1 )
Bounds : ( 46.305, 38.705 ) ( 46.315, 38.740 )


EndOfLine: ( EndOfLine Spacing ) Regular Wire of Net TRI_K_buffer[2][7][2] & Pin of Cell g44470  ( M1 )
Bounds : ( 46.590, 37.270 ) ( 46.595, 37.295 )


MAR: ( Minimum Area ) Regular Wire of Net TRI_K_buffer[2][7][2]  ( M2 )
Bounds : ( 46.565, 37.325 ) ( 46.675, 37.375 )


MAR: ( Minimum Area ) Regular Wire of Net TRI_K_buffer[2][7][2]  ( M3 )
Bounds : ( 46.595, 37.245 ) ( 46.645, 37.405 )


SHORT: ( Metal Short ) Regular Wire of Net place_opt_net_FE_OFN34_MR_3__MC_6__MUL_mul_15_35_n_0 & Regular Wire of Net TRI_K_buffer[3][7][5]  ( M2 )
Bounds : ( 44.265, 38.425 ) ( 44.675, 38.475 )


EndOfLine: ( EndOfLine Spacing ) Regular Wire of Net n_488 & Pin of Cell retime_s1_79_reg  ( M1 )
Bounds : ( 46.305, 38.705 ) ( 46.315, 38.740 )


SPACING: ( ParallelRunLength Spacing ) Regular Wire of Net TRI_K_buffer[2][7][2] & Pin of Cell g44470  ( M1 )
Bounds : ( 46.590, 37.270 ) ( 46.595, 37.295 )


SPACING: ( ParallelRunLength Spacing ) Regular Wire of Net place_opt_net_FE_OFN12_AR_3__AC_7__ACC_add_31_50_n_0 & Blockage of Cell g44470  ( M1 )
Bounds : ( 46.855, 37.375 ) ( 46.875, 37.395 )


SPACING: ( ParallelRunLength Spacing ) Regular Wire of Net place_opt_net_FE_OFN12_AR_3__AC_7__ACC_add_31_50_n_0 & Pin of Cell place_opt_inst_FE_OFC166_AR_3__AC_7__ACC_add_31_50_n_0  ( M1 )
Bounds : ( 46.865, 37.370 ) ( 46.875, 37.395 )


SHORT: ( Metal Short ) Regular Wire of Net place_opt_net_FE_OFN12_AR_3__AC_7__ACC_add_31_50_n_0 & Regular Wire of Net place_opt_net_FE_OFN79_AR_3__AC_7__ACC_add_31_50_n_0  ( M2 )
Bounds : ( 46.845, 37.525 ) ( 46.975, 37.575 )


SHORT: ( Metal Short ) Regular Wire of Net place_opt_net_FE_OFN12_AR_3__AC_7__ACC_add_31_50_n_0 & Regular Wire of Net place_opt_net_FE_OFN79_AR_3__AC_7__ACC_add_31_50_n_0  ( M1 )
Bounds : ( 46.875, 37.425 ) ( 46.925, 37.505 )


CUTSPACING: ( Same Layer Cut Spacing ) Regular Wire of Net place_opt_net_FE_OFN12_AR_3__AC_7__ACC_add_31_50_n_0  ( VIA2 )
Bounds : ( 46.895, 37.475 ) ( 46.945, 37.525 )


CUTSPACING: ( Same Layer Cut Spacing ) Regular Wire of Net place_opt_net_FE_OFN12_AR_3__AC_7__ACC_add_31_50_n_0 & Regular Wire of Net place_opt_net_FE_OFN79_AR_3__AC_7__ACC_add_31_50_n_0  ( VIA1 )
Bounds : ( 46.875, 37.475 ) ( 46.925, 37.525 )


MAR: ( Minimum Area ) Regular Wire of Net place_opt_net_FE_OFN12_AR_3__AC_7__ACC_add_31_50_n_0  ( M3 )
Bounds : ( 46.895, 37.395 ) ( 46.945, 37.605 )


MAR: ( Minimum Area ) Regular Wire of Net place_opt_net_FE_OFN79_AR_3__AC_7__ACC_add_31_50_n_0  ( M2 )
Bounds : ( 46.845, 37.525 ) ( 47.045, 37.575 )


MAR: ( Minimum Area ) Regular Wire of Net place_opt_net_FE_OFN12_AR_3__AC_7__ACC_add_31_50_n_0  ( M2 )
Bounds : ( 46.845, 37.425 ) ( 46.975, 37.475 )


EndOfLine: ( EndOfLine Spacing ) Regular Wire of Net place_opt_net_FE_OFN12_AR_3__AC_7__ACC_add_31_50_n_0 & Pin of Cell place_opt_inst_FE_OFC166_AR_3__AC_7__ACC_add_31_50_n_0  ( M1 )
Bounds : ( 46.875, 37.375 ) ( 46.925, 37.395 )


SPACING: ( ParallelRunLength Spacing ) Regular Wire of Net place_opt_net_FE_OFN12_AR_3__AC_7__ACC_add_31_50_n_0 & Blockage of Cell g44470  ( M1 )
Bounds : ( 46.875, 37.375 ) ( 46.925, 37.395 )


EndOfLine: ( EndOfLine Spacing ) Regular Wire of Net place_opt_net_FE_OFN30_MR_3__MC_6__MUL_mul_15_35_n_0 & Blockage of Cell retime_s2_168_reg  ( M2 )
Bounds : ( 42.910, 39.425 ) ( 42.965, 39.475 )


CUTSPACING: ( Same Layer Cut Spacing ) Regular Wire of Net TRI_K_buffer[3][7][7] & Regular Wire of Net place_opt_net_FE_OFN30_MR_3__MC_6__MUL_mul_15_35_n_0  ( VIA2 )
Bounds : ( 43.395, 39.375 ) ( 43.445, 39.425 )


SHORT: ( Metal Short ) Regular Wire of Net place_opt_net_FE_OFN110_AR_3__AC_7__ACC_add_31_50_n_0 & Regular Wire of Net place_opt_net_FE_OFN12_AR_3__AC_7__ACC_add_31_50_n_0  ( M2 )
Bounds : ( 38.445, 39.325 ) ( 38.475, 39.375 )


MAR: ( Minimum Area ) Regular Wire of Net place_opt_net_FE_OFN110_AR_3__AC_7__ACC_add_31_50_n_0  ( M2 )
Bounds : ( 38.445, 39.325 ) ( 38.675, 39.375 )


MAR: ( Minimum Area ) Regular Wire of Net place_opt_net_FE_OFN12_AR_3__AC_7__ACC_add_31_50_n_0  ( M2 )
Bounds : ( 38.305, 39.325 ) ( 38.475, 39.375 )


MINSTEP: ( MinStep ) Regular Wire of Net n_707  ( M1 )
Bounds : ( 38.950, 39.610 ) ( 38.985, 39.625 )


MINSTEP: ( MinStep ) Regular Wire of Net n_707  ( M1 )
Bounds : ( 38.950, 39.705 ) ( 38.970, 39.720 )


MINSTEP: ( MinStep ) Regular Wire of Net n_707  ( M1 )
Bounds : ( 39.020, 39.705 ) ( 39.035, 39.720 )


MINSTEP: ( MinStep ) Regular Wire of Net n_707  ( M2 )
Bounds : ( 39.020, 39.625 ) ( 39.050, 39.640 )


SHORT: ( Metal Short ) Regular Wire of Net place_opt_net_FE_OFN110_AR_3__AC_7__ACC_add_31_50_n_0 & Regular Wire of Net TRI_K_buffer[3][7][1]  ( M2 )
Bounds : ( 38.585, 39.325 ) ( 38.675, 39.375 )


EndOfLine: ( EndOfLine Spacing ) Regular Wire of Net n_707 & Pin of Cell retime_s1_188_reg  ( M1 )
Bounds : ( 38.970, 39.720 ) ( 39.020, 39.775 )


SPACING: ( ParallelRunLength Spacing ) Regular Wire of Net n_707 & Blockage of Cell g44251  ( M1 )
Bounds : ( 38.935, 39.575 ) ( 38.970, 39.610 )


SPACING: ( ParallelRunLength Spacing ) Regular Wire of Net n_707 & Pin of Cell ENDCAP__45  ( M2 )
Bounds : ( 38.940, 39.690 ) ( 39.050, 39.735 )


SHORT: ( Metal Short ) Regular Wire of Net n_741 & Regular Wire of Net TRI_K_buffer[3][7][6]  ( M2 )
Bounds : ( 42.465, 38.625 ) ( 42.615, 38.675 )


MINSTEP: ( MinStep ) Regular Wire of Net n_537  ( M2 )
Bounds : ( 42.515, 37.825 ) ( 42.545, 37.840 )


MINSTEP: ( MinStep ) Regular Wire of Net n_537  ( M1 )
Bounds : ( 42.515, 37.905 ) ( 42.530, 37.920 )


MINSTEP: ( MinStep ) Regular Wire of Net n_537  ( M1 )
Bounds : ( 42.495, 37.810 ) ( 42.530, 37.825 )


MINSTEP: ( MinStep ) Regular Wire of Net n_537  ( M1 )
Bounds : ( 42.445, 37.905 ) ( 42.465, 37.920 )


CUTSPACING: ( Same Layer Cut Spacing ) Regular Wire of Net n_741  ( VIA2 )
Bounds : ( 42.495, 38.675 ) ( 42.545, 38.725 )


MAR: ( Minimum Area ) Regular Wire of Net n_741  ( M3 )
Bounds : ( 42.495, 38.595 ) ( 42.545, 38.805 )


MAR: ( Minimum Area ) Regular Wire of Net n_741  ( M2 )
Bounds : ( 42.465, 38.625 ) ( 42.615, 38.675 )


EndOfLine: ( EndOfLine Spacing ) Regular Wire of Net n_537 & Pin of Cell retime_s2_168_reg  ( M1 )
Bounds : ( 42.105, 39.060 ) ( 42.115, 39.095 )


EndOfLine: ( EndOfLine Spacing ) Regular Wire of Net n_537 & Pin of Cell retime_s1_155_reg  ( M1 )
Bounds : ( 42.465, 37.920 ) ( 42.515, 37.975 )


EndOfLine: ( EndOfLine Spacing ) Regular Wire of Net n_741 & Pin of Cell retime_s1_155_reg  ( M1 )
Bounds : ( 42.525, 38.705 ) ( 42.535, 38.740 )


EndOfLine: ( EndOfLine Spacing ) Regular Wire of Net place_opt_net_FE_OFN34_MR_3__MC_6__MUL_mul_15_35_n_0 & Blockage of Cell retime_s1_155_reg  ( M2 )
Bounds : ( 43.330, 38.325 ) ( 43.365, 38.375 )


SPACING: ( ParallelRunLength Spacing ) Regular Wire of Net n_537 & Pin of Cell retime_s2_168_reg  ( M1 )
Bounds : ( 42.105, 39.060 ) ( 42.115, 39.095 )


SPACING: ( ParallelRunLength Spacing ) Regular Wire of Net n_537 & Blockage of Cell g44421  ( M1 )
Bounds : ( 42.515, 37.775 ) ( 42.545, 37.810 )


SPACING: ( ParallelRunLength Spacing ) Regular Wire of Net n_741 & Pin of Cell retime_s1_155_reg  ( M1 )
Bounds : ( 42.525, 38.705 ) ( 42.535, 38.740 )


SPACING: ( ParallelRunLength Spacing ) Regular Wire of Net n_537 & Special Wire of Net VDD  ( M2 )
Bounds : ( 42.435, 37.890 ) ( 42.545, 37.935 )


SPACING: ( ParallelRunLength Spacing ) Regular Wire of Net place_opt_net_FE_OFN30_MR_3__MC_6__MUL_mul_15_35_n_0 & Blockage of Cell retime_s1_155_reg  ( M2 )
Bounds : ( 43.330, 38.325 ) ( 43.365, 38.375 )


SHORT: ( Metal Short ) Regular Wire of Net place_opt_net_FE_OFN12_AR_3__AC_7__ACC_add_31_50_n_0 & Regular Wire of Net TRI_K_buffer[3][7][7]  ( M2 )
Bounds : ( 42.865, 37.525 ) ( 42.895, 37.575 )


CUTSPACING: ( Same Layer Cut Spacing ) Regular Wire of Net place_opt_net_FE_OFN82_AR_3__AC_7__ACC_add_31_50_n_0 & Regular Wire of Net place_opt_net_FE_OFN12_AR_3__AC_7__ACC_add_31_50_n_0  ( VIA2 )
Bounds : ( 43.045, 37.525 ) ( 43.095, 37.575 )


CUTSPACING: ( Same Layer Cut Spacing ) Regular Wire of Net place_opt_net_FE_OFN12_AR_3__AC_7__ACC_add_31_50_n_0 & Regular Wire of Net place_opt_net_FE_OFN82_AR_3__AC_7__ACC_add_31_50_n_0  ( VIA2 )
Bounds : ( 42.945, 37.525 ) ( 42.995, 37.575 )


CUTSPACING: ( Same Layer Cut Spacing ) Regular Wire of Net TRI_K_buffer[3][7][7] & Regular Wire of Net place_opt_net_FE_OFN12_AR_3__AC_7__ACC_add_31_50_n_0  ( VIA2 )
Bounds : ( 42.845, 37.525 ) ( 42.895, 37.575 )


MAR: ( Minimum Area ) Regular Wire of Net TRI_K_buffer[2][7][7]  ( M2 )
Bounds : ( 43.165, 37.325 ) ( 43.315, 37.375 )


MAR: ( Minimum Area ) Regular Wire of Net place_opt_net_FE_OFN82_AR_3__AC_7__ACC_add_31_50_n_0  ( M2 )
Bounds : ( 42.925, 37.525 ) ( 43.075, 37.575 )


MAR: ( Minimum Area ) Regular Wire of Net TRI_K_buffer[3][7][7]  ( M2 )
Bounds : ( 42.765, 37.525 ) ( 42.895, 37.575 )


SHORT: ( Metal Short ) Regular Wire of Net place_opt_net_FE_OFN82_AR_3__AC_7__ACC_add_31_50_n_0 & Regular Wire of Net place_opt_net_FE_OFN12_AR_3__AC_7__ACC_add_31_50_n_0  ( M2 )
Bounds : ( 42.925, 37.525 ) ( 43.075, 37.575 )


EndOfLine: ( EndOfLine Spacing ) Regular Wire of Net TRI_K_buffer[2][7][5] & Pin of Cell g44217  ( M1 )
Bounds : ( 42.950, 36.905 ) ( 42.955, 36.930 )


EndOfLine: ( EndOfLine Spacing ) Regular Wire of Net TRI_K_buffer[2][7][7] & Pin of Cell g44421  ( M1 )
Bounds : ( 43.285, 37.270 ) ( 43.290, 37.295 )


SPACING: ( ParallelRunLength Spacing ) Regular Wire of Net TRI_K_buffer[2][7][5] & Pin of Cell place_opt_inst_FE_OFC167_AR_3__AC_7__ACC_add_31_50_n_0  ( M1 )
Bounds : ( 42.945, 36.875 ) ( 42.955, 36.905 )


SPACING: ( ParallelRunLength Spacing ) Regular Wire of Net TRI_K_buffer[2][7][5] & Pin of Cell g44217  ( M1 )
Bounds : ( 42.950, 36.905 ) ( 42.955, 36.930 )


SPACING: ( ParallelRunLength Spacing ) Regular Wire of Net TRI_K_buffer[2][7][7] & Pin of Cell g44421  ( M1 )
Bounds : ( 43.285, 37.270 ) ( 43.290, 37.295 )


SHORT: ( Metal Short ) Regular Wire of Net place_opt_net_FE_OFN12_AR_3__AC_7__ACC_add_31_50_n_0 & Regular Wire of Net TRI_K_buffer[2][7][5]  ( M1 )
Bounds : ( 42.955, 36.695 ) ( 43.005, 36.805 )


SHORT: ( Metal Short ) Regular Wire of Net TRI_K_buffer[2][7][5] & Regular Wire of Net place_opt_net_FE_OFN12_AR_3__AC_7__ACC_add_31_50_n_0  ( M1 )
Bounds : ( 42.955, 36.635 ) ( 42.995, 36.805 )


MINSTEP: ( MinStep ) Regular Wire of Net n_741  ( M2 )
Bounds : ( 43.665, 36.310 ) ( 43.700, 36.325 )


MINSTEP: ( MinStep ) Regular Wire of Net n_741  ( M1 )
Bounds : ( 43.710, 36.375 ) ( 43.745, 36.390 )


MINSTEP: ( MinStep ) Regular Wire of Net n_741  ( M1 )
Bounds : ( 43.710, 36.280 ) ( 43.730, 36.295 )


CUTSPACING: ( Same Layer Cut Spacing ) Regular Wire of Net place_opt_net_FE_OFN12_AR_3__AC_7__ACC_add_31_50_n_0 & Regular Wire of Net place_opt_net_FE_OFN82_AR_3__AC_7__ACC_add_31_50_n_0  ( VIA2 )
Bounds : ( 42.945, 36.625 ) ( 42.995, 36.675 )


CUTSPACING: ( Same Layer Cut Spacing ) Regular Wire of Net place_opt_net_FE_OFN12_AR_3__AC_7__ACC_add_31_50_n_0  ( VIA2 )
Bounds : ( 42.895, 36.675 ) ( 42.945, 36.725 )


CUTSPACING: ( Same Layer Cut Spacing ) Regular Wire of Net place_opt_net_FE_OFN12_AR_3__AC_7__ACC_add_31_50_n_0 & Regular Wire of Net place_opt_net_FE_OFN82_AR_3__AC_7__ACC_add_31_50_n_0  ( VIA1 )
Bounds : ( 43.005, 36.675 ) ( 43.045, 36.725 )


CUTSPACING: ( Same Layer Cut Spacing ) Regular Wire of Net place_opt_net_FE_OFN12_AR_3__AC_7__ACC_add_31_50_n_0 & Regular Wire of Net TRI_K_buffer[2][7][5]  ( VIA1 )
Bounds : ( 42.955, 36.775 ) ( 43.005, 36.825 )


SHORT: ( Cut Short ) Regular Wire of Net place_opt_net_FE_OFN82_AR_3__AC_7__ACC_add_31_50_n_0 & Regular Wire of Net place_opt_net_FE_OFN12_AR_3__AC_7__ACC_add_31_50_n_0  ( VIA1 )
Bounds : ( 43.095, 36.625 ) ( 43.095, 36.675 )


CUTSPACING: ( Cut EolSpacing ) Regular Wire of Net place_opt_net_FE_OFN12_AR_3__AC_7__ACC_add_31_50_n_0 & Regular Wire of Net place_opt_net_FE_OFN82_AR_3__AC_7__ACC_add_31_50_n_0  ( VIA2 )
Bounds : ( 42.945, 36.675 ) ( 42.995, 36.725 )


CUTSPACING: ( Cut EolSpacing ) Regular Wire of Net place_opt_net_FE_OFN12_AR_3__AC_7__ACC_add_31_50_n_0 & Regular Wire of Net place_opt_net_FE_OFN82_AR_3__AC_7__ACC_add_31_50_n_0  ( VIA2 )
Bounds : ( 42.895, 36.675 ) ( 42.945, 36.725 )


MAR: ( Minimum Area ) Regular Wire of Net place_opt_net_FE_OFN12_AR_3__AC_7__ACC_add_31_50_n_0  ( M2 )
Bounds : ( 42.865, 36.725 ) ( 43.035, 36.775 )


SHORT: ( Metal Short ) Regular Wire of Net place_opt_net_FE_OFN12_AR_3__AC_7__ACC_add_31_50_n_0 & Regular Wire of Net place_opt_net_FE_OFN82_AR_3__AC_7__ACC_add_31_50_n_0  ( M2 )
Bounds : ( 42.965, 36.625 ) ( 43.175, 36.675 )


EndOfLine: ( EndOfLine Spacing ) Regular Wire of Net n_741 & Pin of Cell g44217  ( M1 )
Bounds : ( 43.730, 36.225 ) ( 43.780, 36.280 )


EndOfLine: ( EndOfLine Spacing ) Regular Wire of Net place_opt_net_FE_OFN82_AR_3__AC_7__ACC_add_31_50_n_0 & Regular Wire of Net TRI_K_buffer[3][7][5]  ( M2 )
Bounds : ( 43.315, 36.625 ) ( 43.345, 36.675 )


SPACING: ( ParallelRunLength Spacing ) Regular Wire of Net n_741 & Blockage of Cell g44217  ( M1 )
Bounds : ( 43.695, 36.390 ) ( 43.730, 36.425 )


SPACING: ( ParallelRunLength Spacing ) Regular Wire of Net place_opt_net_FE_OFN82_AR_3__AC_7__ACC_add_31_50_n_0 & Regular Wire of Net TRI_K_buffer[3][7][5]  ( M2 )
Bounds : ( 43.315, 36.625 ) ( 43.345, 36.675 )


SPACING: ( ParallelRunLength Spacing ) Regular Wire of Net TRI_K_buffer[2][7][5] & Pin of Cell place_opt_inst_FE_OFC167_AR_3__AC_7__ACC_add_31_50_n_0  ( M1 )
Bounds : ( 43.005, 36.635 ) ( 43.045, 36.905 )


MAR: ( Minimum Area ) Regular Wire of Net TRI_K_buffer[2][7][5]  ( M3 )
Bounds : ( 41.595, 36.595 ) ( 41.645, 36.905 )


SPACING: ( ParallelRunLength Spacing ) Regular Wire of Net n_599 & Blockage of Cell g44359  ( M1 )
Bounds : ( 38.935, 37.775 ) ( 38.970, 37.810 )


CUTSPACING: ( Same Layer Cut Spacing ) Regular Wire of Net clk  ( VIA2 )
Bounds : ( 38.195, 38.475 ) ( 38.245, 38.525 )


MAR: ( Minimum Area ) Regular Wire of Net TRI_K_buffer[3][7][6]  ( M3 )
Bounds : ( 40.395, 38.395 ) ( 40.445, 38.705 )


MAR: ( Minimum Area ) Regular Wire of Net place_opt_net_FE_OFN34_MR_3__MC_6__MUL_mul_15_35_n_0  ( M3 )
Bounds : ( 39.195, 38.095 ) ( 39.245, 38.405 )


MAR: ( Minimum Area ) Regular Wire of Net n_599  ( M2 )
Bounds : ( 38.940, 37.840 ) ( 39.075, 37.875 )


MAR: ( Minimum Area ) Regular Wire of Net TRI_K_buffer[2][7][1]  ( M2 )
Bounds : ( 38.165, 39.125 ) ( 38.275, 39.175 )


CUTSPACING: ( Same Layer Cut Spacing ) Regular Wire of Net TRI_K_buffer[3][7][6] & Regular Wire of Net place_opt_net_FE_OFN34_MR_3__MC_6__MUL_mul_15_35_n_0  ( VIA2 )
Bounds : ( 39.845, 38.425 ) ( 39.895, 38.475 )


MINSTEP: ( MinStep ) Regular Wire of Net n_599  ( M1 )
Bounds : ( 38.950, 37.810 ) ( 38.985, 37.825 )


MINSTEP: ( MinStep ) Regular Wire of Net n_599  ( M1 )
Bounds : ( 38.950, 37.905 ) ( 38.970, 37.920 )


MINSTEP: ( MinStep ) Regular Wire of Net n_599  ( M1 )
Bounds : ( 39.020, 37.905 ) ( 39.035, 37.920 )


MINSTEP: ( MinStep ) Regular Wire of Net n_599  ( M2 )
Bounds : ( 38.940, 37.825 ) ( 38.965, 37.840 )


MINSTEP: ( MinStep ) Regular Wire of Net n_599  ( M2 )
Bounds : ( 39.050, 37.875 ) ( 39.075, 37.890 )


SHORT: ( Metal Short ) Regular Wire of Net TRI_K_buffer[3][7][6] & Regular Wire of Net place_opt_net_FE_OFN34_MR_3__MC_6__MUL_mul_15_35_n_0  ( M2 )
Bounds : ( 39.865, 38.425 ) ( 40.475, 38.475 )


EndOfLine: ( EndOfLine Spacing ) Regular Wire of Net TRI_K_buffer[2][7][1] & Pin of Cell g44251  ( M1 )
Bounds : ( 38.190, 39.070 ) ( 38.195, 39.095 )


EndOfLine: ( EndOfLine Spacing ) Regular Wire of Net n_599 & Pin of Cell retime_s2_102_reg  ( M1 )
Bounds : ( 38.325, 38.705 ) ( 38.335, 38.740 )


EndOfLine: ( EndOfLine Spacing ) Regular Wire of Net n_599 & Pin of Cell retime_s2_102_reg  ( M1 )
Bounds : ( 38.970, 37.920 ) ( 39.020, 37.975 )


EndOfLine: ( EndOfLine Spacing ) Regular Wire of Net place_opt_net_FE_OFN34_MR_3__MC_6__MUL_mul_15_35_n_0 & Blockage of Cell retime_s2_102_reg  ( M2 )
Bounds : ( 39.130, 38.325 ) ( 39.165, 38.375 )


SPACING: ( ParallelRunLength Spacing ) Regular Wire of Net TRI_K_buffer[2][7][1] & Pin of Cell g44251  ( M1 )
Bounds : ( 38.190, 39.070 ) ( 38.195, 39.095 )


SPACING: ( ParallelRunLength Spacing ) Regular Wire of Net n_599 & Pin of Cell retime_s2_102_reg  ( M1 )
Bounds : ( 38.325, 38.705 ) ( 38.335, 38.740 )


SPACING: ( ParallelRunLength Spacing ) Regular Wire of Net n_599 & Pin of Cell ENDCAP__41  ( M2 )
Bounds : ( 38.940, 37.890 ) ( 39.050, 37.935 )


SPACING: ( ParallelRunLength Spacing ) Regular Wire of Net place_opt_net_FE_OFN34_MR_3__MC_6__MUL_mul_15_35_n_0 & Blockage of Cell retime_s2_102_reg  ( M2 )
Bounds : ( 39.130, 38.325 ) ( 39.165, 38.375 )


SHORT: ( Metal Short ) Regular Wire of Net TRI_K_buffer[3][7][6] & Regular Wire of Net place_opt_net_FE_OFN110_AR_3__AC_7__ACC_add_31_50_n_0  ( M2 )
Bounds : ( 38.585, 37.525 ) ( 38.675, 37.575 )


SHORT: ( Metal Short ) Regular Wire of Net place_opt_net_FE_OFN12_AR_3__AC_7__ACC_add_31_50_n_0 & Regular Wire of Net place_opt_net_FE_OFN110_AR_3__AC_7__ACC_add_31_50_n_0  ( M2 )
Bounds : ( 38.445, 37.525 ) ( 38.475, 37.575 )


MAR: ( Minimum Area ) Regular Wire of Net n_1114  ( M2 )
Bounds : ( 39.005, 36.825 ) ( 39.175, 36.875 )


MAR: ( Minimum Area ) Regular Wire of Net place_opt_net_FE_OFN110_AR_3__AC_7__ACC_add_31_50_n_0  ( M2 )
Bounds : ( 38.445, 37.525 ) ( 38.675, 37.575 )


MAR: ( Minimum Area ) Regular Wire of Net place_opt_net_FE_OFN12_AR_3__AC_7__ACC_add_31_50_n_0  ( M2 )
Bounds : ( 38.305, 37.525 ) ( 38.475, 37.575 )


MAR: ( Minimum Area ) Regular Wire of Net TRI_K_buffer[2][7][6]  ( M2 )
Bounds : ( 38.165, 37.325 ) ( 38.275, 37.375 )


EndOfLine: ( EndOfLine Spacing ) Regular Wire of Net TRI_K_buffer[2][7][6] & Pin of Cell g44359  ( M1 )
Bounds : ( 38.190, 37.270 ) ( 38.195, 37.295 )


EndOfLine: ( EndOfLine Spacing ) Regular Wire of Net n_1114 & Pin of Cell retime_s1_164_reg  ( M1 )
Bounds : ( 39.025, 36.905 ) ( 39.035, 36.940 )


EndOfLine: ( EndOfLine Spacing ) Regular Wire of Net TRI_K_buffer[2][7][5] & Blockage of Cell retime_s1_164_reg  ( M2 )
Bounds : ( 39.830, 36.525 ) ( 39.865, 36.575 )


SPACING: ( ParallelRunLength Spacing ) Regular Wire of Net TRI_K_buffer[2][7][6] & Pin of Cell g44359  ( M1 )
Bounds : ( 38.190, 37.270 ) ( 38.195, 37.295 )


SPACING: ( ParallelRunLength Spacing ) Regular Wire of Net n_1114 & Pin of Cell retime_s1_164_reg  ( M1 )
Bounds : ( 39.025, 36.905 ) ( 39.035, 36.940 )


SPACING: ( ParallelRunLength Spacing ) Regular Wire of Net place_opt_net_FE_OFN34_MR_3__MC_6__MUL_mul_15_35_n_0 & Blockage of Cell retime_s1_164_reg  ( M2 )
Bounds : ( 39.830, 36.525 ) ( 39.865, 36.575 )


MAR: ( Minimum Area ) Regular Wire of Net TRI_K_buffer[2][7][1]  ( M3 )
Bounds : ( 38.195, 39.045 ) ( 38.245, 39.205 )


SHORT: ( Metal Short ) Regular Wire of Net clk & Regular Wire of Net TRI_K_buffer[2][7][1]  ( M3 )
Bounds : ( 38.195, 39.045 ) ( 38.245, 39.205 )


SHORT: ( Metal Short ) Regular Wire of Net TRI_K_buffer[3][7][7] & Regular Wire of Net place_opt_net_FE_OFN30_MR_3__MC_6__MUL_mul_15_35_n_0  ( M3 )
Bounds : ( 43.395, 38.995 ) ( 43.445, 39.405 )


MAR: ( Minimum Area ) Regular Wire of Net n_741  ( M2 )
Bounds : ( 43.665, 36.325 ) ( 43.810, 36.360 )


MINSTEP: ( MinStep ) Regular Wire of Net n_741  ( M1 )
Bounds : ( 43.780, 36.280 ) ( 43.795, 36.295 )


MINSTEP: ( MinStep ) Regular Wire of Net n_741  ( M2 )
Bounds : ( 43.780, 36.360 ) ( 43.810, 36.375 )


SPACING: ( ParallelRunLength Spacing ) Regular Wire of Net n_741 & Special Wire of Net VDD  ( M2 )
Bounds : ( 43.700, 36.265 ) ( 43.810, 36.310 )


MAR: ( Minimum Area ) Regular Wire of Net n_1174  ( M2 )
Bounds : ( 40.125, 35.525 ) ( 40.275, 35.575 )


MAR: ( Minimum Area ) Regular Wire of Net n_1114  ( M2 )
Bounds : ( 39.065, 34.525 ) ( 39.190, 34.560 )


MAR: ( Minimum Area ) Regular Wire of Net TRI_K_buffer[2][7][5]  ( M2 )
Bounds : ( 38.725, 34.825 ) ( 38.875, 34.875 )


MAR: ( Minimum Area ) Regular Wire of Net place_opt_net_FE_OFN12_AR_3__AC_7__ACC_add_31_50_n_0  ( M2 )
Bounds : ( 38.305, 35.025 ) ( 38.475, 35.075 )


CUTSPACING: ( Same Layer Cut Spacing ) Regular Wire of Net sk_data[0][5] & Regular Wire of Net place_opt_net_FE_OFN110_AR_3__AC_7__ACC_add_31_50_n_0  ( VIA2 )
Bounds : ( 38.545, 34.825 ) ( 38.595, 34.875 )


MINSTEP: ( MinStep ) Regular Wire of Net n_1114  ( M1 )
Bounds : ( 39.090, 34.575 ) ( 39.125, 34.590 )


MINSTEP: ( MinStep ) Regular Wire of Net n_1114  ( M2 )
Bounds : ( 39.175, 34.560 ) ( 39.190, 34.575 )


SHORT: ( Metal Short ) Regular Wire of Net place_opt_net_FE_OFN110_AR_3__AC_7__ACC_add_31_50_n_0 & Regular Wire of Net sk_data[0][5]  ( M2 )
Bounds : ( 38.565, 34.825 ) ( 38.575, 34.875 )


EndOfLine: ( EndOfLine Spacing ) Regular Wire of Net place_opt_net_FE_OFN12_AR_3__AC_7__ACC_add_31_50_n_0 & Pin of Cell g43838  ( M1 )
Bounds : ( 38.330, 35.105 ) ( 38.335, 35.130 )


EndOfLine: ( EndOfLine Spacing ) Regular Wire of Net n_1174 & Pin of Cell retime_s1_24_reg  ( M1 )
Bounds : ( 40.205, 35.460 ) ( 40.215, 35.495 )


EndOfLine: ( EndOfLine Spacing ) Regular Wire of Net place_opt_net_FE_OFN110_AR_3__AC_7__ACC_add_31_50_n_0 & Regular Wire of Net TRI_K_buffer[2][7][5]  ( M2 )
Bounds : ( 38.695, 34.825 ) ( 38.725, 34.875 )


EndOfLine: ( EndOfLine Spacing ) Regular Wire of Net place_opt_net_FE_OFN30_MR_3__MC_6__MUL_mul_15_35_n_0 & Regular Wire of Net TRI_K_buffer[2][7][4]  ( M2 )
Bounds : ( 39.375, 35.825 ) ( 39.410, 35.875 )


SPACING: ( ParallelRunLength Spacing ) Regular Wire of Net place_opt_net_FE_OFN12_AR_3__AC_7__ACC_add_31_50_n_0 & Pin of Cell g43838  ( M1 )
Bounds : ( 38.325, 35.105 ) ( 38.335, 35.130 )


SPACING: ( ParallelRunLength Spacing ) Regular Wire of Net n_1114 & Blockage of Cell g43838  ( M1 )
Bounds : ( 39.075, 34.590 ) ( 39.110, 34.625 )


SPACING: ( ParallelRunLength Spacing ) Regular Wire of Net n_1174 & Pin of Cell retime_s1_24_reg  ( M1 )
Bounds : ( 40.205, 35.460 ) ( 40.215, 35.495 )


SPACING: ( ParallelRunLength Spacing ) Regular Wire of Net TRI_K_buffer[2][7][4] & Routing Blockage  ( M2 )
Bounds : ( 38.020, 35.725 ) ( 38.075, 35.775 )


SPACING: ( ParallelRunLength Spacing ) Regular Wire of Net place_opt_net_FE_OFN110_AR_3__AC_7__ACC_add_31_50_n_0 & Regular Wire of Net TRI_K_buffer[2][7][5]  ( M2 )
Bounds : ( 38.695, 34.825 ) ( 38.725, 34.875 )


SPACING: ( ParallelRunLength Spacing ) Regular Wire of Net place_opt_net_FE_OFN30_MR_3__MC_6__MUL_mul_15_35_n_0 & Blockage of Cell retime_s1_24_reg  ( M2 )
Bounds : ( 39.375, 35.825 ) ( 39.410, 35.875 )


MAR: ( Minimum Area ) Regular Wire of Net sk_data[0][5]  ( M2 )
Bounds : ( 38.445, 34.825 ) ( 38.695, 34.875 )


SPACING: ( ParallelRunLength Spacing ) Regular Wire of Net n_1174 & Blockage of Cell g43778  ( M1 )
Bounds : ( 38.935, 34.175 ) ( 38.970, 34.210 )


SPACING: ( ParallelRunLength Spacing ) Regular Wire of Net place_opt_net_FE_OFN12_AR_3__AC_7__ACC_add_31_50_n_0 & Pin of Cell g43778  ( M1 )
Bounds : ( 38.190, 33.670 ) ( 38.195, 33.695 )


MAR: ( Minimum Area ) Regular Wire of Net TRI_K_buffer[2][7][4]  ( M2 )
Bounds : ( 38.585, 33.925 ) ( 38.775, 33.975 )


MAR: ( Minimum Area ) Regular Wire of Net place_opt_net_FE_OFN110_AR_3__AC_7__ACC_add_31_50_n_0  ( M2 )
Bounds : ( 38.445, 33.925 ) ( 38.675, 33.975 )


MAR: ( Minimum Area ) Regular Wire of Net sk_data[0][4]  ( M2 )
Bounds : ( 38.265, 33.925 ) ( 38.415, 33.975 )


CUTSPACING: ( Same Layer Cut Spacing ) Regular Wire of Net place_opt_net_FE_OFN110_AR_3__AC_7__ACC_add_31_50_n_0 & Regular Wire of Net TRI_K_buffer[2][7][4]  ( VIA2 )
Bounds : ( 38.645, 33.925 ) ( 38.695, 33.975 )


MINSTEP: ( MinStep ) Regular Wire of Net n_1174  ( M1 )
Bounds : ( 38.950, 34.210 ) ( 38.985, 34.225 )


MINSTEP: ( MinStep ) Regular Wire of Net n_1174  ( M1 )
Bounds : ( 38.950, 34.305 ) ( 38.970, 34.320 )


MINSTEP: ( MinStep ) Regular Wire of Net n_1174  ( M1 )
Bounds : ( 39.020, 34.305 ) ( 39.035, 34.320 )


MINSTEP: ( MinStep ) Regular Wire of Net n_1114  ( M1 )
Bounds : ( 39.090, 34.480 ) ( 39.110, 34.495 )


MINSTEP: ( MinStep ) Regular Wire of Net n_1114  ( M1 )
Bounds : ( 39.160, 34.480 ) ( 39.175, 34.495 )


MINSTEP: ( MinStep ) Regular Wire of Net n_1174  ( M2 )
Bounds : ( 38.940, 34.225 ) ( 38.970, 34.240 )


SHORT: ( Metal Short ) Regular Wire of Net place_opt_net_FE_OFN110_AR_3__AC_7__ACC_add_31_50_n_0 & Regular Wire of Net TRI_K_buffer[2][7][4]  ( M2 )
Bounds : ( 38.585, 33.925 ) ( 38.675, 33.975 )


EndOfLine: ( EndOfLine Spacing ) Regular Wire of Net place_opt_net_FE_OFN12_AR_3__AC_7__ACC_add_31_50_n_0 & Pin of Cell g43778  ( M1 )
Bounds : ( 38.190, 33.670 ) ( 38.195, 33.695 )


EndOfLine: ( EndOfLine Spacing ) Regular Wire of Net n_1174 & Pin of Cell g43838  ( M1 )
Bounds : ( 38.970, 34.320 ) ( 39.020, 34.375 )


EndOfLine: ( EndOfLine Spacing ) Regular Wire of Net n_1114 & Pin of Cell g43838  ( M1 )
Bounds : ( 39.110, 34.425 ) ( 39.160, 34.480 )


EndOfLine: ( EndOfLine Spacing ) Regular Wire of Net sk_data[0][4] & Regular Wire of Net place_opt_net_FE_OFN110_AR_3__AC_7__ACC_add_31_50_n_0  ( M2 )
Bounds : ( 38.415, 33.925 ) ( 38.445, 33.975 )


SPACING: ( ParallelRunLength Spacing ) Regular Wire of Net sk_data[0][4] & Regular Wire of Net place_opt_net_FE_OFN110_AR_3__AC_7__ACC_add_31_50_n_0  ( M2 )
Bounds : ( 38.415, 33.925 ) ( 38.445, 33.975 )


SPACING: ( ParallelRunLength Spacing ) Regular Wire of Net n_1174 & Pin of Cell ENDCAP__33  ( M2 )
Bounds : ( 38.940, 34.290 ) ( 39.050, 34.335 )


SPACING: ( ParallelRunLength Spacing ) Regular Wire of Net n_1114 & Special Wire of Net VDD  ( M2 )
Bounds : ( 39.080, 34.465 ) ( 39.190, 34.510 )


MINSTEP: ( MinStep ) Regular Wire of Net n_1114  ( M2 )
Bounds : ( 39.065, 34.510 ) ( 39.080, 34.525 )


SPACING: ( ParallelRunLength Spacing ) Regular Wire of Net n_1103 & Pin of Cell ENDCAP__45  ( M2 )
Bounds : ( 32.920, 39.865 ) ( 33.030, 39.910 )


SPACING: ( ParallelRunLength Spacing ) Regular Wire of Net n_1103 & Blockage of Cell g43849  ( M1 )
Bounds : ( 32.915, 39.990 ) ( 32.950, 40.025 )


EndOfLine: ( EndOfLine Spacing ) Regular Wire of Net n_1103 & Pin of Cell g43849  ( M1 )
Bounds : ( 32.950, 39.825 ) ( 33.000, 39.880 )


MINSTEP: ( MinStep ) Regular Wire of Net n_1103  ( M2 )
Bounds : ( 33.030, 39.910 ) ( 33.075, 39.925 )


MINSTEP: ( MinStep ) Regular Wire of Net n_1103  ( M2 )
Bounds : ( 32.920, 39.960 ) ( 32.950, 39.975 )


MINSTEP: ( MinStep ) Regular Wire of Net n_1103  ( M1 )
Bounds : ( 33.000, 39.880 ) ( 33.015, 39.895 )


MINSTEP: ( MinStep ) Regular Wire of Net n_1103  ( M1 )
Bounds : ( 32.930, 39.975 ) ( 32.965, 39.990 )


MINSTEP: ( MinStep ) Regular Wire of Net n_1103  ( M1 )
Bounds : ( 32.930, 39.880 ) ( 32.950, 39.895 )


MAR: ( Minimum Area ) Regular Wire of Net n_1103  ( M3 )
Bounds : ( 32.995, 39.845 ) ( 33.045, 40.005 )


MAR: ( Minimum Area ) Regular Wire of Net n_1103  ( M2 )
Bounds : ( 32.920, 39.925 ) ( 33.075, 39.960 )


MAR: ( Minimum Area ) Regular Wire of Net TRI_K_buffer[2][7][1]  ( M2 )
Bounds : ( 27.865, 39.325 ) ( 28.005, 39.375 )


SPACING: ( ParallelRunLength Spacing ) Regular Wire of Net TRI_K_buffer[2][7][1] & Routing Blockage  ( M2 )
Bounds : ( 28.005, 39.325 ) ( 28.020, 39.375 )


SHORT: ( Cut Short ) Regular Wire of Net sk_data[0][2] & Regular Wire of Net place_opt_net_FE_OFN110_AR_3__AC_7__ACC_add_31_50_n_0  ( VIA2 )
Bounds : ( 27.595, 38.425 ) ( 27.645, 38.475 )


MAR: ( Minimum Area ) Regular Wire of Net sk_data[0][2]  ( M2 )
Bounds : ( 27.565, 38.425 ) ( 27.775, 38.475 )


MAR: ( Minimum Area ) Regular Wire of Net place_opt_net_FE_OFN110_AR_3__AC_7__ACC_add_31_50_n_0  ( M2 )
Bounds : ( 27.525, 38.425 ) ( 27.675, 38.475 )


MAR: ( Minimum Area ) Regular Wire of Net TRI_K_buffer[2][7][2]  ( M2 )
Bounds : ( 27.365, 38.425 ) ( 27.495, 38.475 )


SHORT: ( Metal Short ) Regular Wire of Net sk_data[0][2] & Regular Wire of Net place_opt_net_FE_OFN110_AR_3__AC_7__ACC_add_31_50_n_0  ( M2 )
Bounds : ( 27.565, 38.425 ) ( 27.675, 38.475 )


EndOfLine: ( EndOfLine Spacing ) Regular Wire of Net place_opt_net_FE_OFN12_AR_3__AC_7__ACC_add_31_50_n_0 & Pin of Cell g43803  ( M1 )
Bounds : ( 27.885, 38.705 ) ( 27.890, 38.730 )


EndOfLine: ( EndOfLine Spacing ) Regular Wire of Net TRI_K_buffer[2][7][2] & Regular Wire of Net place_opt_net_FE_OFN110_AR_3__AC_7__ACC_add_31_50_n_0  ( M2 )
Bounds : ( 27.495, 38.425 ) ( 27.525, 38.475 )


SPACING: ( ParallelRunLength Spacing ) Regular Wire of Net place_opt_net_FE_OFN12_AR_3__AC_7__ACC_add_31_50_n_0 & Pin of Cell g43803  ( M1 )
Bounds : ( 27.885, 38.705 ) ( 27.890, 38.730 )


SPACING: ( ParallelRunLength Spacing ) Regular Wire of Net TRI_K_buffer[2][7][2] & Regular Wire of Net place_opt_net_FE_OFN110_AR_3__AC_7__ACC_add_31_50_n_0  ( M2 )
Bounds : ( 27.495, 38.425 ) ( 27.525, 38.475 )


SPACING: ( ParallelRunLength Spacing ) Regular Wire of Net place_opt_net_FE_OFN12_AR_3__AC_7__ACC_add_31_50_n_0 & Routing Blockage  ( M2 )
Bounds : ( 27.975, 38.625 ) ( 28.020, 38.675 )


MINSTEP: ( MinStep ) Regular Wire of Net n_1150  ( M2 )
Bounds : ( 26.980, 38.160 ) ( 27.010, 38.175 )


MINSTEP: ( MinStep ) Regular Wire of Net n_1150  ( M2 )
Bounds : ( 26.865, 38.110 ) ( 26.900, 38.125 )


CUTSPACING: ( Cut EolSpacing ) Regular Wire of Net n_1150 & Regular Wire of Net n_1149  ( VIA1 )
Bounds : ( 26.980, 38.110 ) ( 27.065, 38.160 )


MAR: ( Minimum Area ) Regular Wire of Net n_1150  ( M3 )
Bounds : ( 26.895, 38.095 ) ( 26.945, 38.305 )


MAR: ( Minimum Area ) Regular Wire of Net n_1150  ( M2 )
Bounds : ( 26.865, 38.125 ) ( 27.010, 38.160 )


CUTSPACING: ( Same Layer Cut Spacing ) Regular Wire of Net n_1150  ( VIA2 )
Bounds : ( 26.895, 38.175 ) ( 26.945, 38.225 )


MINSTEP: ( MinStep ) Regular Wire of Net n_1150  ( M1 )
Bounds : ( 26.910, 38.080 ) ( 26.930, 38.095 )


MINSTEP: ( MinStep ) Regular Wire of Net n_1150  ( M1 )
Bounds : ( 26.910, 38.175 ) ( 26.945, 38.190 )


MINSTEP: ( MinStep ) Regular Wire of Net n_1150  ( M1 )
Bounds : ( 26.980, 38.080 ) ( 26.995, 38.095 )


MINSTEP: ( MinStep ) Regular Wire of Net n_1149  ( M1 )
Bounds : ( 27.045, 38.080 ) ( 27.065, 38.095 )


MINSTEP: ( MinStep ) Regular Wire of Net n_1149  ( M1 )
Bounds : ( 27.095, 38.175 ) ( 27.130, 38.190 )


MINSTEP: ( MinStep ) Regular Wire of Net n_1149  ( M1 )
Bounds : ( 27.115, 38.080 ) ( 27.130, 38.095 )


MINSTEP: ( MinStep ) Regular Wire of Net n_1149  ( M2 )
Bounds : ( 27.115, 38.160 ) ( 27.145, 38.175 )


SHORT: ( Metal Short ) Regular Wire of Net n_1149 & Regular Wire of Net n_1150  ( M2 )
Bounds : ( 26.865, 38.125 ) ( 27.010, 38.160 )


SHORT: ( Metal Short ) Regular Wire of Net n_1150 & Regular Wire of Net n_1149  ( M2 )
Bounds : ( 26.865, 38.125 ) ( 26.980, 38.175 )


SHORT: ( Metal Short ) Regular Wire of Net n_1140 & Regular Wire of Net n_1150  ( M3 )
Bounds : ( 26.895, 38.095 ) ( 26.945, 38.305 )


SPACING: ( ParallelRunLength Spacing ) Regular Wire of Net n_1150 & Blockage of Cell g43802  ( M1 )
Bounds : ( 26.895, 38.190 ) ( 26.930, 38.225 )


SPACING: ( ParallelRunLength Spacing ) Regular Wire of Net n_1149 & Blockage of Cell g43803  ( M1 )
Bounds : ( 27.115, 38.190 ) ( 27.145, 38.225 )


SPACING: ( ParallelRunLength Spacing ) Regular Wire of Net n_1149 & Pin of Cell ENDCAP__41  ( M2 )
Bounds : ( 26.900, 38.065 ) ( 27.010, 38.110 )


SPACING: ( ParallelRunLength Spacing ) Regular Wire of Net n_1149  ( M2 )
Bounds : ( 27.010, 38.110 ) ( 27.035, 38.125 )


SPACING: ( ParallelRunLength Spacing ) Regular Wire of Net n_1149 & Pin of Cell ENDCAP__41  ( M2 )
Bounds : ( 27.035, 38.065 ) ( 27.145, 38.110 )


MINSTEP: ( MinStep ) Regular Wire of Net n_1140  ( M2 )
Bounds : ( 26.980, 37.825 ) ( 27.010, 37.840 )


MINSTEP: ( MinStep ) Regular Wire of Net n_1140  ( M2 )
Bounds : ( 26.865, 37.875 ) ( 26.900, 37.890 )


MINSTEP: ( MinStep ) Regular Wire of Net n_1140  ( M1 )
Bounds : ( 26.910, 37.810 ) ( 26.945, 37.825 )


CUTSPACING: ( Cut EolSpacing ) Regular Wire of Net n_1140 & Regular Wire of Net n_1134  ( VIA1 )
Bounds : ( 26.980, 37.840 ) ( 27.065, 37.890 )


MAR: ( Minimum Area ) Regular Wire of Net n_1140  ( M2 )
Bounds : ( 26.865, 37.840 ) ( 27.010, 37.875 )


MINSTEP: ( MinStep ) Regular Wire of Net n_1140  ( M1 )
Bounds : ( 26.910, 37.905 ) ( 26.930, 37.920 )


MINSTEP: ( MinStep ) Regular Wire of Net n_1140  ( M1 )
Bounds : ( 26.980, 37.905 ) ( 26.995, 37.920 )


MINSTEP: ( MinStep ) Regular Wire of Net n_1134  ( M1 )
Bounds : ( 27.045, 37.905 ) ( 27.065, 37.920 )


MINSTEP: ( MinStep ) Regular Wire of Net n_1134  ( M1 )
Bounds : ( 27.095, 37.810 ) ( 27.130, 37.825 )


MINSTEP: ( MinStep ) Regular Wire of Net n_1134  ( M1 )
Bounds : ( 27.115, 37.905 ) ( 27.130, 37.920 )


MINSTEP: ( MinStep ) Regular Wire of Net n_1134  ( M2 )
Bounds : ( 27.115, 37.825 ) ( 27.145, 37.840 )


SHORT: ( Metal Short ) Regular Wire of Net n_1134 & Regular Wire of Net n_1140  ( M2 )
Bounds : ( 26.865, 37.825 ) ( 26.980, 37.875 )


SHORT: ( Metal Short ) Regular Wire of Net n_1134 & Regular Wire of Net n_1140  ( M2 )
Bounds : ( 26.865, 37.840 ) ( 27.010, 37.875 )


EndOfLine: ( EndOfLine Spacing ) Regular Wire of Net n_1140 & Pin of Cell g43818  ( M1 )
Bounds : ( 26.930, 37.920 ) ( 26.980, 37.975 )


EndOfLine: ( EndOfLine Spacing ) Regular Wire of Net n_1134 & Pin of Cell g43818  ( M1 )
Bounds : ( 27.065, 37.920 ) ( 27.115, 37.975 )


SPACING: ( ParallelRunLength Spacing ) Regular Wire of Net n_1140 & Blockage of Cell g43812  ( M1 )
Bounds : ( 26.895, 37.775 ) ( 26.930, 37.810 )


SPACING: ( ParallelRunLength Spacing ) Regular Wire of Net n_1134 & Blockage of Cell g43818  ( M1 )
Bounds : ( 27.115, 37.775 ) ( 27.145, 37.810 )


SPACING: ( ParallelRunLength Spacing ) Regular Wire of Net n_1134 & Pin of Cell ENDCAP__41  ( M2 )
Bounds : ( 26.900, 37.890 ) ( 27.010, 37.935 )


SPACING: ( ParallelRunLength Spacing ) Regular Wire of Net n_1134  ( M2 )
Bounds : ( 27.010, 37.875 ) ( 27.035, 37.890 )


SPACING: ( ParallelRunLength Spacing ) Regular Wire of Net n_1134 & Pin of Cell ENDCAP__41  ( M2 )
Bounds : ( 27.035, 37.890 ) ( 27.145, 37.935 )


EndOfLine: ( EndOfLine Spacing ) Regular Wire of Net n_1150 & Pin of Cell g43818  ( M1 )
Bounds : ( 26.930, 38.025 ) ( 26.980, 38.080 )


EndOfLine: ( EndOfLine Spacing ) Regular Wire of Net n_1149 & Pin of Cell g43818  ( M1 )
Bounds : ( 27.065, 38.025 ) ( 27.115, 38.080 )


CUTSPACING: ( Same Layer Cut Spacing ) Regular Wire of Net place_opt_net_FE_OFN110_AR_3__AC_7__ACC_add_31_50_n_0  ( VIA3 )
Bounds : ( 27.545, 38.375 ) ( 27.595, 38.425 )


MAR: ( Minimum Area ) Regular Wire of Net place_opt_net_FE_OFN110_AR_3__AC_7__ACC_add_31_50_n_0  ( M3 )
Bounds : ( 27.595, 38.345 ) ( 27.645, 38.505 )


CUTSPACING: ( Cut EolSpacing ) Regular Wire of Net TRI_K_buffer[2][7][2] & Regular Wire of Net place_opt_net_FE_OFN110_AR_3__AC_7__ACC_add_31_50_n_0  ( VIA2 )
Bounds : ( 27.445, 38.375 ) ( 27.495, 38.425 )


SHORT: ( Metal Short ) Regular Wire of Net sk_data[0][2] & Regular Wire of Net place_opt_net_FE_OFN110_AR_3__AC_7__ACC_add_31_50_n_0  ( M3 )
Bounds : ( 27.595, 38.345 ) ( 27.645, 38.505 )


MAR: ( Minimum Area ) Regular Wire of Net place_opt_net_FE_OFN110_AR_3__AC_7__ACC_add_31_50_n_0  ( M2 )
Bounds : ( 26.365, 38.425 ) ( 26.515, 38.475 )


CUTSPACING: ( Same Layer Cut Spacing ) Regular Wire of Net place_opt_net_FE_OFN12_AR_3__AC_7__ACC_add_31_50_n_0  ( VIA2 )
Bounds : ( 26.145, 38.625 ) ( 26.195, 38.675 )


CUTSPACING: ( Same Layer Cut Spacing ) Regular Wire of Net place_opt_net_FE_OFN110_AR_3__AC_7__ACC_add_31_50_n_0  ( VIA2 )
Bounds : ( 26.395, 38.375 ) ( 26.445, 38.425 )


SHORT: ( Metal Short ) Regular Wire of Net sk_data[0][0] & Regular Wire of Net place_opt_net_FE_OFN110_AR_3__AC_7__ACC_add_31_50_n_0  ( M2 )
Bounds : ( 26.365, 38.425 ) ( 26.375, 38.475 )


EndOfLine: ( EndOfLine Spacing ) Regular Wire of Net n_1140 & Pin of Cell retime_s1_120_reg  ( M1 )
Bounds : ( 25.865, 39.060 ) ( 25.875, 39.095 )


EndOfLine: ( EndOfLine Spacing ) Regular Wire of Net place_opt_net_FE_OFN12_AR_3__AC_7__ACC_add_31_50_n_0 & Pin of Cell g43802  ( M1 )
Bounds : ( 26.150, 38.705 ) ( 26.155, 38.730 )


EndOfLine: ( EndOfLine Spacing ) Regular Wire of Net place_opt_net_FE_OFN110_AR_3__AC_7__ACC_add_31_50_n_0 & Regular Wire of Net TRI_K_buffer[2][7][0]  ( M2 )
Bounds : ( 26.515, 38.425 ) ( 26.545, 38.475 )


SPACING: ( ParallelRunLength Spacing ) Regular Wire of Net n_1140 & Pin of Cell retime_s1_120_reg  ( M1 )
Bounds : ( 25.865, 39.060 ) ( 25.875, 39.095 )


SPACING: ( ParallelRunLength Spacing ) Regular Wire of Net place_opt_net_FE_OFN12_AR_3__AC_7__ACC_add_31_50_n_0 & Pin of Cell g43802  ( M1 )
Bounds : ( 26.150, 38.705 ) ( 26.155, 38.730 )


SPACING: ( ParallelRunLength Spacing ) Regular Wire of Net place_opt_net_FE_OFN110_AR_3__AC_7__ACC_add_31_50_n_0 & Regular Wire of Net TRI_K_buffer[2][7][0]  ( M2 )
Bounds : ( 26.515, 38.425 ) ( 26.545, 38.475 )


MAR: ( Minimum Area ) Regular Wire of Net TRI_K_buffer[2][7][0]  ( M2 )
Bounds : ( 26.545, 38.425 ) ( 26.675, 38.475 )


CUTSPACING: ( Same Layer Cut Spacing ) Regular Wire of Net sk_data[0][1] & Regular Wire of Net place_opt_net_FE_OFN110_AR_3__AC_7__ACC_add_31_50_n_0  ( VIA2 )
Bounds : ( 26.345, 37.525 ) ( 26.395, 37.575 )


MAR: ( Minimum Area ) Regular Wire of Net place_opt_net_FE_OFN12_AR_3__AC_7__ACC_add_31_50_n_0  ( M2 )
Bounds : ( 27.805, 37.325 ) ( 27.975, 37.375 )


MAR: ( Minimum Area ) Regular Wire of Net sk_data[0][3]  ( M2 )
Bounds : ( 27.665, 37.525 ) ( 27.875, 37.575 )


MAR: ( Minimum Area ) Regular Wire of Net place_opt_net_FE_OFN110_AR_3__AC_7__ACC_add_31_50_n_0  ( M2 )
Bounds : ( 27.465, 37.525 ) ( 27.635, 37.575 )


MAR: ( Minimum Area ) Regular Wire of Net n_1149  ( M2 )
Bounds : ( 25.845, 36.825 ) ( 26.075, 36.875 )


MAR: ( Minimum Area ) Regular Wire of Net place_opt_net_FE_OFN12_AR_3__AC_7__ACC_add_31_50_n_0  ( M2 )
Bounds : ( 26.065, 37.325 ) ( 26.235, 37.375 )


MAR: ( Minimum Area ) Regular Wire of Net sk_data[0][1]  ( M2 )
Bounds : ( 26.265, 37.525 ) ( 26.375, 37.575 )


MAR: ( Minimum Area ) Regular Wire of Net place_opt_net_FE_OFN110_AR_3__AC_7__ACC_add_31_50_n_0  ( M2 )
Bounds : ( 26.365, 37.525 ) ( 26.515, 37.575 )


CUTSPACING: ( Same Layer Cut Spacing ) Regular Wire of Net TRI_K_buffer[2][7][3] & Regular Wire of Net sk_data[0][3]  ( VIA2 )
Bounds : ( 27.745, 37.525 ) ( 27.795, 37.575 )


CUTSPACING: ( Same Layer Cut Spacing ) Regular Wire of Net TRI_K_buffer[2][7][2]  ( VIA3 )
Bounds : ( 27.345, 37.275 ) ( 27.395, 37.325 )


SHORT: ( Metal Short ) Regular Wire of Net place_opt_net_FE_OFN110_AR_3__AC_7__ACC_add_31_50_n_0 & Regular Wire of Net sk_data[0][1]  ( M2 )
Bounds : ( 26.365, 37.525 ) ( 26.375, 37.575 )


SHORT: ( Metal Short ) Regular Wire of Net place_opt_net_FE_OFN110_AR_3__AC_7__ACC_add_31_50_n_0 & Regular Wire of Net TRI_K_buffer[2][7][3]  ( M2 )
Bounds : ( 27.465, 37.525 ) ( 27.635, 37.575 )


SHORT: ( Metal Short ) Regular Wire of Net TRI_K_buffer[2][7][3] & Regular Wire of Net sk_data[0][3]  ( M2 )
Bounds : ( 27.665, 37.525 ) ( 27.775, 37.575 )


EndOfLine: ( EndOfLine Spacing ) Regular Wire of Net n_1149 & Pin of Cell retime_s1_103_reg  ( M1 )
Bounds : ( 25.865, 36.905 ) ( 25.875, 36.940 )


EndOfLine: ( EndOfLine Spacing ) Regular Wire of Net place_opt_net_FE_OFN12_AR_3__AC_7__ACC_add_31_50_n_0 & Pin of Cell g43812  ( M1 )
Bounds : ( 26.150, 37.270 ) ( 26.155, 37.295 )


EndOfLine: ( EndOfLine Spacing ) Regular Wire of Net place_opt_net_FE_OFN12_AR_3__AC_7__ACC_add_31_50_n_0 & Pin of Cell g43818  ( M1 )
Bounds : ( 27.885, 37.270 ) ( 27.890, 37.295 )


EndOfLine: ( EndOfLine Spacing ) Regular Wire of Net place_opt_net_FE_OFN110_AR_3__AC_7__ACC_add_31_50_n_0 & Regular Wire of Net TRI_K_buffer[2][7][1]  ( M2 )
Bounds : ( 26.515, 37.525 ) ( 26.545, 37.575 )


SPACING: ( ParallelRunLength Spacing ) Regular Wire of Net n_1149 & Pin of Cell retime_s1_103_reg  ( M1 )
Bounds : ( 25.865, 36.905 ) ( 25.875, 36.940 )


SPACING: ( ParallelRunLength Spacing ) Regular Wire of Net place_opt_net_FE_OFN12_AR_3__AC_7__ACC_add_31_50_n_0 & Pin of Cell g43812  ( M1 )
Bounds : ( 26.150, 37.270 ) ( 26.155, 37.295 )


SPACING: ( ParallelRunLength Spacing ) Regular Wire of Net place_opt_net_FE_OFN12_AR_3__AC_7__ACC_add_31_50_n_0 & Pin of Cell g43818  ( M1 )
Bounds : ( 27.885, 37.270 ) ( 27.890, 37.295 )


SPACING: ( ParallelRunLength Spacing ) Regular Wire of Net place_opt_net_FE_OFN110_AR_3__AC_7__ACC_add_31_50_n_0 & Regular Wire of Net TRI_K_buffer[2][7][1]  ( M2 )
Bounds : ( 26.515, 37.525 ) ( 26.545, 37.575 )


SPACING: ( ParallelRunLength Spacing ) Regular Wire of Net place_opt_net_FE_OFN12_AR_3__AC_7__ACC_add_31_50_n_0 & Routing Blockage  ( M2 )
Bounds : ( 27.975, 37.325 ) ( 28.020, 37.375 )


SPACING: ( ParallelRunLength Spacing ) Regular Wire of Net TRI_K_buffer[2][7][2] & Routing Blockage  ( M2 )
Bounds : ( 28.005, 36.625 ) ( 28.020, 36.675 )


SHORT: ( Metal Short ) Special Wire of Net VDD & Routing Blockage  ( M2 )
Bounds : ( 28.020, 36.135 ) ( 32.020, 36.265 )


SHORT: ( Metal Short ) Special Wire of Net GND & Routing Blockage  ( M2 )
Bounds : ( 28.020, 37.035 ) ( 32.020, 37.165 )


SHORT: ( Metal Short ) Special Wire of Net VDD & Routing Blockage  ( M2 )
Bounds : ( 28.020, 37.935 ) ( 32.020, 38.065 )


SHORT: ( Metal Short ) Special Wire of Net GND & Routing Blockage  ( M2 )
Bounds : ( 28.020, 38.835 ) ( 32.020, 38.965 )


SHORT: ( Metal Short ) Special Wire of Net VDD & Routing Blockage  ( M2 )
Bounds : ( 28.020, 39.735 ) ( 32.020, 39.865 )


CUTSPACING: ( Same Layer Cut Spacing ) Regular Wire of Net clk  ( VIA2 )
Bounds : ( 27.795, 34.875 ) ( 27.845, 34.925 )


CUTSPACING: ( Same Layer Cut Spacing ) Regular Wire of Net clk  ( VIA2 )
Bounds : ( 25.745, 34.825 ) ( 25.795, 34.875 )


CUTSPACING: ( Same Layer Cut Spacing ) Regular Wire of Net TRI_K_buffer[2][7][7] & Regular Wire of Net clk  ( VIA2 )
Bounds : ( 25.645, 34.825 ) ( 25.695, 34.875 )


MAR: ( Minimum Area ) Regular Wire of Net clk  ( M3 )
Bounds : ( 27.795, 34.795 ) ( 27.845, 35.005 )


MAR: ( Minimum Area ) Regular Wire of Net TRI_K_buffer[2][7][7]  ( M3 )
Bounds : ( 25.595, 34.745 ) ( 25.645, 34.905 )


MAR: ( Minimum Area ) Regular Wire of Net TRI_K_buffer[2][7][7]  ( M2 )
Bounds : ( 25.565, 34.825 ) ( 25.725, 34.875 )


MAR: ( Minimum Area ) Regular Wire of Net n_1134  ( M2 )
Bounds : ( 25.845, 35.525 ) ( 25.975, 35.575 )


SHORT: ( Metal Short ) Regular Wire of Net clk & Regular Wire of Net TRI_K_buffer[2][7][7]  ( M2 )
Bounds : ( 25.665, 34.825 ) ( 25.725, 34.875 )


SHORT: ( Metal Short ) Regular Wire of Net clk & Regular Wire of Net sk_data[0][3]  ( M3 )
Bounds : ( 27.795, 34.795 ) ( 27.845, 35.005 )


EndOfLine: ( EndOfLine Spacing ) Regular Wire of Net n_1134 & Pin of Cell retime_s1_132_reg  ( M1 )
Bounds : ( 25.865, 35.460 ) ( 25.875, 35.495 )


EndOfLine: ( EndOfLine Spacing ) Regular Wire of Net n_1158 & Pin of Cell retime_s1_101_reg  ( M1 )
Bounds : ( 27.745, 35.105 ) ( 27.755, 35.140 )


EndOfLine: ( EndOfLine Spacing ) Regular Wire of Net place_opt_net_FE_OFN30_MR_3__MC_6__MUL_mul_15_35_n_0 & Regular Wire of Net clk  ( M2 )
Bounds : ( 26.875, 34.725 ) ( 26.950, 34.775 )


SPACING: ( ParallelRunLength Spacing ) Regular Wire of Net n_1134 & Pin of Cell retime_s1_101_reg  ( M1 )
Bounds : ( 25.865, 35.460 ) ( 25.875, 35.495 )


SPACING: ( ParallelRunLength Spacing ) Regular Wire of Net n_1158 & Pin of Cell retime_s1_101_reg  ( M1 )
Bounds : ( 27.745, 35.105 ) ( 27.755, 35.140 )


SPACING: ( ParallelRunLength Spacing ) Regular Wire of Net TRI_K_buffer[2][7][3] & Routing Blockage  ( M2 )
Bounds : ( 28.005, 35.725 ) ( 28.020, 35.775 )


SPACING: ( ParallelRunLength Spacing ) Regular Wire of Net TRI_K_buffer[2][7][6] & Routing Blockage  ( M2 )
Bounds : ( 28.005, 33.925 ) ( 28.020, 33.975 )


MAR: ( Minimum Area ) Regular Wire of Net TRI_K_buffer[2][7][6]  ( M3 )
Bounds : ( 27.895, 33.845 ) ( 27.945, 34.005 )


MAR: ( Minimum Area ) Regular Wire of Net TRI_K_buffer[2][7][6]  ( M2 )
Bounds : ( 27.865, 33.925 ) ( 28.005, 33.975 )


MAR: ( Minimum Area ) Regular Wire of Net n_1173  ( M2 )
Bounds : ( 25.845, 33.725 ) ( 25.975, 33.775 )


MAR: ( Minimum Area ) Regular Wire of Net TRI_K_buffer[2][7][7]  ( M2 )
Bounds : ( 27.265, 33.025 ) ( 27.495, 33.075 )


MAR: ( Minimum Area ) Regular Wire of Net place_opt_net_FE_OFN110_AR_3__AC_7__ACC_add_31_50_n_0  ( M2 )
Bounds : ( 27.465, 33.025 ) ( 27.635, 33.075 )


MAR: ( Minimum Area ) Regular Wire of Net place_opt_net_FE_OFN12_AR_3__AC_7__ACC_add_31_50_n_0  ( M2 )
Bounds : ( 27.805, 33.225 ) ( 27.975, 33.275 )


SHORT: ( Metal Short ) Regular Wire of Net TRI_K_buffer[2][7][6] & Regular Wire of Net place_opt_net_FE_OFN12_AR_3__AC_7__ACC_add_31_50_n_0  ( M3 )
Bounds : ( 27.895, 33.845 ) ( 27.945, 34.005 )


EndOfLine: ( EndOfLine Spacing ) Regular Wire of Net n_1173 & Pin of Cell retime_s1_27_reg  ( M1 )
Bounds : ( 25.865, 33.660 ) ( 25.875, 33.695 )


EndOfLine: ( EndOfLine Spacing ) Regular Wire of Net place_opt_net_FE_OFN12_AR_3__AC_7__ACC_add_31_50_n_0 & Pin of Cell g43794  ( M1 )
Bounds : ( 27.885, 33.305 ) ( 27.890, 33.330 )


SPACING: ( ParallelRunLength Spacing ) Regular Wire of Net n_1173 & Pin of Cell retime_s1_27_reg  ( M1 )
Bounds : ( 25.865, 33.660 ) ( 25.875, 33.695 )


SPACING: ( ParallelRunLength Spacing ) Regular Wire of Net place_opt_net_FE_OFN12_AR_3__AC_7__ACC_add_31_50_n_0 & Pin of Cell g43794  ( M1 )
Bounds : ( 27.885, 33.305 ) ( 27.890, 33.330 )


SPACING: ( ParallelRunLength Spacing ) Regular Wire of Net place_opt_net_FE_OFN12_AR_3__AC_7__ACC_add_31_50_n_0 & Routing Blockage  ( M2 )
Bounds : ( 27.975, 33.225 ) ( 28.020, 33.275 )


SHORT: ( Metal Short ) Regular Wire of Net sk_data[0][7] & Regular Wire of Net TRI_K_buffer[2][7][7]  ( M2 )
Bounds : ( 27.265, 33.025 ) ( 27.635, 33.075 )


MINSTEP: ( MinStep ) Regular Wire of Net n_1158  ( M2 )
Bounds : ( 27.035, 32.760 ) ( 27.065, 32.775 )


MINSTEP: ( MinStep ) Regular Wire of Net n_1158  ( M1 )
Bounds : ( 27.115, 32.680 ) ( 27.130, 32.695 )


MINSTEP: ( MinStep ) Regular Wire of Net n_1173  ( M1 )
Bounds : ( 27.115, 32.505 ) ( 27.130, 32.520 )


MINSTEP: ( MinStep ) Regular Wire of Net n_1158  ( M1 )
Bounds : ( 27.095, 32.775 ) ( 27.130, 32.790 )


MINSTEP: ( MinStep ) Regular Wire of Net n_1173  ( M1 )
Bounds : ( 27.095, 32.410 ) ( 27.130, 32.425 )


MINSTEP: ( MinStep ) Regular Wire of Net n_1158  ( M1 )
Bounds : ( 27.045, 32.680 ) ( 27.065, 32.695 )


MINSTEP: ( MinStep ) Regular Wire of Net n_1173  ( M1 )
Bounds : ( 27.045, 32.505 ) ( 27.065, 32.520 )


CUTSPACING: ( Same Layer Cut Spacing ) Regular Wire of Net TRI_K_buffer[2][7][6] & Regular Wire of Net place_opt_net_FE_OFN110_AR_3__AC_7__ACC_add_31_50_n_0  ( VIA2 )
Bounds : ( 27.445, 32.125 ) ( 27.495, 32.175 )


MAR: ( Minimum Area ) Regular Wire of Net n_1158  ( M2 )
Bounds : ( 27.035, 32.725 ) ( 27.175, 32.760 )


MAR: ( Minimum Area ) Regular Wire of Net TRI_K_buffer[2][7][6]  ( M2 )
Bounds : ( 27.365, 32.125 ) ( 27.495, 32.175 )


MAR: ( Minimum Area ) Regular Wire of Net place_opt_net_FE_OFN110_AR_3__AC_7__ACC_add_31_50_n_0  ( M2 )
Bounds : ( 27.465, 32.125 ) ( 27.635, 32.175 )


MAR: ( Minimum Area ) Regular Wire of Net sk_data[0][6]  ( M2 )
Bounds : ( 27.665, 32.125 ) ( 27.775, 32.175 )


MAR: ( Minimum Area ) Regular Wire of Net place_opt_net_FE_OFN12_AR_3__AC_7__ACC_add_31_50_n_0  ( M2 )
Bounds : ( 27.805, 31.925 ) ( 27.975, 31.975 )


MINSTEP: ( MinStep ) Regular Wire of Net n_1173  ( M2 )
Bounds : ( 27.115, 32.425 ) ( 27.145, 32.440 )


MINSTEP: ( MinStep ) Regular Wire of Net n_1158  ( M2 )
Bounds : ( 27.145, 32.710 ) ( 27.175, 32.725 )


SHORT: ( Metal Short ) Regular Wire of Net place_opt_net_FE_OFN110_AR_3__AC_7__ACC_add_31_50_n_0 & Regular Wire of Net TRI_K_buffer[2][7][6]  ( M2 )
Bounds : ( 27.465, 32.125 ) ( 27.495, 32.175 )


EndOfLine: ( EndOfLine Spacing ) Regular Wire of Net n_1173 & Pin of Cell g43794  ( M1 )
Bounds : ( 27.065, 32.520 ) ( 27.115, 32.575 )


EndOfLine: ( EndOfLine Spacing ) Regular Wire of Net n_1158 & Pin of Cell g43794  ( M1 )
Bounds : ( 27.065, 32.625 ) ( 27.115, 32.680 )


EndOfLine: ( EndOfLine Spacing ) Regular Wire of Net place_opt_net_FE_OFN12_AR_3__AC_7__ACC_add_31_50_n_0 & Pin of Cell g43779  ( M1 )
Bounds : ( 27.885, 31.870 ) ( 27.890, 31.895 )


EndOfLine: ( EndOfLine Spacing ) Regular Wire of Net place_opt_net_FE_OFN110_AR_3__AC_7__ACC_add_31_50_n_0 & Regular Wire of Net sk_data[0][6]  ( M2 )
Bounds : ( 27.635, 32.125 ) ( 27.665, 32.175 )


SPACING: ( ParallelRunLength Spacing ) Regular Wire of Net n_1173 & Blockage of Cell g43779  ( M1 )
Bounds : ( 27.115, 32.375 ) ( 27.145, 32.410 )


SPACING: ( ParallelRunLength Spacing ) Regular Wire of Net n_1158 & Blockage of Cell g43794  ( M1 )
Bounds : ( 27.115, 32.790 ) ( 27.145, 32.825 )


SPACING: ( ParallelRunLength Spacing ) Regular Wire of Net place_opt_net_FE_OFN12_AR_3__AC_7__ACC_add_31_50_n_0 & Pin of Cell g43779  ( M1 )
Bounds : ( 27.885, 31.870 ) ( 27.890, 31.895 )


SPACING: ( ParallelRunLength Spacing ) Regular Wire of Net n_1173 & Special Wire of Net VDD  ( M2 )
Bounds : ( 27.035, 32.490 ) ( 27.145, 32.535 )


SPACING: ( ParallelRunLength Spacing ) Regular Wire of Net n_1158 & Special Wire of Net VDD  ( M2 )
Bounds : ( 27.035, 32.665 ) ( 27.145, 32.710 )


SPACING: ( ParallelRunLength Spacing ) Regular Wire of Net place_opt_net_FE_OFN110_AR_3__AC_7__ACC_add_31_50_n_0 & Regular Wire of Net sk_data[0][6]  ( M2 )
Bounds : ( 27.635, 32.125 ) ( 27.665, 32.175 )


SPACING: ( ParallelRunLength Spacing ) Regular Wire of Net place_opt_net_FE_OFN12_AR_3__AC_7__ACC_add_31_50_n_0 & Routing Blockage  ( M2 )
Bounds : ( 27.975, 31.925 ) ( 28.020, 31.975 )


SHORT: ( Metal Short ) Special Wire of Net GND & Routing Blockage  ( M2 )
Bounds : ( 28.020, 29.835 ) ( 32.020, 29.965 )


SHORT: ( Metal Short ) Special Wire of Net VDD & Routing Blockage  ( M2 )
Bounds : ( 28.020, 30.735 ) ( 32.020, 30.865 )


SHORT: ( Metal Short ) Special Wire of Net GND & Routing Blockage  ( M2 )
Bounds : ( 28.020, 31.635 ) ( 32.020, 31.765 )


SHORT: ( Metal Short ) Special Wire of Net VDD & Routing Blockage  ( M2 )
Bounds : ( 28.020, 32.535 ) ( 32.020, 32.665 )


SHORT: ( Metal Short ) Special Wire of Net GND & Routing Blockage  ( M2 )
Bounds : ( 28.020, 33.435 ) ( 32.020, 33.565 )


SHORT: ( Metal Short ) Special Wire of Net VDD & Routing Blockage  ( M2 )
Bounds : ( 28.020, 34.335 ) ( 32.020, 34.465 )


SHORT: ( Metal Short ) Special Wire of Net GND & Routing Blockage  ( M2 )
Bounds : ( 28.020, 35.235 ) ( 32.020, 35.365 )


SHORT: ( Metal Short ) Special Wire of Net GND & Routing Blockage  ( M2 )
Bounds : ( 34.020, 29.835 ) ( 38.020, 29.965 )


SHORT: ( Metal Short ) Special Wire of Net VDD & Routing Blockage  ( M2 )
Bounds : ( 34.020, 30.735 ) ( 38.020, 30.865 )


SHORT: ( Metal Short ) Special Wire of Net GND & Routing Blockage  ( M2 )
Bounds : ( 34.020, 31.635 ) ( 38.020, 31.765 )


SHORT: ( Metal Short ) Special Wire of Net VDD & Routing Blockage  ( M2 )
Bounds : ( 34.020, 32.535 ) ( 38.020, 32.665 )


SHORT: ( Metal Short ) Special Wire of Net GND & Routing Blockage  ( M2 )
Bounds : ( 34.020, 33.435 ) ( 38.020, 33.565 )


SHORT: ( Metal Short ) Special Wire of Net VDD & Routing Blockage  ( M2 )
Bounds : ( 34.020, 34.335 ) ( 38.020, 34.465 )


SHORT: ( Metal Short ) Special Wire of Net GND & Routing Blockage  ( M2 )
Bounds : ( 34.020, 35.235 ) ( 38.020, 35.365 )


SHORT: ( Metal Short ) Special Wire of Net VDD & Routing Blockage  ( M2 )
Bounds : ( 34.020, 36.135 ) ( 38.020, 36.265 )


SHORT: ( Metal Short ) Special Wire of Net GND & Routing Blockage  ( M2 )
Bounds : ( 34.020, 37.035 ) ( 38.020, 37.165 )


SHORT: ( Metal Short ) Special Wire of Net VDD & Routing Blockage  ( M2 )
Bounds : ( 34.020, 37.935 ) ( 38.020, 38.065 )


SHORT: ( Metal Short ) Special Wire of Net GND & Routing Blockage  ( M2 )
Bounds : ( 34.020, 38.835 ) ( 38.020, 38.965 )


SHORT: ( Metal Short ) Special Wire of Net VDD & Routing Blockage  ( M2 )
Bounds : ( 34.020, 39.735 ) ( 38.020, 39.865 )


CUTSPACING: ( Same Layer Cut Spacing ) Regular Wire of Net sk_data[1][7]  ( VIA4 )
Bounds : ( 0.095, 31.825 ) ( 0.145, 31.875 )


MAR: ( Minimum Area ) Regular Wire of Net sk_data[1][7]  ( M5 )
Bounds : ( 0.095, 31.745 ) ( 0.145, 31.955 )


SHORT: ( Metal Short ) Special Wire of Net VDD & Routing Blockage  ( M2 )
Bounds : ( 28.020, 25.335 ) ( 32.020, 25.465 )


SHORT: ( Metal Short ) Special Wire of Net GND & Routing Blockage  ( M2 )
Bounds : ( 28.020, 24.435 ) ( 32.020, 24.565 )


SHORT: ( Metal Short ) Special Wire of Net GND & Routing Blockage  ( M2 )
Bounds : ( 28.020, 26.235 ) ( 32.020, 26.365 )


SHORT: ( Metal Short ) Special Wire of Net VDD & Routing Blockage  ( M2 )
Bounds : ( 28.020, 27.135 ) ( 32.020, 27.265 )


SHORT: ( Metal Short ) Special Wire of Net GND & Routing Blockage  ( M2 )
Bounds : ( 28.020, 28.035 ) ( 32.020, 28.165 )


SHORT: ( Metal Short ) Special Wire of Net VDD & Routing Blockage  ( M2 )
Bounds : ( 28.020, 28.935 ) ( 32.020, 29.065 )


SHORT: ( Metal Short ) Special Wire of Net VDD & Routing Blockage  ( M2 )
Bounds : ( 28.020, 21.735 ) ( 32.020, 21.865 )


SHORT: ( Metal Short ) Special Wire of Net GND & Routing Blockage  ( M2 )
Bounds : ( 28.020, 20.835 ) ( 32.020, 20.965 )


SHORT: ( Metal Short ) Special Wire of Net VDD & Routing Blockage  ( M2 )
Bounds : ( 28.020, 19.935 ) ( 32.020, 20.065 )


SHORT: ( Metal Short ) Special Wire of Net GND & Routing Blockage  ( M2 )
Bounds : ( 28.020, 22.635 ) ( 32.020, 22.765 )


SHORT: ( Metal Short ) Special Wire of Net VDD & Routing Blockage  ( M2 )
Bounds : ( 28.020, 23.535 ) ( 32.020, 23.665 )


SHORT: ( Metal Short ) Special Wire of Net VDD & Routing Blockage  ( M2 )
Bounds : ( 34.020, 19.935 ) ( 38.020, 20.065 )


SHORT: ( Metal Short ) Special Wire of Net GND & Routing Blockage  ( M2 )
Bounds : ( 34.020, 20.835 ) ( 38.020, 20.965 )


SHORT: ( Metal Short ) Special Wire of Net VDD & Routing Blockage  ( M2 )
Bounds : ( 34.020, 21.735 ) ( 38.020, 21.865 )


SHORT: ( Metal Short ) Special Wire of Net GND & Routing Blockage  ( M2 )
Bounds : ( 34.020, 22.635 ) ( 38.020, 22.765 )


SHORT: ( Metal Short ) Special Wire of Net VDD & Routing Blockage  ( M2 )
Bounds : ( 34.020, 23.535 ) ( 38.020, 23.665 )


SHORT: ( Metal Short ) Special Wire of Net GND & Routing Blockage  ( M2 )
Bounds : ( 34.020, 24.435 ) ( 38.020, 24.565 )


SHORT: ( Metal Short ) Special Wire of Net VDD & Routing Blockage  ( M2 )
Bounds : ( 34.020, 25.335 ) ( 38.020, 25.465 )


SHORT: ( Metal Short ) Special Wire of Net GND & Routing Blockage  ( M2 )
Bounds : ( 34.020, 26.235 ) ( 38.020, 26.365 )


SHORT: ( Metal Short ) Special Wire of Net VDD & Routing Blockage  ( M2 )
Bounds : ( 34.020, 27.135 ) ( 38.020, 27.265 )


SHORT: ( Metal Short ) Special Wire of Net GND & Routing Blockage  ( M2 )
Bounds : ( 34.020, 28.035 ) ( 38.020, 28.165 )


SHORT: ( Metal Short ) Special Wire of Net VDD & Routing Blockage  ( M2 )
Bounds : ( 34.020, 28.935 ) ( 38.020, 29.065 )


MAR: ( Minimum Area ) Regular Wire of Net sk_data[0][4]  ( M5 )
Bounds : ( 0.095, 21.745 ) ( 0.145, 22.055 )


SHORT: ( Out Of Die ) Regular Wire of Net sk_data[1][7]  ( M4 )
Bounds : ( -0.025, 31.775 ) ( 0.000, 31.825 )


SHORT: ( Out Of Die ) Regular Wire of Net sk_data[1][6]  ( M4 )
Bounds : ( -0.025, 33.775 ) ( 0.000, 33.825 )


SHORT: ( Out Of Die ) Regular Wire of Net sk_data[1][5]  ( M4 )
Bounds : ( -0.025, 35.775 ) ( 0.000, 35.825 )


SHORT: ( Out Of Die ) Regular Wire of Net sk_data[1][4]  ( M4 )
Bounds : ( -0.025, 37.775 ) ( 0.000, 37.825 )


SHORT: ( Out Of Die ) Regular Wire of Net sk_data[1][3]  ( M4 )
Bounds : ( -0.025, 39.775 ) ( 0.000, 39.825 )


SHORT: ( Out Of Die ) Regular Wire of Net sk_data[0][7]  ( M4 )
Bounds : ( -0.025, 15.775 ) ( 0.000, 15.825 )


SHORT: ( Out Of Die ) Regular Wire of Net sk_data[0][6]  ( M4 )
Bounds : ( -0.025, 17.775 ) ( 0.000, 17.825 )


SHORT: ( Out Of Die ) Regular Wire of Net sk_data[0][5]  ( M4 )
Bounds : ( -0.025, 19.775 ) ( 0.000, 19.825 )


SHORT: ( Out Of Die ) Regular Wire of Net sk_data[0][4]  ( M4 )
Bounds : ( -0.025, 21.775 ) ( 0.000, 21.825 )


SHORT: ( Out Of Die ) Regular Wire of Net sk_data[0][3]  ( M4 )
Bounds : ( -0.025, 23.775 ) ( 0.000, 23.825 )


SHORT: ( Out Of Die ) Regular Wire of Net sk_data[0][2]  ( M4 )
Bounds : ( -0.025, 25.775 ) ( 0.000, 25.825 )


SHORT: ( Out Of Die ) Regular Wire of Net sk_data[0][1]  ( M4 )
Bounds : ( -0.025, 27.775 ) ( 0.000, 27.825 )


SHORT: ( Out Of Die ) Regular Wire of Net sk_data[0][0]  ( M4 )
Bounds : ( -0.025, 29.775 ) ( 0.000, 29.825 )


  Total Violations : 1000 Viols.
