###############################################################
#  Generated by:      Cadence Innovus 23.13-s082_1
#  OS:                Linux x86_64(Host ID mun)
#  Generated on:      Tue Jun 24 07:54:46 2025
#  Design:            axis_sa
#  Command:           report_timing -max_paths 100 -group $cg  > "${reports_path}/$this_run(stage)/${cg}.setup.timing.rpt"
###############################################################
Path 1: MET (0.042 ns) Setup Check with Pin ro_reg[3][4][14]/CK->D
               View: wc_analysis_view
              Group: in2reg
         Startpoint: (F) m_ready
              Clock: (R) CLK
           Endpoint: (F) ro_reg[3][4][14]/D
              Clock: (R) CLK

                       Capture       Launch
         Clock Edge:+    2.000        0.000
         Drv Adjust:+    0.000        0.082
        Src Latency:+   -0.154        0.000
        Net Latency:+    0.155 (P)    0.000 (I)
            Arrival:=    2.001        0.082

              Setup:-    0.061
        Uncertainty:-    0.125
      Required Time:=    1.815
       Launch Clock:=    0.082
        Input Delay:+    0.500
          Data Path:+    1.192
              Slack:=    0.042

#---------------------------------------------------------------------------------------------------------------------
# Timing Point                      Flags  Arc      Edge  Cell                          Fanout  Trans   Delay  Arrival  
#                                                                                                (ns)    (ns)     (ns)  
#---------------------------------------------------------------------------------------------------------------------
  m_ready                           -      m_ready  F     (arrival)                          2  0.166   0.004    0.585  
  g39627__3680/Y                    -      A->Y     R     NAND2_X4B_A9PP140ZTUL_C35         11  0.166   0.055    0.640  
  g44719/Y                          -      A->Y     F     NAND2_X0P5A_A9PP140ZTUL_C35       49  0.071   0.388    1.029  
  g44701/Y                          -      A->Y     R     INV_X1M_A9PP140ZTUL_C35           36  0.748   0.286    1.314  
  cts_opt_inst_FE_OFC304_n_258/Y    -      A->Y     R     BUF_X1M_A9PP140ZTUL_C35           45  0.352   0.171    1.485  
  g41588/Y                          -      A0->Y    F     OAI22_X0P5M_A9PP140ZTUL_C35        1  0.287   0.097    1.582  
  cts_opt_inst_FE_PHC1649_n_2134/Y  -      A->Y     F     DLY4_X4M_A9PP140ZTUL_C35           1  0.293   0.191    1.773  
  ro_reg[3][4][14]/D                -      D        F     DFFRPQNA_X1M_A9PP140ZTUL_C35       1  0.026   0.000    1.773  
#---------------------------------------------------------------------------------------------------------------------
Path 2: MET (0.044 ns) Setup Check with Pin ro_reg[1][2][12]/CK->D
               View: wc_analysis_view
              Group: in2reg
         Startpoint: (R) m_ready
              Clock: (R) CLK
           Endpoint: (F) ro_reg[1][2][12]/D
              Clock: (R) CLK

                       Capture       Launch
         Clock Edge:+    2.000        0.000
         Drv Adjust:+    0.000        0.085
        Src Latency:+   -0.154        0.000
        Net Latency:+    0.155 (P)    0.000 (I)
            Arrival:=    2.001        0.085

              Setup:-    0.062
        Uncertainty:-    0.125
      Required Time:=    1.814
       Launch Clock:=    0.085
        Input Delay:+    0.500
          Data Path:+    1.185
              Slack:=    0.044

#---------------------------------------------------------------------------------------------------------------------
# Timing Point                      Flags  Arc      Edge  Cell                          Fanout  Trans   Delay  Arrival  
#                                                                                                (ns)    (ns)     (ns)  
#---------------------------------------------------------------------------------------------------------------------
  m_ready                           -      m_ready  R     (arrival)                          2  0.171   0.004    0.589  
  g39627__3680/Y                    -      A->Y     F     NAND2_X4B_A9PP140ZTUL_C35         11  0.171   0.049    0.638  
  place_opt_inst_FE_OFC77_n_3027/Y  -      A->Y     R     INV_X1M_A9PP140ZTUL_C35           21  0.083   0.168    0.806  
  g44717/Y                          -      A->Y     F     NOR2_X0P7B_A9PP140ZTUL_C35        49  0.250   0.364    1.169  
  g44699/Y                          -      A->Y     R     INV_X0P7M_A9PP140ZTUL_C35         48  0.577   0.446    1.615  
  g41489/Y                          -      B0->Y    F     OAI22_X0P5M_A9PP140ZTUL_C35        1  0.544   0.028    1.643  
  cts_opt_inst_FE_PHC1883_n_2233/Y  -      A->Y     F     BUF_X0P5M_A9PP140ZTUL_C35          1  0.157   0.085    1.727  
  cts_opt_inst_FE_PHC3104_n_2233/Y  -      A->Y     F     BUFH_X1M_A9PP140ZTUL_C35           1  0.056   0.042    1.770  
  ro_reg[1][2][12]/D                -      D        F     DFFRPQNA_X1M_A9PP140ZTUL_C35       1  0.031   0.000    1.770  
#---------------------------------------------------------------------------------------------------------------------
Path 3: MET (0.045 ns) Setup Check with Pin ro_reg[1][6][5]/CK->D
               View: wc_analysis_view
              Group: in2reg
         Startpoint: (F) m_ready
              Clock: (R) CLK
           Endpoint: (F) ro_reg[1][6][5]/D
              Clock: (R) CLK

                       Capture       Launch
         Clock Edge:+    2.000        0.000
         Drv Adjust:+    0.000        0.082
        Src Latency:+   -0.154        0.000
        Net Latency:+    0.156 (P)    0.000 (I)
            Arrival:=    2.002        0.082

              Setup:-    0.061
        Uncertainty:-    0.125
      Required Time:=    1.816
       Launch Clock:=    0.082
        Input Delay:+    0.500
          Data Path:+    1.190
              Slack:=    0.045

#---------------------------------------------------------------------------------------------------------------------
# Timing Point                      Flags  Arc      Edge  Cell                          Fanout  Trans   Delay  Arrival  
#                                                                                                (ns)    (ns)     (ns)  
#---------------------------------------------------------------------------------------------------------------------
  m_ready                           -      m_ready  F     (arrival)                          2  0.166   0.004    0.585  
  g39627__3680/Y                    -      A->Y     R     NAND2_X4B_A9PP140ZTUL_C35         11  0.166   0.055    0.640  
  g44719/Y                          -      A->Y     F     NAND2_X0P5A_A9PP140ZTUL_C35       49  0.071   0.388    1.029  
  g44701/Y                          -      A->Y     R     INV_X1M_A9PP140ZTUL_C35           36  0.748   0.286    1.314  
  cts_opt_inst_FE_OFC304_n_258/Y    -      A->Y     R     BUF_X1M_A9PP140ZTUL_C35           45  0.352   0.155    1.470  
  g41547/Y                          -      A0->Y    F     OAI22_X0P5M_A9PP140ZTUL_C35        1  0.286   0.106    1.576  
  cts_opt_inst_FE_PHC1637_n_2175/Y  -      A->Y     F     DLY4_X4M_A9PP140ZTUL_C35           1  0.310   0.196    1.771  
  ro_reg[1][6][5]/D                 -      D        F     DFFRPQNA_X1M_A9PP140ZTUL_C35       1  0.027   0.000    1.771  
#---------------------------------------------------------------------------------------------------------------------
Path 4: MET (0.046 ns) Setup Check with Pin ro_reg[3][4][8]/CK->D
               View: wc_analysis_view
              Group: in2reg
         Startpoint: (F) m_ready
              Clock: (R) CLK
           Endpoint: (F) ro_reg[3][4][8]/D
              Clock: (R) CLK

                       Capture       Launch
         Clock Edge:+    2.000        0.000
         Drv Adjust:+    0.000        0.082
        Src Latency:+   -0.154        0.000
        Net Latency:+    0.154 (P)    0.000 (I)
            Arrival:=    2.000        0.082

              Setup:-    0.066
        Uncertainty:-    0.125
      Required Time:=    1.810
       Launch Clock:=    0.082
        Input Delay:+    0.500
          Data Path:+    1.182
              Slack:=    0.046

#---------------------------------------------------------------------------------------------------------------------
# Timing Point                      Flags  Arc      Edge  Cell                          Fanout  Trans   Delay  Arrival  
#                                                                                                (ns)    (ns)     (ns)  
#---------------------------------------------------------------------------------------------------------------------
  m_ready                           -      m_ready  F     (arrival)                          2  0.166   0.004    0.585  
  g39627__3680/Y                    -      A->Y     R     NAND2_X4B_A9PP140ZTUL_C35         11  0.166   0.055    0.640  
  g44719/Y                          -      A->Y     F     NAND2_X0P5A_A9PP140ZTUL_C35       49  0.071   0.388    1.029  
  g44701/Y                          -      A->Y     R     INV_X1M_A9PP140ZTUL_C35           36  0.748   0.286    1.314  
  cts_opt_inst_FE_OFC304_n_258/Y    -      A->Y     R     BUF_X1M_A9PP140ZTUL_C35           45  0.352   0.170    1.485  
  g41582/Y                          -      A0->Y    F     OAI22_X0P5M_A9PP140ZTUL_C35        1  0.287   0.086    1.571  
  cts_opt_inst_FE_PHC1579_n_2140/Y  -      A->Y     F     DLY4_X0P5M_A9PP140ZTUL_C35         1  0.275   0.193    1.764  
  ro_reg[3][4][8]/D                 -      D        F     DFFRPQNA_X1M_A9PP140ZTUL_C35       1  0.043   0.000    1.764  
#---------------------------------------------------------------------------------------------------------------------
Path 5: MET (0.046 ns) Setup Check with Pin ro_reg[3][4][0]/CK->D
               View: wc_analysis_view
              Group: in2reg
         Startpoint: (F) m_ready
              Clock: (R) CLK
           Endpoint: (F) ro_reg[3][4][0]/D
              Clock: (R) CLK

                       Capture       Launch
         Clock Edge:+    2.000        0.000
         Drv Adjust:+    0.000        0.082
        Src Latency:+   -0.154        0.000
        Net Latency:+    0.155 (P)    0.000 (I)
            Arrival:=    2.002        0.082

              Setup:-    0.066
        Uncertainty:-    0.125
      Required Time:=    1.810
       Launch Clock:=    0.082
        Input Delay:+    0.500
          Data Path:+    1.182
              Slack:=    0.046

#---------------------------------------------------------------------------------------------------------------------
# Timing Point                      Flags  Arc      Edge  Cell                          Fanout  Trans   Delay  Arrival  
#                                                                                                (ns)    (ns)     (ns)  
#---------------------------------------------------------------------------------------------------------------------
  m_ready                           -      m_ready  F     (arrival)                          2  0.166   0.004    0.585  
  g39627__3680/Y                    -      A->Y     R     NAND2_X4B_A9PP140ZTUL_C35         11  0.166   0.055    0.640  
  g44719/Y                          -      A->Y     F     NAND2_X0P5A_A9PP140ZTUL_C35       49  0.071   0.388    1.029  
  g44701/Y                          -      A->Y     R     INV_X1M_A9PP140ZTUL_C35           36  0.748   0.286    1.314  
  cts_opt_inst_FE_OFC304_n_258/Y    -      A->Y     R     BUF_X1M_A9PP140ZTUL_C35           45  0.352   0.171    1.485  
  g41574/Y                          -      A0->Y    F     OAI22_X0P5M_A9PP140ZTUL_C35        1  0.287   0.084    1.570  
  cts_opt_inst_FE_PHC1656_n_2148/Y  -      A->Y     F     DLY4_X0P5M_A9PP140ZTUL_C35         1  0.272   0.194    1.764  
  ro_reg[3][4][0]/D                 -      D        F     DFFRPQNA_X1M_A9PP140ZTUL_C35       1  0.047   0.000    1.764  
#---------------------------------------------------------------------------------------------------------------------
Path 6: MET (0.047 ns) Setup Check with Pin ro_reg[1][6][6]/CK->D
               View: wc_analysis_view
              Group: in2reg
         Startpoint: (F) m_ready
              Clock: (R) CLK
           Endpoint: (F) ro_reg[1][6][6]/D
              Clock: (R) CLK

                       Capture       Launch
         Clock Edge:+    2.000        0.000
         Drv Adjust:+    0.000        0.082
        Src Latency:+   -0.154        0.000
        Net Latency:+    0.155 (P)    0.000 (I)
            Arrival:=    2.002        0.082

              Setup:-    0.061
        Uncertainty:-    0.125
      Required Time:=    1.816
       Launch Clock:=    0.082
        Input Delay:+    0.500
          Data Path:+    1.187
              Slack:=    0.047

#---------------------------------------------------------------------------------------------------------------------
# Timing Point                      Flags  Arc      Edge  Cell                          Fanout  Trans   Delay  Arrival  
#                                                                                                (ns)    (ns)     (ns)  
#---------------------------------------------------------------------------------------------------------------------
  m_ready                           -      m_ready  F     (arrival)                          2  0.166   0.004    0.585  
  g39627__3680/Y                    -      A->Y     R     NAND2_X4B_A9PP140ZTUL_C35         11  0.166   0.055    0.640  
  g44719/Y                          -      A->Y     F     NAND2_X0P5A_A9PP140ZTUL_C35       49  0.071   0.388    1.029  
  g44701/Y                          -      A->Y     R     INV_X1M_A9PP140ZTUL_C35           36  0.748   0.286    1.314  
  cts_opt_inst_FE_OFC304_n_258/Y    -      A->Y     R     BUF_X1M_A9PP140ZTUL_C35           45  0.352   0.155    1.469  
  g41548/Y                          -      A0->Y    F     OAI22_X0P5M_A9PP140ZTUL_C35        1  0.286   0.105    1.574  
  cts_opt_inst_FE_PHC1670_n_2174/Y  -      A->Y     F     DLY4_X4M_A9PP140ZTUL_C35           1  0.308   0.195    1.769  
  ro_reg[1][6][6]/D                 -      D        F     DFFRPQNA_X1M_A9PP140ZTUL_C35       1  0.027   0.000    1.769  
#---------------------------------------------------------------------------------------------------------------------
Path 7: MET (0.047 ns) Setup Check with Pin ro_reg[3][4][15]/CK->D
               View: wc_analysis_view
              Group: in2reg
         Startpoint: (F) m_ready
              Clock: (R) CLK
           Endpoint: (F) ro_reg[3][4][15]/D
              Clock: (R) CLK

                       Capture       Launch
         Clock Edge:+    2.000        0.000
         Drv Adjust:+    0.000        0.082
        Src Latency:+   -0.154        0.000
        Net Latency:+    0.155 (P)    0.000 (I)
            Arrival:=    2.001        0.082

              Setup:-    0.060
        Uncertainty:-    0.125
      Required Time:=    1.816
       Launch Clock:=    0.082
        Input Delay:+    0.500
          Data Path:+    1.187
              Slack:=    0.047

#---------------------------------------------------------------------------------------------------------------------
# Timing Point                      Flags  Arc      Edge  Cell                          Fanout  Trans   Delay  Arrival  
#                                                                                                (ns)    (ns)     (ns)  
#---------------------------------------------------------------------------------------------------------------------
  m_ready                           -      m_ready  F     (arrival)                          2  0.166   0.004    0.585  
  g39627__3680/Y                    -      A->Y     R     NAND2_X4B_A9PP140ZTUL_C35         11  0.166   0.055    0.640  
  g44719/Y                          -      A->Y     F     NAND2_X0P5A_A9PP140ZTUL_C35       49  0.071   0.388    1.029  
  g44701/Y                          -      A->Y     R     INV_X1M_A9PP140ZTUL_C35           36  0.748   0.286    1.314  
  cts_opt_inst_FE_OFC304_n_258/Y    -      A->Y     R     BUF_X1M_A9PP140ZTUL_C35           45  0.352   0.170    1.484  
  g41589/Y                          -      A0->Y    F     OAI22_X0P5M_A9PP140ZTUL_C35        1  0.287   0.095    1.579  
  cts_opt_inst_FE_PHC1596_n_2133/Y  -      A->Y     F     DLY4_X4M_A9PP140ZTUL_C35           1  0.290   0.190    1.769  
  ro_reg[3][4][15]/D                -      D        F     DFFRPQNA_X1M_A9PP140ZTUL_C35       1  0.025   0.000    1.769  
#---------------------------------------------------------------------------------------------------------------------
Path 8: MET (0.048 ns) Setup Check with Pin ro_reg[2][5][2]/CK->D
               View: wc_analysis_view
              Group: in2reg
         Startpoint: (F) m_ready
              Clock: (R) CLK
           Endpoint: (F) ro_reg[2][5][2]/D
              Clock: (R) CLK

                       Capture       Launch
         Clock Edge:+    2.000        0.000
         Drv Adjust:+    0.000        0.082
        Src Latency:+   -0.154        0.000
        Net Latency:+    0.154 (P)    0.000 (I)
            Arrival:=    2.001        0.082

              Setup:-    0.061
        Uncertainty:-    0.125
      Required Time:=    1.815
       Launch Clock:=    0.082
        Input Delay:+    0.500
          Data Path:+    1.185
              Slack:=    0.048

#---------------------------------------------------------------------------------------------------------------------
# Timing Point                      Flags  Arc      Edge  Cell                          Fanout  Trans   Delay  Arrival  
#                                                                                                (ns)    (ns)     (ns)  
#---------------------------------------------------------------------------------------------------------------------
  m_ready                           -      m_ready  F     (arrival)                          2  0.166   0.004    0.585  
  g39627__3680/Y                    -      A->Y     R     NAND2_X4B_A9PP140ZTUL_C35         11  0.166   0.055    0.640  
  g44719/Y                          -      A->Y     F     NAND2_X0P5A_A9PP140ZTUL_C35       49  0.071   0.388    1.029  
  g44701/Y                          -      A->Y     R     INV_X1M_A9PP140ZTUL_C35           36  0.748   0.286    1.314  
  cts_opt_inst_FE_OFC304_n_258/Y    -      A->Y     R     BUF_X1M_A9PP140ZTUL_C35           45  0.352   0.168    1.483  
  g41560/Y                          -      A0->Y    F     OAI22_X0P5M_A9PP140ZTUL_C35        1  0.287   0.094    1.577  
  cts_opt_inst_FE_PHC1363_n_2162/Y  -      A->Y     F     DLY4_X4M_A9PP140ZTUL_C35           1  0.289   0.190    1.767  
  ro_reg[2][5][2]/D                 -      D        F     DFFRPQNA_X1M_A9PP140ZTUL_C35       1  0.026   0.000    1.767  
#---------------------------------------------------------------------------------------------------------------------
Path 9: MET (0.050 ns) Setup Check with Pin ro_reg[3][2][14]/CK->D
               View: wc_analysis_view
              Group: in2reg
         Startpoint: (F) m_ready
              Clock: (R) CLK
           Endpoint: (F) ro_reg[3][2][14]/D
              Clock: (R) CLK

                       Capture       Launch
         Clock Edge:+    2.000        0.000
         Drv Adjust:+    0.000        0.082
        Src Latency:+   -0.154        0.000
        Net Latency:+    0.151 (P)    0.000 (I)
            Arrival:=    1.998        0.082

              Setup:-    0.060
        Uncertainty:-    0.125
      Required Time:=    1.812
       Launch Clock:=    0.082
        Input Delay:+    0.500
          Data Path:+    1.181
              Slack:=    0.050

#---------------------------------------------------------------------------------------------------------------------
# Timing Point                      Flags  Arc      Edge  Cell                          Fanout  Trans   Delay  Arrival  
#                                                                                                (ns)    (ns)     (ns)  
#---------------------------------------------------------------------------------------------------------------------
  m_ready                           -      m_ready  F     (arrival)                          2  0.166   0.004    0.585  
  g39627__3680/Y                    -      A->Y     R     NAND2_X4B_A9PP140ZTUL_C35         11  0.166   0.054    0.639  
  place_opt_inst_FE_OFC77_n_3027/Y  -      A->Y     F     INV_X1M_A9PP140ZTUL_C35           21  0.071   0.124    0.763  
  g44154/Y                          -      A->Y     F     OR2_X0P5M_A9PP140ZTUL_C35         65  0.188   0.300    1.063  
  g43621/Y                          -      A->Y     R     INV_X0P6M_A9PP140ZTUL_C35         64  0.489   0.538    1.602  
  g41144/Y                          -      A0->Y    F     OAI22_X0P5M_A9PP140ZTUL_C35        1  0.700  -0.000    1.601  
  cts_opt_inst_FE_PHC1720_n_2315/Y  -      A->Y     F     DLY2_X0P5M_A9PP140ZTUL_C35         1  0.138   0.084    1.686  
  cts_opt_inst_FE_PHC2288_n_2315/Y  -      A->Y     F     BUF_X1B_A9PP140ZTUL_C35            1  0.028   0.027    1.713  
  cts_opt_inst_FE_PHC3043_n_2315/Y  -      A->Y     F     BUFH_X1M_A9PP140ZTUL_C35           1  0.018   0.022    1.735  
  cts_opt_inst_FE_PHC3358_n_2315/Y  -      A->Y     F     BUF_X1B_A9PP140ZTUL_C35            1  0.014   0.027    1.763  
  ro_reg[3][2][14]/D                -      D        F     DFFRPQNA_X1M_A9PP140ZTUL_C35       1  0.024   0.000    1.763  
#---------------------------------------------------------------------------------------------------------------------
Path 10: MET (0.050 ns) Setup Check with Pin ro_reg[1][6][3]/CK->D
               View: wc_analysis_view
              Group: in2reg
         Startpoint: (F) m_ready
              Clock: (R) CLK
           Endpoint: (F) ro_reg[1][6][3]/D
              Clock: (R) CLK

                       Capture       Launch
         Clock Edge:+    2.000        0.000
         Drv Adjust:+    0.000        0.082
        Src Latency:+   -0.154        0.000
        Net Latency:+    0.155 (P)    0.000 (I)
            Arrival:=    2.001        0.082

              Setup:-    0.061
        Uncertainty:-    0.125
      Required Time:=    1.815
       Launch Clock:=    0.082
        Input Delay:+    0.500
          Data Path:+    1.183
              Slack:=    0.050

#---------------------------------------------------------------------------------------------------------------------
# Timing Point                      Flags  Arc      Edge  Cell                          Fanout  Trans   Delay  Arrival  
#                                                                                                (ns)    (ns)     (ns)  
#---------------------------------------------------------------------------------------------------------------------
  m_ready                           -      m_ready  F     (arrival)                          2  0.166   0.004    0.585  
  g39627__3680/Y                    -      A->Y     R     NAND2_X4B_A9PP140ZTUL_C35         11  0.166   0.055    0.640  
  g44719/Y                          -      A->Y     F     NAND2_X0P5A_A9PP140ZTUL_C35       49  0.071   0.388    1.029  
  g44701/Y                          -      A->Y     R     INV_X1M_A9PP140ZTUL_C35           36  0.748   0.286    1.314  
  cts_opt_inst_FE_OFC304_n_258/Y    -      A->Y     R     BUF_X1M_A9PP140ZTUL_C35           45  0.352   0.157    1.471  
  g41544/Y                          -      A0->Y    F     OAI22_X0P5M_A9PP140ZTUL_C35        1  0.286   0.100    1.571  
  cts_opt_inst_FE_PHC1368_n_2178/Y  -      A->Y     F     DLY4_X4M_A9PP140ZTUL_C35           1  0.299   0.194    1.765  
  ro_reg[1][6][3]/D                 -      D        F     DFFRPQNA_X1M_A9PP140ZTUL_C35       1  0.028   0.000    1.765  
#---------------------------------------------------------------------------------------------------------------------
Path 11: MET (0.051 ns) Setup Check with Pin ro_reg[3][4][7]/CK->D
               View: wc_analysis_view
              Group: in2reg
         Startpoint: (F) m_ready
              Clock: (R) CLK
           Endpoint: (F) ro_reg[3][4][7]/D
              Clock: (R) CLK

                       Capture       Launch
         Clock Edge:+    2.000        0.000
         Drv Adjust:+    0.000        0.082
        Src Latency:+   -0.154        0.000
        Net Latency:+    0.156 (P)    0.000 (I)
            Arrival:=    2.002        0.082

              Setup:-    0.061
        Uncertainty:-    0.125
      Required Time:=    1.816
       Launch Clock:=    0.082
        Input Delay:+    0.500
          Data Path:+    1.183
              Slack:=    0.051

#---------------------------------------------------------------------------------------------------------------------
# Timing Point                      Flags  Arc      Edge  Cell                          Fanout  Trans   Delay  Arrival  
#                                                                                                (ns)    (ns)     (ns)  
#---------------------------------------------------------------------------------------------------------------------
  m_ready                           -      m_ready  F     (arrival)                          2  0.166   0.004    0.585  
  g39627__3680/Y                    -      A->Y     R     NAND2_X4B_A9PP140ZTUL_C35         11  0.166   0.055    0.640  
  g44719/Y                          -      A->Y     F     NAND2_X0P5A_A9PP140ZTUL_C35       49  0.071   0.388    1.029  
  g44701/Y                          -      A->Y     R     INV_X1M_A9PP140ZTUL_C35           36  0.748   0.286    1.314  
  cts_opt_inst_FE_OFC304_n_258/Y    -      A->Y     R     BUF_X1M_A9PP140ZTUL_C35           45  0.352   0.170    1.485  
  g41581/Y                          -      A0->Y    F     OAI22_X0P5M_A9PP140ZTUL_C35        1  0.287   0.091    1.576  
  cts_opt_inst_FE_PHC1639_n_2141/Y  -      A->Y     F     DLY4_X4M_A9PP140ZTUL_C35           1  0.282   0.189    1.765  
  ro_reg[3][4][7]/D                 -      D        F     DFFRPQNA_X1M_A9PP140ZTUL_C35       1  0.026   0.000    1.765  
#---------------------------------------------------------------------------------------------------------------------
Path 12: MET (0.052 ns) Setup Check with Pin ro_reg[0][3][2]/CK->D
               View: wc_analysis_view
              Group: in2reg
         Startpoint: (R) m_ready
              Clock: (R) CLK
           Endpoint: (F) ro_reg[0][3][2]/D
              Clock: (R) CLK

                       Capture       Launch
         Clock Edge:+    2.000        0.000
         Drv Adjust:+    0.000        0.085
        Src Latency:+   -0.154        0.000
        Net Latency:+    0.154 (P)    0.000 (I)
            Arrival:=    2.001        0.085

              Setup:-    0.060
        Uncertainty:-    0.125
      Required Time:=    1.816
       Launch Clock:=    0.085
        Input Delay:+    0.500
          Data Path:+    1.179
              Slack:=    0.052

#---------------------------------------------------------------------------------------------------------------------
# Timing Point                      Flags  Arc      Edge  Cell                          Fanout  Trans   Delay  Arrival  
#                                                                                                (ns)    (ns)     (ns)  
#---------------------------------------------------------------------------------------------------------------------
  m_ready                           -      m_ready  R     (arrival)                          2  0.171   0.004    0.589  
  g39627__3680/Y                    -      A->Y     F     NAND2_X4B_A9PP140ZTUL_C35         11  0.171   0.049    0.638  
  place_opt_inst_FE_OFC77_n_3027/Y  -      A->Y     R     INV_X1M_A9PP140ZTUL_C35           21  0.083   0.168    0.806  
  g44717/Y                          -      A->Y     F     NOR2_X0P7B_A9PP140ZTUL_C35        49  0.250   0.364    1.169  
  g44699/Y                          -      A->Y     R     INV_X0P7M_A9PP140ZTUL_C35         48  0.577   0.447    1.617  
  g41651/Y                          -      B0->Y    F     OAI22_X0P5M_A9PP140ZTUL_C35        1  0.544   0.037    1.654  
  cts_opt_inst_FE_PHC1897_n_2071/Y  -      A->Y     F     BUFH_X1M_A9PP140ZTUL_C35           1  0.167   0.050    1.703  
  cts_opt_inst_FE_PHC2366_n_2071/Y  -      A->Y     F     BUFH_X1M_A9PP140ZTUL_C35           1  0.021   0.030    1.734  
  cts_opt_inst_FE_PHC3135_n_2071/Y  -      A->Y     F     BUFH_X1M_A9PP140ZTUL_C35           1  0.025   0.030    1.764  
  ro_reg[0][3][2]/D                 -      D        F     DFFRPQNA_X1M_A9PP140ZTUL_C35       1  0.023   0.000    1.764  
#---------------------------------------------------------------------------------------------------------------------
Path 13: MET (0.052 ns) Setup Check with Pin ro_reg[3][4][9]/CK->D
               View: wc_analysis_view
              Group: in2reg
         Startpoint: (F) m_ready
              Clock: (R) CLK
           Endpoint: (F) ro_reg[3][4][9]/D
              Clock: (R) CLK

                       Capture       Launch
         Clock Edge:+    2.000        0.000
         Drv Adjust:+    0.000        0.082
        Src Latency:+   -0.154        0.000
        Net Latency:+    0.155 (P)    0.000 (I)
            Arrival:=    2.002        0.082

              Setup:-    0.061
        Uncertainty:-    0.125
      Required Time:=    1.816
       Launch Clock:=    0.082
        Input Delay:+    0.500
          Data Path:+    1.182
              Slack:=    0.052

#---------------------------------------------------------------------------------------------------------------------
# Timing Point                      Flags  Arc      Edge  Cell                          Fanout  Trans   Delay  Arrival  
#                                                                                                (ns)    (ns)     (ns)  
#---------------------------------------------------------------------------------------------------------------------
  m_ready                           -      m_ready  F     (arrival)                          2  0.166   0.004    0.585  
  g39627__3680/Y                    -      A->Y     R     NAND2_X4B_A9PP140ZTUL_C35         11  0.166   0.055    0.640  
  g44719/Y                          -      A->Y     F     NAND2_X0P5A_A9PP140ZTUL_C35       49  0.071   0.388    1.029  
  g44701/Y                          -      A->Y     R     INV_X1M_A9PP140ZTUL_C35           36  0.748   0.286    1.314  
  cts_opt_inst_FE_OFC304_n_258/Y    -      A->Y     R     BUF_X1M_A9PP140ZTUL_C35           45  0.352   0.170    1.484  
  g41583/Y                          -      A0->Y    F     OAI22_X0P5M_A9PP140ZTUL_C35        1  0.287   0.090    1.575  
  cts_opt_inst_FE_PHC1594_n_2139/Y  -      A->Y     F     DLY4_X4M_A9PP140ZTUL_C35           1  0.282   0.189    1.764  
  ro_reg[3][4][9]/D                 -      D        F     DFFRPQNA_X1M_A9PP140ZTUL_C35       1  0.026   0.000    1.764  
#---------------------------------------------------------------------------------------------------------------------
Path 14: MET (0.054 ns) Setup Check with Pin ro_reg[1][6][0]/CK->D
               View: wc_analysis_view
              Group: in2reg
         Startpoint: (F) m_ready
              Clock: (R) CLK
           Endpoint: (F) ro_reg[1][6][0]/D
              Clock: (R) CLK

                       Capture       Launch
         Clock Edge:+    2.000        0.000
         Drv Adjust:+    0.000        0.082
        Src Latency:+   -0.154        0.000
        Net Latency:+    0.154 (P)    0.000 (I)
            Arrival:=    2.000        0.082

              Setup:-    0.067
        Uncertainty:-    0.125
      Required Time:=    1.808
       Launch Clock:=    0.082
        Input Delay:+    0.500
          Data Path:+    1.172
              Slack:=    0.054

#---------------------------------------------------------------------------------------------------------------------
# Timing Point                      Flags  Arc      Edge  Cell                          Fanout  Trans   Delay  Arrival  
#                                                                                                (ns)    (ns)     (ns)  
#---------------------------------------------------------------------------------------------------------------------
  m_ready                           -      m_ready  F     (arrival)                          2  0.166   0.004    0.585  
  g39627__3680/Y                    -      A->Y     R     NAND2_X4B_A9PP140ZTUL_C35         11  0.166   0.055    0.640  
  g44719/Y                          -      A->Y     F     NAND2_X0P5A_A9PP140ZTUL_C35       49  0.071   0.388    1.029  
  g44701/Y                          -      A->Y     R     INV_X1M_A9PP140ZTUL_C35           36  0.748   0.286    1.314  
  cts_opt_inst_FE_OFC304_n_258/Y    -      A->Y     R     BUF_X1M_A9PP140ZTUL_C35           45  0.352   0.161    1.475  
  g41542/Y                          -      A0->Y    F     OAI22_X0P5M_A9PP140ZTUL_C35        1  0.286   0.084    1.559  
  cts_opt_inst_FE_PHC1066_n_2180/Y  -      A->Y     F     DLY4_X0P5M_A9PP140ZTUL_C35         1  0.271   0.195    1.754  
  ro_reg[1][6][0]/D                 -      D        F     DFFRPQNA_X1M_A9PP140ZTUL_C35       1  0.048   0.000    1.754  
#---------------------------------------------------------------------------------------------------------------------
Path 15: MET (0.054 ns) Setup Check with Pin ro_reg[2][1][7]/CK->D
               View: wc_analysis_view
              Group: in2reg
         Startpoint: (R) m_ready
              Clock: (R) CLK
           Endpoint: (F) ro_reg[2][1][7]/D
              Clock: (R) CLK

                       Capture       Launch
         Clock Edge:+    2.000        0.000
         Drv Adjust:+    0.000        0.085
        Src Latency:+   -0.154        0.000
        Net Latency:+    0.154 (P)    0.000 (I)
            Arrival:=    2.000        0.085

              Setup:-    0.064
        Uncertainty:-    0.125
      Required Time:=    1.812
       Launch Clock:=    0.085
        Input Delay:+    0.500
          Data Path:+    1.172
              Slack:=    0.054

#---------------------------------------------------------------------------------------------------------------------
# Timing Point                      Flags  Arc      Edge  Cell                          Fanout  Trans   Delay  Arrival  
#                                                                                                (ns)    (ns)     (ns)  
#---------------------------------------------------------------------------------------------------------------------
  m_ready                           -      m_ready  R     (arrival)                          2  0.171   0.004    0.589  
  g39627__3680/Y                    -      A->Y     F     NAND2_X4B_A9PP140ZTUL_C35         11  0.171   0.049    0.638  
  place_opt_inst_FE_OFC77_n_3027/Y  -      A->Y     R     INV_X1M_A9PP140ZTUL_C35           21  0.083   0.168    0.806  
  g44717/Y                          -      A->Y     F     NOR2_X0P7B_A9PP140ZTUL_C35        49  0.250   0.364    1.169  
  g44699/Y                          -      A->Y     R     INV_X0P7M_A9PP140ZTUL_C35         48  0.577   0.444    1.614  
  g41516/Y                          -      B0->Y    F     OAI22_X0P5M_A9PP140ZTUL_C35        1  0.544   0.077    1.690  
  cts_opt_inst_FE_PHC2995_n_2206/Y  -      A->Y     F     BUFH_X1M_A9PP140ZTUL_C35           1  0.209   0.067    1.757  
  ro_reg[2][1][7]/D                 -      D        F     DFFRPQNA_X1M_A9PP140ZTUL_C35       1  0.035   0.000    1.757  
#---------------------------------------------------------------------------------------------------------------------
Path 16: MET (0.060 ns) Setup Check with Pin ro_reg[0][3][4]/CK->D
               View: wc_analysis_view
              Group: in2reg
         Startpoint: (R) m_ready
              Clock: (R) CLK
           Endpoint: (F) ro_reg[0][3][4]/D
              Clock: (R) CLK

                       Capture       Launch
         Clock Edge:+    2.000        0.000
         Drv Adjust:+    0.000        0.085
        Src Latency:+   -0.154        0.000
        Net Latency:+    0.155 (P)    0.000 (I)
            Arrival:=    2.001        0.085

              Setup:-    0.059
        Uncertainty:-    0.125
      Required Time:=    1.818
       Launch Clock:=    0.085
        Input Delay:+    0.500
          Data Path:+    1.173
              Slack:=    0.060

#---------------------------------------------------------------------------------------------------------------------
# Timing Point                      Flags  Arc      Edge  Cell                          Fanout  Trans   Delay  Arrival  
#                                                                                                (ns)    (ns)     (ns)  
#---------------------------------------------------------------------------------------------------------------------
  m_ready                           -      m_ready  R     (arrival)                          2  0.171   0.004    0.589  
  g39627__3680/Y                    -      A->Y     F     NAND2_X4B_A9PP140ZTUL_C35         11  0.171   0.049    0.638  
  place_opt_inst_FE_OFC77_n_3027/Y  -      A->Y     R     INV_X1M_A9PP140ZTUL_C35           21  0.083   0.168    0.806  
  g44717/Y                          -      A->Y     F     NOR2_X0P7B_A9PP140ZTUL_C35        49  0.250   0.364    1.169  
  g44699/Y                          -      A->Y     R     INV_X0P7M_A9PP140ZTUL_C35         48  0.577   0.447    1.616  
  g41653/Y                          -      B0->Y    F     OAI22_X0P5M_A9PP140ZTUL_C35        1  0.544   0.021    1.637  
  cts_opt_inst_FE_PHC1828_n_2069/Y  -      A->Y     F     BUF_X0P5M_A9PP140ZTUL_C35          1  0.152   0.063    1.701  
  cts_opt_inst_FE_PHC2323_n_2069/Y  -      A->Y     F     BUFH_X1M_A9PP140ZTUL_C35           1  0.027   0.031    1.731  
  cts_opt_inst_FE_PHC3128_n_2069/Y  -      A->Y     F     BUFH_X1M_A9PP140ZTUL_C35           1  0.023   0.027    1.758  
  ro_reg[0][3][4]/D                 -      D        F     DFFRPQNA_X1M_A9PP140ZTUL_C35       1  0.018   0.000    1.758  
#---------------------------------------------------------------------------------------------------------------------
Path 17: MET (0.060 ns) Setup Check with Pin ro_reg[1][2][8]/CK->D
               View: wc_analysis_view
              Group: in2reg
         Startpoint: (R) m_ready
              Clock: (R) CLK
           Endpoint: (F) ro_reg[1][2][8]/D
              Clock: (R) CLK

                       Capture       Launch
         Clock Edge:+    2.000        0.000
         Drv Adjust:+    0.000        0.085
        Src Latency:+   -0.154        0.000
        Net Latency:+    0.153 (P)    0.000 (I)
            Arrival:=    1.999        0.085

              Setup:-    0.064
        Uncertainty:-    0.125
      Required Time:=    1.810
       Launch Clock:=    0.085
        Input Delay:+    0.500
          Data Path:+    1.165
              Slack:=    0.060

#---------------------------------------------------------------------------------------------------------------------
# Timing Point                      Flags  Arc      Edge  Cell                          Fanout  Trans   Delay  Arrival  
#                                                                                                (ns)    (ns)     (ns)  
#---------------------------------------------------------------------------------------------------------------------
  m_ready                           -      m_ready  R     (arrival)                          2  0.171   0.004    0.589  
  g39627__3680/Y                    -      A->Y     F     NAND2_X4B_A9PP140ZTUL_C35         11  0.171   0.049    0.638  
  place_opt_inst_FE_OFC77_n_3027/Y  -      A->Y     R     INV_X1M_A9PP140ZTUL_C35           21  0.083   0.168    0.806  
  g44717/Y                          -      A->Y     F     NOR2_X0P7B_A9PP140ZTUL_C35        49  0.250   0.364    1.169  
  g44699/Y                          -      A->Y     R     INV_X0P7M_A9PP140ZTUL_C35         48  0.577   0.447    1.616  
  g41509/Y                          -      B0->Y    F     OAI22_X0P5M_A9PP140ZTUL_C35        1  0.544   0.057    1.673  
  cts_opt_inst_FE_PHC2585_n_2213/Y  -      A->Y     F     BUF_X0P5M_A9PP140ZTUL_C35          1  0.188   0.077    1.750  
  ro_reg[1][2][8]/D                 -      D        F     DFFRPQNA_X1M_A9PP140ZTUL_C35       1  0.037   0.000    1.750  
#---------------------------------------------------------------------------------------------------------------------
Path 18: MET (0.061 ns) Setup Check with Pin ro_reg[3][4][6]/CK->D
               View: wc_analysis_view
              Group: in2reg
         Startpoint: (F) m_ready
              Clock: (R) CLK
           Endpoint: (F) ro_reg[3][4][6]/D
              Clock: (R) CLK

                       Capture       Launch
         Clock Edge:+    2.000        0.000
         Drv Adjust:+    0.000        0.082
        Src Latency:+   -0.154        0.000
        Net Latency:+    0.155 (P)    0.000 (I)
            Arrival:=    2.001        0.082

              Setup:-    0.061
        Uncertainty:-    0.125
      Required Time:=    1.815
       Launch Clock:=    0.082
        Input Delay:+    0.500
          Data Path:+    1.173
              Slack:=    0.061

#---------------------------------------------------------------------------------------------------------------------
# Timing Point                      Flags  Arc      Edge  Cell                          Fanout  Trans   Delay  Arrival  
#                                                                                                (ns)    (ns)     (ns)  
#---------------------------------------------------------------------------------------------------------------------
  m_ready                           -      m_ready  F     (arrival)                          2  0.166   0.004    0.585  
  g39627__3680/Y                    -      A->Y     R     NAND2_X4B_A9PP140ZTUL_C35         11  0.166   0.055    0.640  
  g44719/Y                          -      A->Y     F     NAND2_X0P5A_A9PP140ZTUL_C35       49  0.071   0.388    1.029  
  g44701/Y                          -      A->Y     R     INV_X1M_A9PP140ZTUL_C35           36  0.748   0.286    1.314  
  cts_opt_inst_FE_OFC304_n_258/Y    -      A->Y     R     BUF_X1M_A9PP140ZTUL_C35           45  0.352   0.171    1.485  
  g41579/Y                          -      A0->Y    F     OAI22_X0P5M_A9PP140ZTUL_C35        1  0.287   0.084    1.569  
  cts_opt_inst_FE_PHC1626_n_2143/Y  -      A->Y     F     DLY4_X4M_A9PP140ZTUL_C35           1  0.271   0.186    1.755  
  ro_reg[3][4][6]/D                 -      D        F     DFFRPQNA_X1M_A9PP140ZTUL_C35       1  0.026   0.000    1.755  
#---------------------------------------------------------------------------------------------------------------------
Path 19: MET (0.061 ns) Setup Check with Pin ro_reg[3][2][12]/CK->D
               View: wc_analysis_view
              Group: in2reg
         Startpoint: (F) m_ready
              Clock: (R) CLK
           Endpoint: (F) ro_reg[3][2][12]/D
              Clock: (R) CLK

                       Capture       Launch
         Clock Edge:+    2.000        0.000
         Drv Adjust:+    0.000        0.082
        Src Latency:+   -0.154        0.000
        Net Latency:+    0.151 (P)    0.000 (I)
            Arrival:=    1.997        0.082

              Setup:-    0.057
        Uncertainty:-    0.125
      Required Time:=    1.815
       Launch Clock:=    0.082
        Input Delay:+    0.500
          Data Path:+    1.172
              Slack:=    0.061

#---------------------------------------------------------------------------------------------------------------------
# Timing Point                      Flags  Arc      Edge  Cell                          Fanout  Trans   Delay  Arrival  
#                                                                                                (ns)    (ns)     (ns)  
#---------------------------------------------------------------------------------------------------------------------
  m_ready                           -      m_ready  F     (arrival)                          2  0.166   0.004    0.585  
  g39627__3680/Y                    -      A->Y     R     NAND2_X4B_A9PP140ZTUL_C35         11  0.166   0.054    0.639  
  place_opt_inst_FE_OFC77_n_3027/Y  -      A->Y     F     INV_X1M_A9PP140ZTUL_C35           21  0.071   0.124    0.763  
  g44154/Y                          -      A->Y     F     OR2_X0P5M_A9PP140ZTUL_C35         65  0.188   0.300    1.063  
  g43621/Y                          -      A->Y     R     INV_X0P6M_A9PP140ZTUL_C35         64  0.489   0.538    1.601  
  g41142/Y                          -      A0->Y    F     OAI22_X0P5M_A9PP140ZTUL_C35        1  0.700   0.015    1.616  
  cts_opt_inst_FE_PHC1704_n_2317/Y  -      A->Y     F     DLY2_X0P5M_A9PP140ZTUL_C35         1  0.154   0.091    1.707  
  cts_opt_inst_FE_PHC2435_n_2317/Y  -      A->Y     F     BUFH_X1M_A9PP140ZTUL_C35           1  0.032   0.026    1.733  
  cts_opt_inst_FE_PHC3138_n_2317/Y  -      A->Y     F     BUFH_X1M_A9PP140ZTUL_C35           1  0.014   0.021    1.754  
  ro_reg[3][2][12]/D                -      D        F     DFFRPQNA_X1M_A9PP140ZTUL_C35       1  0.013   0.000    1.754  
#---------------------------------------------------------------------------------------------------------------------
Path 20: MET (0.064 ns) Setup Check with Pin ro_reg[0][3][0]/CK->D
               View: wc_analysis_view
              Group: in2reg
         Startpoint: (R) m_ready
              Clock: (R) CLK
           Endpoint: (F) ro_reg[0][3][0]/D
              Clock: (R) CLK

                       Capture       Launch
         Clock Edge:+    2.000        0.000
         Drv Adjust:+    0.000        0.085
        Src Latency:+   -0.154        0.000
        Net Latency:+    0.155 (P)    0.000 (I)
            Arrival:=    2.001        0.085

              Setup:-    0.059
        Uncertainty:-    0.125
      Required Time:=    1.817
       Launch Clock:=    0.085
        Input Delay:+    0.500
          Data Path:+    1.168
              Slack:=    0.064

#---------------------------------------------------------------------------------------------------------------------
# Timing Point                      Flags  Arc      Edge  Cell                          Fanout  Trans   Delay  Arrival  
#                                                                                                (ns)    (ns)     (ns)  
#---------------------------------------------------------------------------------------------------------------------
  m_ready                           -      m_ready  R     (arrival)                          2  0.171   0.004    0.589  
  g39627__3680/Y                    -      A->Y     F     NAND2_X4B_A9PP140ZTUL_C35         11  0.171   0.049    0.638  
  place_opt_inst_FE_OFC77_n_3027/Y  -      A->Y     R     INV_X1M_A9PP140ZTUL_C35           21  0.083   0.168    0.806  
  g44717/Y                          -      A->Y     F     NOR2_X0P7B_A9PP140ZTUL_C35        49  0.250   0.364    1.169  
  g44699/Y                          -      A->Y     R     INV_X0P7M_A9PP140ZTUL_C35         48  0.577   0.447    1.616  
  g41649/Y                          -      B0->Y    F     OAI22_X0P5M_A9PP140ZTUL_C35        1  0.544   0.011    1.628  
  cts_opt_inst_FE_PHC1825_n_2073/Y  -      A->Y     F     BUF_X0P5M_A9PP140ZTUL_C35          1  0.144   0.058    1.686  
  cts_opt_inst_FE_PHC2283_n_2073/Y  -      A->Y     F     BUF_X1B_A9PP140ZTUL_C35            1  0.023   0.036    1.722  
  cts_opt_inst_FE_PHC3123_n_2073/Y  -      A->Y     F     BUFH_X1M_A9PP140ZTUL_C35           1  0.036   0.031    1.753  
  ro_reg[0][3][0]/D                 -      D        F     DFFRPQNA_X1M_A9PP140ZTUL_C35       1  0.020   0.000    1.753  
#---------------------------------------------------------------------------------------------------------------------
Path 21: MET (0.064 ns) Setup Check with Pin ro_reg[1][2][3]/CK->D
               View: wc_analysis_view
              Group: in2reg
         Startpoint: (R) m_ready
              Clock: (R) CLK
           Endpoint: (F) ro_reg[1][2][3]/D
              Clock: (R) CLK

                       Capture       Launch
         Clock Edge:+    2.000        0.000
         Drv Adjust:+    0.000        0.085
        Src Latency:+   -0.154        0.000
        Net Latency:+    0.158 (P)    0.000 (I)
            Arrival:=    2.004        0.085

              Setup:-    0.062
        Uncertainty:-    0.125
      Required Time:=    1.817
       Launch Clock:=    0.085
        Input Delay:+    0.500
          Data Path:+    1.168
              Slack:=    0.064

#---------------------------------------------------------------------------------------------------------------------
# Timing Point                      Flags  Arc      Edge  Cell                          Fanout  Trans   Delay  Arrival  
#                                                                                                (ns)    (ns)     (ns)  
#---------------------------------------------------------------------------------------------------------------------
  m_ready                           -      m_ready  R     (arrival)                          2  0.171   0.004    0.589  
  g39627__3680/Y                    -      A->Y     F     NAND2_X4B_A9PP140ZTUL_C35         11  0.171   0.049    0.638  
  place_opt_inst_FE_OFC77_n_3027/Y  -      A->Y     R     INV_X1M_A9PP140ZTUL_C35           21  0.083   0.168    0.806  
  g44717/Y                          -      A->Y     F     NOR2_X0P7B_A9PP140ZTUL_C35        49  0.250   0.364    1.169  
  g44699/Y                          -      A->Y     R     INV_X0P7M_A9PP140ZTUL_C35         48  0.577   0.446    1.616  
  g41640/Y                          -      B0->Y    F     OAI22_X0P5M_A9PP140ZTUL_C35        1  0.544   0.044    1.659  
  cts_opt_inst_FE_PHC1832_n_2082/Y  -      A->Y     F     DLY2_X0P5M_A9PP140ZTUL_C35         1  0.174   0.094    1.753  
  ro_reg[1][2][3]/D                 -      D        F     DFFRPQNA_X1M_A9PP140ZTUL_C35       1  0.031   0.000    1.753  
#---------------------------------------------------------------------------------------------------------------------
Path 22: MET (0.065 ns) Setup Check with Pin ro_reg[3][2][4]/CK->D
               View: wc_analysis_view
              Group: in2reg
         Startpoint: (F) m_ready
              Clock: (R) CLK
           Endpoint: (F) ro_reg[3][2][4]/D
              Clock: (R) CLK

                       Capture       Launch
         Clock Edge:+    2.000        0.000
         Drv Adjust:+    0.000        0.082
        Src Latency:+   -0.154        0.000
        Net Latency:+    0.158 (P)    0.000 (I)
            Arrival:=    2.005        0.082

              Setup:-    0.055
        Uncertainty:-    0.125
      Required Time:=    1.824
       Launch Clock:=    0.082
        Input Delay:+    0.500
          Data Path:+    1.178
              Slack:=    0.065

#---------------------------------------------------------------------------------------------------------------------
# Timing Point                      Flags  Arc      Edge  Cell                          Fanout  Trans   Delay  Arrival  
#                                                                                                (ns)    (ns)     (ns)  
#---------------------------------------------------------------------------------------------------------------------
  m_ready                           -      m_ready  F     (arrival)                          2  0.166   0.004    0.585  
  g39627__3680/Y                    -      A->Y     R     NAND2_X4B_A9PP140ZTUL_C35         11  0.166   0.054    0.639  
  place_opt_inst_FE_OFC77_n_3027/Y  -      A->Y     F     INV_X1M_A9PP140ZTUL_C35           21  0.071   0.124    0.763  
  g44154/Y                          -      A->Y     F     OR2_X0P5M_A9PP140ZTUL_C35         65  0.188   0.300    1.063  
  g43621/Y                          -      A->Y     R     INV_X0P6M_A9PP140ZTUL_C35         64  0.489   0.544    1.607  
  g41140/Y                          -      A0->Y    F     OAI22_X0P5M_A9PP140ZTUL_C35        1  0.700   0.012    1.619  
  cts_opt_inst_FE_PHC1678_n_2319/Y  -      A->Y     F     DLY2_X0P5M_A9PP140ZTUL_C35         1  0.152   0.085    1.705  
  cts_opt_inst_FE_PHC2625_n_2319/Y  -      A->Y     F     BUF_X1B_A9PP140ZTUL_C35            1  0.026   0.031    1.735  
  cts_opt_inst_FE_PHC3059_n_2319/Y  -      A->Y     F     BUFH_X1M_A9PP140ZTUL_C35           1  0.024   0.024    1.759  
  ro_reg[3][2][4]/D                 -      D        F     DFFRPQNA_X1M_A9PP140ZTUL_C35       1  0.014   0.000    1.759  
#---------------------------------------------------------------------------------------------------------------------
Path 23: MET (0.066 ns) Setup Check with Pin ro_reg[2][5][1]/CK->D
               View: wc_analysis_view
              Group: in2reg
         Startpoint: (F) m_ready
              Clock: (R) CLK
           Endpoint: (F) ro_reg[2][5][1]/D
              Clock: (R) CLK

                       Capture       Launch
         Clock Edge:+    2.000        0.000
         Drv Adjust:+    0.000        0.082
        Src Latency:+   -0.154        0.000
        Net Latency:+    0.154 (P)    0.000 (I)
            Arrival:=    2.000        0.082

              Setup:-    0.061
        Uncertainty:-    0.125
      Required Time:=    1.815
       Launch Clock:=    0.082
        Input Delay:+    0.500
          Data Path:+    1.167
              Slack:=    0.066

#---------------------------------------------------------------------------------------------------------------------
# Timing Point                      Flags  Arc      Edge  Cell                          Fanout  Trans   Delay  Arrival  
#                                                                                                (ns)    (ns)     (ns)  
#---------------------------------------------------------------------------------------------------------------------
  m_ready                           -      m_ready  F     (arrival)                          2  0.166   0.004    0.585  
  g39627__3680/Y                    -      A->Y     R     NAND2_X4B_A9PP140ZTUL_C35         11  0.166   0.055    0.640  
  g44719/Y                          -      A->Y     F     NAND2_X0P5A_A9PP140ZTUL_C35       49  0.071   0.388    1.029  
  g44701/Y                          -      A->Y     R     INV_X1M_A9PP140ZTUL_C35           36  0.748   0.286    1.314  
  cts_opt_inst_FE_OFC304_n_258/Y    -      A->Y     R     BUF_X1M_A9PP140ZTUL_C35           45  0.352   0.168    1.483  
  g41559/Y                          -      A0->Y    F     OAI22_X0P5M_A9PP140ZTUL_C35        1  0.287   0.082    1.564  
  cts_opt_inst_FE_PHC1250_n_2163/Y  -      A->Y     F     DLY4_X4M_A9PP140ZTUL_C35           1  0.267   0.184    1.749  
  ro_reg[2][5][1]/D                 -      D        F     DFFRPQNA_X1M_A9PP140ZTUL_C35       1  0.025   0.000    1.749  
#---------------------------------------------------------------------------------------------------------------------
Path 24: MET (0.067 ns) Setup Check with Pin ro_reg[3][2][11]/CK->D
               View: wc_analysis_view
              Group: in2reg
         Startpoint: (F) m_ready
              Clock: (R) CLK
           Endpoint: (F) ro_reg[3][2][11]/D
              Clock: (R) CLK

                       Capture       Launch
         Clock Edge:+    2.000        0.000
         Drv Adjust:+    0.000        0.082
        Src Latency:+   -0.154        0.000
        Net Latency:+    0.151 (P)    0.000 (I)
            Arrival:=    1.998        0.082

              Setup:-    0.057
        Uncertainty:-    0.125
      Required Time:=    1.816
       Launch Clock:=    0.082
        Input Delay:+    0.500
          Data Path:+    1.168
              Slack:=    0.067

#---------------------------------------------------------------------------------------------------------------------
# Timing Point                      Flags  Arc      Edge  Cell                          Fanout  Trans   Delay  Arrival  
#                                                                                                (ns)    (ns)     (ns)  
#---------------------------------------------------------------------------------------------------------------------
  m_ready                           -      m_ready  F     (arrival)                          2  0.166   0.004    0.585  
  g39627__3680/Y                    -      A->Y     R     NAND2_X4B_A9PP140ZTUL_C35         11  0.166   0.054    0.639  
  place_opt_inst_FE_OFC77_n_3027/Y  -      A->Y     F     INV_X1M_A9PP140ZTUL_C35           21  0.071   0.124    0.763  
  g44154/Y                          -      A->Y     F     OR2_X0P5M_A9PP140ZTUL_C35         65  0.188   0.300    1.063  
  g43621/Y                          -      A->Y     R     INV_X0P6M_A9PP140ZTUL_C35         64  0.489   0.539    1.602  
  g41141/Y                          -      A0->Y    F     OAI22_X0P5M_A9PP140ZTUL_C35        1  0.700   0.015    1.617  
  cts_opt_inst_FE_PHC1721_n_2318/Y  -      A->Y     F     DLY2_X0P5M_A9PP140ZTUL_C35         1  0.155   0.087    1.704  
  cts_opt_inst_FE_PHC2410_n_2318/Y  -      A->Y     F     BUFH_X1M_A9PP140ZTUL_C35           1  0.028   0.026    1.730  
  cts_opt_inst_FE_PHC3134_n_2318/Y  -      A->Y     F     BUFH_X1M_A9PP140ZTUL_C35           1  0.015   0.020    1.749  
  ro_reg[3][2][11]/D                -      D        F     DFFRPQNA_X1M_A9PP140ZTUL_C35       1  0.011   0.000    1.749  
#---------------------------------------------------------------------------------------------------------------------
Path 25: MET (0.067 ns) Setup Check with Pin ro_reg[3][4][11]/CK->D
               View: wc_analysis_view
              Group: in2reg
         Startpoint: (F) m_ready
              Clock: (R) CLK
           Endpoint: (F) ro_reg[3][4][11]/D
              Clock: (R) CLK

                       Capture       Launch
         Clock Edge:+    2.000        0.000
         Drv Adjust:+    0.000        0.082
        Src Latency:+   -0.154        0.000
        Net Latency:+    0.155 (P)    0.000 (I)
            Arrival:=    2.001        0.082

              Setup:-    0.064
        Uncertainty:-    0.125
      Required Time:=    1.812
       Launch Clock:=    0.082
        Input Delay:+    0.500
          Data Path:+    1.164
              Slack:=    0.067

#---------------------------------------------------------------------------------------------------------------------
# Timing Point                      Flags  Arc      Edge  Cell                          Fanout  Trans   Delay  Arrival  
#                                                                                                (ns)    (ns)     (ns)  
#---------------------------------------------------------------------------------------------------------------------
  m_ready                           -      m_ready  F     (arrival)                          2  0.166   0.004    0.585  
  g39627__3680/Y                    -      A->Y     R     NAND2_X4B_A9PP140ZTUL_C35         11  0.166   0.055    0.640  
  g44719/Y                          -      A->Y     F     NAND2_X0P5A_A9PP140ZTUL_C35       49  0.071   0.388    1.029  
  g44701/Y                          -      A->Y     R     INV_X1M_A9PP140ZTUL_C35           36  0.748   0.286    1.314  
  cts_opt_inst_FE_OFC304_n_258/Y    -      A->Y     R     BUF_X1M_A9PP140ZTUL_C35           45  0.352   0.170    1.484  
  g41585/Y                          -      A0->Y    F     OAI22_X0P5M_A9PP140ZTUL_C35        1  0.287   0.076    1.560  
  cts_opt_inst_FE_PHC1422_n_2137/Y  -      A->Y     F     DLY4_X0P5M_A9PP140ZTUL_C35         1  0.257   0.185    1.745  
  ro_reg[3][4][11]/D                -      D        F     DFFRPQNA_X1M_A9PP140ZTUL_C35       1  0.039   0.000    1.745  
#---------------------------------------------------------------------------------------------------------------------
Path 26: MET (0.067 ns) Setup Check with Pin ro_reg[0][3][3]/CK->D
               View: wc_analysis_view
              Group: in2reg
         Startpoint: (R) m_ready
              Clock: (R) CLK
           Endpoint: (F) ro_reg[0][3][3]/D
              Clock: (R) CLK

                       Capture       Launch
         Clock Edge:+    2.000        0.000
         Drv Adjust:+    0.000        0.085
        Src Latency:+   -0.154        0.000
        Net Latency:+    0.155 (P)    0.000 (I)
            Arrival:=    2.002        0.085

              Setup:-    0.058
        Uncertainty:-    0.125
      Required Time:=    1.819
       Launch Clock:=    0.085
        Input Delay:+    0.500
          Data Path:+    1.167
              Slack:=    0.067

#---------------------------------------------------------------------------------------------------------------------
# Timing Point                      Flags  Arc      Edge  Cell                          Fanout  Trans   Delay  Arrival  
#                                                                                                (ns)    (ns)     (ns)  
#---------------------------------------------------------------------------------------------------------------------
  m_ready                           -      m_ready  R     (arrival)                          2  0.171   0.004    0.589  
  g39627__3680/Y                    -      A->Y     F     NAND2_X4B_A9PP140ZTUL_C35         11  0.171   0.049    0.638  
  place_opt_inst_FE_OFC77_n_3027/Y  -      A->Y     R     INV_X1M_A9PP140ZTUL_C35           21  0.083   0.168    0.806  
  g44717/Y                          -      A->Y     F     NOR2_X0P7B_A9PP140ZTUL_C35        49  0.250   0.364    1.169  
  g44699/Y                          -      A->Y     R     INV_X0P7M_A9PP140ZTUL_C35         48  0.577   0.447    1.617  
  g41652/Y                          -      B0->Y    F     OAI22_X0P5M_A9PP140ZTUL_C35        1  0.544   0.018    1.635  
  cts_opt_inst_FE_PHC1812_n_2070/Y  -      A->Y     F     BUF_X0P5M_A9PP140ZTUL_C35          1  0.150   0.061    1.695  
  cts_opt_inst_FE_PHC2268_n_2070/Y  -      A->Y     F     BUF_X1B_A9PP140ZTUL_C35            1  0.025   0.031    1.726  
  cts_opt_inst_FE_PHC3114_n_2070/Y  -      A->Y     F     BUFH_X1M_A9PP140ZTUL_C35           1  0.025   0.026    1.752  
  ro_reg[0][3][3]/D                 -      D        F     DFFRPQNA_X1M_A9PP140ZTUL_C35       1  0.016   0.000    1.752  
#---------------------------------------------------------------------------------------------------------------------
Path 27: MET (0.068 ns) Setup Check with Pin ro_reg[1][2][5]/CK->D
               View: wc_analysis_view
              Group: in2reg
         Startpoint: (R) m_ready
              Clock: (R) CLK
           Endpoint: (F) ro_reg[1][2][5]/D
              Clock: (R) CLK

                       Capture       Launch
         Clock Edge:+    2.000        0.000
         Drv Adjust:+    0.000        0.085
        Src Latency:+   -0.154        0.000
        Net Latency:+    0.159 (P)    0.000 (I)
            Arrival:=    2.005        0.085

              Setup:-    0.058
        Uncertainty:-    0.125
      Required Time:=    1.822
       Launch Clock:=    0.085
        Input Delay:+    0.500
          Data Path:+    1.169
              Slack:=    0.068

#---------------------------------------------------------------------------------------------------------------------
# Timing Point                      Flags  Arc      Edge  Cell                          Fanout  Trans   Delay  Arrival  
#                                                                                                (ns)    (ns)     (ns)  
#---------------------------------------------------------------------------------------------------------------------
  m_ready                           -      m_ready  R     (arrival)                          2  0.171   0.004    0.589  
  g39627__3680/Y                    -      A->Y     F     NAND2_X4B_A9PP140ZTUL_C35         11  0.171   0.049    0.638  
  place_opt_inst_FE_OFC77_n_3027/Y  -      A->Y     R     INV_X1M_A9PP140ZTUL_C35           21  0.083   0.168    0.806  
  g44717/Y                          -      A->Y     F     NOR2_X0P7B_A9PP140ZTUL_C35        49  0.250   0.364    1.169  
  g44699/Y                          -      A->Y     R     INV_X0P7M_A9PP140ZTUL_C35         48  0.577   0.447    1.616  
  g41523/Y                          -      B0->Y    F     OAI22_X0P5M_A9PP140ZTUL_C35        1  0.544   0.053    1.669  
  cts_opt_inst_FE_PHC2615_n_2199/Y  -      A->Y     F     BUFH_X1M_A9PP140ZTUL_C35           1  0.184   0.056    1.725  
  cts_opt_inst_FE_PHC1881_n_2199/Y  -      A->Y     F     BUF_X0P5M_A9PP140ZTUL_C35          1  0.026   0.029    1.754  
  ro_reg[1][2][5]/D                 -      D        F     DFFRPQNA_X1M_A9PP140ZTUL_C35       1  0.015   0.000    1.754  
#---------------------------------------------------------------------------------------------------------------------
Path 28: MET (0.068 ns) Setup Check with Pin ro_reg[1][2][6]/CK->D
               View: wc_analysis_view
              Group: in2reg
         Startpoint: (R) m_ready
              Clock: (R) CLK
           Endpoint: (F) ro_reg[1][2][6]/D
              Clock: (R) CLK

                       Capture       Launch
         Clock Edge:+    2.000        0.000
         Drv Adjust:+    0.000        0.085
        Src Latency:+   -0.154        0.000
        Net Latency:+    0.155 (P)    0.000 (I)
            Arrival:=    2.001        0.085

              Setup:-    0.062
        Uncertainty:-    0.125
      Required Time:=    1.814
       Launch Clock:=    0.085
        Input Delay:+    0.500
          Data Path:+    1.160
              Slack:=    0.068

#---------------------------------------------------------------------------------------------------------------------
# Timing Point                      Flags  Arc      Edge  Cell                          Fanout  Trans   Delay  Arrival  
#                                                                                                (ns)    (ns)     (ns)  
#---------------------------------------------------------------------------------------------------------------------
  m_ready                           -      m_ready  R     (arrival)                          2  0.171   0.004    0.589  
  g39627__3680/Y                    -      A->Y     F     NAND2_X4B_A9PP140ZTUL_C35         11  0.171   0.049    0.638  
  place_opt_inst_FE_OFC77_n_3027/Y  -      A->Y     R     INV_X1M_A9PP140ZTUL_C35           21  0.083   0.168    0.806  
  g44717/Y                          -      A->Y     F     NOR2_X0P7B_A9PP140ZTUL_C35        49  0.250   0.364    1.169  
  g44699/Y                          -      A->Y     R     INV_X0P7M_A9PP140ZTUL_C35         48  0.577   0.447    1.616  
  g41519/Y                          -      B0->Y    F     OAI22_X0P5M_A9PP140ZTUL_C35        1  0.544   0.039    1.655  
  cts_opt_inst_FE_PHC1819_n_2203/Y  -      A->Y     F     BUFH_X1M_A9PP140ZTUL_C35           1  0.169   0.055    1.710  
  cts_opt_inst_FE_PHC2639_n_2203/Y  -      A->Y     F     BUF_X1B_A9PP140ZTUL_C35            1  0.027   0.035    1.745  
  ro_reg[1][2][6]/D                 -      D        F     DFFRPQNA_X1M_A9PP140ZTUL_C35       1  0.031   0.000    1.745  
#---------------------------------------------------------------------------------------------------------------------
Path 29: MET (0.071 ns) Recovery Check with Pin ro_reg[2][6][11]/CK->R
               View: wc_analysis_view
              Group: in2reg
         Startpoint: (R) rstn
              Clock: (R) CLK
           Endpoint: (F) ro_reg[2][6][11]/R
              Clock: (R) CLK

                       Capture       Launch
         Clock Edge:+    2.000        0.000
         Drv Adjust:+    0.000        0.064
        Src Latency:+   -0.154        0.000
        Net Latency:+    0.155 (P)    0.000 (I)
            Arrival:=    2.002        0.064

           Recovery:-    0.176
        Uncertainty:-    0.125
      Required Time:=    1.701
       Launch Clock:=    0.064
        Input Delay:+    0.500
          Data Path:+    1.067
              Slack:=    0.071

#---------------------------------------------------------------------------------------------------------------------------------------------------------------
# Timing Point                                                                   Flags  Arc   Edge  Cell                          Fanout  Trans   Delay  Arrival  
#                                                                                                                                          (ns)    (ns)     (ns)  
#---------------------------------------------------------------------------------------------------------------------------------------------------------------
  rstn                                                                           -      rstn  R     (arrival)                          4  0.126   0.002    0.566  
  g44871/Y                                                                       -      A->Y  F     INV_X1M_A9PP140ZTUL_C35           42  0.127   0.194    0.760  
  place_opt_inst_FE_OFC221_MR_3__MC_6__MUL_mul_15_35_n_0/Y                       -      A->Y  R     INV_X1M_A9PP140ZTUL_C35           12  0.289   0.204    0.964  
  cts_opt_inst_FE_OFC272_place_opt_net_FE_OFN54_MR_3__MC_6__MUL_mul_15_35_n_0/Y  -      A->Y  F     INV_X1M_A9PP140ZTUL_C35           37  0.249   0.222    1.185  
  cts_opt_inst_FE_OFC274_place_opt_net_FE_OFN54_MR_3__MC_6__MUL_mul_15_35_n_0/Y  -      A->Y  R     INV_X1M_A9PP140ZTUL_C35            6  0.298   0.153    1.339  
  place_opt_inst_FE_OFC219_MR_3__MC_6__MUL_mul_15_35_n_0/Y                       -      A->Y  F     INV_X1M_A9PP140ZTUL_C35           65  0.183   0.292    1.630  
  ro_reg[2][6][11]/R                                                             -      R     F     DFFRPQNA_X1M_A9PP140ZTUL_C35      65  0.440   0.000    1.630  
#---------------------------------------------------------------------------------------------------------------------------------------------------------------
Path 30: MET (0.071 ns) Recovery Check with Pin ro_reg[2][6][12]/CK->R
               View: wc_analysis_view
              Group: in2reg
         Startpoint: (R) rstn
              Clock: (R) CLK
           Endpoint: (F) ro_reg[2][6][12]/R
              Clock: (R) CLK

                       Capture       Launch
         Clock Edge:+    2.000        0.000
         Drv Adjust:+    0.000        0.064
        Src Latency:+   -0.154        0.000
        Net Latency:+    0.155 (P)    0.000 (I)
            Arrival:=    2.002        0.064

           Recovery:-    0.175
        Uncertainty:-    0.125
      Required Time:=    1.701
       Launch Clock:=    0.064
        Input Delay:+    0.500
          Data Path:+    1.067
              Slack:=    0.071

#---------------------------------------------------------------------------------------------------------------------------------------------------------------
# Timing Point                                                                   Flags  Arc   Edge  Cell                          Fanout  Trans   Delay  Arrival  
#                                                                                                                                          (ns)    (ns)     (ns)  
#---------------------------------------------------------------------------------------------------------------------------------------------------------------
  rstn                                                                           -      rstn  R     (arrival)                          4  0.126   0.002    0.566  
  g44871/Y                                                                       -      A->Y  F     INV_X1M_A9PP140ZTUL_C35           42  0.127   0.194    0.760  
  place_opt_inst_FE_OFC221_MR_3__MC_6__MUL_mul_15_35_n_0/Y                       -      A->Y  R     INV_X1M_A9PP140ZTUL_C35           12  0.289   0.204    0.964  
  cts_opt_inst_FE_OFC272_place_opt_net_FE_OFN54_MR_3__MC_6__MUL_mul_15_35_n_0/Y  -      A->Y  F     INV_X1M_A9PP140ZTUL_C35           37  0.249   0.222    1.185  
  cts_opt_inst_FE_OFC274_place_opt_net_FE_OFN54_MR_3__MC_6__MUL_mul_15_35_n_0/Y  -      A->Y  R     INV_X1M_A9PP140ZTUL_C35            6  0.298   0.153    1.339  
  place_opt_inst_FE_OFC219_MR_3__MC_6__MUL_mul_15_35_n_0/Y                       -      A->Y  F     INV_X1M_A9PP140ZTUL_C35           65  0.183   0.291    1.630  
  ro_reg[2][6][12]/R                                                             -      R     F     DFFRPQNA_X1M_A9PP140ZTUL_C35      65  0.440   0.000    1.630  
#---------------------------------------------------------------------------------------------------------------------------------------------------------------
Path 31: MET (0.071 ns) Setup Check with Pin ro_reg[2][1][0]/CK->D
               View: wc_analysis_view
              Group: in2reg
         Startpoint: (R) m_ready
              Clock: (R) CLK
           Endpoint: (F) ro_reg[2][1][0]/D
              Clock: (R) CLK

                       Capture       Launch
         Clock Edge:+    2.000        0.000
         Drv Adjust:+    0.000        0.085
        Src Latency:+   -0.154        0.000
        Net Latency:+    0.154 (P)    0.000 (I)
            Arrival:=    2.000        0.085

              Setup:-    0.059
        Uncertainty:-    0.125
      Required Time:=    1.816
       Launch Clock:=    0.085
        Input Delay:+    0.500
          Data Path:+    1.160
              Slack:=    0.071

#---------------------------------------------------------------------------------------------------------------------
# Timing Point                      Flags  Arc      Edge  Cell                          Fanout  Trans   Delay  Arrival  
#                                                                                                (ns)    (ns)     (ns)  
#---------------------------------------------------------------------------------------------------------------------
  m_ready                           -      m_ready  R     (arrival)                          2  0.171   0.004    0.589  
  g39627__3680/Y                    -      A->Y     F     NAND2_X4B_A9PP140ZTUL_C35         11  0.171   0.049    0.638  
  place_opt_inst_FE_OFC77_n_3027/Y  -      A->Y     R     INV_X1M_A9PP140ZTUL_C35           21  0.083   0.168    0.806  
  g44717/Y                          -      A->Y     F     NOR2_X0P7B_A9PP140ZTUL_C35        49  0.250   0.364    1.169  
  g44699/Y                          -      A->Y     R     INV_X0P7M_A9PP140ZTUL_C35         48  0.577   0.444    1.614  
  g41643/Y                          -      B0->Y    F     OAI22_X0P5M_A9PP140ZTUL_C35        1  0.544   0.086    1.699  
  cts_opt_inst_FE_PHC1820_n_2079/Y  -      A->Y     F     BUFH_X3M_A9PP140ZTUL_C35           1  0.217   0.046    1.745  
  ro_reg[2][1][0]/D                 -      D        F     DFFRPQNA_X1M_A9PP140ZTUL_C35       1  0.020   0.000    1.745  
#---------------------------------------------------------------------------------------------------------------------
Path 32: MET (0.071 ns) Recovery Check with Pin ro_reg[2][6][13]/CK->R
               View: wc_analysis_view
              Group: in2reg
         Startpoint: (R) rstn
              Clock: (R) CLK
           Endpoint: (F) ro_reg[2][6][13]/R
              Clock: (R) CLK

                       Capture       Launch
         Clock Edge:+    2.000        0.000
         Drv Adjust:+    0.000        0.064
        Src Latency:+   -0.154        0.000
        Net Latency:+    0.155 (P)    0.000 (I)
            Arrival:=    2.001        0.064

           Recovery:-    0.175
        Uncertainty:-    0.125
      Required Time:=    1.701
       Launch Clock:=    0.064
        Input Delay:+    0.500
          Data Path:+    1.066
              Slack:=    0.071

#---------------------------------------------------------------------------------------------------------------------------------------------------------------
# Timing Point                                                                   Flags  Arc   Edge  Cell                          Fanout  Trans   Delay  Arrival  
#                                                                                                                                          (ns)    (ns)     (ns)  
#---------------------------------------------------------------------------------------------------------------------------------------------------------------
  rstn                                                                           -      rstn  R     (arrival)                          4  0.126   0.002    0.566  
  g44871/Y                                                                       -      A->Y  F     INV_X1M_A9PP140ZTUL_C35           42  0.127   0.194    0.760  
  place_opt_inst_FE_OFC221_MR_3__MC_6__MUL_mul_15_35_n_0/Y                       -      A->Y  R     INV_X1M_A9PP140ZTUL_C35           12  0.289   0.204    0.964  
  cts_opt_inst_FE_OFC272_place_opt_net_FE_OFN54_MR_3__MC_6__MUL_mul_15_35_n_0/Y  -      A->Y  F     INV_X1M_A9PP140ZTUL_C35           37  0.249   0.222    1.185  
  cts_opt_inst_FE_OFC274_place_opt_net_FE_OFN54_MR_3__MC_6__MUL_mul_15_35_n_0/Y  -      A->Y  R     INV_X1M_A9PP140ZTUL_C35            6  0.298   0.153    1.339  
  place_opt_inst_FE_OFC219_MR_3__MC_6__MUL_mul_15_35_n_0/Y                       -      A->Y  F     INV_X1M_A9PP140ZTUL_C35           65  0.183   0.291    1.630  
  ro_reg[2][6][13]/R                                                             -      R     F     DFFRPQNA_X1M_A9PP140ZTUL_C35      65  0.440   0.000    1.630  
#---------------------------------------------------------------------------------------------------------------------------------------------------------------
Path 33: MET (0.071 ns) Setup Check with Pin ro_reg[2][3][4]/CK->D
               View: wc_analysis_view
              Group: in2reg
         Startpoint: (R) m_ready
              Clock: (R) CLK
           Endpoint: (R) ro_reg[2][3][4]/D
              Clock: (R) CLK

                       Capture       Launch
         Clock Edge:+    2.000        0.000
         Drv Adjust:+    0.000        0.085
        Src Latency:+   -0.154        0.000
        Net Latency:+    0.158 (P)    0.000 (I)
            Arrival:=    2.004        0.085

              Setup:-    0.019
        Uncertainty:-    0.125
      Required Time:=    1.860
       Launch Clock:=    0.085
        Input Delay:+    0.500
          Data Path:+    1.203
              Slack:=    0.071

#---------------------------------------------------------------------------------------------------------------------
# Timing Point                      Flags  Arc      Edge  Cell                          Fanout  Trans   Delay  Arrival  
#                                                                                                (ns)    (ns)     (ns)  
#---------------------------------------------------------------------------------------------------------------------
  m_ready                           -      m_ready  R     (arrival)                          2  0.171   0.004    0.589  
  g39627__3680/Y                    -      A->Y     F     NAND2_X4B_A9PP140ZTUL_C35         11  0.171   0.049    0.638  
  place_opt_inst_FE_OFC77_n_3027/Y  -      A->Y     R     INV_X1M_A9PP140ZTUL_C35           21  0.083   0.166    0.804  
  g44154/Y                          -      A->Y     R     OR2_X0P5M_A9PP140ZTUL_C35         65  0.250   0.346    1.150  
  g43621/Y                          -      A->Y     F     INV_X0P6M_A9PP140ZTUL_C35         64  0.635   0.395    1.546  
  g41087/Y                          -      A0->Y    R     OAI22_X0P5M_A9PP140ZTUL_C35        1  0.545   0.143    1.688  
  cts_opt_inst_FE_PHC1724_n_2372/Y  -      A->Y     R     DLY2_X0P5M_A9PP140ZTUL_C35         1  0.167   0.053    1.742  
  cts_opt_inst_FE_PHC2317_n_2372/Y  -      A->Y     R     BUF_X1B_A9PP140ZTUL_C35            1  0.029   0.027    1.769  
  cts_opt_inst_FE_PHC3058_n_2372/Y  -      A->Y     R     BUFH_X1M_A9PP140ZTUL_C35           1  0.018   0.019    1.788  
  ro_reg[2][3][4]/D                 -      D        R     DFFRPQNA_X1M_A9PP140ZTUL_C35       1  0.014   0.000    1.788  
#---------------------------------------------------------------------------------------------------------------------
Path 34: MET (0.072 ns) Recovery Check with Pin ro_reg[2][6][15]/CK->R
               View: wc_analysis_view
              Group: in2reg
         Startpoint: (R) rstn
              Clock: (R) CLK
           Endpoint: (F) ro_reg[2][6][15]/R
              Clock: (R) CLK

                       Capture       Launch
         Clock Edge:+    2.000        0.000
         Drv Adjust:+    0.000        0.064
        Src Latency:+   -0.154        0.000
        Net Latency:+    0.155 (P)    0.000 (I)
            Arrival:=    2.001        0.064

           Recovery:-    0.175
        Uncertainty:-    0.125
      Required Time:=    1.701
       Launch Clock:=    0.064
        Input Delay:+    0.500
          Data Path:+    1.066
              Slack:=    0.072

#---------------------------------------------------------------------------------------------------------------------------------------------------------------
# Timing Point                                                                   Flags  Arc   Edge  Cell                          Fanout  Trans   Delay  Arrival  
#                                                                                                                                          (ns)    (ns)     (ns)  
#---------------------------------------------------------------------------------------------------------------------------------------------------------------
  rstn                                                                           -      rstn  R     (arrival)                          4  0.126   0.002    0.566  
  g44871/Y                                                                       -      A->Y  F     INV_X1M_A9PP140ZTUL_C35           42  0.127   0.194    0.760  
  place_opt_inst_FE_OFC221_MR_3__MC_6__MUL_mul_15_35_n_0/Y                       -      A->Y  R     INV_X1M_A9PP140ZTUL_C35           12  0.289   0.204    0.964  
  cts_opt_inst_FE_OFC272_place_opt_net_FE_OFN54_MR_3__MC_6__MUL_mul_15_35_n_0/Y  -      A->Y  F     INV_X1M_A9PP140ZTUL_C35           37  0.249   0.222    1.185  
  cts_opt_inst_FE_OFC274_place_opt_net_FE_OFN54_MR_3__MC_6__MUL_mul_15_35_n_0/Y  -      A->Y  R     INV_X1M_A9PP140ZTUL_C35            6  0.298   0.153    1.339  
  place_opt_inst_FE_OFC219_MR_3__MC_6__MUL_mul_15_35_n_0/Y                       -      A->Y  F     INV_X1M_A9PP140ZTUL_C35           65  0.183   0.291    1.629  
  ro_reg[2][6][15]/R                                                             -      R     F     DFFRPQNA_X1M_A9PP140ZTUL_C35      65  0.440   0.000    1.629  
#---------------------------------------------------------------------------------------------------------------------------------------------------------------
Path 35: MET (0.072 ns) Setup Check with Pin ro_reg[3][4][4]/CK->D
               View: wc_analysis_view
              Group: in2reg
         Startpoint: (F) m_ready
              Clock: (R) CLK
           Endpoint: (F) ro_reg[3][4][4]/D
              Clock: (R) CLK

                       Capture       Launch
         Clock Edge:+    2.000        0.000
         Drv Adjust:+    0.000        0.082
        Src Latency:+   -0.154        0.000
        Net Latency:+    0.155 (P)    0.000 (I)
            Arrival:=    2.001        0.082

              Setup:-    0.060
        Uncertainty:-    0.125
      Required Time:=    1.816
       Launch Clock:=    0.082
        Input Delay:+    0.500
          Data Path:+    1.163
              Slack:=    0.072

#---------------------------------------------------------------------------------------------------------------------
# Timing Point                      Flags  Arc      Edge  Cell                          Fanout  Trans   Delay  Arrival  
#                                                                                                (ns)    (ns)     (ns)  
#---------------------------------------------------------------------------------------------------------------------
  m_ready                           -      m_ready  F     (arrival)                          2  0.166   0.004    0.585  
  g39627__3680/Y                    -      A->Y     R     NAND2_X4B_A9PP140ZTUL_C35         11  0.166   0.055    0.640  
  g44719/Y                          -      A->Y     F     NAND2_X0P5A_A9PP140ZTUL_C35       49  0.071   0.388    1.029  
  g44701/Y                          -      A->Y     R     INV_X1M_A9PP140ZTUL_C35           36  0.748   0.286    1.314  
  cts_opt_inst_FE_OFC304_n_258/Y    -      A->Y     R     BUF_X1M_A9PP140ZTUL_C35           45  0.352   0.171    1.485  
  g41578/Y                          -      A0->Y    F     OAI22_X0P5M_A9PP140ZTUL_C35        1  0.287   0.078    1.563  
  cts_opt_inst_FE_PHC1622_n_2144/Y  -      A->Y     F     DLY4_X4M_A9PP140ZTUL_C35           1  0.261   0.181    1.744  
  ro_reg[3][4][4]/D                 -      D        F     DFFRPQNA_X1M_A9PP140ZTUL_C35       1  0.024   0.000    1.744  
#---------------------------------------------------------------------------------------------------------------------
Path 36: MET (0.072 ns) Recovery Check with Pin ro_reg[2][6][14]/CK->R
               View: wc_analysis_view
              Group: in2reg
         Startpoint: (R) rstn
              Clock: (R) CLK
           Endpoint: (F) ro_reg[2][6][14]/R
              Clock: (R) CLK

                       Capture       Launch
         Clock Edge:+    2.000        0.000
         Drv Adjust:+    0.000        0.064
        Src Latency:+   -0.154        0.000
        Net Latency:+    0.155 (P)    0.000 (I)
            Arrival:=    2.001        0.064

           Recovery:-    0.175
        Uncertainty:-    0.125
      Required Time:=    1.701
       Launch Clock:=    0.064
        Input Delay:+    0.500
          Data Path:+    1.065
              Slack:=    0.072

#---------------------------------------------------------------------------------------------------------------------------------------------------------------
# Timing Point                                                                   Flags  Arc   Edge  Cell                          Fanout  Trans   Delay  Arrival  
#                                                                                                                                          (ns)    (ns)     (ns)  
#---------------------------------------------------------------------------------------------------------------------------------------------------------------
  rstn                                                                           -      rstn  R     (arrival)                          4  0.126   0.002    0.566  
  g44871/Y                                                                       -      A->Y  F     INV_X1M_A9PP140ZTUL_C35           42  0.127   0.194    0.760  
  place_opt_inst_FE_OFC221_MR_3__MC_6__MUL_mul_15_35_n_0/Y                       -      A->Y  R     INV_X1M_A9PP140ZTUL_C35           12  0.289   0.204    0.964  
  cts_opt_inst_FE_OFC272_place_opt_net_FE_OFN54_MR_3__MC_6__MUL_mul_15_35_n_0/Y  -      A->Y  F     INV_X1M_A9PP140ZTUL_C35           37  0.249   0.222    1.185  
  cts_opt_inst_FE_OFC274_place_opt_net_FE_OFN54_MR_3__MC_6__MUL_mul_15_35_n_0/Y  -      A->Y  R     INV_X1M_A9PP140ZTUL_C35            6  0.298   0.153    1.339  
  place_opt_inst_FE_OFC219_MR_3__MC_6__MUL_mul_15_35_n_0/Y                       -      A->Y  F     INV_X1M_A9PP140ZTUL_C35           65  0.183   0.290    1.629  
  ro_reg[2][6][14]/R                                                             -      R     F     DFFRPQNA_X1M_A9PP140ZTUL_C35      65  0.440   0.000    1.629  
#---------------------------------------------------------------------------------------------------------------------------------------------------------------
Path 37: MET (0.072 ns) Setup Check with Pin ro_reg[3][4][5]/CK->D
               View: wc_analysis_view
              Group: in2reg
         Startpoint: (F) m_ready
              Clock: (R) CLK
           Endpoint: (F) ro_reg[3][4][5]/D
              Clock: (R) CLK

                       Capture       Launch
         Clock Edge:+    2.000        0.000
         Drv Adjust:+    0.000        0.082
        Src Latency:+   -0.154        0.000
        Net Latency:+    0.155 (P)    0.000 (I)
            Arrival:=    2.001        0.082

              Setup:-    0.064
        Uncertainty:-    0.125
      Required Time:=    1.813
       Launch Clock:=    0.082
        Input Delay:+    0.500
          Data Path:+    1.159
              Slack:=    0.072

#---------------------------------------------------------------------------------------------------------------------
# Timing Point                      Flags  Arc      Edge  Cell                          Fanout  Trans   Delay  Arrival  
#                                                                                                (ns)    (ns)     (ns)  
#---------------------------------------------------------------------------------------------------------------------
  m_ready                           -      m_ready  F     (arrival)                          2  0.166   0.004    0.585  
  g39627__3680/Y                    -      A->Y     R     NAND2_X4B_A9PP140ZTUL_C35         11  0.166   0.055    0.640  
  g44719/Y                          -      A->Y     F     NAND2_X0P5A_A9PP140ZTUL_C35       49  0.071   0.388    1.029  
  g44701/Y                          -      A->Y     R     INV_X1M_A9PP140ZTUL_C35           36  0.748   0.286    1.314  
  cts_opt_inst_FE_OFC304_n_258/Y    -      A->Y     R     BUF_X1M_A9PP140ZTUL_C35           45  0.352   0.171    1.485  
  g41580/Y                          -      A0->Y    F     OAI22_X0P5M_A9PP140ZTUL_C35        1  0.287   0.072    1.557  
  cts_opt_inst_FE_PHC1505_n_2142/Y  -      A->Y     F     DLY4_X0P5M_A9PP140ZTUL_C35         1  0.250   0.183    1.740  
  ro_reg[3][4][5]/D                 -      D        F     DFFRPQNA_X1M_A9PP140ZTUL_C35       1  0.038   0.000    1.740  
#---------------------------------------------------------------------------------------------------------------------
Path 38: MET (0.073 ns) Setup Check with Pin ro_reg[1][2][1]/CK->D
               View: wc_analysis_view
              Group: in2reg
         Startpoint: (R) m_ready
              Clock: (R) CLK
           Endpoint: (F) ro_reg[1][2][1]/D
              Clock: (R) CLK

                       Capture       Launch
         Clock Edge:+    2.000        0.000
         Drv Adjust:+    0.000        0.085
        Src Latency:+   -0.154        0.000
        Net Latency:+    0.159 (P)    0.000 (I)
            Arrival:=    2.005        0.085

              Setup:-    0.059
        Uncertainty:-    0.125
      Required Time:=    1.821
       Launch Clock:=    0.085
        Input Delay:+    0.500
          Data Path:+    1.163
              Slack:=    0.073

#---------------------------------------------------------------------------------------------------------------------
# Timing Point                      Flags  Arc      Edge  Cell                          Fanout  Trans   Delay  Arrival  
#                                                                                                (ns)    (ns)     (ns)  
#---------------------------------------------------------------------------------------------------------------------
  m_ready                           -      m_ready  R     (arrival)                          2  0.171   0.004    0.589  
  g39627__3680/Y                    -      A->Y     F     NAND2_X4B_A9PP140ZTUL_C35         11  0.171   0.049    0.638  
  place_opt_inst_FE_OFC77_n_3027/Y  -      A->Y     R     INV_X1M_A9PP140ZTUL_C35           21  0.083   0.168    0.806  
  g44717/Y                          -      A->Y     F     NOR2_X0P7B_A9PP140ZTUL_C35        49  0.250   0.364    1.169  
  g44699/Y                          -      A->Y     R     INV_X0P7M_A9PP140ZTUL_C35         48  0.577   0.446    1.616  
  g41639/Y                          -      B0->Y    F     OAI22_X0P5M_A9PP140ZTUL_C35        1  0.544   0.036    1.651  
  cts_opt_inst_FE_PHC1827_n_2083/Y  -      A->Y     F     BUF_X1P2M_A9PP140ZTUL_C35          1  0.166   0.068    1.719  
  cts_opt_inst_FE_PHC2666_n_2083/Y  -      A->Y     F     BUFH_X1M_A9PP140ZTUL_C35           1  0.030   0.029    1.748  
  ro_reg[1][2][1]/D                 -      D        F     DFFRPQNA_X1M_A9PP140ZTUL_C35       1  0.019   0.000    1.748  
#---------------------------------------------------------------------------------------------------------------------
Path 39: MET (0.073 ns) Setup Check with Pin ro_reg[3][2][15]/CK->D
               View: wc_analysis_view
              Group: in2reg
         Startpoint: (F) m_ready
              Clock: (R) CLK
           Endpoint: (F) ro_reg[3][2][15]/D
              Clock: (R) CLK

                       Capture       Launch
         Clock Edge:+    2.000        0.000
         Drv Adjust:+    0.000        0.082
        Src Latency:+   -0.154        0.000
        Net Latency:+    0.152 (P)    0.000 (I)
            Arrival:=    1.998        0.082

              Setup:-    0.057
        Uncertainty:-    0.125
      Required Time:=    1.815
       Launch Clock:=    0.082
        Input Delay:+    0.500
          Data Path:+    1.161
              Slack:=    0.073

#---------------------------------------------------------------------------------------------------------------------
# Timing Point                      Flags  Arc      Edge  Cell                          Fanout  Trans   Delay  Arrival  
#                                                                                                (ns)    (ns)     (ns)  
#---------------------------------------------------------------------------------------------------------------------
  m_ready                           -      m_ready  F     (arrival)                          2  0.166   0.004    0.585  
  g39627__3680/Y                    -      A->Y     R     NAND2_X4B_A9PP140ZTUL_C35         11  0.166   0.054    0.639  
  place_opt_inst_FE_OFC77_n_3027/Y  -      A->Y     F     INV_X1M_A9PP140ZTUL_C35           21  0.071   0.124    0.763  
  g44154/Y                          -      A->Y     F     OR2_X0P5M_A9PP140ZTUL_C35         65  0.188   0.300    1.063  
  g43621/Y                          -      A->Y     R     INV_X0P6M_A9PP140ZTUL_C35         64  0.489   0.538    1.602  
  g41145/Y                          -      A0->Y    F     OAI22_X0P5M_A9PP140ZTUL_C35        1  0.700   0.019    1.621  
  cts_opt_inst_FE_PHC1733_n_2314/Y  -      A->Y     F     DLY2_X0P5M_A9PP140ZTUL_C35         1  0.159   0.096    1.716  
  cts_opt_inst_FE_PHC2667_n_2314/Y  -      A->Y     F     BUFH_X1M_A9PP140ZTUL_C35           1  0.036   0.026    1.742  
  ro_reg[3][2][15]/D                -      D        F     DFFRPQNA_X1M_A9PP140ZTUL_C35       1  0.013   0.000    1.742  
#---------------------------------------------------------------------------------------------------------------------
Path 40: MET (0.073 ns) Setup Check with Pin ro_reg[1][2][9]/CK->D
               View: wc_analysis_view
              Group: in2reg
         Startpoint: (R) m_ready
              Clock: (R) CLK
           Endpoint: (F) ro_reg[1][2][9]/D
              Clock: (R) CLK

                       Capture       Launch
         Clock Edge:+    2.000        0.000
         Drv Adjust:+    0.000        0.085
        Src Latency:+   -0.154        0.000
        Net Latency:+    0.159 (P)    0.000 (I)
            Arrival:=    2.005        0.085

              Setup:-    0.061
        Uncertainty:-    0.125
      Required Time:=    1.819
       Launch Clock:=    0.085
        Input Delay:+    0.500
          Data Path:+    1.160
              Slack:=    0.073

#---------------------------------------------------------------------------------------------------------------------
# Timing Point                      Flags  Arc      Edge  Cell                          Fanout  Trans   Delay  Arrival  
#                                                                                                (ns)    (ns)     (ns)  
#---------------------------------------------------------------------------------------------------------------------
  m_ready                           -      m_ready  R     (arrival)                          2  0.171   0.004    0.589  
  g39627__3680/Y                    -      A->Y     F     NAND2_X4B_A9PP140ZTUL_C35         11  0.171   0.049    0.638  
  place_opt_inst_FE_OFC77_n_3027/Y  -      A->Y     R     INV_X1M_A9PP140ZTUL_C35           21  0.083   0.168    0.806  
  g44717/Y                          -      A->Y     F     NOR2_X0P7B_A9PP140ZTUL_C35        49  0.250   0.364    1.169  
  g44699/Y                          -      A->Y     R     INV_X0P7M_A9PP140ZTUL_C35         48  0.577   0.446    1.616  
  g41504/Y                          -      B0->Y    F     OAI22_X0P5M_A9PP140ZTUL_C35        1  0.544   0.071    1.687  
  cts_opt_inst_FE_PHC2640_n_2218/Y  -      A->Y     F     BUFH_X1M_A9PP140ZTUL_C35           1  0.203   0.059    1.745  
  ro_reg[1][2][9]/D                 -      D        F     DFFRPQNA_X1M_A9PP140ZTUL_C35       1  0.027   0.000    1.745  
#---------------------------------------------------------------------------------------------------------------------
Path 41: MET (0.074 ns) Setup Check with Pin ro_reg[2][1][9]/CK->D
               View: wc_analysis_view
              Group: in2reg
         Startpoint: (R) m_ready
              Clock: (R) CLK
           Endpoint: (F) ro_reg[2][1][9]/D
              Clock: (R) CLK

                       Capture       Launch
         Clock Edge:+    2.000        0.000
         Drv Adjust:+    0.000        0.085
        Src Latency:+   -0.154        0.000
        Net Latency:+    0.155 (P)    0.000 (I)
            Arrival:=    2.001        0.085

              Setup:-    0.062
        Uncertainty:-    0.125
      Required Time:=    1.815
       Launch Clock:=    0.085
        Input Delay:+    0.500
          Data Path:+    1.155
              Slack:=    0.074

#---------------------------------------------------------------------------------------------------------------------
# Timing Point                      Flags  Arc      Edge  Cell                          Fanout  Trans   Delay  Arrival  
#                                                                                                (ns)    (ns)     (ns)  
#---------------------------------------------------------------------------------------------------------------------
  m_ready                           -      m_ready  R     (arrival)                          2  0.171   0.004    0.589  
  g39627__3680/Y                    -      A->Y     F     NAND2_X4B_A9PP140ZTUL_C35         11  0.171   0.049    0.638  
  place_opt_inst_FE_OFC77_n_3027/Y  -      A->Y     R     INV_X1M_A9PP140ZTUL_C35           21  0.083   0.168    0.806  
  g44717/Y                          -      A->Y     F     NOR2_X0P7B_A9PP140ZTUL_C35        49  0.250   0.364    1.169  
  g44699/Y                          -      A->Y     R     INV_X0P7M_A9PP140ZTUL_C35         48  0.577   0.445    1.615  
  g41506/Y                          -      B0->Y    F     OAI22_X0P5M_A9PP140ZTUL_C35        1  0.544   0.066    1.681  
  cts_opt_inst_FE_PHC2662_n_2216/Y  -      A->Y     F     BUFH_X1M_A9PP140ZTUL_C35           1  0.197   0.060    1.740  
  ro_reg[2][1][9]/D                 -      D        F     DFFRPQNA_X1M_A9PP140ZTUL_C35       1  0.029   0.000    1.740  
#---------------------------------------------------------------------------------------------------------------------
Path 42: MET (0.075 ns) Setup Check with Pin ro_reg[3][2][13]/CK->D
               View: wc_analysis_view
              Group: in2reg
         Startpoint: (F) m_ready
              Clock: (R) CLK
           Endpoint: (F) ro_reg[3][2][13]/D
              Clock: (R) CLK

                       Capture       Launch
         Clock Edge:+    2.000        0.000
         Drv Adjust:+    0.000        0.082
        Src Latency:+   -0.154        0.000
        Net Latency:+    0.151 (P)    0.000 (I)
            Arrival:=    1.998        0.082

              Setup:-    0.058
        Uncertainty:-    0.125
      Required Time:=    1.815
       Launch Clock:=    0.082
        Input Delay:+    0.500
          Data Path:+    1.158
              Slack:=    0.075

#---------------------------------------------------------------------------------------------------------------------
# Timing Point                      Flags  Arc      Edge  Cell                          Fanout  Trans   Delay  Arrival  
#                                                                                                (ns)    (ns)     (ns)  
#---------------------------------------------------------------------------------------------------------------------
  m_ready                           -      m_ready  F     (arrival)                          2  0.166   0.004    0.585  
  g39627__3680/Y                    -      A->Y     R     NAND2_X4B_A9PP140ZTUL_C35         11  0.166   0.054    0.639  
  place_opt_inst_FE_OFC77_n_3027/Y  -      A->Y     F     INV_X1M_A9PP140ZTUL_C35           21  0.071   0.124    0.763  
  g44154/Y                          -      A->Y     F     OR2_X0P5M_A9PP140ZTUL_C35         65  0.188   0.300    1.063  
  g43621/Y                          -      A->Y     R     INV_X0P6M_A9PP140ZTUL_C35         64  0.489   0.538    1.602  
  g41143/Y                          -      A0->Y    F     OAI22_X0P5M_A9PP140ZTUL_C35        1  0.700   0.018    1.619  
  cts_opt_inst_FE_PHC1693_n_2316/Y  -      A->Y     F     DLY2_X0P5M_A9PP140ZTUL_C35         1  0.158   0.093    1.713  
  cts_opt_inst_FE_PHC2409_n_2316/Y  -      A->Y     F     BUF_X1B_A9PP140ZTUL_C35            1  0.033   0.027    1.740  
  ro_reg[3][2][13]/D                -      D        F     DFFRPQNA_X1M_A9PP140ZTUL_C35       1  0.016   0.000    1.740  
#---------------------------------------------------------------------------------------------------------------------
Path 43: MET (0.076 ns) Setup Check with Pin ro_reg[0][4][6]/CK->D
               View: wc_analysis_view
              Group: in2reg
         Startpoint: (F) m_ready
              Clock: (R) CLK
           Endpoint: (F) ro_reg[0][4][6]/D
              Clock: (R) CLK

                       Capture       Launch
         Clock Edge:+    2.000        0.000
         Drv Adjust:+    0.000        0.082
        Src Latency:+   -0.154        0.000
        Net Latency:+    0.154 (P)    0.000 (I)
            Arrival:=    2.000        0.082

              Setup:-    0.081
        Uncertainty:-    0.125
      Required Time:=    1.794
       Launch Clock:=    0.082
        Input Delay:+    0.500
          Data Path:+    1.137
              Slack:=    0.076

#---------------------------------------------------------------------------------------------------------------------
# Timing Point                      Flags  Arc      Edge  Cell                          Fanout  Trans   Delay  Arrival  
#                                                                                                (ns)    (ns)     (ns)  
#---------------------------------------------------------------------------------------------------------------------
  m_ready                           -      m_ready  F     (arrival)                          2  0.166   0.004    0.585  
  g39627__3680/Y                    -      A->Y     R     NAND2_X4B_A9PP140ZTUL_C35         11  0.166   0.054    0.639  
  place_opt_inst_FE_OFC77_n_3027/Y  -      A->Y     F     INV_X1M_A9PP140ZTUL_C35           21  0.071   0.125    0.765  
  g44155/Y                          -      A->Y     F     OR2_X1M_A9PP140ZTUL_C35           65  0.188   0.230    0.994  
  cts_opt_inst_FE_OFC245_n_1332/Y   -      A->Y     R     INV_X1M_A9PP140ZTUL_C35           64  0.336   0.353    1.347  
  g41168/Y                          -      A0->Y    F     OAI22_X0P5M_A9PP140ZTUL_C35        1  0.465   0.152    1.499  
  cts_opt_inst_FE_PHC1084_n_2291/Y  -      A->Y     F     DLY4_X0P5M_A9PP140ZTUL_C35         2  0.265   0.220    1.719  
  ro_reg[0][4][6]/D                 -      D        F     DFFRPQNA_X1M_A9PP140ZTUL_C35       2  0.097   0.000    1.719  
#---------------------------------------------------------------------------------------------------------------------
Path 44: MET (0.076 ns) Recovery Check with Pin ro_reg[1][6][6]/CK->R
               View: wc_analysis_view
              Group: in2reg
         Startpoint: (R) rstn
              Clock: (R) CLK
           Endpoint: (F) ro_reg[1][6][6]/R
              Clock: (R) CLK

                       Capture       Launch
         Clock Edge:+    2.000        0.000
         Drv Adjust:+    0.000        0.064
        Src Latency:+   -0.154        0.000
        Net Latency:+    0.155 (P)    0.000 (I)
            Arrival:=    2.002        0.064

           Recovery:-    0.176
        Uncertainty:-    0.125
      Required Time:=    1.701
       Launch Clock:=    0.064
        Input Delay:+    0.500
          Data Path:+    1.061
              Slack:=    0.076

#---------------------------------------------------------------------------------------------------------------------------------------------------------------
# Timing Point                                                                   Flags  Arc   Edge  Cell                          Fanout  Trans   Delay  Arrival  
#                                                                                                                                          (ns)    (ns)     (ns)  
#---------------------------------------------------------------------------------------------------------------------------------------------------------------
  rstn                                                                           -      rstn  R     (arrival)                          4  0.126   0.002    0.566  
  g44871/Y                                                                       -      A->Y  F     INV_X1M_A9PP140ZTUL_C35           42  0.127   0.194    0.760  
  place_opt_inst_FE_OFC221_MR_3__MC_6__MUL_mul_15_35_n_0/Y                       -      A->Y  R     INV_X1M_A9PP140ZTUL_C35           12  0.289   0.204    0.964  
  cts_opt_inst_FE_OFC272_place_opt_net_FE_OFN54_MR_3__MC_6__MUL_mul_15_35_n_0/Y  -      A->Y  F     INV_X1M_A9PP140ZTUL_C35           37  0.249   0.222    1.185  
  cts_opt_inst_FE_OFC274_place_opt_net_FE_OFN54_MR_3__MC_6__MUL_mul_15_35_n_0/Y  -      A->Y  R     INV_X1M_A9PP140ZTUL_C35            6  0.298   0.153    1.339  
  place_opt_inst_FE_OFC219_MR_3__MC_6__MUL_mul_15_35_n_0/Y                       -      A->Y  F     INV_X1M_A9PP140ZTUL_C35           65  0.183   0.286    1.625  
  ro_reg[1][6][6]/R                                                              -      R     F     DFFRPQNA_X1M_A9PP140ZTUL_C35      65  0.440   0.000    1.625  
#---------------------------------------------------------------------------------------------------------------------------------------------------------------
Path 45: MET (0.076 ns) Recovery Check with Pin ro_reg[1][6][5]/CK->R
               View: wc_analysis_view
              Group: in2reg
         Startpoint: (R) rstn
              Clock: (R) CLK
           Endpoint: (F) ro_reg[1][6][5]/R
              Clock: (R) CLK

                       Capture       Launch
         Clock Edge:+    2.000        0.000
         Drv Adjust:+    0.000        0.064
        Src Latency:+   -0.154        0.000
        Net Latency:+    0.156 (P)    0.000 (I)
            Arrival:=    2.002        0.064

           Recovery:-    0.176
        Uncertainty:-    0.125
      Required Time:=    1.701
       Launch Clock:=    0.064
        Input Delay:+    0.500
          Data Path:+    1.061
              Slack:=    0.076

#---------------------------------------------------------------------------------------------------------------------------------------------------------------
# Timing Point                                                                   Flags  Arc   Edge  Cell                          Fanout  Trans   Delay  Arrival  
#                                                                                                                                          (ns)    (ns)     (ns)  
#---------------------------------------------------------------------------------------------------------------------------------------------------------------
  rstn                                                                           -      rstn  R     (arrival)                          4  0.126   0.002    0.566  
  g44871/Y                                                                       -      A->Y  F     INV_X1M_A9PP140ZTUL_C35           42  0.127   0.194    0.760  
  place_opt_inst_FE_OFC221_MR_3__MC_6__MUL_mul_15_35_n_0/Y                       -      A->Y  R     INV_X1M_A9PP140ZTUL_C35           12  0.289   0.204    0.964  
  cts_opt_inst_FE_OFC272_place_opt_net_FE_OFN54_MR_3__MC_6__MUL_mul_15_35_n_0/Y  -      A->Y  F     INV_X1M_A9PP140ZTUL_C35           37  0.249   0.222    1.185  
  cts_opt_inst_FE_OFC274_place_opt_net_FE_OFN54_MR_3__MC_6__MUL_mul_15_35_n_0/Y  -      A->Y  R     INV_X1M_A9PP140ZTUL_C35            6  0.298   0.153    1.339  
  place_opt_inst_FE_OFC219_MR_3__MC_6__MUL_mul_15_35_n_0/Y                       -      A->Y  F     INV_X1M_A9PP140ZTUL_C35           65  0.183   0.286    1.625  
  ro_reg[1][6][5]/R                                                              -      R     F     DFFRPQNA_X1M_A9PP140ZTUL_C35      65  0.440   0.000    1.625  
#---------------------------------------------------------------------------------------------------------------------------------------------------------------
Path 46: MET (0.076 ns) Setup Check with Pin ro_reg[1][2][0]/CK->D
               View: wc_analysis_view
              Group: in2reg
         Startpoint: (R) m_ready
              Clock: (R) CLK
           Endpoint: (F) ro_reg[1][2][0]/D
              Clock: (R) CLK

                       Capture       Launch
         Clock Edge:+    2.000        0.000
         Drv Adjust:+    0.000        0.085
        Src Latency:+   -0.154        0.000
        Net Latency:+    0.159 (P)    0.000 (I)
            Arrival:=    2.005        0.085

              Setup:-    0.058
        Uncertainty:-    0.125
      Required Time:=    1.822
       Launch Clock:=    0.085
        Input Delay:+    0.500
          Data Path:+    1.161
              Slack:=    0.076

#---------------------------------------------------------------------------------------------------------------------
# Timing Point                      Flags  Arc      Edge  Cell                          Fanout  Trans   Delay  Arrival  
#                                                                                                (ns)    (ns)     (ns)  
#---------------------------------------------------------------------------------------------------------------------
  m_ready                           -      m_ready  R     (arrival)                          2  0.171   0.004    0.589  
  g39627__3680/Y                    -      A->Y     F     NAND2_X4B_A9PP140ZTUL_C35         11  0.171   0.049    0.638  
  place_opt_inst_FE_OFC77_n_3027/Y  -      A->Y     R     INV_X1M_A9PP140ZTUL_C35           21  0.083   0.168    0.806  
  g44717/Y                          -      A->Y     F     NOR2_X0P7B_A9PP140ZTUL_C35        49  0.250   0.364    1.169  
  g44699/Y                          -      A->Y     R     INV_X0P7M_A9PP140ZTUL_C35         48  0.577   0.446    1.616  
  g41638/Y                          -      B0->Y    F     OAI22_X0P5M_A9PP140ZTUL_C35        1  0.544   0.032    1.648  
  cts_opt_inst_FE_PHC1854_n_2084/Y  -      A->Y     F     BUF_X0P5M_A9PP140ZTUL_C35          1  0.163   0.070    1.718  
  cts_opt_inst_FE_PHC2657_n_2084/Y  -      A->Y     F     BUFH_X1M_A9PP140ZTUL_C35           1  0.032   0.028    1.746  
  ro_reg[1][2][0]/D                 -      D        F     DFFRPQNA_X1M_A9PP140ZTUL_C35       1  0.017   0.000    1.746  
#---------------------------------------------------------------------------------------------------------------------
Path 47: MET (0.076 ns) Setup Check with Pin ro_reg[2][3][7]/CK->D
               View: wc_analysis_view
              Group: in2reg
         Startpoint: (F) m_ready
              Clock: (R) CLK
           Endpoint: (F) ro_reg[2][3][7]/D
              Clock: (R) CLK

                       Capture       Launch
         Clock Edge:+    2.000        0.000
         Drv Adjust:+    0.000        0.082
        Src Latency:+   -0.154        0.000
        Net Latency:+    0.148 (P)    0.000 (I)
            Arrival:=    1.994        0.082

              Setup:-    0.062
        Uncertainty:-    0.125
      Required Time:=    1.807
       Launch Clock:=    0.082
        Input Delay:+    0.500
          Data Path:+    1.149
              Slack:=    0.076

#---------------------------------------------------------------------------------------------------------------------
# Timing Point                      Flags  Arc      Edge  Cell                          Fanout  Trans   Delay  Arrival  
#                                                                                                (ns)    (ns)     (ns)  
#---------------------------------------------------------------------------------------------------------------------
  m_ready                           -      m_ready  F     (arrival)                          2  0.166   0.004    0.585  
  g39627__3680/Y                    -      A->Y     R     NAND2_X4B_A9PP140ZTUL_C35         11  0.166   0.054    0.639  
  place_opt_inst_FE_OFC77_n_3027/Y  -      A->Y     F     INV_X1M_A9PP140ZTUL_C35           21  0.071   0.124    0.763  
  g44154/Y                          -      A->Y     F     OR2_X0P5M_A9PP140ZTUL_C35         65  0.188   0.300    1.063  
  g43621/Y                          -      A->Y     R     INV_X0P6M_A9PP140ZTUL_C35         64  0.489   0.541    1.605  
  g41089/Y                          -      A0->Y    F     OAI22_X0P5M_A9PP140ZTUL_C35        1  0.700   0.033    1.637  
  cts_opt_inst_FE_PHC1781_n_2370/Y  -      A->Y     F     DLY2_X0P5M_A9PP140ZTUL_C35         1  0.175   0.094    1.731  
  ro_reg[2][3][7]/D                 -      D        F     DFFRPQNA_X1M_A9PP140ZTUL_C35       1  0.030   0.000    1.731  
#---------------------------------------------------------------------------------------------------------------------
Path 48: MET (0.076 ns) Setup Check with Pin ro_reg[3][2][1]/CK->D
               View: wc_analysis_view
              Group: in2reg
         Startpoint: (F) m_ready
              Clock: (R) CLK
           Endpoint: (F) ro_reg[3][2][1]/D
              Clock: (R) CLK

                       Capture       Launch
         Clock Edge:+    2.000        0.000
         Drv Adjust:+    0.000        0.082
        Src Latency:+   -0.154        0.000
        Net Latency:+    0.158 (P)    0.000 (I)
            Arrival:=    2.005        0.082

              Setup:-    0.055
        Uncertainty:-    0.125
      Required Time:=    1.825
       Launch Clock:=    0.082
        Input Delay:+    0.500
          Data Path:+    1.167
              Slack:=    0.076

#---------------------------------------------------------------------------------------------------------------------
# Timing Point                      Flags  Arc      Edge  Cell                          Fanout  Trans   Delay  Arrival  
#                                                                                                (ns)    (ns)     (ns)  
#---------------------------------------------------------------------------------------------------------------------
  m_ready                           -      m_ready  F     (arrival)                          2  0.166   0.004    0.585  
  g39627__3680/Y                    -      A->Y     R     NAND2_X4B_A9PP140ZTUL_C35         11  0.166   0.054    0.639  
  place_opt_inst_FE_OFC77_n_3027/Y  -      A->Y     F     INV_X1M_A9PP140ZTUL_C35           21  0.071   0.124    0.763  
  g44154/Y                          -      A->Y     F     OR2_X0P5M_A9PP140ZTUL_C35         65  0.188   0.300    1.063  
  g43621/Y                          -      A->Y     R     INV_X0P6M_A9PP140ZTUL_C35         64  0.489   0.544    1.607  
  g41131/Y                          -      A0->Y    F     OAI22_X0P5M_A9PP140ZTUL_C35        1  0.700   0.025    1.632  
  cts_opt_inst_FE_PHC1767_n_2328/Y  -      A->Y     F     DLY2_X0P5M_A9PP140ZTUL_C35         1  0.166   0.093    1.725  
  cts_opt_inst_FE_PHC2665_n_2328/Y  -      A->Y     F     BUFH_X1M_A9PP140ZTUL_C35           1  0.031   0.024    1.748  
  ro_reg[3][2][1]/D                 -      D        F     DFFRPQNA_X1M_A9PP140ZTUL_C35       1  0.011   0.000    1.748  
#---------------------------------------------------------------------------------------------------------------------
Path 49: MET (0.077 ns) Setup Check with Pin ro_reg[3][2][10]/CK->D
               View: wc_analysis_view
              Group: in2reg
         Startpoint: (F) m_ready
              Clock: (R) CLK
           Endpoint: (F) ro_reg[3][2][10]/D
              Clock: (R) CLK

                       Capture       Launch
         Clock Edge:+    2.000        0.000
         Drv Adjust:+    0.000        0.082
        Src Latency:+   -0.154        0.000
        Net Latency:+    0.158 (P)    0.000 (I)
            Arrival:=    2.004        0.082

              Setup:-    0.061
        Uncertainty:-    0.125
      Required Time:=    1.818
       Launch Clock:=    0.082
        Input Delay:+    0.500
          Data Path:+    1.160
              Slack:=    0.077

#---------------------------------------------------------------------------------------------------------------------
# Timing Point                      Flags  Arc      Edge  Cell                          Fanout  Trans   Delay  Arrival  
#                                                                                                (ns)    (ns)     (ns)  
#---------------------------------------------------------------------------------------------------------------------
  m_ready                           -      m_ready  F     (arrival)                          2  0.166   0.004    0.585  
  g39627__3680/Y                    -      A->Y     R     NAND2_X4B_A9PP140ZTUL_C35         11  0.166   0.054    0.639  
  place_opt_inst_FE_OFC77_n_3027/Y  -      A->Y     F     INV_X1M_A9PP140ZTUL_C35           21  0.071   0.124    0.763  
  g44154/Y                          -      A->Y     F     OR2_X0P5M_A9PP140ZTUL_C35         65  0.188   0.300    1.063  
  g43621/Y                          -      A->Y     R     INV_X0P6M_A9PP140ZTUL_C35         64  0.489   0.544    1.607  
  g41139/Y                          -      A0->Y    F     OAI22_X0P5M_A9PP140ZTUL_C35        1  0.700   0.037    1.644  
  cts_opt_inst_FE_PHC1801_n_2320/Y  -      A->Y     F     DLY2_X0P5M_A9PP140ZTUL_C35         1  0.179   0.097    1.741  
  ro_reg[3][2][10]/D                -      D        F     DFFRPQNA_X1M_A9PP140ZTUL_C35       1  0.033   0.000    1.741  
#---------------------------------------------------------------------------------------------------------------------
Path 50: MET (0.077 ns) Recovery Check with Pin ro_reg[1][6][4]/CK->R
               View: wc_analysis_view
              Group: in2reg
         Startpoint: (R) rstn
              Clock: (R) CLK
           Endpoint: (F) ro_reg[1][6][4]/R
              Clock: (R) CLK

                       Capture       Launch
         Clock Edge:+    2.000        0.000
         Drv Adjust:+    0.000        0.064
        Src Latency:+   -0.154        0.000
        Net Latency:+    0.155 (P)    0.000 (I)
            Arrival:=    2.001        0.064

           Recovery:-    0.176
        Uncertainty:-    0.125
      Required Time:=    1.700
       Launch Clock:=    0.064
        Input Delay:+    0.500
          Data Path:+    1.059
              Slack:=    0.077

#---------------------------------------------------------------------------------------------------------------------------------------------------------------
# Timing Point                                                                   Flags  Arc   Edge  Cell                          Fanout  Trans   Delay  Arrival  
#                                                                                                                                          (ns)    (ns)     (ns)  
#---------------------------------------------------------------------------------------------------------------------------------------------------------------
  rstn                                                                           -      rstn  R     (arrival)                          4  0.126   0.002    0.566  
  g44871/Y                                                                       -      A->Y  F     INV_X1M_A9PP140ZTUL_C35           42  0.127   0.194    0.760  
  place_opt_inst_FE_OFC221_MR_3__MC_6__MUL_mul_15_35_n_0/Y                       -      A->Y  R     INV_X1M_A9PP140ZTUL_C35           12  0.289   0.204    0.964  
  cts_opt_inst_FE_OFC272_place_opt_net_FE_OFN54_MR_3__MC_6__MUL_mul_15_35_n_0/Y  -      A->Y  F     INV_X1M_A9PP140ZTUL_C35           37  0.249   0.222    1.185  
  cts_opt_inst_FE_OFC274_place_opt_net_FE_OFN54_MR_3__MC_6__MUL_mul_15_35_n_0/Y  -      A->Y  R     INV_X1M_A9PP140ZTUL_C35            6  0.298   0.153    1.339  
  place_opt_inst_FE_OFC219_MR_3__MC_6__MUL_mul_15_35_n_0/Y                       -      A->Y  F     INV_X1M_A9PP140ZTUL_C35           65  0.183   0.284    1.623  
  ro_reg[1][6][4]/R                                                              -      R     F     DFFRPQNA_X1M_A9PP140ZTUL_C35      65  0.440   0.000    1.623  
#---------------------------------------------------------------------------------------------------------------------------------------------------------------
Path 51: MET (0.078 ns) Recovery Check with Pin ro_reg[1][6][3]/CK->R
               View: wc_analysis_view
              Group: in2reg
         Startpoint: (R) rstn
              Clock: (R) CLK
           Endpoint: (F) ro_reg[1][6][3]/R
              Clock: (R) CLK

                       Capture       Launch
         Clock Edge:+    2.000        0.000
         Drv Adjust:+    0.000        0.064
        Src Latency:+   -0.154        0.000
        Net Latency:+    0.155 (P)    0.000 (I)
            Arrival:=    2.001        0.064

           Recovery:-    0.176
        Uncertainty:-    0.125
      Required Time:=    1.700
       Launch Clock:=    0.064
        Input Delay:+    0.500
          Data Path:+    1.059
              Slack:=    0.078

#---------------------------------------------------------------------------------------------------------------------------------------------------------------
# Timing Point                                                                   Flags  Arc   Edge  Cell                          Fanout  Trans   Delay  Arrival  
#                                                                                                                                          (ns)    (ns)     (ns)  
#---------------------------------------------------------------------------------------------------------------------------------------------------------------
  rstn                                                                           -      rstn  R     (arrival)                          4  0.126   0.002    0.566  
  g44871/Y                                                                       -      A->Y  F     INV_X1M_A9PP140ZTUL_C35           42  0.127   0.194    0.760  
  place_opt_inst_FE_OFC221_MR_3__MC_6__MUL_mul_15_35_n_0/Y                       -      A->Y  R     INV_X1M_A9PP140ZTUL_C35           12  0.289   0.204    0.964  
  cts_opt_inst_FE_OFC272_place_opt_net_FE_OFN54_MR_3__MC_6__MUL_mul_15_35_n_0/Y  -      A->Y  F     INV_X1M_A9PP140ZTUL_C35           37  0.249   0.222    1.185  
  cts_opt_inst_FE_OFC274_place_opt_net_FE_OFN54_MR_3__MC_6__MUL_mul_15_35_n_0/Y  -      A->Y  R     INV_X1M_A9PP140ZTUL_C35            6  0.298   0.153    1.339  
  place_opt_inst_FE_OFC219_MR_3__MC_6__MUL_mul_15_35_n_0/Y                       -      A->Y  F     INV_X1M_A9PP140ZTUL_C35           65  0.183   0.284    1.623  
  ro_reg[1][6][3]/R                                                              -      R     F     DFFRPQNA_X1M_A9PP140ZTUL_C35      65  0.439   0.000    1.623  
#---------------------------------------------------------------------------------------------------------------------------------------------------------------
Path 52: MET (0.078 ns) Recovery Check with Pin ro_reg[2][6][9]/CK->R
               View: wc_analysis_view
              Group: in2reg
         Startpoint: (R) rstn
              Clock: (R) CLK
           Endpoint: (F) ro_reg[2][6][9]/R
              Clock: (R) CLK

                       Capture       Launch
         Clock Edge:+    2.000        0.000
         Drv Adjust:+    0.000        0.064
        Src Latency:+   -0.154        0.000
        Net Latency:+    0.154 (P)    0.000 (I)
            Arrival:=    2.000        0.064

           Recovery:-    0.175
        Uncertainty:-    0.125
      Required Time:=    1.700
       Launch Clock:=    0.064
        Input Delay:+    0.500
          Data Path:+    1.058
              Slack:=    0.078

#---------------------------------------------------------------------------------------------------------------------------------------------------------------
# Timing Point                                                                   Flags  Arc   Edge  Cell                          Fanout  Trans   Delay  Arrival  
#                                                                                                                                          (ns)    (ns)     (ns)  
#---------------------------------------------------------------------------------------------------------------------------------------------------------------
  rstn                                                                           -      rstn  R     (arrival)                          4  0.126   0.002    0.566  
  g44871/Y                                                                       -      A->Y  F     INV_X1M_A9PP140ZTUL_C35           42  0.127   0.194    0.760  
  place_opt_inst_FE_OFC221_MR_3__MC_6__MUL_mul_15_35_n_0/Y                       -      A->Y  R     INV_X1M_A9PP140ZTUL_C35           12  0.289   0.204    0.964  
  cts_opt_inst_FE_OFC272_place_opt_net_FE_OFN54_MR_3__MC_6__MUL_mul_15_35_n_0/Y  -      A->Y  F     INV_X1M_A9PP140ZTUL_C35           37  0.249   0.222    1.185  
  cts_opt_inst_FE_OFC274_place_opt_net_FE_OFN54_MR_3__MC_6__MUL_mul_15_35_n_0/Y  -      A->Y  R     INV_X1M_A9PP140ZTUL_C35            6  0.298   0.153    1.339  
  place_opt_inst_FE_OFC219_MR_3__MC_6__MUL_mul_15_35_n_0/Y                       -      A->Y  F     INV_X1M_A9PP140ZTUL_C35           65  0.183   0.283    1.622  
  ro_reg[2][6][9]/R                                                              -      R     F     DFFRPQNA_X1M_A9PP140ZTUL_C35      65  0.439   0.000    1.622  
#---------------------------------------------------------------------------------------------------------------------------------------------------------------
Path 53: MET (0.078 ns) Recovery Check with Pin ro_reg[2][6][10]/CK->R
               View: wc_analysis_view
              Group: in2reg
         Startpoint: (R) rstn
              Clock: (R) CLK
           Endpoint: (F) ro_reg[2][6][10]/R
              Clock: (R) CLK

                       Capture       Launch
         Clock Edge:+    2.000        0.000
         Drv Adjust:+    0.000        0.064
        Src Latency:+   -0.154        0.000
        Net Latency:+    0.154 (P)    0.000 (I)
            Arrival:=    2.000        0.064

           Recovery:-    0.175
        Uncertainty:-    0.125
      Required Time:=    1.700
       Launch Clock:=    0.064
        Input Delay:+    0.500
          Data Path:+    1.058
              Slack:=    0.078

#---------------------------------------------------------------------------------------------------------------------------------------------------------------
# Timing Point                                                                   Flags  Arc   Edge  Cell                          Fanout  Trans   Delay  Arrival  
#                                                                                                                                          (ns)    (ns)     (ns)  
#---------------------------------------------------------------------------------------------------------------------------------------------------------------
  rstn                                                                           -      rstn  R     (arrival)                          4  0.126   0.002    0.566  
  g44871/Y                                                                       -      A->Y  F     INV_X1M_A9PP140ZTUL_C35           42  0.127   0.194    0.760  
  place_opt_inst_FE_OFC221_MR_3__MC_6__MUL_mul_15_35_n_0/Y                       -      A->Y  R     INV_X1M_A9PP140ZTUL_C35           12  0.289   0.204    0.964  
  cts_opt_inst_FE_OFC272_place_opt_net_FE_OFN54_MR_3__MC_6__MUL_mul_15_35_n_0/Y  -      A->Y  F     INV_X1M_A9PP140ZTUL_C35           37  0.249   0.222    1.185  
  cts_opt_inst_FE_OFC274_place_opt_net_FE_OFN54_MR_3__MC_6__MUL_mul_15_35_n_0/Y  -      A->Y  R     INV_X1M_A9PP140ZTUL_C35            6  0.298   0.153    1.339  
  place_opt_inst_FE_OFC219_MR_3__MC_6__MUL_mul_15_35_n_0/Y                       -      A->Y  F     INV_X1M_A9PP140ZTUL_C35           65  0.183   0.283    1.622  
  ro_reg[2][6][10]/R                                                             -      R     F     DFFRPQNA_X1M_A9PP140ZTUL_C35      65  0.439   0.000    1.622  
#---------------------------------------------------------------------------------------------------------------------------------------------------------------
Path 54: MET (0.078 ns) Setup Check with Pin ro_reg[1][6][12]/CK->D
               View: wc_analysis_view
              Group: in2reg
         Startpoint: (F) m_ready
              Clock: (R) CLK
           Endpoint: (F) ro_reg[1][6][12]/D
              Clock: (R) CLK

                       Capture       Launch
         Clock Edge:+    2.000        0.000
         Drv Adjust:+    0.000        0.082
        Src Latency:+   -0.154        0.000
        Net Latency:+    0.156 (P)    0.000 (I)
            Arrival:=    2.002        0.082

              Setup:-    0.066
        Uncertainty:-    0.125
      Required Time:=    1.811
       Launch Clock:=    0.082
        Input Delay:+    0.500
          Data Path:+    1.152
              Slack:=    0.078

#---------------------------------------------------------------------------------------------------------------------
# Timing Point                      Flags  Arc      Edge  Cell                          Fanout  Trans   Delay  Arrival  
#                                                                                                (ns)    (ns)     (ns)  
#---------------------------------------------------------------------------------------------------------------------
  m_ready                           -      m_ready  F     (arrival)                          2  0.166   0.004    0.585  
  g39627__3680/Y                    -      A->Y     R     NAND2_X4B_A9PP140ZTUL_C35         11  0.166   0.055    0.640  
  g44719/Y                          -      A->Y     F     NAND2_X0P5A_A9PP140ZTUL_C35       49  0.071   0.388    1.029  
  g44701/Y                          -      A->Y     R     INV_X1M_A9PP140ZTUL_C35           36  0.748   0.286    1.314  
  cts_opt_inst_FE_OFC304_n_258/Y    -      A->Y     R     BUF_X1M_A9PP140ZTUL_C35           45  0.352   0.147    1.461  
  g41554/Y                          -      A0->Y    F     OAI22_X0P5M_A9PP140ZTUL_C35        1  0.284   0.081    1.542  
  cts_opt_inst_FE_PHC1520_n_2168/Y  -      A->Y     F     DLY4_X0P5M_A9PP140ZTUL_C35         1  0.266   0.191    1.733  
  ro_reg[1][6][12]/D                -      D        F     DFFRPQNA_X1M_A9PP140ZTUL_C35       1  0.044   0.000    1.733  
#---------------------------------------------------------------------------------------------------------------------
Path 55: MET (0.079 ns) Setup Check with Pin ro_reg[1][6][7]/CK->D
               View: wc_analysis_view
              Group: in2reg
         Startpoint: (F) m_ready
              Clock: (R) CLK
           Endpoint: (F) ro_reg[1][6][7]/D
              Clock: (R) CLK

                       Capture       Launch
         Clock Edge:+    2.000        0.000
         Drv Adjust:+    0.000        0.082
        Src Latency:+   -0.154        0.000
        Net Latency:+    0.156 (P)    0.000 (I)
            Arrival:=    2.002        0.082

              Setup:-    0.060
        Uncertainty:-    0.125
      Required Time:=    1.816
       Launch Clock:=    0.082
        Input Delay:+    0.500
          Data Path:+    1.156
              Slack:=    0.079

#---------------------------------------------------------------------------------------------------------------------
# Timing Point                      Flags  Arc      Edge  Cell                          Fanout  Trans   Delay  Arrival  
#                                                                                                (ns)    (ns)     (ns)  
#---------------------------------------------------------------------------------------------------------------------
  m_ready                           -      m_ready  F     (arrival)                          2  0.166   0.004    0.585  
  g39627__3680/Y                    -      A->Y     R     NAND2_X4B_A9PP140ZTUL_C35         11  0.166   0.055    0.640  
  g44719/Y                          -      A->Y     F     NAND2_X0P5A_A9PP140ZTUL_C35       49  0.071   0.388    1.029  
  g44701/Y                          -      A->Y     R     INV_X1M_A9PP140ZTUL_C35           36  0.748   0.286    1.314  
  cts_opt_inst_FE_OFC304_n_258/Y    -      A->Y     R     BUF_X1M_A9PP140ZTUL_C35           45  0.352   0.153    1.467  
  g41549/Y                          -      A0->Y    F     OAI22_X0P5M_A9PP140ZTUL_C35        1  0.285   0.085    1.552  
  cts_opt_inst_FE_PHC1326_n_2173/Y  -      A->Y     F     DLY4_X4M_A9PP140ZTUL_C35           1  0.273   0.186    1.738  
  ro_reg[1][6][7]/D                 -      D        F     DFFRPQNA_X1M_A9PP140ZTUL_C35       1  0.025   0.000    1.738  
#---------------------------------------------------------------------------------------------------------------------
Path 56: MET (0.079 ns) Recovery Check with Pin ro_reg[1][6][0]/CK->R
               View: wc_analysis_view
              Group: in2reg
         Startpoint: (R) rstn
              Clock: (R) CLK
           Endpoint: (F) ro_reg[1][6][0]/R
              Clock: (R) CLK

                       Capture       Launch
         Clock Edge:+    2.000        0.000
         Drv Adjust:+    0.000        0.064
        Src Latency:+   -0.154        0.000
        Net Latency:+    0.154 (P)    0.000 (I)
            Arrival:=    2.000        0.064

           Recovery:-    0.175
        Uncertainty:-    0.125
      Required Time:=    1.700
       Launch Clock:=    0.064
        Input Delay:+    0.500
          Data Path:+    1.057
              Slack:=    0.079

#---------------------------------------------------------------------------------------------------------------------------------------------------------------
# Timing Point                                                                   Flags  Arc   Edge  Cell                          Fanout  Trans   Delay  Arrival  
#                                                                                                                                          (ns)    (ns)     (ns)  
#---------------------------------------------------------------------------------------------------------------------------------------------------------------
  rstn                                                                           -      rstn  R     (arrival)                          4  0.126   0.002    0.566  
  g44871/Y                                                                       -      A->Y  F     INV_X1M_A9PP140ZTUL_C35           42  0.127   0.194    0.760  
  place_opt_inst_FE_OFC221_MR_3__MC_6__MUL_mul_15_35_n_0/Y                       -      A->Y  R     INV_X1M_A9PP140ZTUL_C35           12  0.289   0.204    0.964  
  cts_opt_inst_FE_OFC272_place_opt_net_FE_OFN54_MR_3__MC_6__MUL_mul_15_35_n_0/Y  -      A->Y  F     INV_X1M_A9PP140ZTUL_C35           37  0.249   0.222    1.185  
  cts_opt_inst_FE_OFC274_place_opt_net_FE_OFN54_MR_3__MC_6__MUL_mul_15_35_n_0/Y  -      A->Y  R     INV_X1M_A9PP140ZTUL_C35            6  0.298   0.153    1.339  
  place_opt_inst_FE_OFC219_MR_3__MC_6__MUL_mul_15_35_n_0/Y                       -      A->Y  F     INV_X1M_A9PP140ZTUL_C35           65  0.183   0.282    1.621  
  ro_reg[1][6][0]/R                                                              -      R     F     DFFRPQNA_X1M_A9PP140ZTUL_C35      65  0.439   0.000    1.621  
#---------------------------------------------------------------------------------------------------------------------------------------------------------------
Path 57: MET (0.079 ns) Recovery Check with Pin ro_reg[1][6][1]/CK->R
               View: wc_analysis_view
              Group: in2reg
         Startpoint: (R) rstn
              Clock: (R) CLK
           Endpoint: (F) ro_reg[1][6][1]/R
              Clock: (R) CLK

                       Capture       Launch
         Clock Edge:+    2.000        0.000
         Drv Adjust:+    0.000        0.064
        Src Latency:+   -0.154        0.000
        Net Latency:+    0.154 (P)    0.000 (I)
            Arrival:=    2.000        0.064

           Recovery:-    0.175
        Uncertainty:-    0.125
      Required Time:=    1.700
       Launch Clock:=    0.064
        Input Delay:+    0.500
          Data Path:+    1.057
              Slack:=    0.079

#---------------------------------------------------------------------------------------------------------------------------------------------------------------
# Timing Point                                                                   Flags  Arc   Edge  Cell                          Fanout  Trans   Delay  Arrival  
#                                                                                                                                          (ns)    (ns)     (ns)  
#---------------------------------------------------------------------------------------------------------------------------------------------------------------
  rstn                                                                           -      rstn  R     (arrival)                          4  0.126   0.002    0.566  
  g44871/Y                                                                       -      A->Y  F     INV_X1M_A9PP140ZTUL_C35           42  0.127   0.194    0.760  
  place_opt_inst_FE_OFC221_MR_3__MC_6__MUL_mul_15_35_n_0/Y                       -      A->Y  R     INV_X1M_A9PP140ZTUL_C35           12  0.289   0.204    0.964  
  cts_opt_inst_FE_OFC272_place_opt_net_FE_OFN54_MR_3__MC_6__MUL_mul_15_35_n_0/Y  -      A->Y  F     INV_X1M_A9PP140ZTUL_C35           37  0.249   0.222    1.185  
  cts_opt_inst_FE_OFC274_place_opt_net_FE_OFN54_MR_3__MC_6__MUL_mul_15_35_n_0/Y  -      A->Y  R     INV_X1M_A9PP140ZTUL_C35            6  0.298   0.153    1.339  
  place_opt_inst_FE_OFC219_MR_3__MC_6__MUL_mul_15_35_n_0/Y                       -      A->Y  F     INV_X1M_A9PP140ZTUL_C35           65  0.183   0.282    1.621  
  ro_reg[1][6][1]/R                                                              -      R     F     DFFRPQNA_X1M_A9PP140ZTUL_C35      65  0.439   0.000    1.621  
#---------------------------------------------------------------------------------------------------------------------------------------------------------------
Path 58: MET (0.079 ns) Setup Check with Pin ro_reg[2][1][1]/CK->D
               View: wc_analysis_view
              Group: in2reg
         Startpoint: (R) m_ready
              Clock: (R) CLK
           Endpoint: (F) ro_reg[2][1][1]/D
              Clock: (R) CLK

                       Capture       Launch
         Clock Edge:+    2.000        0.000
         Drv Adjust:+    0.000        0.085
        Src Latency:+   -0.154        0.000
        Net Latency:+    0.155 (P)    0.000 (I)
            Arrival:=    2.001        0.085

              Setup:-    0.060
        Uncertainty:-    0.125
      Required Time:=    1.815
       Launch Clock:=    0.085
        Input Delay:+    0.500
          Data Path:+    1.151
              Slack:=    0.079

#---------------------------------------------------------------------------------------------------------------------
# Timing Point                      Flags  Arc      Edge  Cell                          Fanout  Trans   Delay  Arrival  
#                                                                                                (ns)    (ns)     (ns)  
#---------------------------------------------------------------------------------------------------------------------
  m_ready                           -      m_ready  R     (arrival)                          2  0.171   0.004    0.589  
  g39627__3680/Y                    -      A->Y     F     NAND2_X4B_A9PP140ZTUL_C35         11  0.171   0.049    0.638  
  place_opt_inst_FE_OFC77_n_3027/Y  -      A->Y     R     INV_X1M_A9PP140ZTUL_C35           21  0.083   0.168    0.806  
  g44717/Y                          -      A->Y     F     NOR2_X0P7B_A9PP140ZTUL_C35        49  0.250   0.364    1.169  
  g44699/Y                          -      A->Y     R     INV_X0P7M_A9PP140ZTUL_C35         48  0.577   0.444    1.614  
  g41644/Y                          -      B0->Y    F     OAI22_X0P5M_A9PP140ZTUL_C35        1  0.544   0.058    1.671  
  cts_opt_inst_FE_PHC1792_n_2078/Y  -      A->Y     F     BUF_X1P2M_A9PP140ZTUL_C35          1  0.188   0.064    1.736  
  ro_reg[2][1][1]/D                 -      D        F     DFFRPQNA_X1M_A9PP140ZTUL_C35       1  0.025   0.000    1.736  
#---------------------------------------------------------------------------------------------------------------------
Path 59: MET (0.080 ns) Setup Check with Pin ro_reg[3][1][9]/CK->D
               View: wc_analysis_view
              Group: in2reg
         Startpoint: (F) m_ready
              Clock: (R) CLK
           Endpoint: (F) ro_reg[3][1][9]/D
              Clock: (R) CLK

                       Capture       Launch
         Clock Edge:+    2.000        0.000
         Drv Adjust:+    0.000        0.082
        Src Latency:+   -0.154        0.000
        Net Latency:+    0.151 (P)    0.000 (I)
            Arrival:=    1.997        0.082

              Setup:-    0.077
        Uncertainty:-    0.125
      Required Time:=    1.795
       Launch Clock:=    0.082
        Input Delay:+    0.500
          Data Path:+    1.134
              Slack:=    0.080

#---------------------------------------------------------------------------------------------------------------------
# Timing Point                      Flags  Arc      Edge  Cell                          Fanout  Trans   Delay  Arrival  
#                                                                                                (ns)    (ns)     (ns)  
#---------------------------------------------------------------------------------------------------------------------
  m_ready                           -      m_ready  F     (arrival)                          2  0.166   0.004    0.585  
  g39627__3680/Y                    -      A->Y     R     NAND2_X4B_A9PP140ZTUL_C35         11  0.166   0.054    0.639  
  place_opt_inst_FE_OFC77_n_3027/Y  -      A->Y     F     INV_X1M_A9PP140ZTUL_C35           21  0.071   0.125    0.765  
  g44155/Y                          -      A->Y     F     OR2_X1M_A9PP140ZTUL_C35           65  0.188   0.230    0.994  
  cts_opt_inst_FE_OFC245_n_1332/Y   -      A->Y     R     INV_X1M_A9PP140ZTUL_C35           64  0.336   0.350    1.344  
  g41123/Y                          -      A0->Y    F     OAI22_X0P5M_A9PP140ZTUL_C35        1  0.465   0.156    1.500  
  cts_opt_inst_FE_PHC1068_n_2336/Y  -      A->Y     F     DLY4_X0P5M_A9PP140ZTUL_C35         1  0.270   0.215    1.715  
  ro_reg[3][1][9]/D                 -      D        F     DFFRPQNA_X1M_A9PP140ZTUL_C35       1  0.085   0.000    1.715  
#---------------------------------------------------------------------------------------------------------------------
Path 60: MET (0.080 ns) Recovery Check with Pin ro_reg[1][6][2]/CK->R
               View: wc_analysis_view
              Group: in2reg
         Startpoint: (R) rstn
              Clock: (R) CLK
           Endpoint: (F) ro_reg[1][6][2]/R
              Clock: (R) CLK

                       Capture       Launch
         Clock Edge:+    2.000        0.000
         Drv Adjust:+    0.000        0.064
        Src Latency:+   -0.154        0.000
        Net Latency:+    0.154 (P)    0.000 (I)
            Arrival:=    2.000        0.064

           Recovery:-    0.175
        Uncertainty:-    0.125
      Required Time:=    1.700
       Launch Clock:=    0.064
        Input Delay:+    0.500
          Data Path:+    1.057
              Slack:=    0.080

#---------------------------------------------------------------------------------------------------------------------------------------------------------------
# Timing Point                                                                   Flags  Arc   Edge  Cell                          Fanout  Trans   Delay  Arrival  
#                                                                                                                                          (ns)    (ns)     (ns)  
#---------------------------------------------------------------------------------------------------------------------------------------------------------------
  rstn                                                                           -      rstn  R     (arrival)                          4  0.126   0.002    0.566  
  g44871/Y                                                                       -      A->Y  F     INV_X1M_A9PP140ZTUL_C35           42  0.127   0.194    0.760  
  place_opt_inst_FE_OFC221_MR_3__MC_6__MUL_mul_15_35_n_0/Y                       -      A->Y  R     INV_X1M_A9PP140ZTUL_C35           12  0.289   0.204    0.964  
  cts_opt_inst_FE_OFC272_place_opt_net_FE_OFN54_MR_3__MC_6__MUL_mul_15_35_n_0/Y  -      A->Y  F     INV_X1M_A9PP140ZTUL_C35           37  0.249   0.222    1.185  
  cts_opt_inst_FE_OFC274_place_opt_net_FE_OFN54_MR_3__MC_6__MUL_mul_15_35_n_0/Y  -      A->Y  R     INV_X1M_A9PP140ZTUL_C35            6  0.298   0.153    1.339  
  place_opt_inst_FE_OFC219_MR_3__MC_6__MUL_mul_15_35_n_0/Y                       -      A->Y  F     INV_X1M_A9PP140ZTUL_C35           65  0.183   0.281    1.620  
  ro_reg[1][6][2]/R                                                              -      R     F     DFFRPQNA_X1M_A9PP140ZTUL_C35      65  0.439   0.000    1.620  
#---------------------------------------------------------------------------------------------------------------------------------------------------------------
Path 61: MET (0.080 ns) Recovery Check with Pin retime_s1_34_reg/CK->R
               View: wc_analysis_view
              Group: in2reg
         Startpoint: (R) rstn
              Clock: (R) CLK
           Endpoint: (F) retime_s1_34_reg/R
              Clock: (R) CLK

                       Capture       Launch
         Clock Edge:+    2.000        0.000
         Drv Adjust:+    0.000        0.064
        Src Latency:+   -0.154        0.000
        Net Latency:+    0.154 (P)    0.000 (I)
            Arrival:=    2.000        0.064

           Recovery:-    0.189
        Uncertainty:-    0.125
      Required Time:=    1.686
       Launch Clock:=    0.064
        Input Delay:+    0.500
          Data Path:+    1.042
              Slack:=    0.080

#---------------------------------------------------------------------------------------------------------------------------------------------------------------
# Timing Point                                                                   Flags  Arc   Edge  Cell                          Fanout  Trans   Delay  Arrival  
#                                                                                                                                          (ns)    (ns)     (ns)  
#---------------------------------------------------------------------------------------------------------------------------------------------------------------
  rstn                                                                           -      rstn  R     (arrival)                          4  0.126   0.002    0.566  
  g44871/Y                                                                       -      A->Y  F     INV_X1M_A9PP140ZTUL_C35           42  0.127   0.194    0.760  
  place_opt_inst_FE_OFC221_MR_3__MC_6__MUL_mul_15_35_n_0/Y                       -      A->Y  R     INV_X1M_A9PP140ZTUL_C35           12  0.289   0.204    0.964  
  cts_opt_inst_FE_OFC272_place_opt_net_FE_OFN54_MR_3__MC_6__MUL_mul_15_35_n_0/Y  -      A->Y  F     INV_X1M_A9PP140ZTUL_C35           37  0.249   0.219    1.183  
  cts_opt_inst_FE_OFC276_place_opt_net_FE_OFN54_MR_3__MC_6__MUL_mul_15_35_n_0/Y  -      A->Y  R     INV_X1M_A9PP140ZTUL_C35            5  0.298   0.121    1.304  
  place_opt_inst_FE_OFC213_MR_3__MC_6__MUL_mul_15_35_n_0/Y                       -      A->Y  F     INV_X1M_A9PP140ZTUL_C35           68  0.145   0.302    1.606  
  retime_s1_34_reg/R                                                             -      R     F     DFFRPQNA_X1M_A9PP140ZTUL_C35      68  0.470   0.000    1.606  
#---------------------------------------------------------------------------------------------------------------------------------------------------------------
Path 62: MET (0.080 ns) Setup Check with Pin ro_reg[3][2][3]/CK->D
               View: wc_analysis_view
              Group: in2reg
         Startpoint: (F) m_ready
              Clock: (R) CLK
           Endpoint: (F) ro_reg[3][2][3]/D
              Clock: (R) CLK

                       Capture       Launch
         Clock Edge:+    2.000        0.000
         Drv Adjust:+    0.000        0.082
        Src Latency:+   -0.154        0.000
        Net Latency:+    0.158 (P)    0.000 (I)
            Arrival:=    2.004        0.082

              Setup:-    0.055
        Uncertainty:-    0.125
      Required Time:=    1.824
       Launch Clock:=    0.082
        Input Delay:+    0.500
          Data Path:+    1.162
              Slack:=    0.080

#---------------------------------------------------------------------------------------------------------------------
# Timing Point                      Flags  Arc      Edge  Cell                          Fanout  Trans   Delay  Arrival  
#                                                                                                (ns)    (ns)     (ns)  
#---------------------------------------------------------------------------------------------------------------------
  m_ready                           -      m_ready  F     (arrival)                          2  0.166   0.004    0.585  
  g39627__3680/Y                    -      A->Y     R     NAND2_X4B_A9PP140ZTUL_C35         11  0.166   0.054    0.639  
  place_opt_inst_FE_OFC77_n_3027/Y  -      A->Y     F     INV_X1M_A9PP140ZTUL_C35           21  0.071   0.124    0.763  
  g44154/Y                          -      A->Y     F     OR2_X0P5M_A9PP140ZTUL_C35         65  0.188   0.300    1.063  
  g43621/Y                          -      A->Y     R     INV_X0P6M_A9PP140ZTUL_C35         64  0.489   0.544    1.607  
  g41133/Y                          -      A0->Y    F     OAI22_X0P5M_A9PP140ZTUL_C35        1  0.700   0.018    1.626  
  cts_opt_inst_FE_PHC1717_n_2326/Y  -      A->Y     F     DLY2_X0P5M_A9PP140ZTUL_C35         1  0.159   0.093    1.719  
  cts_opt_inst_FE_PHC2661_n_2326/Y  -      A->Y     F     BUFH_X1M_A9PP140ZTUL_C35           1  0.033   0.025    1.744  
  ro_reg[3][2][3]/D                 -      D        F     DFFRPQNA_X1M_A9PP140ZTUL_C35       1  0.013   0.000    1.744  
#---------------------------------------------------------------------------------------------------------------------
Path 63: MET (0.081 ns) Setup Check with Pin ro_reg[3][1][8]/CK->D
               View: wc_analysis_view
              Group: in2reg
         Startpoint: (F) m_ready
              Clock: (R) CLK
           Endpoint: (F) ro_reg[3][1][8]/D
              Clock: (R) CLK

                       Capture       Launch
         Clock Edge:+    2.000        0.000
         Drv Adjust:+    0.000        0.082
        Src Latency:+   -0.154        0.000
        Net Latency:+    0.152 (P)    0.000 (I)
            Arrival:=    1.999        0.082

              Setup:-    0.078
        Uncertainty:-    0.125
      Required Time:=    1.796
       Launch Clock:=    0.082
        Input Delay:+    0.500
          Data Path:+    1.133
              Slack:=    0.081

#---------------------------------------------------------------------------------------------------------------------
# Timing Point                      Flags  Arc      Edge  Cell                          Fanout  Trans   Delay  Arrival  
#                                                                                                (ns)    (ns)     (ns)  
#---------------------------------------------------------------------------------------------------------------------
  m_ready                           -      m_ready  F     (arrival)                          2  0.166   0.004    0.585  
  g39627__3680/Y                    -      A->Y     R     NAND2_X4B_A9PP140ZTUL_C35         11  0.166   0.054    0.639  
  place_opt_inst_FE_OFC77_n_3027/Y  -      A->Y     F     INV_X1M_A9PP140ZTUL_C35           21  0.071   0.125    0.765  
  g44155/Y                          -      A->Y     F     OR2_X1M_A9PP140ZTUL_C35           65  0.188   0.230    0.994  
  cts_opt_inst_FE_OFC245_n_1332/Y   -      A->Y     R     INV_X1M_A9PP140ZTUL_C35           64  0.336   0.351    1.345  
  g41122/Y                          -      A0->Y    F     OAI22_X0P5M_A9PP140ZTUL_C35        1  0.465   0.154    1.500  
  cts_opt_inst_FE_PHC1157_n_2337/Y  -      A->Y     F     DLY4_X0P5M_A9PP140ZTUL_C35         1  0.268   0.215    1.715  
  ro_reg[3][1][8]/D                 -      D        F     DFFRPQNA_X1M_A9PP140ZTUL_C35       1  0.086   0.000    1.715  
#---------------------------------------------------------------------------------------------------------------------
Path 64: MET (0.081 ns) Setup Check with Pin ro_reg[2][3][2]/CK->D
               View: wc_analysis_view
              Group: in2reg
         Startpoint: (F) m_ready
              Clock: (R) CLK
           Endpoint: (F) ro_reg[2][3][2]/D
              Clock: (R) CLK

                       Capture       Launch
         Clock Edge:+    2.000        0.000
         Drv Adjust:+    0.000        0.082
        Src Latency:+   -0.154        0.000
        Net Latency:+    0.157 (P)    0.000 (I)
            Arrival:=    2.004        0.082

              Setup:-    0.055
        Uncertainty:-    0.125
      Required Time:=    1.824
       Launch Clock:=    0.082
        Input Delay:+    0.500
          Data Path:+    1.161
              Slack:=    0.081

#---------------------------------------------------------------------------------------------------------------------
# Timing Point                      Flags  Arc      Edge  Cell                          Fanout  Trans   Delay  Arrival  
#                                                                                                (ns)    (ns)     (ns)  
#---------------------------------------------------------------------------------------------------------------------
  m_ready                           -      m_ready  F     (arrival)                          2  0.166   0.004    0.585  
  g39627__3680/Y                    -      A->Y     R     NAND2_X4B_A9PP140ZTUL_C35         11  0.166   0.054    0.639  
  place_opt_inst_FE_OFC77_n_3027/Y  -      A->Y     F     INV_X1M_A9PP140ZTUL_C35           21  0.071   0.124    0.763  
  g44154/Y                          -      A->Y     F     OR2_X0P5M_A9PP140ZTUL_C35         65  0.188   0.300    1.063  
  g43621/Y                          -      A->Y     R     INV_X0P6M_A9PP140ZTUL_C35         64  0.489   0.543    1.606  
  g41084/Y                          -      A0->Y    F     OAI22_X0P5M_A9PP140ZTUL_C35        1  0.700   0.020    1.626  
  cts_opt_inst_FE_PHC1748_n_2375/Y  -      A->Y     F     DLY2_X0P5M_A9PP140ZTUL_C35         1  0.160   0.092    1.718  
  cts_opt_inst_FE_PHC2425_n_2375/Y  -      A->Y     F     BUFH_X1M_A9PP140ZTUL_C35           1  0.031   0.025    1.742  
  ro_reg[2][3][2]/D                 -      D        F     DFFRPQNA_X1M_A9PP140ZTUL_C35       1  0.012   0.000    1.742  
#---------------------------------------------------------------------------------------------------------------------
Path 65: MET (0.082 ns) Recovery Check with Pin retime_s3_343_reg/CK->R
               View: wc_analysis_view
              Group: in2reg
         Startpoint: (R) rstn
              Clock: (R) CLK
           Endpoint: (F) retime_s3_343_reg/R
              Clock: (R) CLK

                       Capture       Launch
         Clock Edge:+    2.000        0.000
         Drv Adjust:+    0.000        0.064
        Src Latency:+   -0.154        0.000
        Net Latency:+    0.155 (P)    0.000 (I)
            Arrival:=    2.001        0.064

           Recovery:-    0.189
        Uncertainty:-    0.125
      Required Time:=    1.687
       Launch Clock:=    0.064
        Input Delay:+    0.500
          Data Path:+    1.041
              Slack:=    0.082

#---------------------------------------------------------------------------------------------------------------------------------------------------------------
# Timing Point                                                                   Flags  Arc   Edge  Cell                          Fanout  Trans   Delay  Arrival  
#                                                                                                                                          (ns)    (ns)     (ns)  
#---------------------------------------------------------------------------------------------------------------------------------------------------------------
  rstn                                                                           -      rstn  R     (arrival)                          4  0.126   0.002    0.566  
  g44871/Y                                                                       -      A->Y  F     INV_X1M_A9PP140ZTUL_C35           42  0.127   0.194    0.760  
  place_opt_inst_FE_OFC221_MR_3__MC_6__MUL_mul_15_35_n_0/Y                       -      A->Y  R     INV_X1M_A9PP140ZTUL_C35           12  0.289   0.204    0.964  
  cts_opt_inst_FE_OFC272_place_opt_net_FE_OFN54_MR_3__MC_6__MUL_mul_15_35_n_0/Y  -      A->Y  F     INV_X1M_A9PP140ZTUL_C35           37  0.249   0.219    1.183  
  cts_opt_inst_FE_OFC276_place_opt_net_FE_OFN54_MR_3__MC_6__MUL_mul_15_35_n_0/Y  -      A->Y  R     INV_X1M_A9PP140ZTUL_C35            5  0.298   0.121    1.304  
  place_opt_inst_FE_OFC213_MR_3__MC_6__MUL_mul_15_35_n_0/Y                       -      A->Y  F     INV_X1M_A9PP140ZTUL_C35           68  0.145   0.302    1.605  
  retime_s3_343_reg/R                                                            -      R     F     DFFRPQNA_X1M_A9PP140ZTUL_C35      68  0.470   0.000    1.605  
#---------------------------------------------------------------------------------------------------------------------------------------------------------------
Path 66: MET (0.082 ns) Recovery Check with Pin retime_s3_290_reg/CK->R
               View: wc_analysis_view
              Group: in2reg
         Startpoint: (R) rstn
              Clock: (R) CLK
           Endpoint: (F) retime_s3_290_reg/R
              Clock: (R) CLK

                       Capture       Launch
         Clock Edge:+    2.000        0.000
         Drv Adjust:+    0.000        0.064
        Src Latency:+   -0.154        0.000
        Net Latency:+    0.155 (P)    0.000 (I)
            Arrival:=    2.002        0.064

           Recovery:-    0.189
        Uncertainty:-    0.125
      Required Time:=    1.688
       Launch Clock:=    0.064
        Input Delay:+    0.500
          Data Path:+    1.042
              Slack:=    0.082

#---------------------------------------------------------------------------------------------------------------------------------------------------------------
# Timing Point                                                                   Flags  Arc   Edge  Cell                          Fanout  Trans   Delay  Arrival  
#                                                                                                                                          (ns)    (ns)     (ns)  
#---------------------------------------------------------------------------------------------------------------------------------------------------------------
  rstn                                                                           -      rstn  R     (arrival)                          4  0.126   0.002    0.566  
  g44871/Y                                                                       -      A->Y  F     INV_X1M_A9PP140ZTUL_C35           42  0.127   0.194    0.760  
  place_opt_inst_FE_OFC221_MR_3__MC_6__MUL_mul_15_35_n_0/Y                       -      A->Y  R     INV_X1M_A9PP140ZTUL_C35           12  0.289   0.204    0.964  
  cts_opt_inst_FE_OFC272_place_opt_net_FE_OFN54_MR_3__MC_6__MUL_mul_15_35_n_0/Y  -      A->Y  F     INV_X1M_A9PP140ZTUL_C35           37  0.249   0.219    1.183  
  cts_opt_inst_FE_OFC276_place_opt_net_FE_OFN54_MR_3__MC_6__MUL_mul_15_35_n_0/Y  -      A->Y  R     INV_X1M_A9PP140ZTUL_C35            5  0.298   0.121    1.304  
  place_opt_inst_FE_OFC213_MR_3__MC_6__MUL_mul_15_35_n_0/Y                       -      A->Y  F     INV_X1M_A9PP140ZTUL_C35           68  0.145   0.302    1.606  
  retime_s3_290_reg/R                                                            -      R     F     DFFRPQNA_X1M_A9PP140ZTUL_C35      68  0.470   0.000    1.606  
#---------------------------------------------------------------------------------------------------------------------------------------------------------------
Path 67: MET (0.082 ns) Recovery Check with Pin retime_s1_180_reg/CK->R
               View: wc_analysis_view
              Group: in2reg
         Startpoint: (R) rstn
              Clock: (R) CLK
           Endpoint: (F) retime_s1_180_reg/R
              Clock: (R) CLK

                       Capture       Launch
         Clock Edge:+    2.000        0.000
         Drv Adjust:+    0.000        0.064
        Src Latency:+   -0.154        0.000
        Net Latency:+    0.155 (P)    0.000 (I)
            Arrival:=    2.001        0.064

           Recovery:-    0.190
        Uncertainty:-    0.125
      Required Time:=    1.686
       Launch Clock:=    0.064
        Input Delay:+    0.500
          Data Path:+    1.041
              Slack:=    0.082

#---------------------------------------------------------------------------------------------------------------------------------------------------------------
# Timing Point                                                                   Flags  Arc   Edge  Cell                          Fanout  Trans   Delay  Arrival  
#                                                                                                                                          (ns)    (ns)     (ns)  
#---------------------------------------------------------------------------------------------------------------------------------------------------------------
  rstn                                                                           -      rstn  R     (arrival)                          4  0.126   0.002    0.566  
  g44871/Y                                                                       -      A->Y  F     INV_X1M_A9PP140ZTUL_C35           42  0.127   0.194    0.760  
  place_opt_inst_FE_OFC221_MR_3__MC_6__MUL_mul_15_35_n_0/Y                       -      A->Y  R     INV_X1M_A9PP140ZTUL_C35           12  0.289   0.204    0.964  
  cts_opt_inst_FE_OFC272_place_opt_net_FE_OFN54_MR_3__MC_6__MUL_mul_15_35_n_0/Y  -      A->Y  F     INV_X1M_A9PP140ZTUL_C35           37  0.249   0.219    1.183  
  cts_opt_inst_FE_OFC276_place_opt_net_FE_OFN54_MR_3__MC_6__MUL_mul_15_35_n_0/Y  -      A->Y  R     INV_X1M_A9PP140ZTUL_C35            5  0.298   0.121    1.304  
  place_opt_inst_FE_OFC213_MR_3__MC_6__MUL_mul_15_35_n_0/Y                       -      A->Y  F     INV_X1M_A9PP140ZTUL_C35           68  0.145   0.301    1.605  
  retime_s1_180_reg/R                                                            -      R     F     DFFRPQNA_X1M_A9PP140ZTUL_C35      68  0.470   0.000    1.605  
#---------------------------------------------------------------------------------------------------------------------------------------------------------------
Path 68: MET (0.082 ns) Recovery Check with Pin retime_s4_149_reg/CK->R
               View: wc_analysis_view
              Group: in2reg
         Startpoint: (R) rstn
              Clock: (R) CLK
           Endpoint: (F) retime_s4_149_reg/R
              Clock: (R) CLK

                       Capture       Launch
         Clock Edge:+    2.000        0.000
         Drv Adjust:+    0.000        0.064
        Src Latency:+   -0.154        0.000
        Net Latency:+    0.155 (P)    0.000 (I)
            Arrival:=    2.001        0.064

           Recovery:-    0.190
        Uncertainty:-    0.125
      Required Time:=    1.686
       Launch Clock:=    0.064
        Input Delay:+    0.500
          Data Path:+    1.040
              Slack:=    0.082

#---------------------------------------------------------------------------------------------------------------------------------------------------------------
# Timing Point                                                                   Flags  Arc   Edge  Cell                          Fanout  Trans   Delay  Arrival  
#                                                                                                                                          (ns)    (ns)     (ns)  
#---------------------------------------------------------------------------------------------------------------------------------------------------------------
  rstn                                                                           -      rstn  R     (arrival)                          4  0.126   0.002    0.566  
  g44871/Y                                                                       -      A->Y  F     INV_X1M_A9PP140ZTUL_C35           42  0.127   0.194    0.760  
  place_opt_inst_FE_OFC221_MR_3__MC_6__MUL_mul_15_35_n_0/Y                       -      A->Y  R     INV_X1M_A9PP140ZTUL_C35           12  0.289   0.204    0.964  
  cts_opt_inst_FE_OFC272_place_opt_net_FE_OFN54_MR_3__MC_6__MUL_mul_15_35_n_0/Y  -      A->Y  F     INV_X1M_A9PP140ZTUL_C35           37  0.249   0.219    1.183  
  cts_opt_inst_FE_OFC276_place_opt_net_FE_OFN54_MR_3__MC_6__MUL_mul_15_35_n_0/Y  -      A->Y  R     INV_X1M_A9PP140ZTUL_C35            5  0.298   0.121    1.304  
  place_opt_inst_FE_OFC213_MR_3__MC_6__MUL_mul_15_35_n_0/Y                       -      A->Y  F     INV_X1M_A9PP140ZTUL_C35           68  0.145   0.301    1.604  
  retime_s4_149_reg/R                                                            -      R     F     DFFRPQNA_X1M_A9PP140ZTUL_C35      68  0.470   0.000    1.604  
#---------------------------------------------------------------------------------------------------------------------------------------------------------------
Path 69: MET (0.082 ns) Recovery Check with Pin retime_s2_111_reg/CK->R
               View: wc_analysis_view
              Group: in2reg
         Startpoint: (R) rstn
              Clock: (R) CLK
           Endpoint: (F) retime_s2_111_reg/R
              Clock: (R) CLK

                       Capture       Launch
         Clock Edge:+    2.000        0.000
         Drv Adjust:+    0.000        0.064
        Src Latency:+   -0.154        0.000
        Net Latency:+    0.156 (P)    0.000 (I)
            Arrival:=    2.002        0.064

           Recovery:-    0.189
        Uncertainty:-    0.125
      Required Time:=    1.688
       Launch Clock:=    0.064
        Input Delay:+    0.500
          Data Path:+    1.042
              Slack:=    0.082

#---------------------------------------------------------------------------------------------------------------------------------------------------------------
# Timing Point                                                                   Flags  Arc   Edge  Cell                          Fanout  Trans   Delay  Arrival  
#                                                                                                                                          (ns)    (ns)     (ns)  
#---------------------------------------------------------------------------------------------------------------------------------------------------------------
  rstn                                                                           -      rstn  R     (arrival)                          4  0.126   0.002    0.566  
  g44871/Y                                                                       -      A->Y  F     INV_X1M_A9PP140ZTUL_C35           42  0.127   0.194    0.760  
  place_opt_inst_FE_OFC221_MR_3__MC_6__MUL_mul_15_35_n_0/Y                       -      A->Y  R     INV_X1M_A9PP140ZTUL_C35           12  0.289   0.204    0.964  
  cts_opt_inst_FE_OFC272_place_opt_net_FE_OFN54_MR_3__MC_6__MUL_mul_15_35_n_0/Y  -      A->Y  F     INV_X1M_A9PP140ZTUL_C35           37  0.249   0.219    1.183  
  cts_opt_inst_FE_OFC276_place_opt_net_FE_OFN54_MR_3__MC_6__MUL_mul_15_35_n_0/Y  -      A->Y  R     INV_X1M_A9PP140ZTUL_C35            5  0.298   0.121    1.304  
  place_opt_inst_FE_OFC213_MR_3__MC_6__MUL_mul_15_35_n_0/Y                       -      A->Y  F     INV_X1M_A9PP140ZTUL_C35           68  0.145   0.302    1.606  
  retime_s2_111_reg/R                                                            -      R     F     DFFRPQNA_X1M_A9PP140ZTUL_C35      68  0.470   0.000    1.606  
#---------------------------------------------------------------------------------------------------------------------------------------------------------------
Path 70: MET (0.082 ns) Recovery Check with Pin retime_s2_98_reg/CK->R
               View: wc_analysis_view
              Group: in2reg
         Startpoint: (R) rstn
              Clock: (R) CLK
           Endpoint: (F) retime_s2_98_reg/R
              Clock: (R) CLK

                       Capture       Launch
         Clock Edge:+    2.000        0.000
         Drv Adjust:+    0.000        0.064
        Src Latency:+   -0.154        0.000
        Net Latency:+    0.155 (P)    0.000 (I)
            Arrival:=    2.001        0.064

           Recovery:-    0.190
        Uncertainty:-    0.125
      Required Time:=    1.686
       Launch Clock:=    0.064
        Input Delay:+    0.500
          Data Path:+    1.040
              Slack:=    0.082

#---------------------------------------------------------------------------------------------------------------------------------------------------------------
# Timing Point                                                                   Flags  Arc   Edge  Cell                          Fanout  Trans   Delay  Arrival  
#                                                                                                                                          (ns)    (ns)     (ns)  
#---------------------------------------------------------------------------------------------------------------------------------------------------------------
  rstn                                                                           -      rstn  R     (arrival)                          4  0.126   0.002    0.566  
  g44871/Y                                                                       -      A->Y  F     INV_X1M_A9PP140ZTUL_C35           42  0.127   0.194    0.760  
  place_opt_inst_FE_OFC221_MR_3__MC_6__MUL_mul_15_35_n_0/Y                       -      A->Y  R     INV_X1M_A9PP140ZTUL_C35           12  0.289   0.204    0.964  
  cts_opt_inst_FE_OFC272_place_opt_net_FE_OFN54_MR_3__MC_6__MUL_mul_15_35_n_0/Y  -      A->Y  F     INV_X1M_A9PP140ZTUL_C35           37  0.249   0.219    1.183  
  cts_opt_inst_FE_OFC276_place_opt_net_FE_OFN54_MR_3__MC_6__MUL_mul_15_35_n_0/Y  -      A->Y  R     INV_X1M_A9PP140ZTUL_C35            5  0.298   0.121    1.304  
  place_opt_inst_FE_OFC213_MR_3__MC_6__MUL_mul_15_35_n_0/Y                       -      A->Y  F     INV_X1M_A9PP140ZTUL_C35           68  0.145   0.301    1.604  
  retime_s2_98_reg/R                                                             -      R     F     DFFRPQNA_X1M_A9PP140ZTUL_C35      68  0.470   0.000    1.604  
#---------------------------------------------------------------------------------------------------------------------------------------------------------------
Path 71: MET (0.082 ns) Recovery Check with Pin retime_s1_43_reg/CK->R
               View: wc_analysis_view
              Group: in2reg
         Startpoint: (R) rstn
              Clock: (R) CLK
           Endpoint: (F) retime_s1_43_reg/R
              Clock: (R) CLK

                       Capture       Launch
         Clock Edge:+    2.000        0.000
         Drv Adjust:+    0.000        0.064
        Src Latency:+   -0.154        0.000
        Net Latency:+    0.155 (P)    0.000 (I)
            Arrival:=    2.002        0.064

           Recovery:-    0.190
        Uncertainty:-    0.125
      Required Time:=    1.687
       Launch Clock:=    0.064
        Input Delay:+    0.500
          Data Path:+    1.041
              Slack:=    0.082

#---------------------------------------------------------------------------------------------------------------------------------------------------------------
# Timing Point                                                                   Flags  Arc   Edge  Cell                          Fanout  Trans   Delay  Arrival  
#                                                                                                                                          (ns)    (ns)     (ns)  
#---------------------------------------------------------------------------------------------------------------------------------------------------------------
  rstn                                                                           -      rstn  R     (arrival)                          4  0.126   0.002    0.566  
  g44871/Y                                                                       -      A->Y  F     INV_X1M_A9PP140ZTUL_C35           42  0.127   0.194    0.760  
  place_opt_inst_FE_OFC221_MR_3__MC_6__MUL_mul_15_35_n_0/Y                       -      A->Y  R     INV_X1M_A9PP140ZTUL_C35           12  0.289   0.204    0.964  
  cts_opt_inst_FE_OFC272_place_opt_net_FE_OFN54_MR_3__MC_6__MUL_mul_15_35_n_0/Y  -      A->Y  F     INV_X1M_A9PP140ZTUL_C35           37  0.249   0.219    1.183  
  cts_opt_inst_FE_OFC276_place_opt_net_FE_OFN54_MR_3__MC_6__MUL_mul_15_35_n_0/Y  -      A->Y  R     INV_X1M_A9PP140ZTUL_C35            5  0.298   0.121    1.304  
  place_opt_inst_FE_OFC213_MR_3__MC_6__MUL_mul_15_35_n_0/Y                       -      A->Y  F     INV_X1M_A9PP140ZTUL_C35           68  0.145   0.301    1.605  
  retime_s1_43_reg/R                                                             -      R     F     DFFRPQNA_X1M_A9PP140ZTUL_C35      68  0.470   0.000    1.605  
#---------------------------------------------------------------------------------------------------------------------------------------------------------------
Path 72: MET (0.082 ns) Recovery Check with Pin retime_s3_304_reg/CK->R
               View: wc_analysis_view
              Group: in2reg
         Startpoint: (R) rstn
              Clock: (R) CLK
           Endpoint: (F) retime_s3_304_reg/R
              Clock: (R) CLK

                       Capture       Launch
         Clock Edge:+    2.000        0.000
         Drv Adjust:+    0.000        0.064
        Src Latency:+   -0.154        0.000
        Net Latency:+    0.156 (P)    0.000 (I)
            Arrival:=    2.002        0.064

           Recovery:-    0.189
        Uncertainty:-    0.125
      Required Time:=    1.688
       Launch Clock:=    0.064
        Input Delay:+    0.500
          Data Path:+    1.042
              Slack:=    0.082

#---------------------------------------------------------------------------------------------------------------------------------------------------------------
# Timing Point                                                                   Flags  Arc   Edge  Cell                          Fanout  Trans   Delay  Arrival  
#                                                                                                                                          (ns)    (ns)     (ns)  
#---------------------------------------------------------------------------------------------------------------------------------------------------------------
  rstn                                                                           -      rstn  R     (arrival)                          4  0.126   0.002    0.566  
  g44871/Y                                                                       -      A->Y  F     INV_X1M_A9PP140ZTUL_C35           42  0.127   0.194    0.760  
  place_opt_inst_FE_OFC221_MR_3__MC_6__MUL_mul_15_35_n_0/Y                       -      A->Y  R     INV_X1M_A9PP140ZTUL_C35           12  0.289   0.204    0.964  
  cts_opt_inst_FE_OFC272_place_opt_net_FE_OFN54_MR_3__MC_6__MUL_mul_15_35_n_0/Y  -      A->Y  F     INV_X1M_A9PP140ZTUL_C35           37  0.249   0.219    1.183  
  cts_opt_inst_FE_OFC276_place_opt_net_FE_OFN54_MR_3__MC_6__MUL_mul_15_35_n_0/Y  -      A->Y  R     INV_X1M_A9PP140ZTUL_C35            5  0.298   0.121    1.304  
  place_opt_inst_FE_OFC213_MR_3__MC_6__MUL_mul_15_35_n_0/Y                       -      A->Y  F     INV_X1M_A9PP140ZTUL_C35           68  0.145   0.302    1.606  
  retime_s3_304_reg/R                                                            -      R     F     DFFRPQNA_X1M_A9PP140ZTUL_C35      68  0.470   0.000    1.606  
#---------------------------------------------------------------------------------------------------------------------------------------------------------------
Path 73: MET (0.082 ns) Setup Check with Pin ro_reg[3][2][2]/CK->D
               View: wc_analysis_view
              Group: in2reg
         Startpoint: (R) m_ready
              Clock: (R) CLK
           Endpoint: (R) ro_reg[3][2][2]/D
              Clock: (R) CLK

                       Capture       Launch
         Clock Edge:+    2.000        0.000
         Drv Adjust:+    0.000        0.085
        Src Latency:+   -0.154        0.000
        Net Latency:+    0.158 (P)    0.000 (I)
            Arrival:=    2.005        0.085

              Setup:-    0.019
        Uncertainty:-    0.125
      Required Time:=    1.860
       Launch Clock:=    0.085
        Input Delay:+    0.500
          Data Path:+    1.193
              Slack:=    0.082

#---------------------------------------------------------------------------------------------------------------------
# Timing Point                      Flags  Arc      Edge  Cell                          Fanout  Trans   Delay  Arrival  
#                                                                                                (ns)    (ns)     (ns)  
#---------------------------------------------------------------------------------------------------------------------
  m_ready                           -      m_ready  R     (arrival)                          2  0.171   0.004    0.589  
  g39627__3680/Y                    -      A->Y     F     NAND2_X4B_A9PP140ZTUL_C35         11  0.171   0.049    0.638  
  place_opt_inst_FE_OFC77_n_3027/Y  -      A->Y     R     INV_X1M_A9PP140ZTUL_C35           21  0.083   0.166    0.804  
  g44154/Y                          -      A->Y     R     OR2_X0P5M_A9PP140ZTUL_C35         65  0.250   0.346    1.150  
  g43621/Y                          -      A->Y     F     INV_X0P6M_A9PP140ZTUL_C35         64  0.635   0.397    1.547  
  g41132/Y                          -      A0->Y    R     OAI22_X0P5M_A9PP140ZTUL_C35        1  0.545   0.146    1.693  
  cts_opt_inst_FE_PHC1677_n_2327/Y  -      A->Y     R     DLY2_X0P5M_A9PP140ZTUL_C35         1  0.171   0.058    1.752  
  cts_opt_inst_FE_PHC2637_n_2327/Y  -      A->Y     R     BUF_X1B_A9PP140ZTUL_C35            1  0.035   0.026    1.778  
  ro_reg[3][2][2]/D                 -      D        R     DFFRPQNA_X1M_A9PP140ZTUL_C35       1  0.016   0.000    1.778  
#---------------------------------------------------------------------------------------------------------------------
Path 74: MET (0.082 ns) Recovery Check with Pin retime_s1_23_reg/CK->R
               View: wc_analysis_view
              Group: in2reg
         Startpoint: (R) rstn
              Clock: (R) CLK
           Endpoint: (F) retime_s1_23_reg/R
              Clock: (R) CLK

                       Capture       Launch
         Clock Edge:+    2.000        0.000
         Drv Adjust:+    0.000        0.064
        Src Latency:+   -0.154        0.000
        Net Latency:+    0.156 (P)    0.000 (I)
            Arrival:=    2.002        0.064

           Recovery:-    0.189
        Uncertainty:-    0.125
      Required Time:=    1.688
       Launch Clock:=    0.064
        Input Delay:+    0.500
          Data Path:+    1.042
              Slack:=    0.082

#---------------------------------------------------------------------------------------------------------------------------------------------------------------
# Timing Point                                                                   Flags  Arc   Edge  Cell                          Fanout  Trans   Delay  Arrival  
#                                                                                                                                          (ns)    (ns)     (ns)  
#---------------------------------------------------------------------------------------------------------------------------------------------------------------
  rstn                                                                           -      rstn  R     (arrival)                          4  0.126   0.002    0.566  
  g44871/Y                                                                       -      A->Y  F     INV_X1M_A9PP140ZTUL_C35           42  0.127   0.194    0.760  
  place_opt_inst_FE_OFC221_MR_3__MC_6__MUL_mul_15_35_n_0/Y                       -      A->Y  R     INV_X1M_A9PP140ZTUL_C35           12  0.289   0.204    0.964  
  cts_opt_inst_FE_OFC272_place_opt_net_FE_OFN54_MR_3__MC_6__MUL_mul_15_35_n_0/Y  -      A->Y  F     INV_X1M_A9PP140ZTUL_C35           37  0.249   0.219    1.183  
  cts_opt_inst_FE_OFC276_place_opt_net_FE_OFN54_MR_3__MC_6__MUL_mul_15_35_n_0/Y  -      A->Y  R     INV_X1M_A9PP140ZTUL_C35            5  0.298   0.121    1.304  
  place_opt_inst_FE_OFC213_MR_3__MC_6__MUL_mul_15_35_n_0/Y                       -      A->Y  F     INV_X1M_A9PP140ZTUL_C35           68  0.145   0.302    1.606  
  retime_s1_23_reg/R                                                             -      R     F     DFFRPQNA_X1M_A9PP140ZTUL_C35      68  0.470   0.000    1.606  
#---------------------------------------------------------------------------------------------------------------------------------------------------------------
Path 75: MET (0.082 ns) Recovery Check with Pin retime_s2_197_reg/CK->R
               View: wc_analysis_view
              Group: in2reg
         Startpoint: (R) rstn
              Clock: (R) CLK
           Endpoint: (F) retime_s2_197_reg/R
              Clock: (R) CLK

                       Capture       Launch
         Clock Edge:+    2.000        0.000
         Drv Adjust:+    0.000        0.064
        Src Latency:+   -0.154        0.000
        Net Latency:+    0.156 (P)    0.000 (I)
            Arrival:=    2.002        0.064

           Recovery:-    0.189
        Uncertainty:-    0.125
      Required Time:=    1.688
       Launch Clock:=    0.064
        Input Delay:+    0.500
          Data Path:+    1.042
              Slack:=    0.082

#---------------------------------------------------------------------------------------------------------------------------------------------------------------
# Timing Point                                                                   Flags  Arc   Edge  Cell                          Fanout  Trans   Delay  Arrival  
#                                                                                                                                          (ns)    (ns)     (ns)  
#---------------------------------------------------------------------------------------------------------------------------------------------------------------
  rstn                                                                           -      rstn  R     (arrival)                          4  0.126   0.002    0.566  
  g44871/Y                                                                       -      A->Y  F     INV_X1M_A9PP140ZTUL_C35           42  0.127   0.194    0.760  
  place_opt_inst_FE_OFC221_MR_3__MC_6__MUL_mul_15_35_n_0/Y                       -      A->Y  R     INV_X1M_A9PP140ZTUL_C35           12  0.289   0.204    0.964  
  cts_opt_inst_FE_OFC272_place_opt_net_FE_OFN54_MR_3__MC_6__MUL_mul_15_35_n_0/Y  -      A->Y  F     INV_X1M_A9PP140ZTUL_C35           37  0.249   0.219    1.183  
  cts_opt_inst_FE_OFC276_place_opt_net_FE_OFN54_MR_3__MC_6__MUL_mul_15_35_n_0/Y  -      A->Y  R     INV_X1M_A9PP140ZTUL_C35            5  0.298   0.121    1.304  
  place_opt_inst_FE_OFC213_MR_3__MC_6__MUL_mul_15_35_n_0/Y                       -      A->Y  F     INV_X1M_A9PP140ZTUL_C35           68  0.145   0.302    1.606  
  retime_s2_197_reg/R                                                            -      R     F     DFFRPQNA_X1M_A9PP140ZTUL_C35      68  0.470   0.000    1.606  
#---------------------------------------------------------------------------------------------------------------------------------------------------------------
Path 76: MET (0.082 ns) Setup Check with Pin ro_reg[1][4][14]/CK->D
               View: wc_analysis_view
              Group: in2reg
         Startpoint: (F) m_ready
              Clock: (R) CLK
           Endpoint: (F) ro_reg[1][4][14]/D
              Clock: (R) CLK

                       Capture       Launch
         Clock Edge:+    2.000        0.000
         Drv Adjust:+    0.000        0.082
        Src Latency:+   -0.154        0.000
        Net Latency:+    0.154 (P)    0.000 (I)
            Arrival:=    2.000        0.082

              Setup:-    0.058
        Uncertainty:-    0.125
      Required Time:=    1.818
       Launch Clock:=    0.082
        Input Delay:+    0.500
          Data Path:+    1.154
              Slack:=    0.082

#---------------------------------------------------------------------------------------------------------------------
# Timing Point                      Flags  Arc      Edge  Cell                          Fanout  Trans   Delay  Arrival  
#                                                                                                (ns)    (ns)     (ns)  
#---------------------------------------------------------------------------------------------------------------------
  m_ready                           -      m_ready  F     (arrival)                          2  0.166   0.004    0.585  
  g39627__3680/Y                    -      A->Y     R     NAND2_X4B_A9PP140ZTUL_C35         11  0.166   0.054    0.639  
  place_opt_inst_FE_OFC77_n_3027/Y  -      A->Y     F     INV_X1M_A9PP140ZTUL_C35           21  0.071   0.124    0.763  
  g44154/Y                          -      A->Y     F     OR2_X0P5M_A9PP140ZTUL_C35         65  0.188   0.300    1.063  
  g43621/Y                          -      A->Y     R     INV_X0P6M_A9PP140ZTUL_C35         64  0.489   0.531    1.594  
  g41048/Y                          -      A0->Y    F     OAI22_X0P5M_A9PP140ZTUL_C35        1  0.700   0.006    1.600  
  cts_opt_inst_FE_PHC1686_n_2411/Y  -      A->Y     F     DLY2_X0P5M_A9PP140ZTUL_C35         1  0.145   0.083    1.682  
  cts_opt_inst_FE_PHC2275_n_2411/Y  -      A->Y     F     BUF_X1B_A9PP140ZTUL_C35            1  0.025   0.029    1.711  
  cts_opt_inst_FE_PHC3007_n_2411/Y  -      A->Y     F     BUFH_X1M_A9PP140ZTUL_C35           1  0.021   0.024    1.735  
  ro_reg[1][4][14]/D                -      D        F     DFFRPQNA_X1M_A9PP140ZTUL_C35       1  0.015   0.000    1.735  
#---------------------------------------------------------------------------------------------------------------------
Path 77: MET (0.083 ns) Setup Check with Pin ro_reg[1][6][11]/CK->D
               View: wc_analysis_view
              Group: in2reg
         Startpoint: (F) m_ready
              Clock: (R) CLK
           Endpoint: (F) ro_reg[1][6][11]/D
              Clock: (R) CLK

                       Capture       Launch
         Clock Edge:+    2.000        0.000
         Drv Adjust:+    0.000        0.082
        Src Latency:+   -0.154        0.000
        Net Latency:+    0.156 (P)    0.000 (I)
            Arrival:=    2.002        0.082

              Setup:-    0.066
        Uncertainty:-    0.125
      Required Time:=    1.812
       Launch Clock:=    0.082
        Input Delay:+    0.500
          Data Path:+    1.148
              Slack:=    0.083

#---------------------------------------------------------------------------------------------------------------------
# Timing Point                      Flags  Arc      Edge  Cell                          Fanout  Trans   Delay  Arrival  
#                                                                                                (ns)    (ns)     (ns)  
#---------------------------------------------------------------------------------------------------------------------
  m_ready                           -      m_ready  F     (arrival)                          2  0.166   0.004    0.585  
  g39627__3680/Y                    -      A->Y     R     NAND2_X4B_A9PP140ZTUL_C35         11  0.166   0.055    0.640  
  g44719/Y                          -      A->Y     F     NAND2_X0P5A_A9PP140ZTUL_C35       49  0.071   0.388    1.029  
  g44701/Y                          -      A->Y     R     INV_X1M_A9PP140ZTUL_C35           36  0.748   0.286    1.314  
  cts_opt_inst_FE_OFC304_n_258/Y    -      A->Y     R     BUF_X1M_A9PP140ZTUL_C35           45  0.352   0.146    1.460  
  g41553/Y                          -      A0->Y    F     OAI22_X0P5M_A9PP140ZTUL_C35        1  0.284   0.080    1.540  
  cts_opt_inst_FE_PHC1618_n_2169/Y  -      A->Y     F     DLY4_X0P5M_A9PP140ZTUL_C35         1  0.263   0.189    1.729  
  ro_reg[1][6][11]/D                -      D        F     DFFRPQNA_X1M_A9PP140ZTUL_C35       1  0.042   0.000    1.729  
#---------------------------------------------------------------------------------------------------------------------
Path 78: MET (0.083 ns) Setup Check with Pin ro_reg[0][5][15]/CK->D
               View: wc_analysis_view
              Group: in2reg
         Startpoint: (R) m_ready
              Clock: (R) CLK
           Endpoint: (R) ro_reg[0][5][15]/D
              Clock: (R) CLK

                       Capture       Launch
         Clock Edge:+    2.000        0.000
         Drv Adjust:+    0.000        0.085
        Src Latency:+   -0.154        0.000
        Net Latency:+    0.147 (P)    0.000 (I)
            Arrival:=    1.993        0.085

              Setup:-    0.020
        Uncertainty:-    0.125
      Required Time:=    1.848
       Launch Clock:=    0.085
        Input Delay:+    0.500
          Data Path:+    1.180
              Slack:=    0.083

#---------------------------------------------------------------------------------------------------------------------
# Timing Point                      Flags  Arc      Edge  Cell                          Fanout  Trans   Delay  Arrival  
#                                                                                                (ns)    (ns)     (ns)  
#---------------------------------------------------------------------------------------------------------------------
  m_ready                           -      m_ready  R     (arrival)                          2  0.171   0.004    0.589  
  g39627__3680/Y                    -      A->Y     F     NAND2_X4B_A9PP140ZTUL_C35         11  0.171   0.049    0.638  
  place_opt_inst_FE_OFC77_n_3027/Y  -      A->Y     R     INV_X1M_A9PP140ZTUL_C35           21  0.083   0.166    0.804  
  g44154/Y                          -      A->Y     R     OR2_X0P5M_A9PP140ZTUL_C35         65  0.250   0.346    1.150  
  g43621/Y                          -      A->Y     F     INV_X0P6M_A9PP140ZTUL_C35         64  0.635   0.384    1.534  
  g41195/Y                          -      A0->Y    R     OAI22_X0P5M_A9PP140ZTUL_C35        1  0.544   0.150    1.685  
  cts_opt_inst_FE_PHC1741_n_2264/Y  -      A->Y     R     DLY2_X0P5M_A9PP140ZTUL_C35         1  0.175   0.061    1.745  
  cts_opt_inst_FE_PHC2651_n_2264/Y  -      A->Y     R     BUFH_X1M_A9PP140ZTUL_C35           1  0.038   0.019    1.765  
  ro_reg[0][5][15]/D                -      D        R     DFFRPQNA_X1M_A9PP140ZTUL_C35       1  0.011   0.000    1.765  
#---------------------------------------------------------------------------------------------------------------------
Path 79: MET (0.083 ns) Recovery Check with Pin retime_s2_120_reg/CK->R
               View: wc_analysis_view
              Group: in2reg
         Startpoint: (R) rstn
              Clock: (R) CLK
           Endpoint: (F) retime_s2_120_reg/R
              Clock: (R) CLK

                       Capture       Launch
         Clock Edge:+    2.000        0.000
         Drv Adjust:+    0.000        0.064
        Src Latency:+   -0.154        0.000
        Net Latency:+    0.157 (P)    0.000 (I)
            Arrival:=    2.003        0.064

           Recovery:-    0.189
        Uncertainty:-    0.125
      Required Time:=    1.689
       Launch Clock:=    0.064
        Input Delay:+    0.500
          Data Path:+    1.042
              Slack:=    0.083

#---------------------------------------------------------------------------------------------------------------------------------------------------------------
# Timing Point                                                                   Flags  Arc   Edge  Cell                          Fanout  Trans   Delay  Arrival  
#                                                                                                                                          (ns)    (ns)     (ns)  
#---------------------------------------------------------------------------------------------------------------------------------------------------------------
  rstn                                                                           -      rstn  R     (arrival)                          4  0.126   0.002    0.566  
  g44871/Y                                                                       -      A->Y  F     INV_X1M_A9PP140ZTUL_C35           42  0.127   0.194    0.760  
  place_opt_inst_FE_OFC221_MR_3__MC_6__MUL_mul_15_35_n_0/Y                       -      A->Y  R     INV_X1M_A9PP140ZTUL_C35           12  0.289   0.204    0.964  
  cts_opt_inst_FE_OFC272_place_opt_net_FE_OFN54_MR_3__MC_6__MUL_mul_15_35_n_0/Y  -      A->Y  F     INV_X1M_A9PP140ZTUL_C35           37  0.249   0.219    1.183  
  cts_opt_inst_FE_OFC276_place_opt_net_FE_OFN54_MR_3__MC_6__MUL_mul_15_35_n_0/Y  -      A->Y  R     INV_X1M_A9PP140ZTUL_C35            5  0.298   0.121    1.304  
  place_opt_inst_FE_OFC213_MR_3__MC_6__MUL_mul_15_35_n_0/Y                       -      A->Y  F     INV_X1M_A9PP140ZTUL_C35           68  0.145   0.302    1.606  
  retime_s2_120_reg/R                                                            -      R     F     DFFRPQNA_X1M_A9PP140ZTUL_C35      68  0.470   0.000    1.606  
#---------------------------------------------------------------------------------------------------------------------------------------------------------------
Path 80: MET (0.083 ns) Setup Check with Pin ro_reg[1][6][9]/CK->D
               View: wc_analysis_view
              Group: in2reg
         Startpoint: (F) m_ready
              Clock: (R) CLK
           Endpoint: (F) ro_reg[1][6][9]/D
              Clock: (R) CLK

                       Capture       Launch
         Clock Edge:+    2.000        0.000
         Drv Adjust:+    0.000        0.082
        Src Latency:+   -0.154        0.000
        Net Latency:+    0.156 (P)    0.000 (I)
            Arrival:=    2.002        0.082

              Setup:-    0.061
        Uncertainty:-    0.125
      Required Time:=    1.817
       Launch Clock:=    0.082
        Input Delay:+    0.500
          Data Path:+    1.152
              Slack:=    0.083

#---------------------------------------------------------------------------------------------------------------------
# Timing Point                      Flags  Arc      Edge  Cell                          Fanout  Trans   Delay  Arrival  
#                                                                                                (ns)    (ns)     (ns)  
#---------------------------------------------------------------------------------------------------------------------
  m_ready                           -      m_ready  F     (arrival)                          2  0.166   0.004    0.585  
  g39627__3680/Y                    -      A->Y     R     NAND2_X4B_A9PP140ZTUL_C35         11  0.166   0.055    0.640  
  g44719/Y                          -      A->Y     F     NAND2_X0P5A_A9PP140ZTUL_C35       49  0.071   0.388    1.029  
  g44701/Y                          -      A->Y     R     INV_X1M_A9PP140ZTUL_C35           36  0.748   0.286    1.314  
  cts_opt_inst_FE_OFC304_n_258/Y    -      A->Y     R     BUF_X1M_A9PP140ZTUL_C35           45  0.352   0.150    1.464  
  g41551/Y                          -      A0->Y    F     OAI22_X0P5M_A9PP140ZTUL_C35        1  0.285   0.083    1.548  
  cts_opt_inst_FE_PHC1621_n_2171/Y  -      A->Y     F     DLY4_X4M_A9PP140ZTUL_C35           1  0.270   0.185    1.733  
  ro_reg[1][6][9]/D                 -      D        F     DFFRPQNA_X1M_A9PP140ZTUL_C35       1  0.026   0.000    1.733  
#---------------------------------------------------------------------------------------------------------------------
Path 81: MET (0.084 ns) Setup Check with Pin ro_reg[2][3][3]/CK->D
               View: wc_analysis_view
              Group: in2reg
         Startpoint: (F) m_ready
              Clock: (R) CLK
           Endpoint: (F) ro_reg[2][3][3]/D
              Clock: (R) CLK

                       Capture       Launch
         Clock Edge:+    2.000        0.000
         Drv Adjust:+    0.000        0.082
        Src Latency:+   -0.154        0.000
        Net Latency:+    0.158 (P)    0.000 (I)
            Arrival:=    2.004        0.082

              Setup:-    0.054
        Uncertainty:-    0.125
      Required Time:=    1.824
       Launch Clock:=    0.082
        Input Delay:+    0.500
          Data Path:+    1.159
              Slack:=    0.084

#---------------------------------------------------------------------------------------------------------------------
# Timing Point                      Flags  Arc      Edge  Cell                          Fanout  Trans   Delay  Arrival  
#                                                                                                (ns)    (ns)     (ns)  
#---------------------------------------------------------------------------------------------------------------------
  m_ready                           -      m_ready  F     (arrival)                          2  0.166   0.004    0.585  
  g39627__3680/Y                    -      A->Y     R     NAND2_X4B_A9PP140ZTUL_C35         11  0.166   0.054    0.639  
  place_opt_inst_FE_OFC77_n_3027/Y  -      A->Y     F     INV_X1M_A9PP140ZTUL_C35           21  0.071   0.124    0.763  
  g44154/Y                          -      A->Y     F     OR2_X0P5M_A9PP140ZTUL_C35         65  0.188   0.300    1.063  
  g43621/Y                          -      A->Y     R     INV_X0P6M_A9PP140ZTUL_C35         64  0.489   0.543    1.606  
  g41085/Y                          -      A0->Y    F     OAI22_X0P5M_A9PP140ZTUL_C35        1  0.700   0.023    1.630  
  cts_opt_inst_FE_PHC1757_n_2374/Y  -      A->Y     F     DLY2_X0P5M_A9PP140ZTUL_C35         1  0.164   0.089    1.719  
  cts_opt_inst_FE_PHC2420_n_2374/Y  -      A->Y     F     BUFH_X1M_A9PP140ZTUL_C35           1  0.028   0.022    1.741  
  ro_reg[2][3][3]/D                 -      D        F     DFFRPQNA_X1M_A9PP140ZTUL_C35       1  0.010   0.000    1.741  
#---------------------------------------------------------------------------------------------------------------------
Path 82: MET (0.084 ns) Setup Check with Pin ro_reg[3][1][10]/CK->D
               View: wc_analysis_view
              Group: in2reg
         Startpoint: (F) m_ready
              Clock: (R) CLK
           Endpoint: (F) ro_reg[3][1][10]/D
              Clock: (R) CLK

                       Capture       Launch
         Clock Edge:+    2.000        0.000
         Drv Adjust:+    0.000        0.082
        Src Latency:+   -0.154        0.000
        Net Latency:+    0.152 (P)    0.000 (I)
            Arrival:=    1.998        0.082

              Setup:-    0.077
        Uncertainty:-    0.125
      Required Time:=    1.795
       Launch Clock:=    0.082
        Input Delay:+    0.500
          Data Path:+    1.129
              Slack:=    0.084

#---------------------------------------------------------------------------------------------------------------------
# Timing Point                      Flags  Arc      Edge  Cell                          Fanout  Trans   Delay  Arrival  
#                                                                                                (ns)    (ns)     (ns)  
#---------------------------------------------------------------------------------------------------------------------
  m_ready                           -      m_ready  F     (arrival)                          2  0.166   0.004    0.585  
  g39627__3680/Y                    -      A->Y     R     NAND2_X4B_A9PP140ZTUL_C35         11  0.166   0.054    0.639  
  place_opt_inst_FE_OFC77_n_3027/Y  -      A->Y     F     INV_X1M_A9PP140ZTUL_C35           21  0.071   0.125    0.765  
  g44155/Y                          -      A->Y     F     OR2_X1M_A9PP140ZTUL_C35           65  0.188   0.230    0.994  
  cts_opt_inst_FE_OFC245_n_1332/Y   -      A->Y     R     INV_X1M_A9PP140ZTUL_C35           64  0.336   0.350    1.344  
  g41124/Y                          -      A0->Y    F     OAI22_X0P5M_A9PP140ZTUL_C35        1  0.465   0.154    1.498  
  cts_opt_inst_FE_PHC1134_n_2335/Y  -      A->Y     F     DLY4_X0P5M_A9PP140ZTUL_C35         1  0.267   0.213    1.711  
  ro_reg[3][1][10]/D                -      D        F     DFFRPQNA_X1M_A9PP140ZTUL_C35       1  0.084   0.000    1.711  
#---------------------------------------------------------------------------------------------------------------------
Path 83: MET (0.085 ns) Setup Check with Pin ro_reg[3][2][7]/CK->D
               View: wc_analysis_view
              Group: in2reg
         Startpoint: (F) m_ready
              Clock: (R) CLK
           Endpoint: (F) ro_reg[3][2][7]/D
              Clock: (R) CLK

                       Capture       Launch
         Clock Edge:+    2.000        0.000
         Drv Adjust:+    0.000        0.082
        Src Latency:+   -0.154        0.000
        Net Latency:+    0.157 (P)    0.000 (I)
            Arrival:=    2.004        0.082

              Setup:-    0.056
        Uncertainty:-    0.125
      Required Time:=    1.823
       Launch Clock:=    0.082
        Input Delay:+    0.500
          Data Path:+    1.156
              Slack:=    0.085

#---------------------------------------------------------------------------------------------------------------------
# Timing Point                      Flags  Arc      Edge  Cell                          Fanout  Trans   Delay  Arrival  
#                                                                                                (ns)    (ns)     (ns)  
#---------------------------------------------------------------------------------------------------------------------
  m_ready                           -      m_ready  F     (arrival)                          2  0.166   0.004    0.585  
  g39627__3680/Y                    -      A->Y     R     NAND2_X4B_A9PP140ZTUL_C35         11  0.166   0.054    0.639  
  place_opt_inst_FE_OFC77_n_3027/Y  -      A->Y     F     INV_X1M_A9PP140ZTUL_C35           21  0.071   0.124    0.763  
  g44154/Y                          -      A->Y     F     OR2_X0P5M_A9PP140ZTUL_C35         65  0.188   0.300    1.063  
  g43621/Y                          -      A->Y     R     INV_X0P6M_A9PP140ZTUL_C35         64  0.489   0.544    1.607  
  g41135/Y                          -      A0->Y    F     OAI22_X0P5M_A9PP140ZTUL_C35        1  0.700   0.018    1.625  
  cts_opt_inst_FE_PHC1679_n_2324/Y  -      A->Y     F     DLY2_X0P5M_A9PP140ZTUL_C35         1  0.158   0.087    1.712  
  cts_opt_inst_FE_PHC2650_n_2324/Y  -      A->Y     F     BUF_X1B_A9PP140ZTUL_C35            1  0.027   0.026    1.738  
  ro_reg[3][2][7]/D                 -      D        F     DFFRPQNA_X1M_A9PP140ZTUL_C35       1  0.015   0.000    1.738  
#---------------------------------------------------------------------------------------------------------------------
Path 84: MET (0.085 ns) Setup Check with Pin ro_reg[0][5][14]/CK->D
               View: wc_analysis_view
              Group: in2reg
         Startpoint: (R) m_ready
              Clock: (R) CLK
           Endpoint: (R) ro_reg[0][5][14]/D
              Clock: (R) CLK

                       Capture       Launch
         Clock Edge:+    2.000        0.000
         Drv Adjust:+    0.000        0.085
        Src Latency:+   -0.154        0.000
        Net Latency:+    0.147 (P)    0.000 (I)
            Arrival:=    1.993        0.085

              Setup:-    0.020
        Uncertainty:-    0.125
      Required Time:=    1.848
       Launch Clock:=    0.085
        Input Delay:+    0.500
          Data Path:+    1.177
              Slack:=    0.085

#---------------------------------------------------------------------------------------------------------------------
# Timing Point                      Flags  Arc      Edge  Cell                          Fanout  Trans   Delay  Arrival  
#                                                                                                (ns)    (ns)     (ns)  
#---------------------------------------------------------------------------------------------------------------------
  m_ready                           -      m_ready  R     (arrival)                          2  0.171   0.004    0.589  
  g39627__3680/Y                    -      A->Y     F     NAND2_X4B_A9PP140ZTUL_C35         11  0.171   0.049    0.638  
  place_opt_inst_FE_OFC77_n_3027/Y  -      A->Y     R     INV_X1M_A9PP140ZTUL_C35           21  0.083   0.166    0.804  
  g44154/Y                          -      A->Y     R     OR2_X0P5M_A9PP140ZTUL_C35         65  0.250   0.346    1.150  
  g43621/Y                          -      A->Y     F     INV_X0P6M_A9PP140ZTUL_C35         64  0.635   0.384    1.534  
  g41192/Y                          -      A0->Y    R     OAI22_X0P5M_A9PP140ZTUL_C35        1  0.544   0.154    1.688  
  cts_opt_inst_FE_PHC1726_n_2267/Y  -      A->Y     R     DLY2_X0P5M_A9PP140ZTUL_C35         1  0.180   0.054    1.742  
  cts_opt_inst_FE_PHC3030_n_2267/Y  -      A->Y     R     BUFH_X1M_A9PP140ZTUL_C35           1  0.029   0.020    1.763  
  ro_reg[0][5][14]/D                -      D        R     DFFRPQNA_X1M_A9PP140ZTUL_C35       1  0.014   0.000    1.763  
#---------------------------------------------------------------------------------------------------------------------
Path 85: MET (0.086 ns) Setup Check with Pin ro_reg[3][4][1]/CK->D
               View: wc_analysis_view
              Group: in2reg
         Startpoint: (F) m_ready
              Clock: (R) CLK
           Endpoint: (F) ro_reg[3][4][1]/D
              Clock: (R) CLK

                       Capture       Launch
         Clock Edge:+    2.000        0.000
         Drv Adjust:+    0.000        0.082
        Src Latency:+   -0.154        0.000
        Net Latency:+    0.156 (P)    0.000 (I)
            Arrival:=    2.002        0.082

              Setup:-    0.062
        Uncertainty:-    0.125
      Required Time:=    1.815
       Launch Clock:=    0.082
        Input Delay:+    0.500
          Data Path:+    1.147
              Slack:=    0.086

#---------------------------------------------------------------------------------------------------------------------
# Timing Point                      Flags  Arc      Edge  Cell                          Fanout  Trans   Delay  Arrival  
#                                                                                                (ns)    (ns)     (ns)  
#---------------------------------------------------------------------------------------------------------------------
  m_ready                           -      m_ready  F     (arrival)                          2  0.166   0.004    0.585  
  g39627__3680/Y                    -      A->Y     R     NAND2_X4B_A9PP140ZTUL_C35         11  0.166   0.055    0.640  
  g44719/Y                          -      A->Y     F     NAND2_X0P5A_A9PP140ZTUL_C35       49  0.071   0.388    1.029  
  g44701/Y                          -      A->Y     R     INV_X1M_A9PP140ZTUL_C35           36  0.748   0.286    1.314  
  cts_opt_inst_FE_OFC304_n_258/Y    -      A->Y     R     BUF_X1M_A9PP140ZTUL_C35           45  0.352   0.171    1.485  
  g41575/Y                          -      A0->Y    F     OAI22_X0P5M_A9PP140ZTUL_C35        1  0.287   0.066    1.552  
  cts_opt_inst_FE_PHC1601_n_2147/Y  -      A->Y     F     DLY4_X0P5M_A9PP140ZTUL_C35         1  0.241   0.178    1.729  
  ro_reg[3][4][1]/D                 -      D        F     DFFRPQNA_X1M_A9PP140ZTUL_C35       1  0.033   0.000    1.729  
#---------------------------------------------------------------------------------------------------------------------
Path 86: MET (0.086 ns) Setup Check with Pin ro_reg[0][5][4]/CK->D
               View: wc_analysis_view
              Group: in2reg
         Startpoint: (F) m_ready
              Clock: (R) CLK
           Endpoint: (F) ro_reg[0][5][4]/D
              Clock: (R) CLK

                       Capture       Launch
         Clock Edge:+    2.000        0.000
         Drv Adjust:+    0.000        0.082
        Src Latency:+   -0.154        0.000
        Net Latency:+    0.154 (P)    0.000 (I)
            Arrival:=    2.000        0.082

              Setup:-    0.056
        Uncertainty:-    0.125
      Required Time:=    1.819
       Launch Clock:=    0.082
        Input Delay:+    0.500
          Data Path:+    1.152
              Slack:=    0.086

#---------------------------------------------------------------------------------------------------------------------
# Timing Point                      Flags  Arc      Edge  Cell                          Fanout  Trans   Delay  Arrival  
#                                                                                                (ns)    (ns)     (ns)  
#---------------------------------------------------------------------------------------------------------------------
  m_ready                           -      m_ready  F     (arrival)                          2  0.166   0.004    0.585  
  g39627__3680/Y                    -      A->Y     R     NAND2_X4B_A9PP140ZTUL_C35         11  0.166   0.054    0.639  
  place_opt_inst_FE_OFC77_n_3027/Y  -      A->Y     F     INV_X1M_A9PP140ZTUL_C35           21  0.071   0.124    0.763  
  g44154/Y                          -      A->Y     F     OR2_X0P5M_A9PP140ZTUL_C35         65  0.188   0.300    1.063  
  g43621/Y                          -      A->Y     R     INV_X0P6M_A9PP140ZTUL_C35         64  0.489   0.528    1.592  
  g41182/Y                          -      A0->Y    F     OAI22_X0P5M_A9PP140ZTUL_C35        1  0.700   0.024    1.616  
  cts_opt_inst_FE_PHC1732_n_2277/Y  -      A->Y     F     DLY2_X0P5M_A9PP140ZTUL_C35         1  0.165   0.094    1.710  
  cts_opt_inst_FE_PHC2417_n_2277/Y  -      A->Y     F     BUFH_X1M_A9PP140ZTUL_C35           1  0.033   0.023    1.733  
  ro_reg[0][5][4]/D                 -      D        F     DFFRPQNA_X1M_A9PP140ZTUL_C35       1  0.010   0.000    1.733  
#---------------------------------------------------------------------------------------------------------------------
Path 87: MET (0.086 ns) Setup Check with Pin ro_reg[1][4][12]/CK->D
               View: wc_analysis_view
              Group: in2reg
         Startpoint: (R) m_ready
              Clock: (R) CLK
           Endpoint: (R) ro_reg[1][4][12]/D
              Clock: (R) CLK

                       Capture       Launch
         Clock Edge:+    2.000        0.000
         Drv Adjust:+    0.000        0.085
        Src Latency:+   -0.154        0.000
        Net Latency:+    0.154 (P)    0.000 (I)
            Arrival:=    2.000        0.085

              Setup:-    0.019
        Uncertainty:-    0.125
      Required Time:=    1.857
       Launch Clock:=    0.085
        Input Delay:+    0.500
          Data Path:+    1.186
              Slack:=    0.086

#---------------------------------------------------------------------------------------------------------------------
# Timing Point                      Flags  Arc      Edge  Cell                          Fanout  Trans   Delay  Arrival  
#                                                                                                (ns)    (ns)     (ns)  
#---------------------------------------------------------------------------------------------------------------------
  m_ready                           -      m_ready  R     (arrival)                          2  0.171   0.004    0.589  
  g39627__3680/Y                    -      A->Y     F     NAND2_X4B_A9PP140ZTUL_C35         11  0.171   0.049    0.638  
  place_opt_inst_FE_OFC77_n_3027/Y  -      A->Y     R     INV_X1M_A9PP140ZTUL_C35           21  0.083   0.166    0.804  
  g44154/Y                          -      A->Y     R     OR2_X0P5M_A9PP140ZTUL_C35         65  0.250   0.346    1.150  
  g43621/Y                          -      A->Y     F     INV_X0P6M_A9PP140ZTUL_C35         64  0.635   0.383    1.533  
  g41046/Y                          -      A0->Y    R     OAI22_X0P5M_A9PP140ZTUL_C35        1  0.544   0.165    1.698  
  cts_opt_inst_FE_PHC1712_n_2413/Y  -      A->Y     R     DLY2_X4M_A9PP140ZTUL_C35           1  0.192   0.073    1.771  
  ro_reg[1][4][12]/D                -      D        R     DFFRPQNA_X1M_A9PP140ZTUL_C35       1  0.027   0.000    1.771  
#---------------------------------------------------------------------------------------------------------------------
Path 88: MET (0.086 ns) Setup Check with Pin ro_reg[3][1][14]/CK->D
               View: wc_analysis_view
              Group: in2reg
         Startpoint: (F) m_ready
              Clock: (R) CLK
           Endpoint: (F) ro_reg[3][1][14]/D
              Clock: (R) CLK

                       Capture       Launch
         Clock Edge:+    2.000        0.000
         Drv Adjust:+    0.000        0.082
        Src Latency:+   -0.154        0.000
        Net Latency:+    0.151 (P)    0.000 (I)
            Arrival:=    1.998        0.082

              Setup:-    0.078
        Uncertainty:-    0.125
      Required Time:=    1.795
       Launch Clock:=    0.082
        Input Delay:+    0.500
          Data Path:+    1.127
              Slack:=    0.086

#---------------------------------------------------------------------------------------------------------------------
# Timing Point                      Flags  Arc      Edge  Cell                          Fanout  Trans   Delay  Arrival  
#                                                                                                (ns)    (ns)     (ns)  
#---------------------------------------------------------------------------------------------------------------------
  m_ready                           -      m_ready  F     (arrival)                          2  0.166   0.004    0.585  
  g39627__3680/Y                    -      A->Y     R     NAND2_X4B_A9PP140ZTUL_C35         11  0.166   0.054    0.639  
  place_opt_inst_FE_OFC77_n_3027/Y  -      A->Y     F     INV_X1M_A9PP140ZTUL_C35           21  0.071   0.125    0.765  
  g44155/Y                          -      A->Y     F     OR2_X1M_A9PP140ZTUL_C35           65  0.188   0.230    0.994  
  cts_opt_inst_FE_OFC245_n_1332/Y   -      A->Y     R     INV_X1M_A9PP140ZTUL_C35           64  0.336   0.347    1.341  
  g41128/Y                          -      A0->Y    F     OAI22_X0P5M_A9PP140ZTUL_C35        1  0.465   0.153    1.494  
  cts_opt_inst_FE_PHC1483_n_2331/Y  -      A->Y     F     DLY4_X0P5M_A9PP140ZTUL_C35         1  0.266   0.215    1.709  
  ro_reg[3][1][14]/D                -      D        F     DFFRPQNA_X1M_A9PP140ZTUL_C35       1  0.086   0.000    1.709  
#---------------------------------------------------------------------------------------------------------------------
Path 89: MET (0.087 ns) Setup Check with Pin ro_reg[1][4][9]/CK->D
               View: wc_analysis_view
              Group: in2reg
         Startpoint: (R) m_ready
              Clock: (R) CLK
           Endpoint: (R) ro_reg[1][4][9]/D
              Clock: (R) CLK

                       Capture       Launch
         Clock Edge:+    2.000        0.000
         Drv Adjust:+    0.000        0.085
        Src Latency:+   -0.154        0.000
        Net Latency:+    0.158 (P)    0.000 (I)
            Arrival:=    2.005        0.085

              Setup:-    0.018
        Uncertainty:-    0.125
      Required Time:=    1.861
       Launch Clock:=    0.085
        Input Delay:+    0.500
          Data Path:+    1.190
              Slack:=    0.087

#---------------------------------------------------------------------------------------------------------------------
# Timing Point                      Flags  Arc      Edge  Cell                          Fanout  Trans   Delay  Arrival  
#                                                                                                (ns)    (ns)     (ns)  
#---------------------------------------------------------------------------------------------------------------------
  m_ready                           -      m_ready  R     (arrival)                          2  0.171   0.004    0.589  
  g39627__3680/Y                    -      A->Y     F     NAND2_X4B_A9PP140ZTUL_C35         11  0.171   0.049    0.638  
  place_opt_inst_FE_OFC77_n_3027/Y  -      A->Y     R     INV_X1M_A9PP140ZTUL_C35           21  0.083   0.166    0.804  
  g44154/Y                          -      A->Y     R     OR2_X0P5M_A9PP140ZTUL_C35         65  0.250   0.346    1.150  
  g43621/Y                          -      A->Y     F     INV_X0P6M_A9PP140ZTUL_C35         64  0.635   0.382    1.533  
  g41043/Y                          -      A0->Y    R     OAI22_X0P5M_A9PP140ZTUL_C35        1  0.545   0.138    1.671  
  cts_opt_inst_FE_PHC1708_n_2416/Y  -      A->Y     R     DLY2_X0P5M_A9PP140ZTUL_C35         1  0.162   0.054    1.725  
  cts_opt_inst_FE_PHC2570_n_2416/Y  -      A->Y     R     BUF_X0P5M_A9PP140ZTUL_C35          1  0.029   0.031    1.756  
  cts_opt_inst_FE_PHC3108_n_2416/Y  -      A->Y     R     BUFH_X1M_A9PP140ZTUL_C35           1  0.028   0.019    1.775  
  ro_reg[1][4][9]/D                 -      D        R     DFFRPQNA_X1M_A9PP140ZTUL_C35       1  0.012   0.000    1.775  
#---------------------------------------------------------------------------------------------------------------------
Path 90: MET (0.087 ns) Setup Check with Pin ro_reg[0][5][0]/CK->D
               View: wc_analysis_view
              Group: in2reg
         Startpoint: (F) m_ready
              Clock: (R) CLK
           Endpoint: (F) ro_reg[0][5][0]/D
              Clock: (R) CLK

                       Capture       Launch
         Clock Edge:+    2.000        0.000
         Drv Adjust:+    0.000        0.082
        Src Latency:+   -0.154        0.000
        Net Latency:+    0.158 (P)    0.000 (I)
            Arrival:=    2.005        0.082

              Setup:-    0.056
        Uncertainty:-    0.125
      Required Time:=    1.823
       Launch Clock:=    0.082
        Input Delay:+    0.500
          Data Path:+    1.155
              Slack:=    0.087

#---------------------------------------------------------------------------------------------------------------------
# Timing Point                      Flags  Arc      Edge  Cell                          Fanout  Trans   Delay  Arrival  
#                                                                                                (ns)    (ns)     (ns)  
#---------------------------------------------------------------------------------------------------------------------
  m_ready                           -      m_ready  F     (arrival)                          2  0.166   0.004    0.585  
  g39627__3680/Y                    -      A->Y     R     NAND2_X4B_A9PP140ZTUL_C35         11  0.166   0.054    0.639  
  place_opt_inst_FE_OFC77_n_3027/Y  -      A->Y     F     INV_X1M_A9PP140ZTUL_C35           21  0.071   0.124    0.763  
  g44154/Y                          -      A->Y     F     OR2_X0P5M_A9PP140ZTUL_C35         65  0.188   0.300    1.063  
  g43621/Y                          -      A->Y     R     INV_X0P6M_A9PP140ZTUL_C35         64  0.489   0.529    1.592  
  g41179/Y                          -      A0->Y    F     OAI22_X0P5M_A9PP140ZTUL_C35        1  0.700   0.027    1.619  
  cts_opt_inst_FE_PHC1756_n_2280/Y  -      A->Y     F     DLY2_X0P5M_A9PP140ZTUL_C35         1  0.168   0.096    1.715  
  cts_opt_inst_FE_PHC2391_n_2280/Y  -      A->Y     F     BUFH_X1M_A9PP140ZTUL_C35           1  0.034   0.022    1.737  
  ro_reg[0][5][0]/D                 -      D        F     DFFRPQNA_X1M_A9PP140ZTUL_C35       1  0.009   0.000    1.737  
#---------------------------------------------------------------------------------------------------------------------
Path 91: MET (0.087 ns) Setup Check with Pin ro_reg[0][3][14]/CK->D
               View: wc_analysis_view
              Group: in2reg
         Startpoint: (R) m_ready
              Clock: (R) CLK
           Endpoint: (F) ro_reg[0][3][14]/D
              Clock: (R) CLK

                       Capture       Launch
         Clock Edge:+    2.000        0.000
         Drv Adjust:+    0.000        0.085
        Src Latency:+   -0.154        0.000
        Net Latency:+    0.155 (P)    0.000 (I)
            Arrival:=    2.001        0.085

              Setup:-    0.060
        Uncertainty:-    0.125
      Required Time:=    1.816
       Launch Clock:=    0.085
        Input Delay:+    0.500
          Data Path:+    1.145
              Slack:=    0.087

#---------------------------------------------------------------------------------------------------------------------
# Timing Point                      Flags  Arc      Edge  Cell                          Fanout  Trans   Delay  Arrival  
#                                                                                                (ns)    (ns)     (ns)  
#---------------------------------------------------------------------------------------------------------------------
  m_ready                           -      m_ready  R     (arrival)                          2  0.171   0.004    0.589  
  g39627__3680/Y                    -      A->Y     F     NAND2_X4B_A9PP140ZTUL_C35         11  0.171   0.049    0.638  
  place_opt_inst_FE_OFC77_n_3027/Y  -      A->Y     R     INV_X1M_A9PP140ZTUL_C35           21  0.083   0.168    0.806  
  g44717/Y                          -      A->Y     F     NOR2_X0P7B_A9PP140ZTUL_C35        49  0.250   0.364    1.169  
  g44699/Y                          -      A->Y     R     INV_X0P7M_A9PP140ZTUL_C35         48  0.577   0.447    1.616  
  g41480/Y                          -      B0->Y    F     OAI22_X0P5M_A9PP140ZTUL_C35        1  0.544   0.017    1.633  
  cts_opt_inst_FE_PHC1857_n_2242/Y  -      A->Y     F     BUF_X0P5M_A9PP140ZTUL_C35          1  0.146   0.066    1.699  
  cts_opt_inst_FE_PHC3099_n_2242/Y  -      A->Y     F     BUF_X1B_A9PP140ZTUL_C35            1  0.031   0.030    1.730  
  ro_reg[0][3][14]/D                -      D        F     DFFRPQNA_X1M_A9PP140ZTUL_C35       1  0.022   0.000    1.730  
#---------------------------------------------------------------------------------------------------------------------
Path 92: MET (0.087 ns) Setup Check with Pin ro_reg[3][4][3]/CK->D
               View: wc_analysis_view
              Group: in2reg
         Startpoint: (F) m_ready
              Clock: (R) CLK
           Endpoint: (F) ro_reg[3][4][3]/D
              Clock: (R) CLK

                       Capture       Launch
         Clock Edge:+    2.000        0.000
         Drv Adjust:+    0.000        0.082
        Src Latency:+   -0.154        0.000
        Net Latency:+    0.155 (P)    0.000 (I)
            Arrival:=    2.002        0.082

              Setup:-    0.062
        Uncertainty:-    0.125
      Required Time:=    1.814
       Launch Clock:=    0.082
        Input Delay:+    0.500
          Data Path:+    1.145
              Slack:=    0.087

#---------------------------------------------------------------------------------------------------------------------
# Timing Point                      Flags  Arc      Edge  Cell                          Fanout  Trans   Delay  Arrival  
#                                                                                                (ns)    (ns)     (ns)  
#---------------------------------------------------------------------------------------------------------------------
  m_ready                           -      m_ready  F     (arrival)                          2  0.166   0.004    0.585  
  g39627__3680/Y                    -      A->Y     R     NAND2_X4B_A9PP140ZTUL_C35         11  0.166   0.055    0.640  
  g44719/Y                          -      A->Y     F     NAND2_X0P5A_A9PP140ZTUL_C35       49  0.071   0.388    1.029  
  g44701/Y                          -      A->Y     R     INV_X1M_A9PP140ZTUL_C35           36  0.748   0.286    1.314  
  cts_opt_inst_FE_OFC304_n_258/Y    -      A->Y     R     BUF_X1M_A9PP140ZTUL_C35           45  0.352   0.171    1.485  
  g41577/Y                          -      A0->Y    F     OAI22_X0P5M_A9PP140ZTUL_C35        1  0.287   0.065    1.550  
  cts_opt_inst_FE_PHC1554_n_2145/Y  -      A->Y     F     DLY4_X0P5M_A9PP140ZTUL_C35         1  0.238   0.177    1.727  
  ro_reg[3][4][3]/D                 -      D        F     DFFRPQNA_X1M_A9PP140ZTUL_C35       1  0.033   0.000    1.727  
#---------------------------------------------------------------------------------------------------------------------
Path 93: MET (0.088 ns) Setup Check with Pin ro_reg[1][4][6]/CK->D
               View: wc_analysis_view
              Group: in2reg
         Startpoint: (R) m_ready
              Clock: (R) CLK
           Endpoint: (R) ro_reg[1][4][6]/D
              Clock: (R) CLK

                       Capture       Launch
         Clock Edge:+    2.000        0.000
         Drv Adjust:+    0.000        0.085
        Src Latency:+   -0.154        0.000
        Net Latency:+    0.151 (P)    0.000 (I)
            Arrival:=    1.997        0.085

              Setup:-    0.018
        Uncertainty:-    0.125
      Required Time:=    1.854
       Launch Clock:=    0.085
        Input Delay:+    0.500
          Data Path:+    1.181
              Slack:=    0.088

#---------------------------------------------------------------------------------------------------------------------
# Timing Point                      Flags  Arc      Edge  Cell                          Fanout  Trans   Delay  Arrival  
#                                                                                                (ns)    (ns)     (ns)  
#---------------------------------------------------------------------------------------------------------------------
  m_ready                           -      m_ready  R     (arrival)                          2  0.171   0.004    0.589  
  g39627__3680/Y                    -      A->Y     F     NAND2_X4B_A9PP140ZTUL_C35         11  0.171   0.049    0.638  
  place_opt_inst_FE_OFC77_n_3027/Y  -      A->Y     R     INV_X1M_A9PP140ZTUL_C35           21  0.083   0.166    0.804  
  g44154/Y                          -      A->Y     R     OR2_X0P5M_A9PP140ZTUL_C35         65  0.250   0.346    1.150  
  g43621/Y                          -      A->Y     F     INV_X0P6M_A9PP140ZTUL_C35         64  0.635   0.384    1.534  
  g41040/Y                          -      A0->Y    R     OAI22_X0P5M_A9PP140ZTUL_C35        1  0.545   0.139    1.673  
  cts_opt_inst_FE_PHC1817_n_2419/Y  -      A->Y     R     DLY2_X0P5M_A9PP140ZTUL_C35         1  0.162   0.050    1.723  
  cts_opt_inst_FE_PHC2274_n_2419/Y  -      A->Y     R     BUF_X1B_A9PP140ZTUL_C35            1  0.025   0.023    1.746  
  cts_opt_inst_FE_PHC3003_n_2419/Y  -      A->Y     R     BUF_X1B_A9PP140ZTUL_C35            1  0.013   0.020    1.766  
  ro_reg[1][4][6]/D                 -      D        R     DFFRPQNA_X1M_A9PP140ZTUL_C35       1  0.011   0.000    1.766  
#---------------------------------------------------------------------------------------------------------------------
Path 94: MET (0.089 ns) Setup Check with Pin ro_reg[0][5][2]/CK->D
               View: wc_analysis_view
              Group: in2reg
         Startpoint: (F) m_ready
              Clock: (R) CLK
           Endpoint: (F) ro_reg[0][5][2]/D
              Clock: (R) CLK

                       Capture       Launch
         Clock Edge:+    2.000        0.000
         Drv Adjust:+    0.000        0.082
        Src Latency:+   -0.154        0.000
        Net Latency:+    0.158 (P)    0.000 (I)
            Arrival:=    2.004        0.082

              Setup:-    0.057
        Uncertainty:-    0.125
      Required Time:=    1.823
       Launch Clock:=    0.082
        Input Delay:+    0.500
          Data Path:+    1.153
              Slack:=    0.089

#---------------------------------------------------------------------------------------------------------------------
# Timing Point                      Flags  Arc      Edge  Cell                          Fanout  Trans   Delay  Arrival  
#                                                                                                (ns)    (ns)     (ns)  
#---------------------------------------------------------------------------------------------------------------------
  m_ready                           -      m_ready  F     (arrival)                          2  0.166   0.004    0.585  
  g39627__3680/Y                    -      A->Y     R     NAND2_X4B_A9PP140ZTUL_C35         11  0.166   0.054    0.639  
  place_opt_inst_FE_OFC77_n_3027/Y  -      A->Y     F     INV_X1M_A9PP140ZTUL_C35           21  0.071   0.124    0.763  
  g44154/Y                          -      A->Y     F     OR2_X0P5M_A9PP140ZTUL_C35         65  0.188   0.300    1.063  
  g43621/Y                          -      A->Y     R     INV_X0P6M_A9PP140ZTUL_C35         64  0.489   0.529    1.592  
  g41180/Y                          -      A0->Y    F     OAI22_X0P5M_A9PP140ZTUL_C35        1  0.700   0.010    1.602  
  cts_opt_inst_FE_PHC1673_n_2279/Y  -      A->Y     F     DLY2_X0P5M_A9PP140ZTUL_C35         1  0.149   0.087    1.689  
  cts_opt_inst_FE_PHC2594_n_2279/Y  -      A->Y     F     BUF_X1B_A9PP140ZTUL_C35            1  0.029   0.026    1.715  
  cts_opt_inst_FE_PHC3113_n_2279/Y  -      A->Y     F     BUFH_X1M_A9PP140ZTUL_C35           1  0.015   0.019    1.734  
  ro_reg[0][5][2]/D                 -      D        F     DFFRPQNA_X1M_A9PP140ZTUL_C35       1  0.010   0.000    1.734  
#---------------------------------------------------------------------------------------------------------------------
Path 95: MET (0.089 ns) Setup Check with Pin ro_reg[1][4][15]/CK->D
               View: wc_analysis_view
              Group: in2reg
         Startpoint: (F) m_ready
              Clock: (R) CLK
           Endpoint: (F) ro_reg[1][4][15]/D
              Clock: (R) CLK

                       Capture       Launch
         Clock Edge:+    2.000        0.000
         Drv Adjust:+    0.000        0.082
        Src Latency:+   -0.154        0.000
        Net Latency:+    0.154 (P)    0.000 (I)
            Arrival:=    2.000        0.082

              Setup:-    0.057
        Uncertainty:-    0.125
      Required Time:=    1.819
       Launch Clock:=    0.082
        Input Delay:+    0.500
          Data Path:+    1.148
              Slack:=    0.089

#---------------------------------------------------------------------------------------------------------------------
# Timing Point                      Flags  Arc      Edge  Cell                          Fanout  Trans   Delay  Arrival  
#                                                                                                (ns)    (ns)     (ns)  
#---------------------------------------------------------------------------------------------------------------------
  m_ready                           -      m_ready  F     (arrival)                          2  0.166   0.004    0.585  
  g39627__3680/Y                    -      A->Y     R     NAND2_X4B_A9PP140ZTUL_C35         11  0.166   0.054    0.639  
  place_opt_inst_FE_OFC77_n_3027/Y  -      A->Y     F     INV_X1M_A9PP140ZTUL_C35           21  0.071   0.124    0.763  
  g44154/Y                          -      A->Y     F     OR2_X0P5M_A9PP140ZTUL_C35         65  0.188   0.300    1.063  
  g43621/Y                          -      A->Y     R     INV_X0P6M_A9PP140ZTUL_C35         64  0.489   0.531    1.594  
  g41049/Y                          -      A0->Y    F     OAI22_X0P5M_A9PP140ZTUL_C35        1  0.700   0.022    1.616  
  cts_opt_inst_FE_PHC1694_n_2410/Y  -      A->Y     F     DLY2_X0P5M_A9PP140ZTUL_C35         1  0.163   0.090    1.706  
  cts_opt_inst_FE_PHC2394_n_2410/Y  -      A->Y     F     BUF_X1B_A9PP140ZTUL_C35            1  0.029   0.023    1.730  
  ro_reg[1][4][15]/D                -      D        F     DFFRPQNA_X1M_A9PP140ZTUL_C35       1  0.012   0.000    1.730  
#---------------------------------------------------------------------------------------------------------------------
Path 96: MET (0.089 ns) Setup Check with Pin ro_reg[0][5][3]/CK->D
               View: wc_analysis_view
              Group: in2reg
         Startpoint: (F) m_ready
              Clock: (R) CLK
           Endpoint: (F) ro_reg[0][5][3]/D
              Clock: (R) CLK

                       Capture       Launch
         Clock Edge:+    2.000        0.000
         Drv Adjust:+    0.000        0.082
        Src Latency:+   -0.154        0.000
        Net Latency:+    0.154 (P)    0.000 (I)
            Arrival:=    2.000        0.082

              Setup:-    0.056
        Uncertainty:-    0.125
      Required Time:=    1.819
       Launch Clock:=    0.082
        Input Delay:+    0.500
          Data Path:+    1.148
              Slack:=    0.089

#---------------------------------------------------------------------------------------------------------------------
# Timing Point                      Flags  Arc      Edge  Cell                          Fanout  Trans   Delay  Arrival  
#                                                                                                (ns)    (ns)     (ns)  
#---------------------------------------------------------------------------------------------------------------------
  m_ready                           -      m_ready  F     (arrival)                          2  0.166   0.004    0.585  
  g39627__3680/Y                    -      A->Y     R     NAND2_X4B_A9PP140ZTUL_C35         11  0.166   0.054    0.639  
  place_opt_inst_FE_OFC77_n_3027/Y  -      A->Y     F     INV_X1M_A9PP140ZTUL_C35           21  0.071   0.124    0.763  
  g44154/Y                          -      A->Y     F     OR2_X0P5M_A9PP140ZTUL_C35         65  0.188   0.300    1.063  
  g43621/Y                          -      A->Y     R     INV_X0P6M_A9PP140ZTUL_C35         64  0.489   0.529    1.593  
  g41181/Y                          -      A0->Y    F     OAI22_X0P5M_A9PP140ZTUL_C35        1  0.700   0.023    1.616  
  cts_opt_inst_FE_PHC1714_n_2278/Y  -      A->Y     F     DLY2_X0P5M_A9PP140ZTUL_C35         1  0.164   0.092    1.708  
  cts_opt_inst_FE_PHC2649_n_2278/Y  -      A->Y     F     BUFH_X1M_A9PP140ZTUL_C35           1  0.031   0.022    1.730  
  ro_reg[0][5][3]/D                 -      D        F     DFFRPQNA_X1M_A9PP140ZTUL_C35       1  0.010   0.000    1.730  
#---------------------------------------------------------------------------------------------------------------------
Path 97: MET (0.090 ns) Setup Check with Pin ro_reg[1][4][8]/CK->D
               View: wc_analysis_view
              Group: in2reg
         Startpoint: (F) m_ready
              Clock: (R) CLK
           Endpoint: (F) ro_reg[1][4][8]/D
              Clock: (R) CLK

                       Capture       Launch
         Clock Edge:+    2.000        0.000
         Drv Adjust:+    0.000        0.082
        Src Latency:+   -0.154        0.000
        Net Latency:+    0.154 (P)    0.000 (I)
            Arrival:=    2.000        0.082

              Setup:-    0.056
        Uncertainty:-    0.125
      Required Time:=    1.819
       Launch Clock:=    0.082
        Input Delay:+    0.500
          Data Path:+    1.147
              Slack:=    0.090

#---------------------------------------------------------------------------------------------------------------------
# Timing Point                      Flags  Arc      Edge  Cell                          Fanout  Trans   Delay  Arrival  
#                                                                                                (ns)    (ns)     (ns)  
#---------------------------------------------------------------------------------------------------------------------
  m_ready                           -      m_ready  F     (arrival)                          2  0.166   0.004    0.585  
  g39627__3680/Y                    -      A->Y     R     NAND2_X4B_A9PP140ZTUL_C35         11  0.166   0.054    0.639  
  place_opt_inst_FE_OFC77_n_3027/Y  -      A->Y     F     INV_X1M_A9PP140ZTUL_C35           21  0.071   0.124    0.763  
  g44154/Y                          -      A->Y     F     OR2_X0P5M_A9PP140ZTUL_C35         65  0.188   0.300    1.063  
  g43621/Y                          -      A->Y     R     INV_X0P6M_A9PP140ZTUL_C35         64  0.489   0.528    1.591  
  g41042/Y                          -      A0->Y    F     OAI22_X0P5M_A9PP140ZTUL_C35        1  0.700   0.023    1.614  
  cts_opt_inst_FE_PHC1689_n_2417/Y  -      A->Y     F     DLY2_X0P5M_A9PP140ZTUL_C35         1  0.164   0.092    1.706  
  cts_opt_inst_FE_PHC2647_n_2417/Y  -      A->Y     F     BUFH_X1M_A9PP140ZTUL_C35           1  0.031   0.023    1.729  
  ro_reg[1][4][8]/D                 -      D        F     DFFRPQNA_X1M_A9PP140ZTUL_C35       1  0.010   0.000    1.729  
#---------------------------------------------------------------------------------------------------------------------
Path 98: MET (0.090 ns) Setup Check with Pin ro_reg[2][3][0]/CK->D
               View: wc_analysis_view
              Group: in2reg
         Startpoint: (F) m_ready
              Clock: (R) CLK
           Endpoint: (F) ro_reg[2][3][0]/D
              Clock: (R) CLK

                       Capture       Launch
         Clock Edge:+    2.000        0.000
         Drv Adjust:+    0.000        0.082
        Src Latency:+   -0.154        0.000
        Net Latency:+    0.158 (P)    0.000 (I)
            Arrival:=    2.004        0.082

              Setup:-    0.055
        Uncertainty:-    0.125
      Required Time:=    1.824
       Launch Clock:=    0.082
        Input Delay:+    0.500
          Data Path:+    1.153
              Slack:=    0.090

#---------------------------------------------------------------------------------------------------------------------
# Timing Point                      Flags  Arc      Edge  Cell                          Fanout  Trans   Delay  Arrival  
#                                                                                                (ns)    (ns)     (ns)  
#---------------------------------------------------------------------------------------------------------------------
  m_ready                           -      m_ready  F     (arrival)                          2  0.166   0.004    0.585  
  g39627__3680/Y                    -      A->Y     R     NAND2_X4B_A9PP140ZTUL_C35         11  0.166   0.054    0.639  
  place_opt_inst_FE_OFC77_n_3027/Y  -      A->Y     F     INV_X1M_A9PP140ZTUL_C35           21  0.071   0.124    0.763  
  g44154/Y                          -      A->Y     F     OR2_X0P5M_A9PP140ZTUL_C35         65  0.188   0.300    1.063  
  g43621/Y                          -      A->Y     R     INV_X0P6M_A9PP140ZTUL_C35         64  0.489   0.543    1.606  
  g41082/Y                          -      A0->Y    F     OAI22_X0P5M_A9PP140ZTUL_C35        1  0.700   0.016    1.622  
  cts_opt_inst_FE_PHC1692_n_2377/Y  -      A->Y     F     DLY2_X0P5M_A9PP140ZTUL_C35         1  0.156   0.089    1.711  
  cts_opt_inst_FE_PHC2395_n_2377/Y  -      A->Y     F     BUFH_X1M_A9PP140ZTUL_C35           1  0.029   0.023    1.734  
  ro_reg[2][3][0]/D                 -      D        F     DFFRPQNA_X1M_A9PP140ZTUL_C35       1  0.011   0.000    1.734  
#---------------------------------------------------------------------------------------------------------------------
Path 99: MET (0.090 ns) Setup Check with Pin ro_reg[3][4][2]/CK->D
               View: wc_analysis_view
              Group: in2reg
         Startpoint: (F) m_ready
              Clock: (R) CLK
           Endpoint: (F) ro_reg[3][4][2]/D
              Clock: (R) CLK

                       Capture       Launch
         Clock Edge:+    2.000        0.000
         Drv Adjust:+    0.000        0.082
        Src Latency:+   -0.154        0.000
        Net Latency:+    0.155 (P)    0.000 (I)
            Arrival:=    2.002        0.082

              Setup:-    0.063
        Uncertainty:-    0.125
      Required Time:=    1.814
       Launch Clock:=    0.082
        Input Delay:+    0.500
          Data Path:+    1.142
              Slack:=    0.090

#---------------------------------------------------------------------------------------------------------------------
# Timing Point                      Flags  Arc      Edge  Cell                          Fanout  Trans   Delay  Arrival  
#                                                                                                (ns)    (ns)     (ns)  
#---------------------------------------------------------------------------------------------------------------------
  m_ready                           -      m_ready  F     (arrival)                          2  0.166   0.004    0.585  
  g39627__3680/Y                    -      A->Y     R     NAND2_X4B_A9PP140ZTUL_C35         11  0.166   0.055    0.640  
  g44719/Y                          -      A->Y     F     NAND2_X0P5A_A9PP140ZTUL_C35       49  0.071   0.388    1.029  
  g44701/Y                          -      A->Y     R     INV_X1M_A9PP140ZTUL_C35           36  0.748   0.286    1.314  
  cts_opt_inst_FE_OFC304_n_258/Y    -      A->Y     R     BUF_X1M_A9PP140ZTUL_C35           45  0.352   0.171    1.485  
  g41576/Y                          -      A0->Y    F     OAI22_X0P5M_A9PP140ZTUL_C35        1  0.287   0.062    1.547  
  cts_opt_inst_FE_PHC1484_n_2146/Y  -      A->Y     F     DLY4_X0P5M_A9PP140ZTUL_C35         1  0.234   0.176    1.724  
  ro_reg[3][4][2]/D                 -      D        F     DFFRPQNA_X1M_A9PP140ZTUL_C35       1  0.034   0.000    1.724  
#---------------------------------------------------------------------------------------------------------------------
Path 100: MET (0.090 ns) Setup Check with Pin ro_reg[3][2][8]/CK->D
               View: wc_analysis_view
              Group: in2reg
         Startpoint: (R) m_ready
              Clock: (R) CLK
           Endpoint: (R) ro_reg[3][2][8]/D
              Clock: (R) CLK

                       Capture       Launch
         Clock Edge:+    2.000        0.000
         Drv Adjust:+    0.000        0.085
        Src Latency:+   -0.154        0.000
        Net Latency:+    0.158 (P)    0.000 (I)
            Arrival:=    2.004        0.085

              Setup:-    0.019
        Uncertainty:-    0.125
      Required Time:=    1.860
       Launch Clock:=    0.085
        Input Delay:+    0.500
          Data Path:+    1.184
              Slack:=    0.090

#---------------------------------------------------------------------------------------------------------------------
# Timing Point                      Flags  Arc      Edge  Cell                          Fanout  Trans   Delay  Arrival  
#                                                                                                (ns)    (ns)     (ns)  
#---------------------------------------------------------------------------------------------------------------------
  m_ready                           -      m_ready  R     (arrival)                          2  0.171   0.004    0.589  
  g39627__3680/Y                    -      A->Y     F     NAND2_X4B_A9PP140ZTUL_C35         11  0.171   0.049    0.638  
  place_opt_inst_FE_OFC77_n_3027/Y  -      A->Y     R     INV_X1M_A9PP140ZTUL_C35           21  0.083   0.166    0.804  
  g44154/Y                          -      A->Y     R     OR2_X0P5M_A9PP140ZTUL_C35         65  0.250   0.346    1.150  
  g43621/Y                          -      A->Y     F     INV_X0P6M_A9PP140ZTUL_C35         64  0.635   0.396    1.547  
  g41137/Y                          -      A0->Y    R     OAI22_X0P5M_A9PP140ZTUL_C35        1  0.545   0.146    1.692  
  cts_opt_inst_FE_PHC1751_n_2322/Y  -      A->Y     R     DLY2_X0P5M_A9PP140ZTUL_C35         1  0.170   0.054    1.746  
  cts_opt_inst_FE_PHC2619_n_2322/Y  -      A->Y     R     BUF_X1B_A9PP140ZTUL_C35            1  0.029   0.023    1.769  
  ro_reg[3][2][8]/D                 -      D        R     DFFRPQNA_X1M_A9PP140ZTUL_C35       1  0.012   0.000    1.769  
#---------------------------------------------------------------------------------------------------------------------

