###############################################################
#  Generated by:      Cadence Innovus 23.13-s082_1
#  OS:                Linux x86_64(Host ID mun)
#  Generated on:      Tue Jun 24 07:54:48 2025
#  Design:            axis_sa
#  Command:           report_timing -early -max_paths 100 -group $cg  > "${reports_path}/$this_run(stage)/${cg}.hold.timing.rpt"
###############################################################
Path 1: MET (0.409 ns) Hold Check with Pin retime_s1_112_reg/CK->D
               View: bc_analysis_view
              Group: in2reg
         Startpoint: (R) sx_data[1][0]
              Clock: (R) CLK
           Endpoint: (R) retime_s1_112_reg/D
              Clock: (R) CLK

                       Capture       Launch
         Clock Edge:+    0.000        0.000
         Drv Adjust:+    0.000        0.012
        Src Latency:+   -0.109        0.000
        Net Latency:+    0.115 (P)    0.000 (I)
            Arrival:=    0.005        0.012

               Hold:+   -0.002
        Uncertainty:+    0.125
      Required Time:=    0.128
       Launch Clock:=    0.012
        Input Delay:+    0.500
          Data Path:+    0.026
              Slack:=    0.409

#---------------------------------------------------------------------------------------------------------------
# Timing Point         Flags  Arc            Edge  Cell                           Fanout  Trans   Delay  Arrival  
#                                                                                          (ns)    (ns)     (ns)  
#---------------------------------------------------------------------------------------------------------------
  sx_data[1][0]        -      sx_data[1][0]  R     (arrival)                           1  0.023   0.000    0.512  
  g43808/Y             -      B0N->Y         R     OAI22BB_X0P5M_A9PP140ZTUL_C35       1  0.023   0.025    0.538  
  retime_s1_112_reg/D  -      D              R     DFFRPQNA_X1M_A9PP140ZTUL_C35        1  0.017   0.000    0.538  
#---------------------------------------------------------------------------------------------------------------
Path 2: MET (0.412 ns) Hold Check with Pin retime_s1_57_reg/CK->D
               View: bc_analysis_view
              Group: in2reg
         Startpoint: (R) sk_data[6][5]
              Clock: (R) CLK
           Endpoint: (R) retime_s1_57_reg/D
              Clock: (R) CLK

                       Capture       Launch
         Clock Edge:+    0.000        0.000
         Drv Adjust:+    0.000        0.013
        Src Latency:+   -0.109        0.000
        Net Latency:+    0.111 (P)    0.000 (I)
            Arrival:=    0.001        0.013

               Hold:+   -0.002
        Uncertainty:+    0.125
      Required Time:=    0.125
       Launch Clock:=    0.013
        Input Delay:+    0.500
          Data Path:+    0.023
              Slack:=    0.412

#--------------------------------------------------------------------------------------------------------------
# Timing Point        Flags  Arc            Edge  Cell                           Fanout  Trans   Delay  Arrival  
#                                                                                         (ns)    (ns)     (ns)  
#--------------------------------------------------------------------------------------------------------------
  sk_data[6][5]       -      sk_data[6][5]  R     (arrival)                           1  0.024   0.000    0.513  
  g43788/Y            -      B0N->Y         R     OAI22BB_X0P5M_A9PP140ZTUL_C35       1  0.024   0.023    0.536  
  retime_s1_57_reg/D  -      D              R     DFFRPQNA_X1M_A9PP140ZTUL_C35        1  0.013   0.000    0.536  
#--------------------------------------------------------------------------------------------------------------
Path 3: MET (0.412 ns) Hold Check with Pin retime_s1_78_reg/CK->D
               View: bc_analysis_view
              Group: in2reg
         Startpoint: (R) sk_data[6][2]
              Clock: (R) CLK
           Endpoint: (R) retime_s1_78_reg/D
              Clock: (R) CLK

                       Capture       Launch
         Clock Edge:+    0.000        0.000
         Drv Adjust:+    0.000        0.013
        Src Latency:+   -0.109        0.000
        Net Latency:+    0.111 (P)    0.000 (I)
            Arrival:=    0.002        0.013

               Hold:+   -0.002
        Uncertainty:+    0.125
      Required Time:=    0.125
       Launch Clock:=    0.013
        Input Delay:+    0.500
          Data Path:+    0.024
              Slack:=    0.412

#--------------------------------------------------------------------------------------------------------------
# Timing Point        Flags  Arc            Edge  Cell                           Fanout  Trans   Delay  Arrival  
#                                                                                         (ns)    (ns)     (ns)  
#--------------------------------------------------------------------------------------------------------------
  sk_data[6][2]       -      sk_data[6][2]  R     (arrival)                           1  0.024   0.000    0.513  
  g43797/Y            -      B0N->Y         R     OAI22BB_X0P5M_A9PP140ZTUL_C35       1  0.024   0.024    0.537  
  retime_s1_78_reg/D  -      D              R     DFFRPQNA_X1M_A9PP140ZTUL_C35        1  0.014   0.000    0.537  
#--------------------------------------------------------------------------------------------------------------
Path 4: MET (0.412 ns) Hold Check with Pin retime_s1_168_reg/CK->D
               View: bc_analysis_view
              Group: in2reg
         Startpoint: (R) sk_data[6][3]
              Clock: (R) CLK
           Endpoint: (R) retime_s1_168_reg/D
              Clock: (R) CLK

                       Capture       Launch
         Clock Edge:+    0.000        0.000
         Drv Adjust:+    0.000        0.013
        Src Latency:+   -0.109        0.000
        Net Latency:+    0.111 (P)    0.000 (I)
            Arrival:=    0.002        0.013

               Hold:+   -0.002
        Uncertainty:+    0.125
      Required Time:=    0.125
       Launch Clock:=    0.013
        Input Delay:+    0.500
          Data Path:+    0.023
              Slack:=    0.412

#---------------------------------------------------------------------------------------------------------------
# Timing Point         Flags  Arc            Edge  Cell                           Fanout  Trans   Delay  Arrival  
#                                                                                          (ns)    (ns)     (ns)  
#---------------------------------------------------------------------------------------------------------------
  sk_data[6][3]        -      sk_data[6][3]  R     (arrival)                           1  0.025   0.000    0.513  
  g43840/Y             -      B0N->Y         R     OAI22BB_X0P5M_A9PP140ZTUL_C35       1  0.025   0.023    0.537  
  retime_s1_168_reg/D  -      D              R     DFFRPQNA_X1M_A9PP140ZTUL_C35        1  0.013   0.000    0.537  
#---------------------------------------------------------------------------------------------------------------
Path 5: MET (0.412 ns) Hold Check with Pin retime_s1_63_reg/CK->D
               View: bc_analysis_view
              Group: in2reg
         Startpoint: (R) sk_data[6][6]
              Clock: (R) CLK
           Endpoint: (R) retime_s1_63_reg/D
              Clock: (R) CLK

                       Capture       Launch
         Clock Edge:+    0.000        0.000
         Drv Adjust:+    0.000        0.013
        Src Latency:+   -0.109        0.000
        Net Latency:+    0.111 (P)    0.000 (I)
            Arrival:=    0.001        0.013

               Hold:+   -0.002
        Uncertainty:+    0.125
      Required Time:=    0.125
       Launch Clock:=    0.013
        Input Delay:+    0.500
          Data Path:+    0.024
              Slack:=    0.412

#--------------------------------------------------------------------------------------------------------------
# Timing Point        Flags  Arc            Edge  Cell                           Fanout  Trans   Delay  Arrival  
#                                                                                         (ns)    (ns)     (ns)  
#--------------------------------------------------------------------------------------------------------------
  sk_data[6][6]       -      sk_data[6][6]  R     (arrival)                           1  0.024   0.000    0.513  
  g43793/Y            -      B0N->Y         R     OAI22BB_X0P5M_A9PP140ZTUL_C35       1  0.024   0.024    0.537  
  retime_s1_63_reg/D  -      D              R     DFFRPQNA_X1M_A9PP140ZTUL_C35        1  0.014   0.000    0.537  
#--------------------------------------------------------------------------------------------------------------
Path 6: MET (0.412 ns) Hold Check with Pin retime_s1_139_reg/CK->D
               View: bc_analysis_view
              Group: in2reg
         Startpoint: (R) sk_data[6][4]
              Clock: (R) CLK
           Endpoint: (R) retime_s1_139_reg/D
              Clock: (R) CLK

                       Capture       Launch
         Clock Edge:+    0.000        0.000
         Drv Adjust:+    0.000        0.014
        Src Latency:+   -0.109        0.000
        Net Latency:+    0.111 (P)    0.000 (I)
            Arrival:=    0.001        0.013

               Hold:+   -0.002
        Uncertainty:+    0.125
      Required Time:=    0.125
       Launch Clock:=    0.013
        Input Delay:+    0.500
          Data Path:+    0.023
              Slack:=    0.412

#---------------------------------------------------------------------------------------------------------------
# Timing Point         Flags  Arc            Edge  Cell                           Fanout  Trans   Delay  Arrival  
#                                                                                          (ns)    (ns)     (ns)  
#---------------------------------------------------------------------------------------------------------------
  sk_data[6][4]        -      sk_data[6][4]  R     (arrival)                           1  0.025   0.000    0.514  
  g43824/Y             -      B0N->Y         R     OAI22BB_X0P5M_A9PP140ZTUL_C35       1  0.025   0.023    0.537  
  retime_s1_139_reg/D  -      D              R     DFFRPQNA_X1M_A9PP140ZTUL_C35        1  0.013   0.000    0.537  
#---------------------------------------------------------------------------------------------------------------
Path 7: MET (0.412 ns) Hold Check with Pin retime_s1_106_reg/CK->D
               View: bc_analysis_view
              Group: in2reg
         Startpoint: (R) sk_data[6][7]
              Clock: (R) CLK
           Endpoint: (R) retime_s1_106_reg/D
              Clock: (R) CLK

                       Capture       Launch
         Clock Edge:+    0.000        0.000
         Drv Adjust:+    0.000        0.013
        Src Latency:+   -0.109        0.000
        Net Latency:+    0.111 (P)    0.000 (I)
            Arrival:=    0.001        0.012

               Hold:+   -0.002
        Uncertainty:+    0.125
      Required Time:=    0.125
       Launch Clock:=    0.012
        Input Delay:+    0.500
          Data Path:+    0.024
              Slack:=    0.412

#---------------------------------------------------------------------------------------------------------------
# Timing Point         Flags  Arc            Edge  Cell                           Fanout  Trans   Delay  Arrival  
#                                                                                          (ns)    (ns)     (ns)  
#---------------------------------------------------------------------------------------------------------------
  sk_data[6][7]        -      sk_data[6][7]  R     (arrival)                           1  0.023   0.000    0.513  
  g43806/Y             -      B0N->Y         R     OAI22BB_X0P5M_A9PP140ZTUL_C35       1  0.023   0.024    0.537  
  retime_s1_106_reg/D  -      D              R     DFFRPQNA_X1M_A9PP140ZTUL_C35        1  0.015   0.000    0.537  
#---------------------------------------------------------------------------------------------------------------
Path 8: MET (0.414 ns) Hold Check with Pin retime_s1_52_reg/CK->D
               View: bc_analysis_view
              Group: in2reg
         Startpoint: (R) sx_data[2][2]
              Clock: (R) CLK
           Endpoint: (R) retime_s1_52_reg/D
              Clock: (R) CLK

                       Capture       Launch
         Clock Edge:+    0.000        0.000
         Drv Adjust:+    0.000        0.013
        Src Latency:+   -0.109        0.000
        Net Latency:+    0.115 (P)    0.000 (I)
            Arrival:=    0.005        0.013

               Hold:+   -0.006
        Uncertainty:+    0.125
      Required Time:=    0.124
       Launch Clock:=    0.013
        Input Delay:+    0.500
          Data Path:+    0.025
              Slack:=    0.414

#------------------------------------------------------------------------------------------------------------
# Timing Point        Flags  Arc            Edge  Cell                         Fanout  Trans   Delay  Arrival  
#                                                                                       (ns)    (ns)     (ns)  
#------------------------------------------------------------------------------------------------------------
  sx_data[2][2]       -      sx_data[2][2]  R     (arrival)                         1  0.024   0.000    0.513  
  g43785/Y            -      A0->Y          R     AO22_X0P5M_A9PP140ZTUL_C35        1  0.024   0.025    0.538  
  retime_s1_52_reg/D  -      D              R     DFFRPQA_X1M_A9PP140ZTUL_C35       1  0.012   0.000    0.538  
#------------------------------------------------------------------------------------------------------------
Path 9: MET (0.414 ns) Hold Check with Pin retime_s1_136_reg/CK->D
               View: bc_analysis_view
              Group: in2reg
         Startpoint: (R) sx_data[2][0]
              Clock: (R) CLK
           Endpoint: (R) retime_s1_136_reg/D
              Clock: (R) CLK

                       Capture       Launch
         Clock Edge:+    0.000        0.000
         Drv Adjust:+    0.000        0.013
        Src Latency:+   -0.109        0.000
        Net Latency:+    0.115 (P)    0.000 (I)
            Arrival:=    0.005        0.013

               Hold:+   -0.006
        Uncertainty:+    0.125
      Required Time:=    0.124
       Launch Clock:=    0.013
        Input Delay:+    0.500
          Data Path:+    0.025
              Slack:=    0.414

#-------------------------------------------------------------------------------------------------------------
# Timing Point         Flags  Arc            Edge  Cell                         Fanout  Trans   Delay  Arrival  
#                                                                                        (ns)    (ns)     (ns)  
#-------------------------------------------------------------------------------------------------------------
  sx_data[2][0]        -      sx_data[2][0]  R     (arrival)                         1  0.023   0.000    0.513  
  g43823/Y             -      A0->Y          R     AO22_X0P5M_A9PP140ZTUL_C35        1  0.023   0.025    0.538  
  retime_s1_136_reg/D  -      D              R     DFFRPQA_X1M_A9PP140ZTUL_C35       1  0.013   0.000    0.538  
#-------------------------------------------------------------------------------------------------------------
Path 10: MET (0.414 ns) Hold Check with Pin retime_s1_181_reg/CK->D
               View: bc_analysis_view
              Group: in2reg
         Startpoint: (R) sx_data[3][3]
              Clock: (R) CLK
           Endpoint: (R) retime_s1_181_reg/D
              Clock: (R) CLK

                       Capture       Launch
         Clock Edge:+    0.000        0.000
         Drv Adjust:+    0.000        0.013
        Src Latency:+   -0.109        0.000
        Net Latency:+    0.115 (P)    0.000 (I)
            Arrival:=    0.005        0.013

               Hold:+   -0.006
        Uncertainty:+    0.125
      Required Time:=    0.124
       Launch Clock:=    0.013
        Input Delay:+    0.500
          Data Path:+    0.025
              Slack:=    0.414

#-------------------------------------------------------------------------------------------------------------
# Timing Point         Flags  Arc            Edge  Cell                         Fanout  Trans   Delay  Arrival  
#                                                                                        (ns)    (ns)     (ns)  
#-------------------------------------------------------------------------------------------------------------
  sx_data[3][3]        -      sx_data[3][3]  R     (arrival)                         1  0.024   0.000    0.513  
  g43853/Y             -      A0->Y          R     AO22_X0P5M_A9PP140ZTUL_C35        1  0.024   0.025    0.538  
  retime_s1_181_reg/D  -      D              R     DFFRPQA_X1M_A9PP140ZTUL_C35       1  0.013   0.000    0.538  
#-------------------------------------------------------------------------------------------------------------
Path 11: MET (0.414 ns) Hold Check with Pin retime_s1_72_reg/CK->D
               View: bc_analysis_view
              Group: in2reg
         Startpoint: (R) sx_data[2][3]
              Clock: (R) CLK
           Endpoint: (R) retime_s1_72_reg/D
              Clock: (R) CLK

                       Capture       Launch
         Clock Edge:+    0.000        0.000
         Drv Adjust:+    0.000        0.013
        Src Latency:+   -0.109        0.000
        Net Latency:+    0.115 (P)    0.000 (I)
            Arrival:=    0.005        0.013

               Hold:+   -0.006
        Uncertainty:+    0.125
      Required Time:=    0.124
       Launch Clock:=    0.013
        Input Delay:+    0.500
          Data Path:+    0.026
              Slack:=    0.414

#------------------------------------------------------------------------------------------------------------
# Timing Point        Flags  Arc            Edge  Cell                         Fanout  Trans   Delay  Arrival  
#                                                                                       (ns)    (ns)     (ns)  
#------------------------------------------------------------------------------------------------------------
  sx_data[2][3]       -      sx_data[2][3]  R     (arrival)                         1  0.024   0.000    0.513  
  g43795/Y            -      A0->Y          R     AO22_X0P5M_A9PP140ZTUL_C35        1  0.024   0.025    0.538  
  retime_s1_72_reg/D  -      D              R     DFFRPQA_X1M_A9PP140ZTUL_C35       1  0.014   0.000    0.538  
#------------------------------------------------------------------------------------------------------------
Path 12: MET (0.415 ns) Hold Check with Pin retime_s1_187_reg/CK->D
               View: bc_analysis_view
              Group: in2reg
         Startpoint: (R) sx_data[3][1]
              Clock: (R) CLK
           Endpoint: (R) retime_s1_187_reg/D
              Clock: (R) CLK

                       Capture       Launch
         Clock Edge:+    0.000        0.000
         Drv Adjust:+    0.000        0.014
        Src Latency:+   -0.109        0.000
        Net Latency:+    0.115 (P)    0.000 (I)
            Arrival:=    0.005        0.014

               Hold:+   -0.006
        Uncertainty:+    0.125
      Required Time:=    0.124
       Launch Clock:=    0.014
        Input Delay:+    0.500
          Data Path:+    0.025
              Slack:=    0.415

#-------------------------------------------------------------------------------------------------------------
# Timing Point         Flags  Arc            Edge  Cell                         Fanout  Trans   Delay  Arrival  
#                                                                                        (ns)    (ns)     (ns)  
#-------------------------------------------------------------------------------------------------------------
  sx_data[3][1]        -      sx_data[3][1]  R     (arrival)                         1  0.025   0.000    0.514  
  g43852/Y             -      A0->Y          R     AO22_X0P5M_A9PP140ZTUL_C35        1  0.025   0.025    0.539  
  retime_s1_187_reg/D  -      D              R     DFFRPQA_X1M_A9PP140ZTUL_C35       1  0.012   0.000    0.539  
#-------------------------------------------------------------------------------------------------------------
Path 13: MET (0.415 ns) Hold Check with Pin retime_s1_59_reg/CK->D
               View: bc_analysis_view
              Group: in2reg
         Startpoint: (R) sk_data[6][1]
              Clock: (R) CLK
           Endpoint: (R) retime_s1_59_reg/D
              Clock: (R) CLK

                       Capture       Launch
         Clock Edge:+    0.000        0.000
         Drv Adjust:+    0.000        0.013
        Src Latency:+   -0.109        0.000
        Net Latency:+    0.110 (P)    0.000 (I)
            Arrival:=    0.001        0.013

               Hold:+   -0.002
        Uncertainty:+    0.125
      Required Time:=    0.124
       Launch Clock:=    0.013
        Input Delay:+    0.500
          Data Path:+    0.026
              Slack:=    0.415

#--------------------------------------------------------------------------------------------------------------
# Timing Point        Flags  Arc            Edge  Cell                           Fanout  Trans   Delay  Arrival  
#                                                                                         (ns)    (ns)     (ns)  
#--------------------------------------------------------------------------------------------------------------
  sk_data[6][1]       -      sk_data[6][1]  R     (arrival)                           1  0.024   0.000    0.513  
  g43789/Y            -      B0N->Y         R     OAI22BB_X0P5M_A9PP140ZTUL_C35       1  0.024   0.026    0.539  
  retime_s1_59_reg/D  -      D              R     DFFRPQNA_X1M_A9PP140ZTUL_C35        1  0.017   0.000    0.539  
#--------------------------------------------------------------------------------------------------------------
Path 14: MET (0.415 ns) Hold Check with Pin retime_s1_179_reg/CK->D
               View: bc_analysis_view
              Group: in2reg
         Startpoint: (R) sk_data[6][0]
              Clock: (R) CLK
           Endpoint: (R) retime_s1_179_reg/D
              Clock: (R) CLK

                       Capture       Launch
         Clock Edge:+    0.000        0.000
         Drv Adjust:+    0.000        0.013
        Src Latency:+   -0.109        0.000
        Net Latency:+    0.110 (P)    0.000 (I)
            Arrival:=    0.001        0.013

               Hold:+   -0.002
        Uncertainty:+    0.125
      Required Time:=    0.124
       Launch Clock:=    0.013
        Input Delay:+    0.500
          Data Path:+    0.026
              Slack:=    0.415

#---------------------------------------------------------------------------------------------------------------
# Timing Point         Flags  Arc            Edge  Cell                           Fanout  Trans   Delay  Arrival  
#                                                                                          (ns)    (ns)     (ns)  
#---------------------------------------------------------------------------------------------------------------
  sk_data[6][0]        -      sk_data[6][0]  R     (arrival)                           1  0.024   0.000    0.513  
  g43847/Y             -      B0N->Y         R     OAI22BB_X0P5M_A9PP140ZTUL_C35       1  0.024   0.026    0.539  
  retime_s1_179_reg/D  -      D              R     DFFRPQNA_X1M_A9PP140ZTUL_C35        1  0.017   0.000    0.539  
#---------------------------------------------------------------------------------------------------------------
Path 15: MET (0.415 ns) Hold Check with Pin retime_s1_138_reg/CK->D
               View: bc_analysis_view
              Group: in2reg
         Startpoint: (R) sx_data[2][1]
              Clock: (R) CLK
           Endpoint: (R) retime_s1_138_reg/D
              Clock: (R) CLK

                       Capture       Launch
         Clock Edge:+    0.000        0.000
         Drv Adjust:+    0.000        0.013
        Src Latency:+   -0.109        0.000
        Net Latency:+    0.115 (P)    0.000 (I)
            Arrival:=    0.005        0.013

               Hold:+   -0.006
        Uncertainty:+    0.125
      Required Time:=    0.124
       Launch Clock:=    0.013
        Input Delay:+    0.500
          Data Path:+    0.026
              Slack:=    0.415

#-------------------------------------------------------------------------------------------------------------
# Timing Point         Flags  Arc            Edge  Cell                         Fanout  Trans   Delay  Arrival  
#                                                                                        (ns)    (ns)     (ns)  
#-------------------------------------------------------------------------------------------------------------
  sx_data[2][1]        -      sx_data[2][1]  R     (arrival)                         1  0.024   0.000    0.513  
  g43822/Y             -      A0->Y          R     AO22_X0P5M_A9PP140ZTUL_C35        1  0.024   0.026    0.539  
  retime_s1_138_reg/D  -      D              R     DFFRPQA_X1M_A9PP140ZTUL_C35       1  0.014   0.000    0.539  
#-------------------------------------------------------------------------------------------------------------
Path 16: MET (0.415 ns) Hold Check with Pin retime_s1_131_reg/CK->D
               View: bc_analysis_view
              Group: in2reg
         Startpoint: (R) sx_data[1][3]
              Clock: (R) CLK
           Endpoint: (R) retime_s1_131_reg/D
              Clock: (R) CLK

                       Capture       Launch
         Clock Edge:+    0.000        0.000
         Drv Adjust:+    0.000        0.016
        Src Latency:+   -0.109        0.000
        Net Latency:+    0.113 (P)    0.000 (I)
            Arrival:=    0.004        0.016

               Hold:+   -0.002
        Uncertainty:+    0.125
      Required Time:=    0.127
       Launch Clock:=    0.016
        Input Delay:+    0.500
          Data Path:+    0.025
              Slack:=    0.415

#---------------------------------------------------------------------------------------------------------------
# Timing Point         Flags  Arc            Edge  Cell                           Fanout  Trans   Delay  Arrival  
#                                                                                          (ns)    (ns)     (ns)  
#---------------------------------------------------------------------------------------------------------------
  sx_data[1][3]        -      sx_data[1][3]  R     (arrival)                           1  0.031   0.000    0.517  
  g43817/Y             -      B0N->Y         R     OAI22BB_X0P5M_A9PP140ZTUL_C35       1  0.031   0.025    0.542  
  retime_s1_131_reg/D  -      D              R     DFFRPQNA_X1M_A9PP140ZTUL_C35        1  0.015   0.000    0.542  
#---------------------------------------------------------------------------------------------------------------
Path 17: MET (0.415 ns) Hold Check with Pin retime_s1_111_reg/CK->D
               View: bc_analysis_view
              Group: in2reg
         Startpoint: (R) sx_data[3][2]
              Clock: (R) CLK
           Endpoint: (R) retime_s1_111_reg/D
              Clock: (R) CLK

                       Capture       Launch
         Clock Edge:+    0.000        0.000
         Drv Adjust:+    0.000        0.013
        Src Latency:+   -0.109        0.000
        Net Latency:+    0.115 (P)    0.000 (I)
            Arrival:=    0.005        0.013

               Hold:+   -0.006
        Uncertainty:+    0.125
      Required Time:=    0.124
       Launch Clock:=    0.013
        Input Delay:+    0.500
          Data Path:+    0.026
              Slack:=    0.415

#-------------------------------------------------------------------------------------------------------------
# Timing Point         Flags  Arc            Edge  Cell                         Fanout  Trans   Delay  Arrival  
#                                                                                        (ns)    (ns)     (ns)  
#-------------------------------------------------------------------------------------------------------------
  sx_data[3][2]        -      sx_data[3][2]  R     (arrival)                         1  0.025   0.000    0.514  
  g43807/Y             -      A0->Y          R     AO22_X0P5M_A9PP140ZTUL_C35        1  0.025   0.025    0.539  
  retime_s1_111_reg/D  -      D              R     DFFRPQA_X1M_A9PP140ZTUL_C35       1  0.013   0.000    0.539  
#-------------------------------------------------------------------------------------------------------------
Path 18: MET (0.415 ns) Hold Check with Pin retime_s1_66_reg/CK->D
               View: bc_analysis_view
              Group: in2reg
         Startpoint: (R) sx_data[3][0]
              Clock: (R) CLK
           Endpoint: (R) retime_s1_66_reg/D
              Clock: (R) CLK

                       Capture       Launch
         Clock Edge:+    0.000        0.000
         Drv Adjust:+    0.000        0.013
        Src Latency:+   -0.109        0.000
        Net Latency:+    0.115 (P)    0.000 (I)
            Arrival:=    0.005        0.013

               Hold:+   -0.006
        Uncertainty:+    0.125
      Required Time:=    0.124
       Launch Clock:=    0.013
        Input Delay:+    0.500
          Data Path:+    0.027
              Slack:=    0.415

#------------------------------------------------------------------------------------------------------------
# Timing Point        Flags  Arc            Edge  Cell                         Fanout  Trans   Delay  Arrival  
#                                                                                       (ns)    (ns)     (ns)  
#------------------------------------------------------------------------------------------------------------
  sx_data[3][0]       -      sx_data[3][0]  R     (arrival)                         1  0.024   0.000    0.513  
  g43792/Y            -      A0->Y          R     AO22_X0P5M_A9PP140ZTUL_C35        1  0.024   0.026    0.539  
  retime_s1_66_reg/D  -      D              R     DFFRPQA_X1M_A9PP140ZTUL_C35       1  0.014   0.000    0.539  
#------------------------------------------------------------------------------------------------------------
Path 19: MET (0.416 ns) Hold Check with Pin retime_s1_161_reg/CK->D
               View: bc_analysis_view
              Group: in2reg
         Startpoint: (R) sx_data[1][2]
              Clock: (R) CLK
           Endpoint: (R) retime_s1_161_reg/D
              Clock: (R) CLK

                       Capture       Launch
         Clock Edge:+    0.000        0.000
         Drv Adjust:+    0.000        0.013
        Src Latency:+   -0.109        0.000
        Net Latency:+    0.113 (P)    0.000 (I)
            Arrival:=    0.004        0.012

               Hold:+   -0.002
        Uncertainty:+    0.125
      Required Time:=    0.127
       Launch Clock:=    0.012
        Input Delay:+    0.500
          Data Path:+    0.030
              Slack:=    0.416

#---------------------------------------------------------------------------------------------------------------
# Timing Point         Flags  Arc            Edge  Cell                           Fanout  Trans   Delay  Arrival  
#                                                                                          (ns)    (ns)     (ns)  
#---------------------------------------------------------------------------------------------------------------
  sx_data[1][2]        -      sx_data[1][2]  R     (arrival)                           1  0.023   0.000    0.513  
  g43837/Y             -      B0N->Y         R     OAI22BB_X0P5M_A9PP140ZTUL_C35       1  0.023   0.030    0.542  
  retime_s1_161_reg/D  -      D              R     DFFRPQNA_X1M_A9PP140ZTUL_C35        1  0.024   0.000    0.542  
#---------------------------------------------------------------------------------------------------------------
Path 20: MET (0.418 ns) Hold Check with Pin retime_s1_177_reg/CK->D
               View: bc_analysis_view
              Group: in2reg
         Startpoint: (R) sk_data[5][1]
              Clock: (R) CLK
           Endpoint: (R) retime_s1_177_reg/D
              Clock: (R) CLK

                       Capture       Launch
         Clock Edge:+    0.000        0.000
         Drv Adjust:+    0.000        0.014
        Src Latency:+   -0.109        0.000
        Net Latency:+    0.111 (P)    0.000 (I)
            Arrival:=    0.001        0.014

               Hold:+   -0.006
        Uncertainty:+    0.125
      Required Time:=    0.120
       Launch Clock:=    0.014
        Input Delay:+    0.500
          Data Path:+    0.025
              Slack:=    0.418

#-------------------------------------------------------------------------------------------------------------
# Timing Point         Flags  Arc            Edge  Cell                         Fanout  Trans   Delay  Arrival  
#                                                                                        (ns)    (ns)     (ns)  
#-------------------------------------------------------------------------------------------------------------
  sk_data[5][1]        -      sk_data[5][1]  R     (arrival)                         1  0.025   0.000    0.514  
  g43845/Y             -      A0->Y          R     AO22_X0P5M_A9PP140ZTUL_C35        1  0.025   0.024    0.538  
  retime_s1_177_reg/D  -      D              R     DFFRPQA_X1M_A9PP140ZTUL_C35       1  0.012   0.000    0.538  
#-------------------------------------------------------------------------------------------------------------
Path 21: MET (0.418 ns) Hold Check with Pin retime_s1_64_reg/CK->D
               View: bc_analysis_view
              Group: in2reg
         Startpoint: (R) sk_data[7][5]
              Clock: (R) CLK
           Endpoint: (R) retime_s1_64_reg/D
              Clock: (R) CLK

                       Capture       Launch
         Clock Edge:+    0.000        0.000
         Drv Adjust:+    0.000        0.014
        Src Latency:+   -0.109        0.000
        Net Latency:+    0.110 (P)    0.000 (I)
            Arrival:=    0.001        0.014

               Hold:+   -0.006
        Uncertainty:+    0.125
      Required Time:=    0.120
       Launch Clock:=    0.014
        Input Delay:+    0.500
          Data Path:+    0.024
              Slack:=    0.418

#------------------------------------------------------------------------------------------------------------
# Timing Point        Flags  Arc            Edge  Cell                         Fanout  Trans   Delay  Arrival  
#                                                                                       (ns)    (ns)     (ns)  
#------------------------------------------------------------------------------------------------------------
  sk_data[7][5]       -      sk_data[7][5]  R     (arrival)                         1  0.025   0.000    0.514  
  g43791/Y            -      A0->Y          R     AO22_X0P5M_A9PP140ZTUL_C35        1  0.025   0.024    0.538  
  retime_s1_64_reg/D  -      D              R     DFFRPQA_X1M_A9PP140ZTUL_C35       1  0.011   0.000    0.538  
#------------------------------------------------------------------------------------------------------------
Path 22: MET (0.418 ns) Hold Check with Pin retime_s1_95_reg/CK->D
               View: bc_analysis_view
              Group: in2reg
         Startpoint: (R) sk_data[7][4]
              Clock: (R) CLK
           Endpoint: (R) retime_s1_95_reg/D
              Clock: (R) CLK

                       Capture       Launch
         Clock Edge:+    0.000        0.000
         Drv Adjust:+    0.000        0.014
        Src Latency:+   -0.109        0.000
        Net Latency:+    0.110 (P)    0.000 (I)
            Arrival:=    0.001        0.013

               Hold:+   -0.006
        Uncertainty:+    0.125
      Required Time:=    0.120
       Launch Clock:=    0.013
        Input Delay:+    0.500
          Data Path:+    0.024
              Slack:=    0.418

#------------------------------------------------------------------------------------------------------------
# Timing Point        Flags  Arc            Edge  Cell                         Fanout  Trans   Delay  Arrival  
#                                                                                       (ns)    (ns)     (ns)  
#------------------------------------------------------------------------------------------------------------
  sk_data[7][4]       -      sk_data[7][4]  R     (arrival)                         1  0.025   0.000    0.514  
  g43801/Y            -      A0->Y          R     AO22_X0P5M_A9PP140ZTUL_C35        1  0.025   0.024    0.538  
  retime_s1_95_reg/D  -      D              R     DFFRPQA_X1M_A9PP140ZTUL_C35       1  0.011   0.000    0.538  
#------------------------------------------------------------------------------------------------------------
Path 23: MET (0.418 ns) Hold Check with Pin retime_s1_186_reg/CK->D
               View: bc_analysis_view
              Group: in2reg
         Startpoint: (R) sk_data[5][0]
              Clock: (R) CLK
           Endpoint: (R) retime_s1_186_reg/D
              Clock: (R) CLK

                       Capture       Launch
         Clock Edge:+    0.000        0.000
         Drv Adjust:+    0.000        0.013
        Src Latency:+   -0.109        0.000
        Net Latency:+    0.111 (P)    0.000 (I)
            Arrival:=    0.001        0.013

               Hold:+   -0.006
        Uncertainty:+    0.125
      Required Time:=    0.120
       Launch Clock:=    0.013
        Input Delay:+    0.500
          Data Path:+    0.025
              Slack:=    0.418

#-------------------------------------------------------------------------------------------------------------
# Timing Point         Flags  Arc            Edge  Cell                         Fanout  Trans   Delay  Arrival  
#                                                                                        (ns)    (ns)     (ns)  
#-------------------------------------------------------------------------------------------------------------
  sk_data[5][0]        -      sk_data[5][0]  R     (arrival)                         1  0.024   0.000    0.513  
  g43851/Y             -      A0->Y          R     AO22_X0P5M_A9PP140ZTUL_C35        1  0.024   0.025    0.538  
  retime_s1_186_reg/D  -      D              R     DFFRPQA_X1M_A9PP140ZTUL_C35       1  0.013   0.000    0.538  
#-------------------------------------------------------------------------------------------------------------
Path 24: MET (0.418 ns) Hold Check with Pin retime_s1_89_reg/CK->D
               View: bc_analysis_view
              Group: in2reg
         Startpoint: (R) sk_data[7][7]
              Clock: (R) CLK
           Endpoint: (R) retime_s1_89_reg/D
              Clock: (R) CLK

                       Capture       Launch
         Clock Edge:+    0.000        0.000
         Drv Adjust:+    0.000        0.014
        Src Latency:+   -0.109        0.000
        Net Latency:+    0.110 (P)    0.000 (I)
            Arrival:=    0.001        0.014

               Hold:+   -0.006
        Uncertainty:+    0.125
      Required Time:=    0.120
       Launch Clock:=    0.014
        Input Delay:+    0.500
          Data Path:+    0.024
              Slack:=    0.418

#------------------------------------------------------------------------------------------------------------
# Timing Point        Flags  Arc            Edge  Cell                         Fanout  Trans   Delay  Arrival  
#                                                                                       (ns)    (ns)     (ns)  
#------------------------------------------------------------------------------------------------------------
  sk_data[7][7]       -      sk_data[7][7]  R     (arrival)                         1  0.026   0.000    0.514  
  g43777/Y            -      A0->Y          R     AO22_X0P5M_A9PP140ZTUL_C35        1  0.026   0.024    0.538  
  retime_s1_89_reg/D  -      D              R     DFFRPQA_X1M_A9PP140ZTUL_C35       1  0.011   0.000    0.538  
#------------------------------------------------------------------------------------------------------------
Path 25: MET (0.419 ns) Hold Check with Pin retime_s1_105_reg/CK->D
               View: bc_analysis_view
              Group: in2reg
         Startpoint: (R) sk_data[2][6]
              Clock: (R) CLK
           Endpoint: (R) retime_s1_105_reg/D
              Clock: (R) CLK

                       Capture       Launch
         Clock Edge:+    0.000        0.000
         Drv Adjust:+    0.000        0.014
        Src Latency:+   -0.109        0.000
        Net Latency:+    0.110 (P)    0.000 (I)
            Arrival:=    0.001        0.014

               Hold:+   -0.006
        Uncertainty:+    0.125
      Required Time:=    0.120
       Launch Clock:=    0.014
        Input Delay:+    0.500
          Data Path:+    0.024
              Slack:=    0.419

#-------------------------------------------------------------------------------------------------------------
# Timing Point         Flags  Arc            Edge  Cell                         Fanout  Trans   Delay  Arrival  
#                                                                                        (ns)    (ns)     (ns)  
#-------------------------------------------------------------------------------------------------------------
  sk_data[2][6]        -      sk_data[2][6]  R     (arrival)                         1  0.026   0.000    0.514  
  g43805/Y             -      A0->Y          R     AO22_X0P5M_A9PP140ZTUL_C35        1  0.026   0.024    0.538  
  retime_s1_105_reg/D  -      D              R     DFFRPQA_X1M_A9PP140ZTUL_C35       1  0.011   0.000    0.538  
#-------------------------------------------------------------------------------------------------------------
Path 26: MET (0.419 ns) Hold Check with Pin retime_s1_183_reg/CK->D
               View: bc_analysis_view
              Group: in2reg
         Startpoint: (R) sk_data[7][3]
              Clock: (R) CLK
           Endpoint: (R) retime_s1_183_reg/D
              Clock: (R) CLK

                       Capture       Launch
         Clock Edge:+    0.000        0.000
         Drv Adjust:+    0.000        0.013
        Src Latency:+   -0.109        0.000
        Net Latency:+    0.110 (P)    0.000 (I)
            Arrival:=    0.001        0.013

               Hold:+   -0.006
        Uncertainty:+    0.125
      Required Time:=    0.120
       Launch Clock:=    0.013
        Input Delay:+    0.500
          Data Path:+    0.025
              Slack:=    0.419

#-------------------------------------------------------------------------------------------------------------
# Timing Point         Flags  Arc            Edge  Cell                         Fanout  Trans   Delay  Arrival  
#                                                                                        (ns)    (ns)     (ns)  
#-------------------------------------------------------------------------------------------------------------
  sk_data[7][3]        -      sk_data[7][3]  R     (arrival)                         1  0.025   0.000    0.514  
  g43848/Y             -      A0->Y          R     AO22_X0P5M_A9PP140ZTUL_C35        1  0.025   0.025    0.539  
  retime_s1_183_reg/D  -      D              R     DFFRPQA_X1M_A9PP140ZTUL_C35       1  0.014   0.000    0.539  
#-------------------------------------------------------------------------------------------------------------
Path 27: MET (0.419 ns) Hold Check with Pin retime_s1_51_reg/CK->D
               View: bc_analysis_view
              Group: in2reg
         Startpoint: (R) sk_data[5][3]
              Clock: (R) CLK
           Endpoint: (R) retime_s1_51_reg/D
              Clock: (R) CLK

                       Capture       Launch
         Clock Edge:+    0.000        0.000
         Drv Adjust:+    0.000        0.014
        Src Latency:+   -0.109        0.000
        Net Latency:+    0.110 (P)    0.000 (I)
            Arrival:=    0.000        0.014

               Hold:+   -0.006
        Uncertainty:+    0.125
      Required Time:=    0.119
       Launch Clock:=    0.014
        Input Delay:+    0.500
          Data Path:+    0.024
              Slack:=    0.419

#------------------------------------------------------------------------------------------------------------
# Timing Point        Flags  Arc            Edge  Cell                         Fanout  Trans   Delay  Arrival  
#                                                                                       (ns)    (ns)     (ns)  
#------------------------------------------------------------------------------------------------------------
  sk_data[5][3]       -      sk_data[5][3]  R     (arrival)                         1  0.026   0.000    0.514  
  g43784/Y            -      A0->Y          R     AO22_X0P5M_A9PP140ZTUL_C35        1  0.026   0.024    0.538  
  retime_s1_51_reg/D  -      D              R     DFFRPQA_X1M_A9PP140ZTUL_C35       1  0.011   0.000    0.538  
#------------------------------------------------------------------------------------------------------------
Path 28: MET (0.419 ns) Hold Check with Pin retime_s1_123_reg/CK->D
               View: bc_analysis_view
              Group: in2reg
         Startpoint: (R) sk_data[7][6]
              Clock: (R) CLK
           Endpoint: (R) retime_s1_123_reg/D
              Clock: (R) CLK

                       Capture       Launch
         Clock Edge:+    0.000        0.000
         Drv Adjust:+    0.000        0.014
        Src Latency:+   -0.109        0.000
        Net Latency:+    0.110 (P)    0.000 (I)
            Arrival:=    0.001        0.014

               Hold:+   -0.006
        Uncertainty:+    0.125
      Required Time:=    0.120
       Launch Clock:=    0.014
        Input Delay:+    0.500
          Data Path:+    0.025
              Slack:=    0.419

#-------------------------------------------------------------------------------------------------------------
# Timing Point         Flags  Arc            Edge  Cell                         Fanout  Trans   Delay  Arrival  
#                                                                                        (ns)    (ns)     (ns)  
#-------------------------------------------------------------------------------------------------------------
  sk_data[7][6]        -      sk_data[7][6]  R     (arrival)                         1  0.026   0.000    0.514  
  g43815/Y             -      A0->Y          R     AO22_X0P5M_A9PP140ZTUL_C35        1  0.026   0.025    0.539  
  retime_s1_123_reg/D  -      D              R     DFFRPQA_X1M_A9PP140ZTUL_C35       1  0.013   0.000    0.539  
#-------------------------------------------------------------------------------------------------------------
Path 29: MET (0.420 ns) Hold Check with Pin retime_s1_85_reg/CK->D
               View: bc_analysis_view
              Group: in2reg
         Startpoint: (R) sk_data[5][4]
              Clock: (R) CLK
           Endpoint: (R) retime_s1_85_reg/D
              Clock: (R) CLK

                       Capture       Launch
         Clock Edge:+    0.000        0.000
         Drv Adjust:+    0.000        0.014
        Src Latency:+   -0.109        0.000
        Net Latency:+    0.110 (P)    0.000 (I)
            Arrival:=    0.000        0.014

               Hold:+   -0.006
        Uncertainty:+    0.125
      Required Time:=    0.119
       Launch Clock:=    0.014
        Input Delay:+    0.500
          Data Path:+    0.025
              Slack:=    0.420

#------------------------------------------------------------------------------------------------------------
# Timing Point        Flags  Arc            Edge  Cell                         Fanout  Trans   Delay  Arrival  
#                                                                                       (ns)    (ns)     (ns)  
#------------------------------------------------------------------------------------------------------------
  sk_data[5][4]       -      sk_data[5][4]  R     (arrival)                         1  0.026   0.000    0.514  
  g43799/Y            -      A0->Y          R     AO22_X0P5M_A9PP140ZTUL_C35        1  0.026   0.025    0.539  
  retime_s1_85_reg/D  -      D              R     DFFRPQA_X1M_A9PP140ZTUL_C35       1  0.011   0.000    0.539  
#------------------------------------------------------------------------------------------------------------
Path 30: MET (0.420 ns) Hold Check with Pin retime_s1_91_reg/CK->D
               View: bc_analysis_view
              Group: in2reg
         Startpoint: (R) sk_data[7][0]
              Clock: (R) CLK
           Endpoint: (R) retime_s1_91_reg/D
              Clock: (R) CLK

                       Capture       Launch
         Clock Edge:+    0.000        0.000
         Drv Adjust:+    0.000        0.015
        Src Latency:+   -0.109        0.000
        Net Latency:+    0.110 (P)    0.000 (I)
            Arrival:=    0.001        0.015

               Hold:+   -0.006
        Uncertainty:+    0.125
      Required Time:=    0.120
       Launch Clock:=    0.015
        Input Delay:+    0.500
          Data Path:+    0.024
              Slack:=    0.420

#------------------------------------------------------------------------------------------------------------
# Timing Point        Flags  Arc            Edge  Cell                         Fanout  Trans   Delay  Arrival  
#                                                                                       (ns)    (ns)     (ns)  
#------------------------------------------------------------------------------------------------------------
  sk_data[7][0]       -      sk_data[7][0]  R     (arrival)                         1  0.029   0.000    0.515  
  g43800/Y            -      A0->Y          R     AO22_X0P5M_A9PP140ZTUL_C35        1  0.029   0.024    0.540  
  retime_s1_91_reg/D  -      D              R     DFFRPQA_X1M_A9PP140ZTUL_C35       1  0.011   0.000    0.540  
#------------------------------------------------------------------------------------------------------------
Path 31: MET (0.420 ns) Hold Check with Pin retime_s1_67_reg/CK->D
               View: bc_analysis_view
              Group: in2reg
         Startpoint: (R) sx_data[1][1]
              Clock: (R) CLK
           Endpoint: (R) retime_s1_67_reg/D
              Clock: (R) CLK

                       Capture       Launch
         Clock Edge:+    0.000        0.000
         Drv Adjust:+    0.000        0.014
        Src Latency:+   -0.109        0.000
        Net Latency:+    0.113 (P)    0.000 (I)
            Arrival:=    0.004        0.014

               Hold:+   -0.002
        Uncertainty:+    0.125
      Required Time:=    0.127
       Launch Clock:=    0.014
        Input Delay:+    0.500
          Data Path:+    0.033
              Slack:=    0.420

#--------------------------------------------------------------------------------------------------------------
# Timing Point        Flags  Arc            Edge  Cell                           Fanout  Trans   Delay  Arrival  
#                                                                                         (ns)    (ns)     (ns)  
#--------------------------------------------------------------------------------------------------------------
  sx_data[1][1]       -      sx_data[1][1]  R     (arrival)                           1  0.026   0.000    0.514  
  g43856/Y            -      B0N->Y         R     OAI22BB_X0P5M_A9PP140ZTUL_C35       1  0.026   0.032    0.547  
  retime_s1_67_reg/D  -      D              R     DFFRPQNA_X1M_A9PP140ZTUL_C35        1  0.028   0.000    0.547  
#--------------------------------------------------------------------------------------------------------------
Path 32: MET (0.420 ns) Hold Check with Pin retime_s1_158_reg/CK->D
               View: bc_analysis_view
              Group: in2reg
         Startpoint: (R) sk_data[5][2]
              Clock: (R) CLK
           Endpoint: (R) retime_s1_158_reg/D
              Clock: (R) CLK

                       Capture       Launch
         Clock Edge:+    0.000        0.000
         Drv Adjust:+    0.000        0.014
        Src Latency:+   -0.109        0.000
        Net Latency:+    0.110 (P)    0.000 (I)
            Arrival:=    0.000        0.014

               Hold:+   -0.006
        Uncertainty:+    0.125
      Required Time:=    0.119
       Launch Clock:=    0.014
        Input Delay:+    0.500
          Data Path:+    0.025
              Slack:=    0.420

#-------------------------------------------------------------------------------------------------------------
# Timing Point         Flags  Arc            Edge  Cell                         Fanout  Trans   Delay  Arrival  
#                                                                                        (ns)    (ns)     (ns)  
#-------------------------------------------------------------------------------------------------------------
  sk_data[5][2]        -      sk_data[5][2]  R     (arrival)                         1  0.025   0.000    0.514  
  g43836/Y             -      A0->Y          R     AO22_X0P5M_A9PP140ZTUL_C35        1  0.025   0.025    0.539  
  retime_s1_158_reg/D  -      D              R     DFFRPQA_X1M_A9PP140ZTUL_C35       1  0.013   0.000    0.539  
#-------------------------------------------------------------------------------------------------------------
Path 33: MET (0.420 ns) Hold Check with Pin retime_s1_122_reg/CK->D
               View: bc_analysis_view
              Group: in2reg
         Startpoint: (R) sk_data[2][0]
              Clock: (R) CLK
           Endpoint: (R) retime_s1_122_reg/D
              Clock: (R) CLK

                       Capture       Launch
         Clock Edge:+    0.000        0.000
         Drv Adjust:+    0.000        0.015
        Src Latency:+   -0.109        0.000
        Net Latency:+    0.111 (P)    0.000 (I)
            Arrival:=    0.001        0.015

               Hold:+   -0.006
        Uncertainty:+    0.125
      Required Time:=    0.120
       Launch Clock:=    0.015
        Input Delay:+    0.500
          Data Path:+    0.026
              Slack:=    0.420

#-------------------------------------------------------------------------------------------------------------
# Timing Point         Flags  Arc            Edge  Cell                         Fanout  Trans   Delay  Arrival  
#                                                                                        (ns)    (ns)     (ns)  
#-------------------------------------------------------------------------------------------------------------
  sk_data[2][0]        -      sk_data[2][0]  R     (arrival)                         1  0.027   0.000    0.515  
  g43814/Y             -      A0->Y          R     AO22_X0P5M_A9PP140ZTUL_C35        1  0.027   0.026    0.540  
  retime_s1_122_reg/D  -      D              R     DFFRPQA_X1M_A9PP140ZTUL_C35       1  0.012   0.000    0.540  
#-------------------------------------------------------------------------------------------------------------
Path 34: MET (0.420 ns) Hold Check with Pin retime_s1_150_reg/CK->D
               View: bc_analysis_view
              Group: in2reg
         Startpoint: (R) sk_data[4][7]
              Clock: (R) CLK
           Endpoint: (R) retime_s1_150_reg/D
              Clock: (R) CLK

                       Capture       Launch
         Clock Edge:+    0.000        0.000
         Drv Adjust:+    0.000        0.015
        Src Latency:+   -0.109        0.000
        Net Latency:+    0.110 (P)    0.000 (I)
            Arrival:=    0.000        0.015

               Hold:+   -0.006
        Uncertainty:+    0.125
      Required Time:=    0.119
       Launch Clock:=    0.015
        Input Delay:+    0.500
          Data Path:+    0.025
              Slack:=    0.420

#-------------------------------------------------------------------------------------------------------------
# Timing Point         Flags  Arc            Edge  Cell                         Fanout  Trans   Delay  Arrival  
#                                                                                        (ns)    (ns)     (ns)  
#-------------------------------------------------------------------------------------------------------------
  sk_data[4][7]        -      sk_data[4][7]  R     (arrival)                         1  0.028   0.000    0.515  
  g43832/Y             -      A0->Y          R     AO22_X0P5M_A9PP140ZTUL_C35        1  0.028   0.024    0.539  
  retime_s1_150_reg/D  -      D              R     DFFRPQA_X1M_A9PP140ZTUL_C35       1  0.010   0.000    0.539  
#-------------------------------------------------------------------------------------------------------------
Path 35: MET (0.421 ns) Hold Check with Pin retime_s1_154_reg/CK->D
               View: bc_analysis_view
              Group: in2reg
         Startpoint: (R) sk_data[2][4]
              Clock: (R) CLK
           Endpoint: (R) retime_s1_154_reg/D
              Clock: (R) CLK

                       Capture       Launch
         Clock Edge:+    0.000        0.000
         Drv Adjust:+    0.000        0.014
        Src Latency:+   -0.109        0.000
        Net Latency:+    0.110 (P)    0.000 (I)
            Arrival:=    0.001        0.015

               Hold:+   -0.006
        Uncertainty:+    0.125
      Required Time:=    0.119
       Launch Clock:=    0.015
        Input Delay:+    0.500
          Data Path:+    0.025
              Slack:=    0.421

#-------------------------------------------------------------------------------------------------------------
# Timing Point         Flags  Arc            Edge  Cell                         Fanout  Trans   Delay  Arrival  
#                                                                                        (ns)    (ns)     (ns)  
#-------------------------------------------------------------------------------------------------------------
  sk_data[2][4]        -      sk_data[2][4]  R     (arrival)                         1  0.027   0.000    0.515  
  g43833/Y             -      A0->Y          R     AO22_X0P5M_A9PP140ZTUL_C35        1  0.027   0.025    0.540  
  retime_s1_154_reg/D  -      D              R     DFFRPQA_X1M_A9PP140ZTUL_C35       1  0.012   0.000    0.540  
#-------------------------------------------------------------------------------------------------------------
Path 36: MET (0.421 ns) Hold Check with Pin retime_s1_84_reg/CK->D
               View: bc_analysis_view
              Group: in2reg
         Startpoint: (R) sk_data[2][5]
              Clock: (R) CLK
           Endpoint: (R) retime_s1_84_reg/D
              Clock: (R) CLK

                       Capture       Launch
         Clock Edge:+    0.000        0.000
         Drv Adjust:+    0.000        0.014
        Src Latency:+   -0.109        0.000
        Net Latency:+    0.110 (P)    0.000 (I)
            Arrival:=    0.001        0.014

               Hold:+   -0.006
        Uncertainty:+    0.125
      Required Time:=    0.119
       Launch Clock:=    0.014
        Input Delay:+    0.500
          Data Path:+    0.026
              Slack:=    0.421

#------------------------------------------------------------------------------------------------------------
# Timing Point        Flags  Arc            Edge  Cell                         Fanout  Trans   Delay  Arrival  
#                                                                                       (ns)    (ns)     (ns)  
#------------------------------------------------------------------------------------------------------------
  sk_data[2][5]       -      sk_data[2][5]  R     (arrival)                         1  0.026   0.000    0.514  
  g43798/Y            -      A0->Y          R     AO22_X0P5M_A9PP140ZTUL_C35        1  0.026   0.026    0.540  
  retime_s1_84_reg/D  -      D              R     DFFRPQA_X1M_A9PP140ZTUL_C35       1  0.013   0.000    0.540  
#------------------------------------------------------------------------------------------------------------
Path 37: MET (0.421 ns) Hold Check with Pin retime_s1_137_reg/CK->D
               View: bc_analysis_view
              Group: in2reg
         Startpoint: (R) sk_data[2][7]
              Clock: (R) CLK
           Endpoint: (R) retime_s1_137_reg/D
              Clock: (R) CLK

                       Capture       Launch
         Clock Edge:+    0.000        0.000
         Drv Adjust:+    0.000        0.014
        Src Latency:+   -0.109        0.000
        Net Latency:+    0.110 (P)    0.000 (I)
            Arrival:=    0.001        0.014

               Hold:+   -0.006
        Uncertainty:+    0.125
      Required Time:=    0.119
       Launch Clock:=    0.014
        Input Delay:+    0.500
          Data Path:+    0.026
              Slack:=    0.421

#-------------------------------------------------------------------------------------------------------------
# Timing Point         Flags  Arc            Edge  Cell                         Fanout  Trans   Delay  Arrival  
#                                                                                        (ns)    (ns)     (ns)  
#-------------------------------------------------------------------------------------------------------------
  sk_data[2][7]        -      sk_data[2][7]  R     (arrival)                         1  0.027   0.000    0.515  
  g43821/Y             -      A0->Y          R     AO22_X0P5M_A9PP140ZTUL_C35        1  0.027   0.026    0.540  
  retime_s1_137_reg/D  -      D              R     DFFRPQA_X1M_A9PP140ZTUL_C35       1  0.013   0.000    0.540  
#-------------------------------------------------------------------------------------------------------------
Path 38: MET (0.421 ns) Hold Check with Pin retime_s1_117_reg/CK->D
               View: bc_analysis_view
              Group: in2reg
         Startpoint: (R) sk_data[5][6]
              Clock: (R) CLK
           Endpoint: (R) retime_s1_117_reg/D
              Clock: (R) CLK

                       Capture       Launch
         Clock Edge:+    0.000        0.000
         Drv Adjust:+    0.000        0.014
        Src Latency:+   -0.109        0.000
        Net Latency:+    0.110 (P)    0.000 (I)
            Arrival:=    0.000        0.014

               Hold:+   -0.006
        Uncertainty:+    0.125
      Required Time:=    0.119
       Launch Clock:=    0.014
        Input Delay:+    0.500
          Data Path:+    0.026
              Slack:=    0.421

#-------------------------------------------------------------------------------------------------------------
# Timing Point         Flags  Arc            Edge  Cell                         Fanout  Trans   Delay  Arrival  
#                                                                                        (ns)    (ns)     (ns)  
#-------------------------------------------------------------------------------------------------------------
  sk_data[5][6]        -      sk_data[5][6]  R     (arrival)                         1  0.026   0.000    0.514  
  g43810/Y             -      A0->Y          R     AO22_X0P5M_A9PP140ZTUL_C35        1  0.026   0.026    0.540  
  retime_s1_117_reg/D  -      D              R     DFFRPQA_X1M_A9PP140ZTUL_C35       1  0.013   0.000    0.540  
#-------------------------------------------------------------------------------------------------------------
Path 39: MET (0.421 ns) Hold Check with Pin retime_s1_32_reg/CK->D
               View: bc_analysis_view
              Group: in2reg
         Startpoint: (R) sk_data[4][6]
              Clock: (R) CLK
           Endpoint: (R) retime_s1_32_reg/D
              Clock: (R) CLK

                       Capture       Launch
         Clock Edge:+    0.000        0.000
         Drv Adjust:+    0.000        0.016
        Src Latency:+   -0.109        0.000
        Net Latency:+    0.110 (P)    0.000 (I)
            Arrival:=    0.000        0.016

               Hold:+   -0.006
        Uncertainty:+    0.125
      Required Time:=    0.119
       Launch Clock:=    0.016
        Input Delay:+    0.500
          Data Path:+    0.025
              Slack:=    0.421

#------------------------------------------------------------------------------------------------------------
# Timing Point        Flags  Arc            Edge  Cell                         Fanout  Trans   Delay  Arrival  
#                                                                                       (ns)    (ns)     (ns)  
#------------------------------------------------------------------------------------------------------------
  sk_data[4][6]       -      sk_data[4][6]  R     (arrival)                         1  0.029   0.000    0.516  
  g43780/Y            -      A0->Y          R     AO22_X0P5M_A9PP140ZTUL_C35        1  0.029   0.025    0.540  
  retime_s1_32_reg/D  -      D              R     DFFRPQA_X1M_A9PP140ZTUL_C35       1  0.010   0.000    0.540  
#------------------------------------------------------------------------------------------------------------
Path 40: MET (0.421 ns) Hold Check with Pin retime_s1_121_reg/CK->D
               View: bc_analysis_view
              Group: in2reg
         Startpoint: (R) sk_data[2][1]
              Clock: (R) CLK
           Endpoint: (R) retime_s1_121_reg/D
              Clock: (R) CLK

                       Capture       Launch
         Clock Edge:+    0.000        0.000
         Drv Adjust:+    0.000        0.015
        Src Latency:+   -0.109        0.000
        Net Latency:+    0.111 (P)    0.000 (I)
            Arrival:=    0.001        0.015

               Hold:+   -0.006
        Uncertainty:+    0.125
      Required Time:=    0.120
       Launch Clock:=    0.015
        Input Delay:+    0.500
          Data Path:+    0.026
              Slack:=    0.421

#-------------------------------------------------------------------------------------------------------------
# Timing Point         Flags  Arc            Edge  Cell                         Fanout  Trans   Delay  Arrival  
#                                                                                        (ns)    (ns)     (ns)  
#-------------------------------------------------------------------------------------------------------------
  sk_data[2][1]        -      sk_data[2][1]  R     (arrival)                         1  0.028   0.000    0.515  
  g43813/Y             -      A0->Y          R     AO22_X0P5M_A9PP140ZTUL_C35        1  0.028   0.026    0.541  
  retime_s1_121_reg/D  -      D              R     DFFRPQA_X1M_A9PP140ZTUL_C35       1  0.013   0.000    0.541  
#-------------------------------------------------------------------------------------------------------------
Path 41: MET (0.421 ns) Hold Check with Pin retime_s1_143_reg/CK->D
               View: bc_analysis_view
              Group: in2reg
         Startpoint: (R) sk_data[2][3]
              Clock: (R) CLK
           Endpoint: (R) retime_s1_143_reg/D
              Clock: (R) CLK

                       Capture       Launch
         Clock Edge:+    0.000        0.000
         Drv Adjust:+    0.000        0.014
        Src Latency:+   -0.109        0.000
        Net Latency:+    0.110 (P)    0.000 (I)
            Arrival:=    0.001        0.014

               Hold:+   -0.006
        Uncertainty:+    0.125
      Required Time:=    0.119
       Launch Clock:=    0.014
        Input Delay:+    0.500
          Data Path:+    0.026
              Slack:=    0.421

#-------------------------------------------------------------------------------------------------------------
# Timing Point         Flags  Arc            Edge  Cell                         Fanout  Trans   Delay  Arrival  
#                                                                                        (ns)    (ns)     (ns)  
#-------------------------------------------------------------------------------------------------------------
  sk_data[2][3]        -      sk_data[2][3]  R     (arrival)                         1  0.027   0.000    0.515  
  g43828/Y             -      A0->Y          R     AO22_X0P5M_A9PP140ZTUL_C35        1  0.027   0.026    0.541  
  retime_s1_143_reg/D  -      D              R     DFFRPQA_X1M_A9PP140ZTUL_C35       1  0.013   0.000    0.541  
#-------------------------------------------------------------------------------------------------------------
Path 42: MET (0.421 ns) Hold Check with Pin retime_s1_104_reg/CK->D
               View: bc_analysis_view
              Group: in2reg
         Startpoint: (R) sk_data[2][2]
              Clock: (R) CLK
           Endpoint: (R) retime_s1_104_reg/D
              Clock: (R) CLK

                       Capture       Launch
         Clock Edge:+    0.000        0.000
         Drv Adjust:+    0.000        0.015
        Src Latency:+   -0.109        0.000
        Net Latency:+    0.111 (P)    0.000 (I)
            Arrival:=    0.001        0.016

               Hold:+   -0.006
        Uncertainty:+    0.125
      Required Time:=    0.120
       Launch Clock:=    0.016
        Input Delay:+    0.500
          Data Path:+    0.026
              Slack:=    0.421

#-------------------------------------------------------------------------------------------------------------
# Timing Point         Flags  Arc            Edge  Cell                         Fanout  Trans   Delay  Arrival  
#                                                                                        (ns)    (ns)     (ns)  
#-------------------------------------------------------------------------------------------------------------
  sk_data[2][2]        -      sk_data[2][2]  R     (arrival)                         1  0.029   0.000    0.516  
  g43804/Y             -      A0->Y          R     AO22_X0P5M_A9PP140ZTUL_C35        1  0.029   0.026    0.542  
  retime_s1_104_reg/D  -      D              R     DFFRPQA_X1M_A9PP140ZTUL_C35       1  0.012   0.000    0.542  
#-------------------------------------------------------------------------------------------------------------
Path 43: MET (0.422 ns) Hold Check with Pin retime_s1_140_reg/CK->D
               View: bc_analysis_view
              Group: in2reg
         Startpoint: (R) sk_data[7][1]
              Clock: (R) CLK
           Endpoint: (R) retime_s1_140_reg/D
              Clock: (R) CLK

                       Capture       Launch
         Clock Edge:+    0.000        0.000
         Drv Adjust:+    0.000        0.014
        Src Latency:+   -0.109        0.000
        Net Latency:+    0.110 (P)    0.000 (I)
            Arrival:=    0.001        0.014

               Hold:+   -0.006
        Uncertainty:+    0.125
      Required Time:=    0.120
       Launch Clock:=    0.014
        Input Delay:+    0.500
          Data Path:+    0.027
              Slack:=    0.422

#-------------------------------------------------------------------------------------------------------------
# Timing Point         Flags  Arc            Edge  Cell                         Fanout  Trans   Delay  Arrival  
#                                                                                        (ns)    (ns)     (ns)  
#-------------------------------------------------------------------------------------------------------------
  sk_data[7][1]        -      sk_data[7][1]  R     (arrival)                         1  0.026   0.000    0.514  
  g43825/Y             -      A0->Y          R     AO22_X0P5M_A9PP140ZTUL_C35        1  0.026   0.027    0.541  
  retime_s1_140_reg/D  -      D              R     DFFRPQA_X1M_A9PP140ZTUL_C35       1  0.015   0.000    0.541  
#-------------------------------------------------------------------------------------------------------------
Path 44: MET (0.422 ns) Hold Check with Pin retime_s1_39_reg/CK->D
               View: bc_analysis_view
              Group: in2reg
         Startpoint: (R) sk_data[5][7]
              Clock: (R) CLK
           Endpoint: (R) retime_s1_39_reg/D
              Clock: (R) CLK

                       Capture       Launch
         Clock Edge:+    0.000        0.000
         Drv Adjust:+    0.000        0.015
        Src Latency:+   -0.109        0.000
        Net Latency:+    0.109 (P)    0.000 (I)
            Arrival:=    0.000        0.015

               Hold:+   -0.006
        Uncertainty:+    0.125
      Required Time:=    0.119
       Launch Clock:=    0.015
        Input Delay:+    0.500
          Data Path:+    0.026
              Slack:=    0.422

#------------------------------------------------------------------------------------------------------------
# Timing Point        Flags  Arc            Edge  Cell                         Fanout  Trans   Delay  Arrival  
#                                                                                       (ns)    (ns)     (ns)  
#------------------------------------------------------------------------------------------------------------
  sk_data[5][7]       -      sk_data[5][7]  R     (arrival)                         1  0.028   0.000    0.515  
  g43783/Y            -      A0->Y          R     AO22_X0P5M_A9PP140ZTUL_C35        1  0.028   0.025    0.541  
  retime_s1_39_reg/D  -      D              R     DFFRPQA_X1M_A9PP140ZTUL_C35       1  0.012   0.000    0.541  
#------------------------------------------------------------------------------------------------------------
Path 45: MET (0.422 ns) Hold Check with Pin retime_s1_134_reg/CK->D
               View: bc_analysis_view
              Group: in2reg
         Startpoint: (R) sk_data[5][5]
              Clock: (R) CLK
           Endpoint: (R) retime_s1_134_reg/D
              Clock: (R) CLK

                       Capture       Launch
         Clock Edge:+    0.000        0.000
         Drv Adjust:+    0.000        0.014
        Src Latency:+   -0.109        0.000
        Net Latency:+    0.110 (P)    0.000 (I)
            Arrival:=    0.000        0.014

               Hold:+   -0.006
        Uncertainty:+    0.125
      Required Time:=    0.119
       Launch Clock:=    0.014
        Input Delay:+    0.500
          Data Path:+    0.027
              Slack:=    0.422

#-------------------------------------------------------------------------------------------------------------
# Timing Point         Flags  Arc            Edge  Cell                         Fanout  Trans   Delay  Arrival  
#                                                                                        (ns)    (ns)     (ns)  
#-------------------------------------------------------------------------------------------------------------
  sk_data[5][5]        -      sk_data[5][5]  R     (arrival)                         1  0.026   0.000    0.514  
  g43819/Y             -      A0->Y          R     AO22_X0P5M_A9PP140ZTUL_C35        1  0.026   0.026    0.541  
  retime_s1_134_reg/D  -      D              R     DFFRPQA_X1M_A9PP140ZTUL_C35       1  0.015   0.000    0.541  
#-------------------------------------------------------------------------------------------------------------
Path 46: MET (0.423 ns) Hold Check with Pin retime_s1_144_reg/CK->D
               View: bc_analysis_view
              Group: in2reg
         Startpoint: (R) sk_data[4][5]
              Clock: (R) CLK
           Endpoint: (R) retime_s1_144_reg/D
              Clock: (R) CLK

                       Capture       Launch
         Clock Edge:+    0.000        0.000
         Drv Adjust:+    0.000        0.015
        Src Latency:+   -0.109        0.000
        Net Latency:+    0.110 (P)    0.000 (I)
            Arrival:=    0.000        0.015

               Hold:+   -0.006
        Uncertainty:+    0.125
      Required Time:=    0.119
       Launch Clock:=    0.015
        Input Delay:+    0.500
          Data Path:+    0.027
              Slack:=    0.423

#-------------------------------------------------------------------------------------------------------------
# Timing Point         Flags  Arc            Edge  Cell                         Fanout  Trans   Delay  Arrival  
#                                                                                        (ns)    (ns)     (ns)  
#-------------------------------------------------------------------------------------------------------------
  sk_data[4][5]        -      sk_data[4][5]  R     (arrival)                         1  0.028   0.000    0.515  
  g43829/Y             -      A0->Y          R     AO22_X0P5M_A9PP140ZTUL_C35        1  0.028   0.027    0.542  
  retime_s1_144_reg/D  -      D              R     DFFRPQA_X1M_A9PP140ZTUL_C35       1  0.014   0.000    0.542  
#-------------------------------------------------------------------------------------------------------------
Path 47: MET (0.423 ns) Hold Check with Pin retime_s1_157_reg/CK->D
               View: bc_analysis_view
              Group: in2reg
         Startpoint: (R) sk_data[4][4]
              Clock: (R) CLK
           Endpoint: (R) retime_s1_157_reg/D
              Clock: (R) CLK

                       Capture       Launch
         Clock Edge:+    0.000        0.000
         Drv Adjust:+    0.000        0.015
        Src Latency:+   -0.109        0.000
        Net Latency:+    0.109 (P)    0.000 (I)
            Arrival:=   -0.001        0.015

               Hold:+   -0.006
        Uncertainty:+    0.125
      Required Time:=    0.118
       Launch Clock:=    0.015
        Input Delay:+    0.500
          Data Path:+    0.026
              Slack:=    0.423

#-------------------------------------------------------------------------------------------------------------
# Timing Point         Flags  Arc            Edge  Cell                         Fanout  Trans   Delay  Arrival  
#                                                                                        (ns)    (ns)     (ns)  
#-------------------------------------------------------------------------------------------------------------
  sk_data[4][4]        -      sk_data[4][4]  R     (arrival)                         1  0.028   0.000    0.515  
  g43835/Y             -      A0->Y          R     AO22_X0P5M_A9PP140ZTUL_C35        1  0.028   0.025    0.541  
  retime_s1_157_reg/D  -      D              R     DFFRPQA_X1M_A9PP140ZTUL_C35       1  0.013   0.000    0.541  
#-------------------------------------------------------------------------------------------------------------
Path 48: MET (0.423 ns) Hold Check with Pin retime_s1_176_reg/CK->D
               View: bc_analysis_view
              Group: in2reg
         Startpoint: (R) sk_data[4][2]
              Clock: (R) CLK
           Endpoint: (R) retime_s1_176_reg/D
              Clock: (R) CLK

                       Capture       Launch
         Clock Edge:+    0.000        0.000
         Drv Adjust:+    0.000        0.015
        Src Latency:+   -0.109        0.000
        Net Latency:+    0.109 (P)    0.000 (I)
            Arrival:=   -0.001        0.015

               Hold:+   -0.006
        Uncertainty:+    0.125
      Required Time:=    0.118
       Launch Clock:=    0.015
        Input Delay:+    0.500
          Data Path:+    0.026
              Slack:=    0.423

#-------------------------------------------------------------------------------------------------------------
# Timing Point         Flags  Arc            Edge  Cell                         Fanout  Trans   Delay  Arrival  
#                                                                                        (ns)    (ns)     (ns)  
#-------------------------------------------------------------------------------------------------------------
  sk_data[4][2]        -      sk_data[4][2]  R     (arrival)                         1  0.028   0.000    0.515  
  g43844/Y             -      A0->Y          R     AO22_X0P5M_A9PP140ZTUL_C35        1  0.028   0.026    0.541  
  retime_s1_176_reg/D  -      D              R     DFFRPQA_X1M_A9PP140ZTUL_C35       1  0.013   0.000    0.541  
#-------------------------------------------------------------------------------------------------------------
Path 49: MET (0.423 ns) Hold Check with Pin retime_s1_190_reg/CK->D
               View: bc_analysis_view
              Group: in2reg
         Startpoint: (R) sk_data[4][0]
              Clock: (R) CLK
           Endpoint: (R) retime_s1_190_reg/D
              Clock: (R) CLK

                       Capture       Launch
         Clock Edge:+    0.000        0.000
         Drv Adjust:+    0.000        0.015
        Src Latency:+   -0.109        0.000
        Net Latency:+    0.109 (P)    0.000 (I)
            Arrival:=   -0.001        0.015

               Hold:+   -0.006
        Uncertainty:+    0.125
      Required Time:=    0.118
       Launch Clock:=    0.015
        Input Delay:+    0.500
          Data Path:+    0.026
              Slack:=    0.423

#-------------------------------------------------------------------------------------------------------------
# Timing Point         Flags  Arc            Edge  Cell                         Fanout  Trans   Delay  Arrival  
#                                                                                        (ns)    (ns)     (ns)  
#-------------------------------------------------------------------------------------------------------------
  sk_data[4][0]        -      sk_data[4][0]  R     (arrival)                         1  0.028   0.000    0.515  
  g43854/Y             -      A0->Y          R     AO22_X0P5M_A9PP140ZTUL_C35        1  0.028   0.026    0.541  
  retime_s1_190_reg/D  -      D              R     DFFRPQA_X1M_A9PP140ZTUL_C35       1  0.014   0.000    0.541  
#-------------------------------------------------------------------------------------------------------------
Path 50: MET (0.423 ns) Hold Check with Pin retime_s1_178_reg/CK->D
               View: bc_analysis_view
              Group: in2reg
         Startpoint: (R) sk_data[7][2]
              Clock: (R) CLK
           Endpoint: (R) retime_s1_178_reg/D
              Clock: (R) CLK

                       Capture       Launch
         Clock Edge:+    0.000        0.000
         Drv Adjust:+    0.000        0.015
        Src Latency:+   -0.109        0.000
        Net Latency:+    0.110 (P)    0.000 (I)
            Arrival:=    0.001        0.015

               Hold:+   -0.006
        Uncertainty:+    0.125
      Required Time:=    0.120
       Launch Clock:=    0.015
        Input Delay:+    0.500
          Data Path:+    0.028
              Slack:=    0.423

#-------------------------------------------------------------------------------------------------------------
# Timing Point         Flags  Arc            Edge  Cell                         Fanout  Trans   Delay  Arrival  
#                                                                                        (ns)    (ns)     (ns)  
#-------------------------------------------------------------------------------------------------------------
  sk_data[7][2]        -      sk_data[7][2]  R     (arrival)                         1  0.028   0.000    0.515  
  g43846/Y             -      A0->Y          R     AO22_X0P5M_A9PP140ZTUL_C35        1  0.028   0.028    0.543  
  retime_s1_178_reg/D  -      D              R     DFFRPQA_X1M_A9PP140ZTUL_C35       1  0.016   0.000    0.543  
#-------------------------------------------------------------------------------------------------------------
Path 51: MET (0.424 ns) Hold Check with Pin retime_s1_35_reg/CK->D
               View: bc_analysis_view
              Group: in2reg
         Startpoint: (R) sk_data[1][2]
              Clock: (R) CLK
           Endpoint: (R) retime_s1_35_reg/D
              Clock: (R) CLK

                       Capture       Launch
         Clock Edge:+    0.000        0.000
         Drv Adjust:+    0.000        0.018
        Src Latency:+   -0.109        0.000
        Net Latency:+    0.110 (P)    0.000 (I)
            Arrival:=    0.001        0.018

               Hold:+   -0.006
        Uncertainty:+    0.125
      Required Time:=    0.119
       Launch Clock:=    0.018
        Input Delay:+    0.500
          Data Path:+    0.025
              Slack:=    0.424

#------------------------------------------------------------------------------------------------------------
# Timing Point        Flags  Arc            Edge  Cell                         Fanout  Trans   Delay  Arrival  
#                                                                                       (ns)    (ns)     (ns)  
#------------------------------------------------------------------------------------------------------------
  sk_data[1][2]       -      sk_data[1][2]  R     (arrival)                         1  0.034   0.000    0.518  
  g43781/Y            -      A0->Y          R     AO22_X0P5M_A9PP140ZTUL_C35        1  0.034   0.025    0.543  
  retime_s1_35_reg/D  -      D              R     DFFRPQA_X1M_A9PP140ZTUL_C35       1  0.010   0.000    0.543  
#------------------------------------------------------------------------------------------------------------
Path 52: MET (0.424 ns) Hold Check with Pin retime_s1_115_reg/CK->D
               View: bc_analysis_view
              Group: in2reg
         Startpoint: (R) sk_data[1][0]
              Clock: (R) CLK
           Endpoint: (R) retime_s1_115_reg/D
              Clock: (R) CLK

                       Capture       Launch
         Clock Edge:+    0.000        0.000
         Drv Adjust:+    0.000        0.018
        Src Latency:+   -0.109        0.000
        Net Latency:+    0.110 (P)    0.000 (I)
            Arrival:=    0.001        0.017

               Hold:+   -0.006
        Uncertainty:+    0.125
      Required Time:=    0.119
       Launch Clock:=    0.017
        Input Delay:+    0.500
          Data Path:+    0.026
              Slack:=    0.424

#-------------------------------------------------------------------------------------------------------------
# Timing Point         Flags  Arc            Edge  Cell                         Fanout  Trans   Delay  Arrival  
#                                                                                        (ns)    (ns)     (ns)  
#-------------------------------------------------------------------------------------------------------------
  sk_data[1][0]        -      sk_data[1][0]  R     (arrival)                         1  0.032   0.000    0.518  
  g43809/Y             -      A0->Y          R     AO22_X0P5M_A9PP140ZTUL_C35        1  0.032   0.026    0.544  
  retime_s1_115_reg/D  -      D              R     DFFRPQA_X1M_A9PP140ZTUL_C35       1  0.012   0.000    0.544  
#-------------------------------------------------------------------------------------------------------------
Path 53: MET (0.424 ns) Hold Check with Pin retime_s1_119_reg/CK->D
               View: bc_analysis_view
              Group: in2reg
         Startpoint: (R) sk_data[1][5]
              Clock: (R) CLK
           Endpoint: (R) retime_s1_119_reg/D
              Clock: (R) CLK

                       Capture       Launch
         Clock Edge:+    0.000        0.000
         Drv Adjust:+    0.000        0.018
        Src Latency:+   -0.109        0.000
        Net Latency:+    0.110 (P)    0.000 (I)
            Arrival:=    0.001        0.018

               Hold:+   -0.006
        Uncertainty:+    0.125
      Required Time:=    0.119
       Launch Clock:=    0.018
        Input Delay:+    0.500
          Data Path:+    0.025
              Slack:=    0.424

#-------------------------------------------------------------------------------------------------------------
# Timing Point         Flags  Arc            Edge  Cell                         Fanout  Trans   Delay  Arrival  
#                                                                                        (ns)    (ns)     (ns)  
#-------------------------------------------------------------------------------------------------------------
  sk_data[1][5]        -      sk_data[1][5]  R     (arrival)                         1  0.034   0.000    0.519  
  g43811/Y             -      A0->Y          R     AO22_X0P5M_A9PP140ZTUL_C35        1  0.034   0.025    0.544  
  retime_s1_119_reg/D  -      D              R     DFFRPQA_X1M_A9PP140ZTUL_C35       1  0.010   0.000    0.544  
#-------------------------------------------------------------------------------------------------------------
Path 54: MET (0.424 ns) Hold Check with Pin retime_s1_156_reg/CK->D
               View: bc_analysis_view
              Group: in2reg
         Startpoint: (R) sk_data[4][1]
              Clock: (R) CLK
           Endpoint: (R) retime_s1_156_reg/D
              Clock: (R) CLK

                       Capture       Launch
         Clock Edge:+    0.000        0.000
         Drv Adjust:+    0.000        0.017
        Src Latency:+   -0.109        0.000
        Net Latency:+    0.109 (P)    0.000 (I)
            Arrival:=   -0.001        0.017

               Hold:+   -0.006
        Uncertainty:+    0.125
      Required Time:=    0.118
       Launch Clock:=    0.017
        Input Delay:+    0.500
          Data Path:+    0.026
              Slack:=    0.424

#-------------------------------------------------------------------------------------------------------------
# Timing Point         Flags  Arc            Edge  Cell                         Fanout  Trans   Delay  Arrival  
#                                                                                        (ns)    (ns)     (ns)  
#-------------------------------------------------------------------------------------------------------------
  sk_data[4][1]        -      sk_data[4][1]  R     (arrival)                         1  0.031   0.000    0.517  
  g43834/Y             -      A0->Y          R     AO22_X0P5M_A9PP140ZTUL_C35        1  0.031   0.026    0.543  
  retime_s1_156_reg/D  -      D              R     DFFRPQA_X1M_A9PP140ZTUL_C35       1  0.012   0.000    0.543  
#-------------------------------------------------------------------------------------------------------------
Path 55: MET (0.425 ns) Hold Check with Pin retime_s1_149_reg/CK->D
               View: bc_analysis_view
              Group: in2reg
         Startpoint: (R) sk_data[3][2]
              Clock: (R) CLK
           Endpoint: (R) retime_s1_149_reg/D
              Clock: (R) CLK

                       Capture       Launch
         Clock Edge:+    0.000        0.000
         Drv Adjust:+    0.000        0.018
        Src Latency:+   -0.109        0.000
        Net Latency:+    0.111 (P)    0.000 (I)
            Arrival:=    0.001        0.018

               Hold:+   -0.006
        Uncertainty:+    0.125
      Required Time:=    0.120
       Launch Clock:=    0.018
        Input Delay:+    0.500
          Data Path:+    0.027
              Slack:=    0.425

#-------------------------------------------------------------------------------------------------------------
# Timing Point         Flags  Arc            Edge  Cell                         Fanout  Trans   Delay  Arrival  
#                                                                                        (ns)    (ns)     (ns)  
#-------------------------------------------------------------------------------------------------------------
  sk_data[3][2]        -      sk_data[3][2]  R     (arrival)                         1  0.034   0.000    0.518  
  g43831/Y             -      A0->Y          R     AO22_X0P5M_A9PP140ZTUL_C35        1  0.034   0.026    0.545  
  retime_s1_149_reg/D  -      D              R     DFFRPQA_X1M_A9PP140ZTUL_C35       1  0.013   0.000    0.545  
#-------------------------------------------------------------------------------------------------------------
Path 56: MET (0.425 ns) Hold Check with Pin retime_s1_171_reg/CK->D
               View: bc_analysis_view
              Group: in2reg
         Startpoint: (R) sk_data[3][3]
              Clock: (R) CLK
           Endpoint: (R) retime_s1_171_reg/D
              Clock: (R) CLK

                       Capture       Launch
         Clock Edge:+    0.000        0.000
         Drv Adjust:+    0.000        0.018
        Src Latency:+   -0.109        0.000
        Net Latency:+    0.111 (P)    0.000 (I)
            Arrival:=    0.001        0.018

               Hold:+   -0.006
        Uncertainty:+    0.125
      Required Time:=    0.120
       Launch Clock:=    0.018
        Input Delay:+    0.500
          Data Path:+    0.027
              Slack:=    0.425

#-------------------------------------------------------------------------------------------------------------
# Timing Point         Flags  Arc            Edge  Cell                         Fanout  Trans   Delay  Arrival  
#                                                                                        (ns)    (ns)     (ns)  
#-------------------------------------------------------------------------------------------------------------
  sk_data[3][3]        -      sk_data[3][3]  R     (arrival)                         1  0.033   0.000    0.518  
  g43842/Y             -      A0->Y          R     AO22_X0P5M_A9PP140ZTUL_C35        1  0.033   0.027    0.545  
  retime_s1_171_reg/D  -      D              R     DFFRPQA_X1M_A9PP140ZTUL_C35       1  0.014   0.000    0.545  
#-------------------------------------------------------------------------------------------------------------
Path 57: MET (0.425 ns) Hold Check with Pin retime_s1_142_reg/CK->D
               View: bc_analysis_view
              Group: in2reg
         Startpoint: (R) sk_data[4][3]
              Clock: (R) CLK
           Endpoint: (R) retime_s1_142_reg/D
              Clock: (R) CLK

                       Capture       Launch
         Clock Edge:+    0.000        0.000
         Drv Adjust:+    0.000        0.017
        Src Latency:+   -0.109        0.000
        Net Latency:+    0.110 (P)    0.000 (I)
            Arrival:=    0.000        0.017

               Hold:+   -0.006
        Uncertainty:+    0.125
      Required Time:=    0.119
       Launch Clock:=    0.017
        Input Delay:+    0.500
          Data Path:+    0.028
              Slack:=    0.425

#-------------------------------------------------------------------------------------------------------------
# Timing Point         Flags  Arc            Edge  Cell                         Fanout  Trans   Delay  Arrival  
#                                                                                        (ns)    (ns)     (ns)  
#-------------------------------------------------------------------------------------------------------------
  sk_data[4][3]        -      sk_data[4][3]  R     (arrival)                         1  0.031   0.000    0.517  
  g43827/Y             -      A0->Y          R     AO22_X0P5M_A9PP140ZTUL_C35        1  0.031   0.028    0.544  
  retime_s1_142_reg/D  -      D              R     DFFRPQA_X1M_A9PP140ZTUL_C35       1  0.015   0.000    0.544  
#-------------------------------------------------------------------------------------------------------------
Path 58: MET (0.426 ns) Hold Check with Pin retime_s1_135_reg/CK->D
               View: bc_analysis_view
              Group: in2reg
         Startpoint: (R) sk_data[3][5]
              Clock: (R) CLK
           Endpoint: (R) retime_s1_135_reg/D
              Clock: (R) CLK

                       Capture       Launch
         Clock Edge:+    0.000        0.000
         Drv Adjust:+    0.000        0.019
        Src Latency:+   -0.109        0.000
        Net Latency:+    0.111 (P)    0.000 (I)
            Arrival:=    0.001        0.019

               Hold:+   -0.006
        Uncertainty:+    0.125
      Required Time:=    0.120
       Launch Clock:=    0.019
        Input Delay:+    0.500
          Data Path:+    0.027
              Slack:=    0.426

#-------------------------------------------------------------------------------------------------------------
# Timing Point         Flags  Arc            Edge  Cell                         Fanout  Trans   Delay  Arrival  
#                                                                                        (ns)    (ns)     (ns)  
#-------------------------------------------------------------------------------------------------------------
  sk_data[3][5]        -      sk_data[3][5]  R     (arrival)                         1  0.035   0.000    0.519  
  g43820/Y             -      A0->Y          R     AO22_X0P5M_A9PP140ZTUL_C35        1  0.035   0.027    0.546  
  retime_s1_135_reg/D  -      D              R     DFFRPQA_X1M_A9PP140ZTUL_C35       1  0.012   0.000    0.546  
#-------------------------------------------------------------------------------------------------------------
Path 59: MET (0.426 ns) Hold Check with Pin retime_s1_29_reg/CK->D
               View: bc_analysis_view
              Group: in2reg
         Startpoint: (R) sk_data[1][1]
              Clock: (R) CLK
           Endpoint: (R) retime_s1_29_reg/D
              Clock: (R) CLK

                       Capture       Launch
         Clock Edge:+    0.000        0.000
         Drv Adjust:+    0.000        0.018
        Src Latency:+   -0.109        0.000
        Net Latency:+    0.110 (P)    0.000 (I)
            Arrival:=    0.001        0.018

               Hold:+   -0.006
        Uncertainty:+    0.125
      Required Time:=    0.119
       Launch Clock:=    0.018
        Input Delay:+    0.500
          Data Path:+    0.027
              Slack:=    0.426

#------------------------------------------------------------------------------------------------------------
# Timing Point        Flags  Arc            Edge  Cell                         Fanout  Trans   Delay  Arrival  
#                                                                                       (ns)    (ns)     (ns)  
#------------------------------------------------------------------------------------------------------------
  sk_data[1][1]       -      sk_data[1][1]  R     (arrival)                         1  0.033   0.000    0.518  
  g43839/Y            -      A0->Y          R     AO22_X0P5M_A9PP140ZTUL_C35        1  0.033   0.027    0.545  
  retime_s1_29_reg/D  -      D              R     DFFRPQA_X1M_A9PP140ZTUL_C35       1  0.014   0.000    0.545  
#------------------------------------------------------------------------------------------------------------
Path 60: MET (0.426 ns) Hold Check with Pin retime_s1_60_reg/CK->D
               View: bc_analysis_view
              Group: in2reg
         Startpoint: (R) sk_data[3][4]
              Clock: (R) CLK
           Endpoint: (R) retime_s1_60_reg/D
              Clock: (R) CLK

                       Capture       Launch
         Clock Edge:+    0.000        0.000
         Drv Adjust:+    0.000        0.019
        Src Latency:+   -0.109        0.000
        Net Latency:+    0.111 (P)    0.000 (I)
            Arrival:=    0.001        0.019

               Hold:+   -0.006
        Uncertainty:+    0.125
      Required Time:=    0.120
       Launch Clock:=    0.019
        Input Delay:+    0.500
          Data Path:+    0.027
              Slack:=    0.426

#------------------------------------------------------------------------------------------------------------
# Timing Point        Flags  Arc            Edge  Cell                         Fanout  Trans   Delay  Arrival  
#                                                                                       (ns)    (ns)     (ns)  
#------------------------------------------------------------------------------------------------------------
  sk_data[3][4]       -      sk_data[3][4]  R     (arrival)                         1  0.036   0.000    0.519  
  g43790/Y            -      A0->Y          R     AO22_X0P5M_A9PP140ZTUL_C35        1  0.036   0.027    0.546  
  retime_s1_60_reg/D  -      D              R     DFFRPQA_X1M_A9PP140ZTUL_C35       1  0.013   0.000    0.546  
#------------------------------------------------------------------------------------------------------------
Path 61: MET (0.427 ns) Hold Check with Pin retime_s1_174_reg/CK->D
               View: bc_analysis_view
              Group: in2reg
         Startpoint: (R) sk_data[3][1]
              Clock: (R) CLK
           Endpoint: (R) retime_s1_174_reg/D
              Clock: (R) CLK

                       Capture       Launch
         Clock Edge:+    0.000        0.000
         Drv Adjust:+    0.000        0.020
        Src Latency:+   -0.109        0.000
        Net Latency:+    0.111 (P)    0.000 (I)
            Arrival:=    0.001        0.020

               Hold:+   -0.006
        Uncertainty:+    0.125
      Required Time:=    0.120
       Launch Clock:=    0.020
        Input Delay:+    0.500
          Data Path:+    0.027
              Slack:=    0.427

#-------------------------------------------------------------------------------------------------------------
# Timing Point         Flags  Arc            Edge  Cell                         Fanout  Trans   Delay  Arrival  
#                                                                                        (ns)    (ns)     (ns)  
#-------------------------------------------------------------------------------------------------------------
  sk_data[3][1]        -      sk_data[3][1]  R     (arrival)                         1  0.037   0.000    0.520  
  g43843/Y             -      A0->Y          R     AO22_X0P5M_A9PP140ZTUL_C35        1  0.037   0.027    0.547  
  retime_s1_174_reg/D  -      D              R     DFFRPQA_X1M_A9PP140ZTUL_C35       1  0.012   0.000    0.547  
#-------------------------------------------------------------------------------------------------------------
Path 62: MET (0.428 ns) Hold Check with Pin retime_s1_76_reg/CK->D
               View: bc_analysis_view
              Group: in2reg
         Startpoint: (R) sx_data[0][0]
              Clock: (R) CLK
           Endpoint: (R) retime_s1_76_reg/D
              Clock: (R) CLK

                       Capture       Launch
         Clock Edge:+    0.000        0.000
         Drv Adjust:+    0.000        0.024
        Src Latency:+   -0.109        0.000
        Net Latency:+    0.114 (P)    0.000 (I)
            Arrival:=    0.005        0.024

               Hold:+   -0.006
        Uncertainty:+    0.125
      Required Time:=    0.123
       Launch Clock:=    0.024
        Input Delay:+    0.500
          Data Path:+    0.027
              Slack:=    0.428

#------------------------------------------------------------------------------------------------------------
# Timing Point        Flags  Arc            Edge  Cell                         Fanout  Trans   Delay  Arrival  
#                                                                                       (ns)    (ns)     (ns)  
#------------------------------------------------------------------------------------------------------------
  sx_data[0][0]       -      sx_data[0][0]  R     (arrival)                         1  0.045   0.000    0.524  
  g43796/Y            -      A0->Y          R     AO22_X0P5M_A9PP140ZTUL_C35        1  0.045   0.027    0.551  
  retime_s1_76_reg/D  -      D              R     DFFRPQA_X1M_A9PP140ZTUL_C35       1  0.011   0.000    0.551  
#------------------------------------------------------------------------------------------------------------
Path 63: MET (0.428 ns) Hold Check with Pin retime_s1_141_reg/CK->D
               View: bc_analysis_view
              Group: in2reg
         Startpoint: (R) sk_data[3][0]
              Clock: (R) CLK
           Endpoint: (R) retime_s1_141_reg/D
              Clock: (R) CLK

                       Capture       Launch
         Clock Edge:+    0.000        0.000
         Drv Adjust:+    0.000        0.021
        Src Latency:+   -0.109        0.000
        Net Latency:+    0.111 (P)    0.000 (I)
            Arrival:=    0.001        0.021

               Hold:+   -0.006
        Uncertainty:+    0.125
      Required Time:=    0.120
       Launch Clock:=    0.021
        Input Delay:+    0.500
          Data Path:+    0.027
              Slack:=    0.428

#-------------------------------------------------------------------------------------------------------------
# Timing Point         Flags  Arc            Edge  Cell                         Fanout  Trans   Delay  Arrival  
#                                                                                        (ns)    (ns)     (ns)  
#-------------------------------------------------------------------------------------------------------------
  sk_data[3][0]        -      sk_data[3][0]  R     (arrival)                         1  0.038   0.000    0.521  
  g43826/Y             -      A0->Y          R     AO22_X0P5M_A9PP140ZTUL_C35        1  0.038   0.027    0.548  
  retime_s1_141_reg/D  -      D              R     DFFRPQA_X1M_A9PP140ZTUL_C35       1  0.012   0.000    0.548  
#-------------------------------------------------------------------------------------------------------------
Path 64: MET (0.428 ns) Hold Check with Pin retime_s1_170_reg/CK->D
               View: bc_analysis_view
              Group: in2reg
         Startpoint: (R) sk_data[1][6]
              Clock: (R) CLK
           Endpoint: (R) retime_s1_170_reg/D
              Clock: (R) CLK

                       Capture       Launch
         Clock Edge:+    0.000        0.000
         Drv Adjust:+    0.000        0.020
        Src Latency:+   -0.109        0.000
        Net Latency:+    0.110 (P)    0.000 (I)
            Arrival:=    0.001        0.020

               Hold:+   -0.006
        Uncertainty:+    0.125
      Required Time:=    0.119
       Launch Clock:=    0.020
        Input Delay:+    0.500
          Data Path:+    0.027
              Slack:=    0.428

#-------------------------------------------------------------------------------------------------------------
# Timing Point         Flags  Arc            Edge  Cell                         Fanout  Trans   Delay  Arrival  
#                                                                                        (ns)    (ns)     (ns)  
#-------------------------------------------------------------------------------------------------------------
  sk_data[1][6]        -      sk_data[1][6]  R     (arrival)                         1  0.037   0.000    0.520  
  g43841/Y             -      A0->Y          R     AO22_X0P5M_A9PP140ZTUL_C35        1  0.037   0.027    0.547  
  retime_s1_170_reg/D  -      D              R     DFFRPQA_X1M_A9PP140ZTUL_C35       1  0.013   0.000    0.547  
#-------------------------------------------------------------------------------------------------------------
Path 65: MET (0.429 ns) Hold Check with Pin retime_s1_98_reg/CK->D
               View: bc_analysis_view
              Group: in2reg
         Startpoint: (R) sk_data[0][0]
              Clock: (R) CLK
           Endpoint: (R) retime_s1_98_reg/D
              Clock: (R) CLK

                       Capture       Launch
         Clock Edge:+    0.000        0.000
         Drv Adjust:+    0.000        0.021
        Src Latency:+   -0.109        0.000
        Net Latency:+    0.110 (P)    0.000 (I)
            Arrival:=    0.001        0.021

               Hold:+   -0.006
        Uncertainty:+    0.125
      Required Time:=    0.119
       Launch Clock:=    0.021
        Input Delay:+    0.500
          Data Path:+    0.027
              Slack:=    0.429

#------------------------------------------------------------------------------------------------------------
# Timing Point        Flags  Arc            Edge  Cell                         Fanout  Trans   Delay  Arrival  
#                                                                                       (ns)    (ns)     (ns)  
#------------------------------------------------------------------------------------------------------------
  sk_data[0][0]       -      sk_data[0][0]  R     (arrival)                         1  0.039   0.000    0.521  
  g43802/Y            -      A0->Y          R     AO22_X0P5M_A9PP140ZTUL_C35        1  0.039   0.027    0.548  
  retime_s1_98_reg/D  -      D              R     DFFRPQA_X1M_A9PP140ZTUL_C35       1  0.012   0.000    0.548  
#------------------------------------------------------------------------------------------------------------
Path 66: MET (0.429 ns) Hold Check with Pin retime_s1_184_reg/CK->D
               View: bc_analysis_view
              Group: in2reg
         Startpoint: (R) sk_data[1][7]
              Clock: (R) CLK
           Endpoint: (R) retime_s1_184_reg/D
              Clock: (R) CLK

                       Capture       Launch
         Clock Edge:+    0.000        0.000
         Drv Adjust:+    0.000        0.019
        Src Latency:+   -0.109        0.000
        Net Latency:+    0.110 (P)    0.000 (I)
            Arrival:=    0.001        0.019

               Hold:+   -0.007
        Uncertainty:+    0.125
      Required Time:=    0.119
       Launch Clock:=    0.019
        Input Delay:+    0.500
          Data Path:+    0.029
              Slack:=    0.429

#-------------------------------------------------------------------------------------------------------------
# Timing Point         Flags  Arc            Edge  Cell                         Fanout  Trans   Delay  Arrival  
#                                                                                        (ns)    (ns)     (ns)  
#-------------------------------------------------------------------------------------------------------------
  sk_data[1][7]        -      sk_data[1][7]  R     (arrival)                         1  0.035   0.000    0.519  
  g43849/Y             -      A0->Y          R     AO22_X0P5M_A9PP140ZTUL_C35        1  0.035   0.029    0.548  
  retime_s1_184_reg/D  -      D              R     DFFRPQA_X1M_A9PP140ZTUL_C35       1  0.016   0.000    0.548  
#-------------------------------------------------------------------------------------------------------------
Path 67: MET (0.430 ns) Hold Check with Pin retime_s1_147_reg/CK->D
               View: bc_analysis_view
              Group: in2reg
         Startpoint: (R) sx_data[0][1]
              Clock: (R) CLK
           Endpoint: (R) retime_s1_147_reg/D
              Clock: (R) CLK

                       Capture       Launch
         Clock Edge:+    0.000        0.000
         Drv Adjust:+    0.000        0.025
        Src Latency:+   -0.109        0.000
        Net Latency:+    0.114 (P)    0.000 (I)
            Arrival:=    0.004        0.025

               Hold:+   -0.006
        Uncertainty:+    0.125
      Required Time:=    0.123
       Launch Clock:=    0.025
        Input Delay:+    0.500
          Data Path:+    0.028
              Slack:=    0.430

#-------------------------------------------------------------------------------------------------------------
# Timing Point         Flags  Arc            Edge  Cell                         Fanout  Trans   Delay  Arrival  
#                                                                                        (ns)    (ns)     (ns)  
#-------------------------------------------------------------------------------------------------------------
  sx_data[0][1]        -      sx_data[0][1]  R     (arrival)                         1  0.046   0.000    0.525  
  g43830/Y             -      A0->Y          R     AO22_X0P5M_A9PP140ZTUL_C35        1  0.046   0.028    0.553  
  retime_s1_147_reg/D  -      D              R     DFFRPQA_X1M_A9PP140ZTUL_C35       1  0.012   0.000    0.553  
#-------------------------------------------------------------------------------------------------------------
Path 68: MET (0.430 ns) Hold Check with Pin retime_s1_37_reg/CK->D
               View: bc_analysis_view
              Group: in2reg
         Startpoint: (R) sx_data[0][2]
              Clock: (R) CLK
           Endpoint: (R) retime_s1_37_reg/D
              Clock: (R) CLK

                       Capture       Launch
         Clock Edge:+    0.000        0.000
         Drv Adjust:+    0.000        0.024
        Src Latency:+   -0.109        0.000
        Net Latency:+    0.114 (P)    0.000 (I)
            Arrival:=    0.004        0.024

               Hold:+   -0.006
        Uncertainty:+    0.125
      Required Time:=    0.123
       Launch Clock:=    0.024
        Input Delay:+    0.500
          Data Path:+    0.029
              Slack:=    0.430

#------------------------------------------------------------------------------------------------------------
# Timing Point        Flags  Arc            Edge  Cell                         Fanout  Trans   Delay  Arrival  
#                                                                                       (ns)    (ns)     (ns)  
#------------------------------------------------------------------------------------------------------------
  sx_data[0][2]       -      sx_data[0][2]  R     (arrival)                         1  0.044   0.000    0.524  
  g43782/Y            -      A0->Y          R     AO22_X0P5M_A9PP140ZTUL_C35        1  0.044   0.029    0.553  
  retime_s1_37_reg/D  -      D              R     DFFRPQA_X1M_A9PP140ZTUL_C35       1  0.014   0.000    0.553  
#------------------------------------------------------------------------------------------------------------
Path 69: MET (0.430 ns) Hold Check with Pin retime_s1_86_reg/CK->D
               View: bc_analysis_view
              Group: in2reg
         Startpoint: (R) sx_data[0][3]
              Clock: (R) CLK
           Endpoint: (R) retime_s1_86_reg/D
              Clock: (R) CLK

                       Capture       Launch
         Clock Edge:+    0.000        0.000
         Drv Adjust:+    0.000        0.023
        Src Latency:+   -0.109        0.000
        Net Latency:+    0.114 (P)    0.000 (I)
            Arrival:=    0.004        0.023

               Hold:+   -0.006
        Uncertainty:+    0.125
      Required Time:=    0.123
       Launch Clock:=    0.023
        Input Delay:+    0.500
          Data Path:+    0.030
              Slack:=    0.430

#------------------------------------------------------------------------------------------------------------
# Timing Point        Flags  Arc            Edge  Cell                         Fanout  Trans   Delay  Arrival  
#                                                                                       (ns)    (ns)     (ns)  
#------------------------------------------------------------------------------------------------------------
  sx_data[0][3]       -      sx_data[0][3]  R     (arrival)                         1  0.043   0.000    0.523  
  g43787/Y            -      A0->Y          R     AO22_X0P5M_A9PP140ZTUL_C35        1  0.043   0.030    0.553  
  retime_s1_86_reg/D  -      D              R     DFFRPQA_X1M_A9PP140ZTUL_C35       1  0.016   0.000    0.553  
#------------------------------------------------------------------------------------------------------------
Path 70: MET (0.433 ns) Hold Check with Pin retime_s1_182_reg/CK->D
               View: bc_analysis_view
              Group: in2reg
         Startpoint: (R) sk_data[1][4]
              Clock: (R) CLK
           Endpoint: (R) retime_s1_182_reg/D
              Clock: (R) CLK

                       Capture       Launch
         Clock Edge:+    0.000        0.000
         Drv Adjust:+    0.000        0.022
        Src Latency:+   -0.109        0.000
        Net Latency:+    0.110 (P)    0.000 (I)
            Arrival:=    0.001        0.022

               Hold:+   -0.007
        Uncertainty:+    0.125
      Required Time:=    0.119
       Launch Clock:=    0.022
        Input Delay:+    0.500
          Data Path:+    0.030
              Slack:=    0.433

#-------------------------------------------------------------------------------------------------------------
# Timing Point         Flags  Arc            Edge  Cell                         Fanout  Trans   Delay  Arrival  
#                                                                                        (ns)    (ns)     (ns)  
#-------------------------------------------------------------------------------------------------------------
  sk_data[1][4]        -      sk_data[1][4]  R     (arrival)                         1  0.041   0.000    0.522  
  g43850/Y             -      A0->Y          R     AO22_X0P5M_A9PP140ZTUL_C35        1  0.041   0.030    0.552  
  retime_s1_182_reg/D  -      D              R     DFFRPQA_X1M_A9PP140ZTUL_C35       1  0.017   0.000    0.552  
#-------------------------------------------------------------------------------------------------------------
Path 71: MET (0.434 ns) Hold Check with Pin retime_s1_53_reg/CK->D
               View: bc_analysis_view
              Group: in2reg
         Startpoint: (R) sk_data[3][6]
              Clock: (R) CLK
           Endpoint: (R) retime_s1_53_reg/D
              Clock: (R) CLK

                       Capture       Launch
         Clock Edge:+    0.000        0.000
         Drv Adjust:+    0.000        0.022
        Src Latency:+   -0.109        0.000
        Net Latency:+    0.110 (P)    0.000 (I)
            Arrival:=    0.001        0.022

               Hold:+   -0.007
        Uncertainty:+    0.125
      Required Time:=    0.119
       Launch Clock:=    0.022
        Input Delay:+    0.500
          Data Path:+    0.031
              Slack:=    0.434

#------------------------------------------------------------------------------------------------------------
# Timing Point        Flags  Arc            Edge  Cell                         Fanout  Trans   Delay  Arrival  
#                                                                                       (ns)    (ns)     (ns)  
#------------------------------------------------------------------------------------------------------------
  sk_data[3][6]       -      sk_data[3][6]  R     (arrival)                         1  0.041   0.000    0.522  
  g43786/Y            -      A0->Y          R     AO22_X0P5M_A9PP140ZTUL_C35        1  0.041   0.031    0.553  
  retime_s1_53_reg/D  -      D              R     DFFRPQA_X1M_A9PP140ZTUL_C35       1  0.018   0.000    0.553  
#------------------------------------------------------------------------------------------------------------
Path 72: MET (0.435 ns) Hold Check with Pin retime_s1_129_reg/CK->D
               View: bc_analysis_view
              Group: in2reg
         Startpoint: (R) sk_data[1][3]
              Clock: (R) CLK
           Endpoint: (R) retime_s1_129_reg/D
              Clock: (R) CLK

                       Capture       Launch
         Clock Edge:+    0.000        0.000
         Drv Adjust:+    0.000        0.026
        Src Latency:+   -0.109        0.000
        Net Latency:+    0.110 (P)    0.000 (I)
            Arrival:=    0.000        0.026

               Hold:+   -0.006
        Uncertainty:+    0.125
      Required Time:=    0.119
       Launch Clock:=    0.026
        Input Delay:+    0.500
          Data Path:+    0.028
              Slack:=    0.435

#-------------------------------------------------------------------------------------------------------------
# Timing Point         Flags  Arc            Edge  Cell                         Fanout  Trans   Delay  Arrival  
#                                                                                        (ns)    (ns)     (ns)  
#-------------------------------------------------------------------------------------------------------------
  sk_data[1][3]        -      sk_data[1][3]  R     (arrival)                         1  0.048   0.000    0.526  
  g43816/Y             -      A0->Y          R     AO22_X0P5M_A9PP140ZTUL_C35        1  0.048   0.028    0.554  
  retime_s1_129_reg/D  -      D              R     DFFRPQA_X1M_A9PP140ZTUL_C35       1  0.012   0.000    0.554  
#-------------------------------------------------------------------------------------------------------------
Path 73: MET (0.436 ns) Hold Check with Pin retime_s1_27_reg/CK->D
               View: bc_analysis_view
              Group: in2reg
         Startpoint: (R) sk_data[0][6]
              Clock: (R) CLK
           Endpoint: (R) retime_s1_27_reg/D
              Clock: (R) CLK

                       Capture       Launch
         Clock Edge:+    0.000        0.000
         Drv Adjust:+    0.000        0.027
        Src Latency:+   -0.109        0.000
        Net Latency:+    0.110 (P)    0.000 (I)
            Arrival:=    0.000        0.027

               Hold:+   -0.006
        Uncertainty:+    0.125
      Required Time:=    0.119
       Launch Clock:=    0.027
        Input Delay:+    0.500
          Data Path:+    0.028
              Slack:=    0.436

#------------------------------------------------------------------------------------------------------------
# Timing Point        Flags  Arc            Edge  Cell                         Fanout  Trans   Delay  Arrival  
#                                                                                       (ns)    (ns)     (ns)  
#------------------------------------------------------------------------------------------------------------
  sk_data[0][6]       -      sk_data[0][6]  R     (arrival)                         1  0.050   0.000    0.527  
  g43779/Y            -      A0->Y          R     AO22_X0P5M_A9PP140ZTUL_C35        1  0.050   0.028    0.555  
  retime_s1_27_reg/D  -      D              R     DFFRPQA_X1M_A9PP140ZTUL_C35       1  0.012   0.000    0.555  
#------------------------------------------------------------------------------------------------------------
Path 74: MET (0.437 ns) Hold Check with Pin retime_s1_103_reg/CK->D
               View: bc_analysis_view
              Group: in2reg
         Startpoint: (R) sk_data[0][2]
              Clock: (R) CLK
           Endpoint: (R) retime_s1_103_reg/D
              Clock: (R) CLK

                       Capture       Launch
         Clock Edge:+    0.000        0.000
         Drv Adjust:+    0.000        0.024
        Src Latency:+   -0.109        0.000
        Net Latency:+    0.110 (P)    0.000 (I)
            Arrival:=    0.000        0.024

               Hold:+   -0.007
        Uncertainty:+    0.125
      Required Time:=    0.119
       Launch Clock:=    0.024
        Input Delay:+    0.500
          Data Path:+    0.032
              Slack:=    0.437

#-------------------------------------------------------------------------------------------------------------
# Timing Point         Flags  Arc            Edge  Cell                         Fanout  Trans   Delay  Arrival  
#                                                                                        (ns)    (ns)     (ns)  
#-------------------------------------------------------------------------------------------------------------
  sk_data[0][2]        -      sk_data[0][2]  R     (arrival)                         1  0.045   0.000    0.524  
  g43803/Y             -      A0->Y          R     AO22_X0P5M_A9PP140ZTUL_C35        1  0.045   0.031    0.556  
  retime_s1_103_reg/D  -      D              R     DFFRPQA_X1M_A9PP140ZTUL_C35       1  0.018   0.000    0.556  
#-------------------------------------------------------------------------------------------------------------
Path 75: MET (0.437 ns) Hold Check with Pin retime_s1_132_reg/CK->D
               View: bc_analysis_view
              Group: in2reg
         Startpoint: (R) sk_data[0][3]
              Clock: (R) CLK
           Endpoint: (R) retime_s1_132_reg/D
              Clock: (R) CLK

                       Capture       Launch
         Clock Edge:+    0.000        0.000
         Drv Adjust:+    0.000        0.025
        Src Latency:+   -0.109        0.000
        Net Latency:+    0.110 (P)    0.000 (I)
            Arrival:=    0.000        0.025

               Hold:+   -0.007
        Uncertainty:+    0.125
      Required Time:=    0.119
       Launch Clock:=    0.025
        Input Delay:+    0.500
          Data Path:+    0.031
              Slack:=    0.437

#-------------------------------------------------------------------------------------------------------------
# Timing Point         Flags  Arc            Edge  Cell                         Fanout  Trans   Delay  Arrival  
#                                                                                        (ns)    (ns)     (ns)  
#-------------------------------------------------------------------------------------------------------------
  sk_data[0][3]        -      sk_data[0][3]  R     (arrival)                         1  0.046   0.000    0.525  
  g43818/Y             -      A0->Y          R     AO22_X0P5M_A9PP140ZTUL_C35        1  0.046   0.031    0.556  
  retime_s1_132_reg/D  -      D              R     DFFRPQA_X1M_A9PP140ZTUL_C35       1  0.018   0.000    0.556  
#-------------------------------------------------------------------------------------------------------------
Path 76: MET (0.438 ns) Hold Check with Pin retime_s1_24_reg/CK->D
               View: bc_analysis_view
              Group: in2reg
         Startpoint: (R) sk_data[0][4]
              Clock: (R) CLK
           Endpoint: (R) retime_s1_24_reg/D
              Clock: (R) CLK

                       Capture       Launch
         Clock Edge:+    0.000        0.000
         Drv Adjust:+    0.000        0.027
        Src Latency:+   -0.109        0.000
        Net Latency:+    0.110 (P)    0.000 (I)
            Arrival:=    0.001        0.027

               Hold:+   -0.006
        Uncertainty:+    0.125
      Required Time:=    0.120
       Launch Clock:=    0.027
        Input Delay:+    0.500
          Data Path:+    0.030
              Slack:=    0.438

#------------------------------------------------------------------------------------------------------------
# Timing Point        Flags  Arc            Edge  Cell                         Fanout  Trans   Delay  Arrival  
#                                                                                       (ns)    (ns)     (ns)  
#------------------------------------------------------------------------------------------------------------
  sk_data[0][4]       -      sk_data[0][4]  R     (arrival)                         1  0.051   0.000    0.528  
  g43778/Y            -      A0->Y          R     AO22_X0P5M_A9PP140ZTUL_C35        1  0.051   0.030    0.557  
  retime_s1_24_reg/D  -      D              R     DFFRPQA_X1M_A9PP140ZTUL_C35       1  0.014   0.000    0.557  
#------------------------------------------------------------------------------------------------------------
Path 77: MET (0.438 ns) Hold Check with Pin retime_s1_120_reg/CK->D
               View: bc_analysis_view
              Group: in2reg
         Startpoint: (R) sk_data[0][1]
              Clock: (R) CLK
           Endpoint: (R) retime_s1_120_reg/D
              Clock: (R) CLK

                       Capture       Launch
         Clock Edge:+    0.000        0.000
         Drv Adjust:+    0.000        0.027
        Src Latency:+   -0.109        0.000
        Net Latency:+    0.110 (P)    0.000 (I)
            Arrival:=    0.000        0.027

               Hold:+   -0.006
        Uncertainty:+    0.125
      Required Time:=    0.119
       Launch Clock:=    0.027
        Input Delay:+    0.500
          Data Path:+    0.030
              Slack:=    0.438

#-------------------------------------------------------------------------------------------------------------
# Timing Point         Flags  Arc            Edge  Cell                         Fanout  Trans   Delay  Arrival  
#                                                                                        (ns)    (ns)     (ns)  
#-------------------------------------------------------------------------------------------------------------
  sk_data[0][1]        -      sk_data[0][1]  R     (arrival)                         1  0.051   0.000    0.528  
  g43812/Y             -      A0->Y          R     AO22_X0P5M_A9PP140ZTUL_C35        1  0.051   0.030    0.557  
  retime_s1_120_reg/D  -      D              R     DFFRPQA_X1M_A9PP140ZTUL_C35       1  0.014   0.000    0.557  
#-------------------------------------------------------------------------------------------------------------
Path 78: MET (0.439 ns) Hold Check with Pin retime_s1_164_reg/CK->D
               View: bc_analysis_view
              Group: in2reg
         Startpoint: (R) sk_data[0][5]
              Clock: (R) CLK
           Endpoint: (R) retime_s1_164_reg/D
              Clock: (R) CLK

                       Capture       Launch
         Clock Edge:+    0.000        0.000
         Drv Adjust:+    0.000        0.028
        Src Latency:+   -0.109        0.000
        Net Latency:+    0.110 (P)    0.000 (I)
            Arrival:=    0.001        0.028

               Hold:+   -0.006
        Uncertainty:+    0.125
      Required Time:=    0.120
       Launch Clock:=    0.028
        Input Delay:+    0.500
          Data Path:+    0.030
              Slack:=    0.439

#-------------------------------------------------------------------------------------------------------------
# Timing Point         Flags  Arc            Edge  Cell                         Fanout  Trans   Delay  Arrival  
#                                                                                        (ns)    (ns)     (ns)  
#-------------------------------------------------------------------------------------------------------------
  sk_data[0][5]        -      sk_data[0][5]  R     (arrival)                         1  0.053   0.000    0.529  
  g43838/Y             -      A0->Y          R     AO22_X0P5M_A9PP140ZTUL_C35        1  0.053   0.030    0.559  
  retime_s1_164_reg/D  -      D              R     DFFRPQA_X1M_A9PP140ZTUL_C35       1  0.014   0.000    0.559  
#-------------------------------------------------------------------------------------------------------------
Path 79: MET (0.441 ns) Hold Check with Pin retime_s1_101_reg/CK->D
               View: bc_analysis_view
              Group: in2reg
         Startpoint: (R) sk_data[0][7]
              Clock: (R) CLK
           Endpoint: (R) retime_s1_101_reg/D
              Clock: (R) CLK

                       Capture       Launch
         Clock Edge:+    0.000        0.000
         Drv Adjust:+    0.000        0.025
        Src Latency:+   -0.109        0.000
        Net Latency:+    0.110 (P)    0.000 (I)
            Arrival:=    0.000        0.025

               Hold:+   -0.007
        Uncertainty:+    0.125
      Required Time:=    0.119
       Launch Clock:=    0.025
        Input Delay:+    0.500
          Data Path:+    0.034
              Slack:=    0.441

#-------------------------------------------------------------------------------------------------------------
# Timing Point         Flags  Arc            Edge  Cell                         Fanout  Trans   Delay  Arrival  
#                                                                                        (ns)    (ns)     (ns)  
#-------------------------------------------------------------------------------------------------------------
  sk_data[0][7]        -      sk_data[0][7]  R     (arrival)                         1  0.047   0.000    0.526  
  g43794/Y             -      A0->Y          R     AO22_X0P5M_A9PP140ZTUL_C35        1  0.047   0.033    0.559  
  retime_s1_101_reg/D  -      D              R     DFFRPQA_X1M_A9PP140ZTUL_C35       1  0.021   0.000    0.559  
#-------------------------------------------------------------------------------------------------------------
Path 80: MET (0.441 ns) Hold Check with Pin VALID_data_reg[1][0]/CK->D
               View: bc_analysis_view
              Group: in2reg
         Startpoint: (R) s_valid
              Clock: (R) CLK
           Endpoint: (R) VALID_data_reg[1][0]/D
              Clock: (R) CLK

                       Capture       Launch
         Clock Edge:+    0.000        0.000
         Drv Adjust:+    0.000        0.012
        Src Latency:+   -0.109        0.000
        Net Latency:+    0.107 (P)    0.000 (I)
            Arrival:=   -0.003        0.012

               Hold:+   -0.002
        Uncertainty:+    0.125
      Required Time:=    0.120
       Launch Clock:=    0.012
        Input Delay:+    0.500
          Data Path:+    0.049
              Slack:=    0.441

#-----------------------------------------------------------------------------------------------------------
# Timing Point            Flags  Arc      Edge  Cell                          Fanout  Trans   Delay  Arrival  
#                                                                                      (ns)    (ns)     (ns)  
#-----------------------------------------------------------------------------------------------------------
  s_valid                 -      s_valid  R     (arrival)                          1  0.022   0.000    0.512  
  g39955__5477/Y          -      B->Y     F     NAND2_X0P5A_A9PP140ZTUL_C35        2  0.022   0.025    0.537  
  g42510/Y                -      B1->Y    R     OAI22_X0P5M_A9PP140ZTUL_C35        1  0.035   0.024    0.561  
  VALID_data_reg[1][0]/D  -      D        R     DFFRPQNA_X1M_A9PP140ZTUL_C35       1  0.022   0.000    0.561  
#-----------------------------------------------------------------------------------------------------------
Path 81: MET (0.449 ns) Hold Check with Pin retime_s1_191_reg/CK->D
               View: bc_analysis_view
              Group: in2reg
         Startpoint: (R) sk_data[3][7]
              Clock: (R) CLK
           Endpoint: (R) retime_s1_191_reg/D
              Clock: (R) CLK

                       Capture       Launch
         Clock Edge:+    0.000        0.000
         Drv Adjust:+    0.000        0.018
        Src Latency:+   -0.109        0.000
        Net Latency:+    0.110 (P)    0.000 (I)
            Arrival:=    0.001        0.018

               Hold:+   -0.006
        Uncertainty:+    0.125
      Required Time:=    0.119
       Launch Clock:=    0.018
        Input Delay:+    0.500
          Data Path:+    0.051
              Slack:=    0.449

#--------------------------------------------------------------------------------------------------------------------------
# Timing Point                      Flags  Arc            Edge  Cell                         Fanout  Trans   Delay  Arrival  
#                                                                                                     (ns)    (ns)     (ns)  
#--------------------------------------------------------------------------------------------------------------------------
  sk_data[3][7]                     -      sk_data[3][7]  R     (arrival)                         1  0.033   0.000    0.518  
  g43855/Y                          -      A0->Y          R     AO22_X0P5M_A9PP140ZTUL_C35        1  0.033   0.035    0.553  
  cts_opt_inst_FE_PHC2676_n_1097/Y  -      A->Y           R     BUFH_X1M_A9PP140ZTUL_C35          1  0.027   0.016    0.568  
  retime_s1_191_reg/D               -      D              R     DFFRPQA_X1M_A9PP140ZTUL_C35       1  0.009   0.000    0.568  
#--------------------------------------------------------------------------------------------------------------------------
Path 82: MET (0.450 ns) Hold Check with Pin retime_s1_31_reg/CK->D
               View: bc_analysis_view
              Group: in2reg
         Startpoint: (R) s_last
              Clock: (R) CLK
           Endpoint: (R) retime_s1_31_reg/D
              Clock: (R) CLK

                       Capture       Launch
         Clock Edge:+    0.000        0.000
         Drv Adjust:+    0.000        0.015
        Src Latency:+   -0.109        0.000
        Net Latency:+    0.107 (P)    0.000 (I)
            Arrival:=   -0.003        0.015

               Hold:+   -0.002
        Uncertainty:+    0.125
      Required Time:=    0.120
       Launch Clock:=    0.015
        Input Delay:+    0.500
          Data Path:+    0.055
              Slack:=    0.450

#-------------------------------------------------------------------------------------------------------
# Timing Point        Flags  Arc     Edge  Cell                           Fanout  Trans   Delay  Arrival  
#                                                                                  (ns)    (ns)     (ns)  
#-------------------------------------------------------------------------------------------------------
  s_last              -      s_last  R     (arrival)                           1  0.028   0.000    0.515  
  g39409__7098/Y      -      BN->Y   R     NOR2XB_X0P5M_A9PP140ZTUL_C35        1  0.028   0.028    0.543  
  g42467/Y            -      B0N->Y  R     OAI22BB_X0P5M_A9PP140ZTUL_C35       1  0.027   0.027    0.571  
  retime_s1_31_reg/D  -      D       R     DFFRPQNA_X1M_A9PP140ZTUL_C35        1  0.019   0.000    0.571  
#-------------------------------------------------------------------------------------------------------
Path 83: MET (0.467 ns) Hold Check with Pin VALID_data_reg[5][0]/CK->D
               View: bc_analysis_view
              Group: in2reg
         Startpoint: (R) rstn
              Clock: (R) CLK
           Endpoint: (R) VALID_data_reg[5][0]/D
              Clock: (R) CLK

                       Capture       Launch
         Clock Edge:+    0.000        0.000
         Drv Adjust:+    0.000        0.045
        Src Latency:+   -0.109        0.000
        Net Latency:+    0.106 (P)    0.000 (I)
            Arrival:=   -0.003        0.045

               Hold:+   -0.002
        Uncertainty:+    0.125
      Required Time:=    0.120
       Launch Clock:=    0.045
        Input Delay:+    0.500
          Data Path:+    0.042
              Slack:=    0.467

#---------------------------------------------------------------------------------------------------------
# Timing Point            Flags  Arc    Edge  Cell                          Fanout  Trans   Delay  Arrival  
#                                                                                    (ns)    (ns)     (ns)  
#---------------------------------------------------------------------------------------------------------
  rstn                    -      rstn   R     (arrival)                          4  0.084   0.001    0.546  
  g43867/Y                -      B->Y   F     NAND3_X0P5M_A9PP140ZTUL_C35        1  0.084   0.024    0.570  
  g42514/Y                -      B0->Y  R     OAI21_X0P5M_A9PP140ZTUL_C35        1  0.027   0.017    0.587  
  VALID_data_reg[5][0]/D  -      D      R     DFFRPQNA_X1M_A9PP140ZTUL_C35       1  0.017   0.000    0.587  
#---------------------------------------------------------------------------------------------------------
Path 84: MET (0.520 ns) Hold Check with Pin retime_s4_141_reg/CK->D
               View: bc_analysis_view
              Group: in2reg
         Startpoint: (F) m_ready
              Clock: (R) CLK
           Endpoint: (R) retime_s4_141_reg/D
              Clock: (R) CLK

                       Capture       Launch
         Clock Edge:+    0.000        0.000
         Drv Adjust:+    0.000        0.058
        Src Latency:+   -0.109        0.000
        Net Latency:+    0.107 (P)    0.000 (I)
            Arrival:=   -0.003        0.058

               Hold:+   -0.006
        Uncertainty:+    0.125
      Required Time:=    0.116
       Launch Clock:=    0.058
        Input Delay:+    0.500
          Data Path:+    0.078
              Slack:=    0.520

#--------------------------------------------------------------------------------------------------------------------
# Timing Point                      Flags  Arc      Edge  Cell                         Fanout  Trans   Delay  Arrival  
#                                                                                               (ns)    (ns)     (ns)  
#--------------------------------------------------------------------------------------------------------------------
  m_ready                           -      m_ready  F     (arrival)                         2  0.112   0.002    0.560  
  g39627__3680/Y                    -      A->Y     R     NAND2_X4B_A9PP140ZTUL_C35        11  0.112   0.040    0.599  
  g43753/Y                          -      B0->Y    R     AO22_X0P5M_A9PP140ZTUL_C35        1  0.038   0.024    0.623  
  cts_opt_inst_FE_PHC2329_n_1199/Y  -      A->Y     R     BUFH_X1M_A9PP140ZTUL_C35          1  0.014   0.013    0.636  
  retime_s4_141_reg/D               -      D        R     DFFRPQA_X1M_A9PP140ZTUL_C35       1  0.007   0.000    0.636  
#--------------------------------------------------------------------------------------------------------------------
Path 85: MET (0.520 ns) Hold Check with Pin retime_s3_279_reg/CK->D
               View: bc_analysis_view
              Group: in2reg
         Startpoint: (F) m_ready
              Clock: (R) CLK
           Endpoint: (R) retime_s3_279_reg/D
              Clock: (R) CLK

                       Capture       Launch
         Clock Edge:+    0.000        0.000
         Drv Adjust:+    0.000        0.058
        Src Latency:+   -0.109        0.000
        Net Latency:+    0.107 (P)    0.000 (I)
            Arrival:=   -0.003        0.058

               Hold:+   -0.006
        Uncertainty:+    0.125
      Required Time:=    0.116
       Launch Clock:=    0.058
        Input Delay:+    0.500
          Data Path:+    0.078
              Slack:=    0.520

#--------------------------------------------------------------------------------------------------------------------
# Timing Point                      Flags  Arc      Edge  Cell                         Fanout  Trans   Delay  Arrival  
#                                                                                               (ns)    (ns)     (ns)  
#--------------------------------------------------------------------------------------------------------------------
  m_ready                           -      m_ready  F     (arrival)                         2  0.112   0.002    0.560  
  g39627__3680/Y                    -      A->Y     R     NAND2_X4B_A9PP140ZTUL_C35        11  0.112   0.040    0.599  
  g43752/Y                          -      B0->Y    R     AO22_X0P5M_A9PP140ZTUL_C35        1  0.038   0.024    0.624  
  cts_opt_inst_FE_PHC2571_n_1200/Y  -      A->Y     R     BUFH_X1M_A9PP140ZTUL_C35          1  0.015   0.012    0.636  
  retime_s3_279_reg/D               -      D        R     DFFRPQA_X1M_A9PP140ZTUL_C35       1  0.007   0.000    0.636  
#--------------------------------------------------------------------------------------------------------------------
Path 86: MET (0.551 ns) Removal Check with Pin VALID_data_reg[2][0]/CK->R
               View: bc_analysis_view
              Group: in2reg
         Startpoint: (R) rstn
              Clock: (R) CLK
           Endpoint: (F) VALID_data_reg[2][0]/R
              Clock: (R) CLK

                       Capture       Launch
         Clock Edge:+    0.000        0.000
         Drv Adjust:+    0.000        0.045
        Src Latency:+   -0.109        0.000
        Net Latency:+    0.115 (P)    0.000 (I)
            Arrival:=    0.005        0.045

            Removal:+   -0.010
        Uncertainty:+    0.125
      Required Time:=    0.120
       Launch Clock:=    0.045
        Input Delay:+    0.500
          Data Path:+    0.127
              Slack:=    0.551

#--------------------------------------------------------------------------------------------------------
# Timing Point            Flags  Arc   Edge  Cell                          Fanout  Trans   Delay  Arrival  
#                                                                                   (ns)    (ns)     (ns)  
#--------------------------------------------------------------------------------------------------------
  rstn                    -      rstn  R     (arrival)                          4  0.084   0.001    0.546  
  g44871/Y                -      A->Y  F     INV_X1M_A9PP140ZTUL_C35           42  0.084   0.125    0.671  
  VALID_data_reg[2][0]/R  -      R     F     DFFRPQNA_X1M_A9PP140ZTUL_C35      42  0.180   0.000    0.671  
#--------------------------------------------------------------------------------------------------------
Path 87: MET (0.551 ns) Removal Check with Pin retime_s3_316_reg/CK->R
               View: bc_analysis_view
              Group: in2reg
         Startpoint: (R) rstn
              Clock: (R) CLK
           Endpoint: (F) retime_s3_316_reg/R
              Clock: (R) CLK

                       Capture       Launch
         Clock Edge:+    0.000        0.000
         Drv Adjust:+    0.000        0.045
        Src Latency:+   -0.109        0.000
        Net Latency:+    0.115 (P)    0.000 (I)
            Arrival:=    0.005        0.045

            Removal:+   -0.010
        Uncertainty:+    0.125
      Required Time:=    0.120
       Launch Clock:=    0.045
        Input Delay:+    0.500
          Data Path:+    0.127
              Slack:=    0.551

#-----------------------------------------------------------------------------------------------------
# Timing Point         Flags  Arc   Edge  Cell                          Fanout  Trans   Delay  Arrival  
#                                                                                (ns)    (ns)     (ns)  
#-----------------------------------------------------------------------------------------------------
  rstn                 -      rstn  R     (arrival)                          4  0.084   0.001    0.546  
  g44871/Y             -      A->Y  F     INV_X1M_A9PP140ZTUL_C35           42  0.084   0.126    0.672  
  retime_s3_316_reg/R  -      R     F     DFFRPQNA_X1M_A9PP140ZTUL_C35      42  0.180   0.000    0.672  
#-----------------------------------------------------------------------------------------------------
Path 88: MET (0.552 ns) Removal Check with Pin retime_s2_119_reg/CK->R
               View: bc_analysis_view
              Group: in2reg
         Startpoint: (R) rstn
              Clock: (R) CLK
           Endpoint: (F) retime_s2_119_reg/R
              Clock: (R) CLK

                       Capture       Launch
         Clock Edge:+    0.000        0.000
         Drv Adjust:+    0.000        0.045
        Src Latency:+   -0.109        0.000
        Net Latency:+    0.115 (P)    0.000 (I)
            Arrival:=    0.006        0.045

            Removal:+   -0.010
        Uncertainty:+    0.125
      Required Time:=    0.120
       Launch Clock:=    0.045
        Input Delay:+    0.500
          Data Path:+    0.128
              Slack:=    0.552

#-----------------------------------------------------------------------------------------------------
# Timing Point         Flags  Arc   Edge  Cell                          Fanout  Trans   Delay  Arrival  
#                                                                                (ns)    (ns)     (ns)  
#-----------------------------------------------------------------------------------------------------
  rstn                 -      rstn  R     (arrival)                          4  0.084   0.001    0.546  
  g44871/Y             -      A->Y  F     INV_X1M_A9PP140ZTUL_C35           42  0.084   0.127    0.673  
  retime_s2_119_reg/R  -      R     F     DFFRPQNA_X1M_A9PP140ZTUL_C35      42  0.180   0.000    0.673  
#-----------------------------------------------------------------------------------------------------
Path 89: MET (0.553 ns) Removal Check with Pin retime_s1_41_reg/CK->R
               View: bc_analysis_view
              Group: in2reg
         Startpoint: (R) rstn
              Clock: (R) CLK
           Endpoint: (F) retime_s1_41_reg/R
              Clock: (R) CLK

                       Capture       Launch
         Clock Edge:+    0.000        0.000
         Drv Adjust:+    0.000        0.045
        Src Latency:+   -0.109        0.000
        Net Latency:+    0.115 (P)    0.000 (I)
            Arrival:=    0.005        0.045

            Removal:+   -0.010
        Uncertainty:+    0.125
      Required Time:=    0.120
       Launch Clock:=    0.045
        Input Delay:+    0.500
          Data Path:+    0.128
              Slack:=    0.553

#----------------------------------------------------------------------------------------------------
# Timing Point        Flags  Arc   Edge  Cell                          Fanout  Trans   Delay  Arrival  
#                                                                               (ns)    (ns)     (ns)  
#----------------------------------------------------------------------------------------------------
  rstn                -      rstn  R     (arrival)                          4  0.084   0.001    0.546  
  g44871/Y            -      A->Y  F     INV_X1M_A9PP140ZTUL_C35           42  0.084   0.127    0.673  
  retime_s1_41_reg/R  -      R     F     DFFRPQNA_X1M_A9PP140ZTUL_C35      42  0.180   0.000    0.673  
#----------------------------------------------------------------------------------------------------
Path 90: MET (0.553 ns) Removal Check with Pin retime_s2_126_reg/CK->R
               View: bc_analysis_view
              Group: in2reg
         Startpoint: (R) rstn
              Clock: (R) CLK
           Endpoint: (F) retime_s2_126_reg/R
              Clock: (R) CLK

                       Capture       Launch
         Clock Edge:+    0.000        0.000
         Drv Adjust:+    0.000        0.045
        Src Latency:+   -0.109        0.000
        Net Latency:+    0.115 (P)    0.000 (I)
            Arrival:=    0.005        0.045

            Removal:+   -0.010
        Uncertainty:+    0.125
      Required Time:=    0.120
       Launch Clock:=    0.045
        Input Delay:+    0.500
          Data Path:+    0.128
              Slack:=    0.553

#-----------------------------------------------------------------------------------------------------
# Timing Point         Flags  Arc   Edge  Cell                          Fanout  Trans   Delay  Arrival  
#                                                                                (ns)    (ns)     (ns)  
#-----------------------------------------------------------------------------------------------------
  rstn                 -      rstn  R     (arrival)                          4  0.084   0.001    0.546  
  g44871/Y             -      A->Y  F     INV_X1M_A9PP140ZTUL_C35           42  0.084   0.127    0.673  
  retime_s2_126_reg/R  -      R     F     DFFRPQNA_X1M_A9PP140ZTUL_C35      42  0.180   0.000    0.673  
#-----------------------------------------------------------------------------------------------------
Path 91: MET (0.553 ns) Removal Check with Pin retime_s2_141_reg/CK->R
               View: bc_analysis_view
              Group: in2reg
         Startpoint: (R) rstn
              Clock: (R) CLK
           Endpoint: (F) retime_s2_141_reg/R
              Clock: (R) CLK

                       Capture       Launch
         Clock Edge:+    0.000        0.000
         Drv Adjust:+    0.000        0.045
        Src Latency:+   -0.109        0.000
        Net Latency:+    0.115 (P)    0.000 (I)
            Arrival:=    0.005        0.045

            Removal:+   -0.010
        Uncertainty:+    0.125
      Required Time:=    0.120
       Launch Clock:=    0.045
        Input Delay:+    0.500
          Data Path:+    0.128
              Slack:=    0.553

#-----------------------------------------------------------------------------------------------------
# Timing Point         Flags  Arc   Edge  Cell                          Fanout  Trans   Delay  Arrival  
#                                                                                (ns)    (ns)     (ns)  
#-----------------------------------------------------------------------------------------------------
  rstn                 -      rstn  R     (arrival)                          4  0.084   0.001    0.546  
  g44871/Y             -      A->Y  F     INV_X1M_A9PP140ZTUL_C35           42  0.084   0.127    0.673  
  retime_s2_141_reg/R  -      R     F     DFFRPQNA_X1M_A9PP140ZTUL_C35      42  0.180   0.000    0.673  
#-----------------------------------------------------------------------------------------------------
Path 92: MET (0.553 ns) Removal Check with Pin retime_s3_327_reg/CK->R
               View: bc_analysis_view
              Group: in2reg
         Startpoint: (R) rstn
              Clock: (R) CLK
           Endpoint: (F) retime_s3_327_reg/R
              Clock: (R) CLK

                       Capture       Launch
         Clock Edge:+    0.000        0.000
         Drv Adjust:+    0.000        0.045
        Src Latency:+   -0.109        0.000
        Net Latency:+    0.115 (P)    0.000 (I)
            Arrival:=    0.005        0.045

            Removal:+   -0.010
        Uncertainty:+    0.125
      Required Time:=    0.120
       Launch Clock:=    0.045
        Input Delay:+    0.500
          Data Path:+    0.128
              Slack:=    0.553

#-----------------------------------------------------------------------------------------------------
# Timing Point         Flags  Arc   Edge  Cell                          Fanout  Trans   Delay  Arrival  
#                                                                                (ns)    (ns)     (ns)  
#-----------------------------------------------------------------------------------------------------
  rstn                 -      rstn  R     (arrival)                          4  0.084   0.001    0.546  
  g44871/Y             -      A->Y  F     INV_X1M_A9PP140ZTUL_C35           42  0.084   0.127    0.673  
  retime_s3_327_reg/R  -      R     F     DFFRPQNA_X1M_A9PP140ZTUL_C35      42  0.180   0.000    0.673  
#-----------------------------------------------------------------------------------------------------
Path 93: MET (0.554 ns) Removal Check with Pin retime_s1_50_reg/CK->R
               View: bc_analysis_view
              Group: in2reg
         Startpoint: (R) rstn
              Clock: (R) CLK
           Endpoint: (F) retime_s1_50_reg/R
              Clock: (R) CLK

                       Capture       Launch
         Clock Edge:+    0.000        0.000
         Drv Adjust:+    0.000        0.045
        Src Latency:+   -0.109        0.000
        Net Latency:+    0.114 (P)    0.000 (I)
            Arrival:=    0.005        0.045

            Removal:+   -0.010
        Uncertainty:+    0.125
      Required Time:=    0.120
       Launch Clock:=    0.045
        Input Delay:+    0.500
          Data Path:+    0.128
              Slack:=    0.554

#----------------------------------------------------------------------------------------------------
# Timing Point        Flags  Arc   Edge  Cell                          Fanout  Trans   Delay  Arrival  
#                                                                               (ns)    (ns)     (ns)  
#----------------------------------------------------------------------------------------------------
  rstn                -      rstn  R     (arrival)                          4  0.084   0.001    0.546  
  g44871/Y            -      A->Y  F     INV_X1M_A9PP140ZTUL_C35           42  0.084   0.127    0.673  
  retime_s1_50_reg/R  -      R     F     DFFRPQNA_X1M_A9PP140ZTUL_C35      42  0.180   0.000    0.673  
#----------------------------------------------------------------------------------------------------
Path 94: MET (0.554 ns) Removal Check with Pin retime_s1_175_reg/CK->R
               View: bc_analysis_view
              Group: in2reg
         Startpoint: (R) rstn
              Clock: (R) CLK
           Endpoint: (F) retime_s1_175_reg/R
              Clock: (R) CLK

                       Capture       Launch
         Clock Edge:+    0.000        0.000
         Drv Adjust:+    0.000        0.045
        Src Latency:+   -0.109        0.000
        Net Latency:+    0.114 (P)    0.000 (I)
            Arrival:=    0.005        0.045

            Removal:+   -0.010
        Uncertainty:+    0.125
      Required Time:=    0.120
       Launch Clock:=    0.045
        Input Delay:+    0.500
          Data Path:+    0.128
              Slack:=    0.554

#-----------------------------------------------------------------------------------------------------
# Timing Point         Flags  Arc   Edge  Cell                          Fanout  Trans   Delay  Arrival  
#                                                                                (ns)    (ns)     (ns)  
#-----------------------------------------------------------------------------------------------------
  rstn                 -      rstn  R     (arrival)                          4  0.084   0.001    0.546  
  g44871/Y             -      A->Y  F     INV_X1M_A9PP140ZTUL_C35           42  0.084   0.127    0.673  
  retime_s1_175_reg/R  -      R     F     DFFRPQNA_X1M_A9PP140ZTUL_C35      42  0.180   0.000    0.673  
#-----------------------------------------------------------------------------------------------------
Path 95: MET (0.554 ns) Removal Check with Pin retime_s2_199_reg/CK->R
               View: bc_analysis_view
              Group: in2reg
         Startpoint: (R) rstn
              Clock: (R) CLK
           Endpoint: (F) retime_s2_199_reg/R
              Clock: (R) CLK

                       Capture       Launch
         Clock Edge:+    0.000        0.000
         Drv Adjust:+    0.000        0.045
        Src Latency:+   -0.109        0.000
        Net Latency:+    0.114 (P)    0.000 (I)
            Arrival:=    0.005        0.045

            Removal:+   -0.010
        Uncertainty:+    0.125
      Required Time:=    0.120
       Launch Clock:=    0.045
        Input Delay:+    0.500
          Data Path:+    0.128
              Slack:=    0.554

#-----------------------------------------------------------------------------------------------------
# Timing Point         Flags  Arc   Edge  Cell                          Fanout  Trans   Delay  Arrival  
#                                                                                (ns)    (ns)     (ns)  
#-----------------------------------------------------------------------------------------------------
  rstn                 -      rstn  R     (arrival)                          4  0.084   0.001    0.546  
  g44871/Y             -      A->Y  F     INV_X1M_A9PP140ZTUL_C35           42  0.084   0.127    0.673  
  retime_s2_199_reg/R  -      R     F     DFFRPQNA_X1M_A9PP140ZTUL_C35      42  0.180   0.000    0.673  
#-----------------------------------------------------------------------------------------------------
Path 96: MET (0.559 ns) Removal Check with Pin retime_s4_159_reg/CK->R
               View: bc_analysis_view
              Group: in2reg
         Startpoint: (R) rstn
              Clock: (R) CLK
           Endpoint: (F) retime_s4_159_reg/R
              Clock: (R) CLK

                       Capture       Launch
         Clock Edge:+    0.000        0.000
         Drv Adjust:+    0.000        0.045
        Src Latency:+   -0.109        0.000
        Net Latency:+    0.115 (P)    0.000 (I)
            Arrival:=    0.006        0.045

            Removal:+   -0.018
        Uncertainty:+    0.125
      Required Time:=    0.112
       Launch Clock:=    0.045
        Input Delay:+    0.500
          Data Path:+    0.127
              Slack:=    0.559

#----------------------------------------------------------------------------------------------------
# Timing Point         Flags  Arc   Edge  Cell                         Fanout  Trans   Delay  Arrival  
#                                                                               (ns)    (ns)     (ns)  
#----------------------------------------------------------------------------------------------------
  rstn                 -      rstn  R     (arrival)                         4  0.084   0.001    0.546  
  g44871/Y             -      A->Y  F     INV_X1M_A9PP140ZTUL_C35          42  0.084   0.125    0.671  
  retime_s4_159_reg/R  -      R     F     DFFRPQA_X1M_A9PP140ZTUL_C35      42  0.180   0.000    0.671  
#----------------------------------------------------------------------------------------------------
Path 97: MET (0.559 ns) Removal Check with Pin retime_s2_91_reg/CK->R
               View: bc_analysis_view
              Group: in2reg
         Startpoint: (R) rstn
              Clock: (R) CLK
           Endpoint: (F) retime_s2_91_reg/R
              Clock: (R) CLK

                       Capture       Launch
         Clock Edge:+    0.000        0.000
         Drv Adjust:+    0.000        0.045
        Src Latency:+   -0.109        0.000
        Net Latency:+    0.115 (P)    0.000 (I)
            Arrival:=    0.005        0.045

            Removal:+   -0.018
        Uncertainty:+    0.125
      Required Time:=    0.112
       Launch Clock:=    0.045
        Input Delay:+    0.500
          Data Path:+    0.126
              Slack:=    0.559

#---------------------------------------------------------------------------------------------------
# Timing Point        Flags  Arc   Edge  Cell                         Fanout  Trans   Delay  Arrival  
#                                                                              (ns)    (ns)     (ns)  
#---------------------------------------------------------------------------------------------------
  rstn                -      rstn  R     (arrival)                         4  0.084   0.001    0.546  
  g44871/Y            -      A->Y  F     INV_X1M_A9PP140ZTUL_C35          42  0.084   0.125    0.671  
  retime_s2_91_reg/R  -      R     F     DFFRPQA_X1M_A9PP140ZTUL_C35      42  0.180   0.000    0.671  
#---------------------------------------------------------------------------------------------------
Path 98: MET (0.559 ns) Removal Check with Pin retime_s1_8_reg/CK->R
               View: bc_analysis_view
              Group: in2reg
         Startpoint: (R) rstn
              Clock: (R) CLK
           Endpoint: (F) retime_s1_8_reg/R
              Clock: (R) CLK

                       Capture       Launch
         Clock Edge:+    0.000        0.000
         Drv Adjust:+    0.000        0.045
        Src Latency:+   -0.109        0.000
        Net Latency:+    0.115 (P)    0.000 (I)
            Arrival:=    0.005        0.045

            Removal:+   -0.018
        Uncertainty:+    0.125
      Required Time:=    0.112
       Launch Clock:=    0.045
        Input Delay:+    0.500
          Data Path:+    0.127
              Slack:=    0.559

#--------------------------------------------------------------------------------------------------
# Timing Point       Flags  Arc   Edge  Cell                         Fanout  Trans   Delay  Arrival  
#                                                                             (ns)    (ns)     (ns)  
#--------------------------------------------------------------------------------------------------
  rstn               -      rstn  R     (arrival)                         4  0.084   0.001    0.546  
  g44871/Y           -      A->Y  F     INV_X1M_A9PP140ZTUL_C35          42  0.084   0.125    0.671  
  retime_s1_8_reg/R  -      R     F     DFFRPQA_X1M_A9PP140ZTUL_C35      42  0.180   0.000    0.671  
#--------------------------------------------------------------------------------------------------
Path 99: MET (0.559 ns) Removal Check with Pin retime_s1_9_reg/CK->R
               View: bc_analysis_view
              Group: in2reg
         Startpoint: (R) rstn
              Clock: (R) CLK
           Endpoint: (F) retime_s1_9_reg/R
              Clock: (R) CLK

                       Capture       Launch
         Clock Edge:+    0.000        0.000
         Drv Adjust:+    0.000        0.045
        Src Latency:+   -0.109        0.000
        Net Latency:+    0.115 (P)    0.000 (I)
            Arrival:=    0.005        0.045

            Removal:+   -0.018
        Uncertainty:+    0.125
      Required Time:=    0.112
       Launch Clock:=    0.045
        Input Delay:+    0.500
          Data Path:+    0.127
              Slack:=    0.559

#--------------------------------------------------------------------------------------------------
# Timing Point       Flags  Arc   Edge  Cell                         Fanout  Trans   Delay  Arrival  
#                                                                             (ns)    (ns)     (ns)  
#--------------------------------------------------------------------------------------------------
  rstn               -      rstn  R     (arrival)                         4  0.084   0.001    0.546  
  g44871/Y           -      A->Y  F     INV_X1M_A9PP140ZTUL_C35          42  0.084   0.125    0.671  
  retime_s1_9_reg/R  -      R     F     DFFRPQA_X1M_A9PP140ZTUL_C35      42  0.180   0.000    0.671  
#--------------------------------------------------------------------------------------------------
Path 100: MET (0.559 ns) Removal Check with Pin VALID_data_reg[3][0]/CK->R
               View: bc_analysis_view
              Group: in2reg
         Startpoint: (R) rstn
              Clock: (R) CLK
           Endpoint: (F) VALID_data_reg[3][0]/R
              Clock: (R) CLK

                       Capture       Launch
         Clock Edge:+    0.000        0.000
         Drv Adjust:+    0.000        0.045
        Src Latency:+   -0.109        0.000
        Net Latency:+    0.115 (P)    0.000 (I)
            Arrival:=    0.005        0.045

            Removal:+   -0.018
        Uncertainty:+    0.125
      Required Time:=    0.112
       Launch Clock:=    0.045
        Input Delay:+    0.500
          Data Path:+    0.127
              Slack:=    0.559

#-------------------------------------------------------------------------------------------------------
# Timing Point            Flags  Arc   Edge  Cell                         Fanout  Trans   Delay  Arrival  
#                                                                                  (ns)    (ns)     (ns)  
#-------------------------------------------------------------------------------------------------------
  rstn                    -      rstn  R     (arrival)                         4  0.084   0.001    0.546  
  g44871/Y                -      A->Y  F     INV_X1M_A9PP140ZTUL_C35          42  0.084   0.125    0.671  
  VALID_data_reg[3][0]/R  -      R     F     DFFRPQA_X1M_A9PP140ZTUL_C35      42  0.180   0.000    0.671  
#-------------------------------------------------------------------------------------------------------

