###############################################################
#  Generated by:      Cadence Innovus 23.13-s082_1
#  OS:                Linux x86_64(Host ID mun)
#  Generated on:      Tue Jun 24 07:54:46 2025
#  Design:            axis_sa
#  Command:           report_timing -early -max_paths 100 -group $cg  > "${reports_path}/$this_run(stage)/${cg}.hold.timing.rpt"
###############################################################
Path 1: MET (0.001 ns) Hold Check with Pin retime_s2_118_reg/CK->D
               View: bc_analysis_view
              Group: reg2reg
         Startpoint: (R) retime_s1_40_reg/CK
              Clock: (R) CLK
           Endpoint: (R) retime_s2_118_reg/D
              Clock: (R) CLK

                       Capture       Launch
         Clock Edge:+    0.000        0.000
        Src Latency:+   -0.109       -0.109
        Net Latency:+    0.111 (P)    0.110 (P)
            Arrival:=    0.001        0.001

               Hold:+   -0.002
        Uncertainty:+    0.125
      Required Time:=    0.125
       Launch Clock:=    0.001
          Data Path:+    0.124
              Slack:=    0.001

#----------------------------------------------------------------------------------------------------------------------------
# Timing Point                             Flags  Arc     Edge  Cell                           Fanout  Trans   Delay  Arrival  
#                                                                                                       (ns)    (ns)     (ns)  
#----------------------------------------------------------------------------------------------------------------------------
  retime_s1_40_reg/CK                      -      CK      R     (arrival)                          20  0.028       -    0.001  
  retime_s1_40_reg/Q                       -      CK->Q   R     DFFRPQA_X1M_A9PP140ZTUL_C35         1  0.028   0.038    0.038  
  cts_opt_inst_FE_PHC277_ki_delayed_7_0/Y  -      A->Y    R     DLY2_X0P5M_A9PP140ZTUL_C35          2  0.012   0.059    0.097  
  g44377/Y                                 -      B1N->Y  R     OAI22BB_X0P5M_A9PP140ZTUL_C35       1  0.078   0.028    0.125  
  retime_s2_118_reg/D                      -      D       R     DFFRPQNA_X1M_A9PP140ZTUL_C35        1  0.016   0.000    0.125  
#----------------------------------------------------------------------------------------------------------------------------
Path 2: MET (0.001 ns) Hold Check with Pin retime_s1_13_reg/CK->D
               View: bc_analysis_view
              Group: reg2reg
         Startpoint: (R) VALID_data_reg[11][0]/CK
              Clock: (R) CLK
           Endpoint: (R) retime_s1_13_reg/D
              Clock: (R) CLK

                       Capture       Launch
         Clock Edge:+    0.000        0.000
        Src Latency:+   -0.109       -0.109
        Net Latency:+    0.111 (P)    0.113 (P)
            Arrival:=    0.001        0.004

               Hold:+   -0.006
        Uncertainty:+    0.125
      Required Time:=    0.120
       Launch Clock:=    0.004
          Data Path:+    0.117
              Slack:=    0.001

#---------------------------------------------------------------------------------------------------------------------
# Timing Point                       Flags  Arc     Edge  Cell                          Fanout  Trans   Delay  Arrival  
#                                                                                                (ns)    (ns)     (ns)  
#---------------------------------------------------------------------------------------------------------------------
  VALID_data_reg[11][0]/CK           -      CK      R     (arrival)                         20  0.028       -    0.004  
  VALID_data_reg[11][0]/QN           -      CK->QN  F     DFFRPQNA_X1M_A9PP140ZTUL_C35       2  0.028   0.047    0.051  
  cts_opt_inst_FE_PHC280_valid_11/Y  -      A->Y    F     DLY2_X0P5M_A9PP140ZTUL_C35         3  0.034   0.049    0.100  
  g44730/Y                           -      B->Y    R     NAND2B_X0P5M_A9PP140ZTUL_C35       1  0.035   0.020    0.121  
  retime_s1_13_reg/D                 -      D       R     DFFRPQA_X1M_A9PP140ZTUL_C35        1  0.014   0.000    0.121  
#---------------------------------------------------------------------------------------------------------------------
Path 3: MET (0.001 ns) Hold Check with Pin ro_reg[2][7][7]/CK->D
               View: bc_analysis_view
              Group: reg2reg
         Startpoint: (R) ro_reg[2][7][7]/CK
              Clock: (R) CLK
           Endpoint: (R) ro_reg[2][7][7]/D
              Clock: (R) CLK

                       Capture       Launch
         Clock Edge:+    0.000        0.000
        Src Latency:+   -0.109       -0.109
        Net Latency:+    0.111 (P)    0.111 (P)
            Arrival:=    0.002        0.002

               Hold:+   -0.006
        Uncertainty:+    0.125
      Required Time:=    0.120
       Launch Clock:=    0.002
          Data Path:+    0.120
              Slack:=    0.001

#---------------------------------------------------------------------------------------------------------------------
# Timing Point                      Flags  Arc     Edge  Cell                           Fanout  Trans   Delay  Arrival  
#                                                                                                (ns)    (ns)     (ns)  
#---------------------------------------------------------------------------------------------------------------------
  ro_reg[2][7][7]/CK                -      CK      R     (arrival)                          20  0.028       -    0.002  
  ro_reg[2][7][7]/Q                 -      CK->Q   R     DFFRPQA_X1M_A9PP140ZTUL_C35         2  0.028   0.041    0.043  
  g41669/Y                          -      B1N->Y  R     OAI22BB_X0P5M_A9PP140ZTUL_C35       1  0.019   0.024    0.068  
  cts_opt_inst_FE_PHC3085_n_2053/Y  -      A->Y    R     DLY2_X0P5M_A9PP140ZTUL_C35          1  0.016   0.027    0.095  
  cts_opt_inst_FE_PHC3346_n_2053/Y  -      A->Y    R     DLY2_X0P5M_A9PP140ZTUL_C35          1  0.018   0.027    0.122  
  ro_reg[2][7][7]/D                 -      D       R     DFFRPQA_X1M_A9PP140ZTUL_C35         1  0.016   0.000    0.122  
#---------------------------------------------------------------------------------------------------------------------
Path 4: MET (0.002 ns) Hold Check with Pin retime_s3_338_reg/CK->D
               View: bc_analysis_view
              Group: reg2reg
         Startpoint: (R) retime_s3_338_reg/CK
              Clock: (R) CLK
           Endpoint: (R) retime_s3_338_reg/D
              Clock: (R) CLK

                       Capture       Launch
         Clock Edge:+    0.000        0.000
        Src Latency:+   -0.109       -0.109
        Net Latency:+    0.112 (P)    0.112 (P)
            Arrival:=    0.002        0.002

               Hold:+   -0.007
        Uncertainty:+    0.125
      Required Time:=    0.121
       Launch Clock:=    0.002
          Data Path:+    0.120
              Slack:=    0.002

#--------------------------------------------------------------------------------------------------------------------
# Timing Point                     Flags  Arc     Edge  Cell                           Fanout  Trans   Delay  Arrival  
#                                                                                               (ns)    (ns)     (ns)  
#--------------------------------------------------------------------------------------------------------------------
  retime_s3_338_reg/CK             -      CK      R     (arrival)                          20  0.024       -    0.002  
  retime_s3_338_reg/Q              -      CK->Q   R     DFFRPQA_X1M_A9PP140ZTUL_C35         1  0.024   0.036    0.039  
  cts_opt_inst_FE_PHC920_n_3614/Y  -      A->Y    R     DLY2_X0P5M_A9PP140ZTUL_C35          2  0.011   0.052    0.091  
  g44103/Y                         -      B1N->Y  R     OAI22BB_X0P5M_A9PP140ZTUL_C35       1  0.066   0.031    0.123  
  retime_s3_338_reg/D              -      D       R     DFFRPQA_X1M_A9PP140ZTUL_C35         1  0.022   0.000    0.123  
#--------------------------------------------------------------------------------------------------------------------
Path 5: MET (0.002 ns) Hold Check with Pin retime_s6_109_reg/CK->D
               View: bc_analysis_view
              Group: reg2reg
         Startpoint: (R) retime_s6_109_reg/CK
              Clock: (R) CLK
           Endpoint: (R) retime_s6_109_reg/D
              Clock: (R) CLK

                       Capture       Launch
         Clock Edge:+    0.000        0.000
        Src Latency:+   -0.109       -0.109
        Net Latency:+    0.112 (P)    0.112 (P)
            Arrival:=    0.003        0.003

               Hold:+   -0.006
        Uncertainty:+    0.125
      Required Time:=    0.121
       Launch Clock:=    0.003
          Data Path:+    0.121
              Slack:=    0.002

#-----------------------------------------------------------------------------------------------------------------
# Timing Point                     Flags  Arc    Edge  Cell                         Fanout  Trans   Delay  Arrival  
#                                                                                            (ns)    (ns)     (ns)  
#-----------------------------------------------------------------------------------------------------------------
  retime_s6_109_reg/CK             -      CK     R     (arrival)                        20  0.027       -    0.003  
  retime_s6_109_reg/Q              -      CK->Q  R     DFFRPQA_X1M_A9PP140ZTUL_C35       9  0.027   0.057    0.060  
  cts_opt_inst_FE_PHC321_n_3838/Y  -      A->Y   R     BUF_X0P7B_A9PP140ZTUL_C35         2  0.047   0.039    0.099  
  g44311/Y                         -      B1->Y  R     AO22_X0P5M_A9PP140ZTUL_C35        1  0.047   0.024    0.123  
  retime_s6_109_reg/D              -      D      R     DFFRPQA_X1M_A9PP140ZTUL_C35       1  0.013   0.000    0.123  
#-----------------------------------------------------------------------------------------------------------------
Path 6: MET (0.003 ns) Hold Check with Pin retime_s3_170_reg/CK->D
               View: bc_analysis_view
              Group: reg2reg
         Startpoint: (R) retime_s3_170_reg/CK
              Clock: (R) CLK
           Endpoint: (R) retime_s3_170_reg/D
              Clock: (R) CLK

                       Capture       Launch
         Clock Edge:+    0.000        0.000
        Src Latency:+   -0.109       -0.109
        Net Latency:+    0.114 (P)    0.114 (P)
            Arrival:=    0.005        0.005

               Hold:+   -0.007
        Uncertainty:+    0.125
      Required Time:=    0.122
       Launch Clock:=    0.005
          Data Path:+    0.121
              Slack:=    0.003

#------------------------------------------------------------------------------------------------------------------
# Timing Point                      Flags  Arc    Edge  Cell                         Fanout  Trans   Delay  Arrival  
#                                                                                             (ns)    (ns)     (ns)  
#------------------------------------------------------------------------------------------------------------------
  retime_s3_170_reg/CK              -      CK     R     (arrival)                        20  0.028       -    0.005  
  retime_s3_170_reg/Q               -      CK->Q  R     DFFRPQA_X1M_A9PP140ZTUL_C35       2  0.028   0.038    0.043  
  g42533/Y                          -      B1->Y  R     AO22_X0P5M_A9PP140ZTUL_C35        1  0.013   0.030    0.073  
  cts_opt_inst_FE_PHC3106_n_1647/Y  -      A->Y   R     BUFH_X1M_A9PP140ZTUL_C35          1  0.028   0.018    0.090  
  cts_opt_inst_FE_PHC2527_n_1647/Y  -      A->Y   R     DLY2_X0P5M_A9PP140ZTUL_C35        1  0.013   0.035    0.125  
  retime_s3_170_reg/D               -      D      R     DFFRPQA_X1M_A9PP140ZTUL_C35       1  0.034   0.000    0.125  
#------------------------------------------------------------------------------------------------------------------
Path 7: MET (0.003 ns) Hold Check with Pin retime_s4_129_reg/CK->D
               View: bc_analysis_view
              Group: reg2reg
         Startpoint: (R) retime_s4_129_reg/CK
              Clock: (R) CLK
           Endpoint: (R) retime_s4_129_reg/D
              Clock: (R) CLK

                       Capture       Launch
         Clock Edge:+    0.000        0.000
        Src Latency:+   -0.109       -0.109
        Net Latency:+    0.109 (P)    0.109 (P)
            Arrival:=   -0.000       -0.000

               Hold:+   -0.007
        Uncertainty:+    0.125
      Required Time:=    0.118
       Launch Clock:=   -0.000
          Data Path:+    0.121
              Slack:=    0.003

#---------------------------------------------------------------------------------------------------------------------
# Timing Point                      Flags  Arc     Edge  Cell                           Fanout  Trans   Delay  Arrival  
#                                                                                                (ns)    (ns)     (ns)  
#---------------------------------------------------------------------------------------------------------------------
  retime_s4_129_reg/CK              -      CK      R     (arrival)                          20  0.027       -   -0.000  
  retime_s4_129_reg/Q               -      CK->Q   R     DFFRPQA_X1M_A9PP140ZTUL_C35         2  0.027   0.048    0.048  
  cts_opt_inst_FE_PHC2181_n_3842/Y  -      A->Y    R     DLY2_X4M_A9PP140ZTUL_C35            1  0.031   0.036    0.083  
  cts_opt_inst_FE_PHC2925_n_3842/Y  -      A->Y    R     BUFH_X1M_A9PP140ZTUL_C35            1  0.014   0.012    0.096  
  g44423/Y                          -      B1N->Y  R     OAI22BB_X0P5M_A9PP140ZTUL_C35       1  0.007   0.025    0.121  
  retime_s4_129_reg/D               -      D       R     DFFRPQA_X1M_A9PP140ZTUL_C35         1  0.021   0.000    0.121  
#---------------------------------------------------------------------------------------------------------------------
Path 8: MET (0.003 ns) Hold Check with Pin retime_s10_1_reg/CK->D
               View: bc_analysis_view
              Group: reg2reg
         Startpoint: (R) retime_s9_48_reg/CK
              Clock: (R) CLK
           Endpoint: (R) retime_s10_1_reg/D
              Clock: (R) CLK

                       Capture       Launch
         Clock Edge:+    0.000        0.000
        Src Latency:+   -0.109       -0.109
        Net Latency:+    0.113 (P)    0.111 (P)
            Arrival:=    0.004        0.001

               Hold:+   -0.006
        Uncertainty:+    0.125
      Required Time:=    0.123
       Launch Clock:=    0.001
          Data Path:+    0.125
              Slack:=    0.003

#-------------------------------------------------------------------------------------------------------
# Timing Point         Flags  Arc     Edge  Cell                          Fanout  Trans   Delay  Arrival  
#                                                                                  (ns)    (ns)     (ns)  
#-------------------------------------------------------------------------------------------------------
  retime_s9_48_reg/CK  -      CK      R     (arrival)                         20  0.027       -    0.001  
  retime_s9_48_reg/Q   -      CK->Q   R     DFFRPQA_X1M_A9PP140ZTUL_C35        2  0.027   0.037    0.038  
  g32665__2346/Y       -      A->Y    R     AND2_X0P5B_A9PP140ZTUL_C35         2  0.011   0.025    0.063  
  g39855__5122/Y       -      B->Y    F     NAND2B_X0P5M_A9PP140ZTUL_C35       2  0.021   0.039    0.102  
  g2/Y                 -      A0N->Y  R     AO1B2_X0P5M_A9PP140ZTUL_C35        1  0.061   0.024    0.126  
  retime_s10_1_reg/D   -      D       R     DFFRPQA_X1M_A9PP140ZTUL_C35        1  0.013   0.000    0.126  
#-------------------------------------------------------------------------------------------------------
Path 9: MET (0.003 ns) Hold Check with Pin retime_s3_142_reg/CK->D
               View: bc_analysis_view
              Group: reg2reg
         Startpoint: (R) retime_s3_142_reg/CK
              Clock: (R) CLK
           Endpoint: (R) retime_s3_142_reg/D
              Clock: (R) CLK

                       Capture       Launch
         Clock Edge:+    0.000        0.000
        Src Latency:+   -0.109       -0.109
        Net Latency:+    0.114 (P)    0.114 (P)
            Arrival:=    0.005        0.005

               Hold:+   -0.007
        Uncertainty:+    0.125
      Required Time:=    0.123
       Launch Clock:=    0.005
          Data Path:+    0.121
              Slack:=    0.003

#------------------------------------------------------------------------------------------------------------------
# Timing Point                      Flags  Arc    Edge  Cell                         Fanout  Trans   Delay  Arrival  
#                                                                                             (ns)    (ns)     (ns)  
#------------------------------------------------------------------------------------------------------------------
  retime_s3_142_reg/CK              -      CK     R     (arrival)                        20  0.028       -    0.005  
  retime_s3_142_reg/Q               -      CK->Q  R     DFFRPQA_X1M_A9PP140ZTUL_C35       2  0.028   0.039    0.043  
  g42470/Y                          -      B1->Y  R     AO22_X0P5M_A9PP140ZTUL_C35        1  0.014   0.031    0.074  
  cts_opt_inst_FE_PHC3098_n_1710/Y  -      A->Y   R     BUF_X0P7M_A9PP140ZTUL_C35         1  0.030   0.019    0.093  
  cts_opt_inst_FE_PHC2507_n_1710/Y  -      A->Y   R     DLY2_X0P5M_A9PP140ZTUL_C35        1  0.012   0.033    0.126  
  retime_s3_142_reg/D               -      D      R     DFFRPQA_X1M_A9PP140ZTUL_C35       1  0.030   0.000    0.126  
#------------------------------------------------------------------------------------------------------------------
Path 10: MET (0.003 ns) Hold Check with Pin retime_s2_13_reg/CK->D
               View: bc_analysis_view
              Group: reg2reg
         Startpoint: (R) retime_s2_13_reg/CK
              Clock: (R) CLK
           Endpoint: (R) retime_s2_13_reg/D
              Clock: (R) CLK

                       Capture       Launch
         Clock Edge:+    0.000        0.000
        Src Latency:+   -0.109       -0.109
        Net Latency:+    0.109 (P)    0.109 (P)
            Arrival:=    0.000        0.000

               Hold:+   -0.006
        Uncertainty:+    0.125
      Required Time:=    0.119
       Launch Clock:=    0.000
          Data Path:+    0.122
              Slack:=    0.003

#------------------------------------------------------------------------------------------------------------------
# Timing Point                      Flags  Arc    Edge  Cell                         Fanout  Trans   Delay  Arrival  
#                                                                                             (ns)    (ns)     (ns)  
#------------------------------------------------------------------------------------------------------------------
  retime_s2_13_reg/CK               -      CK     R     (arrival)                        20  0.029       -    0.000  
  retime_s2_13_reg/Q                -      CK->Q  R     DFFRPQA_X1M_A9PP140ZTUL_C35       6  0.029   0.051    0.051  
  cts_opt_inst_FE_PHC2136_n_3780/Y  -      A->Y   R     DLY2_X4M_A9PP140ZTUL_C35          1  0.036   0.036    0.087  
  cts_opt_inst_FE_PHC2837_n_3780/Y  -      A->Y   R     BUF_X1B_A9PP140ZTUL_C35           1  0.012   0.015    0.102  
  g44265/Y                          -      B1->Y  R     AO22_X0P5M_A9PP140ZTUL_C35        1  0.008   0.020    0.122  
  retime_s2_13_reg/D                -      D      R     DFFRPQA_X1M_A9PP140ZTUL_C35       1  0.014   0.000    0.122  
#------------------------------------------------------------------------------------------------------------------
Path 11: MET (0.004 ns) Hold Check with Pin MR[3].MC[2].MUL_mul_15_35_retime_s5_51_reg/CK->D
               View: bc_analysis_view
              Group: reg2reg
         Startpoint: (R) retime_s3_71_reg/CK
              Clock: (R) CLK
           Endpoint: (R) MR[3].MC[2].MUL_mul_15_35_retime_s5_51_reg/D
              Clock: (R) CLK

                       Capture       Launch
         Clock Edge:+    0.000        0.000
        Src Latency:+   -0.109       -0.109
        Net Latency:+    0.113 (P)    0.109 (P)
            Arrival:=    0.003        0.000

               Hold:+   -0.006
        Uncertainty:+    0.125
      Required Time:=    0.122
       Launch Clock:=    0.000
          Data Path:+    0.126
              Slack:=    0.004

#------------------------------------------------------------------------------------------------------------------------------
# Timing Point                                  Flags  Arc    Edge  Cell                         Fanout  Trans   Delay  Arrival  
#                                                                                                         (ns)    (ns)     (ns)  
#------------------------------------------------------------------------------------------------------------------------------
  retime_s3_71_reg/CK                           -      CK     R     (arrival)                        20  0.027       -    0.000  
  retime_s3_71_reg/Q                            -      CK->Q  R     DFFRPQA_X1M_A9PP140ZTUL_C35       2  0.027   0.038    0.039  
  g32608__2398/Y                                -      B->Y   R     AND2_X0P5B_A9PP140ZTUL_C35        5  0.014   0.041    0.080  
  g39826__1705/Y                                -      B->Y   R     AND2_X0P5B_A9PP140ZTUL_C35        1  0.048   0.024    0.104  
  MR[3].MC[2].MUL_mul_15_35_g2299/Y             -      B->Y   R     MXT2_X0P5B_A9PP140ZTUL_C35        1  0.014   0.022    0.126  
  MR[3].MC[2].MUL_mul_15_35_retime_s5_51_reg/D  -      D      R     DFFRPQA_X1M_A9PP140ZTUL_C35       1  0.011   0.000    0.126  
#------------------------------------------------------------------------------------------------------------------------------
Path 12: MET (0.004 ns) Hold Check with Pin ro_reg[2][7][6]/CK->D
               View: bc_analysis_view
              Group: reg2reg
         Startpoint: (R) ro_reg[2][7][6]/CK
              Clock: (R) CLK
           Endpoint: (R) ro_reg[2][7][6]/D
              Clock: (R) CLK

                       Capture       Launch
         Clock Edge:+    0.000        0.000
        Src Latency:+   -0.109       -0.109
        Net Latency:+    0.111 (P)    0.111 (P)
            Arrival:=    0.002        0.002

               Hold:+   -0.006
        Uncertainty:+    0.125
      Required Time:=    0.120
       Launch Clock:=    0.002
          Data Path:+    0.122
              Slack:=    0.004

#---------------------------------------------------------------------------------------------------------------------
# Timing Point                      Flags  Arc     Edge  Cell                           Fanout  Trans   Delay  Arrival  
#                                                                                                (ns)    (ns)     (ns)  
#---------------------------------------------------------------------------------------------------------------------
  ro_reg[2][7][6]/CK                -      CK      R     (arrival)                          20  0.028       -    0.002  
  ro_reg[2][7][6]/Q                 -      CK->Q   R     DFFRPQA_X1M_A9PP140ZTUL_C35         2  0.028   0.041    0.043  
  g41668/Y                          -      B1N->Y  R     OAI22BB_X0P5M_A9PP140ZTUL_C35       1  0.019   0.025    0.069  
  cts_opt_inst_FE_PHC2915_n_2054/Y  -      A->Y    R     DLY2_X0P5M_A9PP140ZTUL_C35          1  0.018   0.028    0.097  
  cts_opt_inst_FE_PHC3246_n_2054/Y  -      A->Y    R     DLY2_X0P5M_A9PP140ZTUL_C35          1  0.019   0.028    0.124  
  ro_reg[2][7][6]/D                 -      D       R     DFFRPQA_X1M_A9PP140ZTUL_C35         1  0.018   0.000    0.124  
#---------------------------------------------------------------------------------------------------------------------
Path 13: MET (0.004 ns) Hold Check with Pin retime_s4_181_reg/CK->D
               View: bc_analysis_view
              Group: reg2reg
         Startpoint: (R) retime_s4_181_reg/CK
              Clock: (R) CLK
           Endpoint: (R) retime_s4_181_reg/D
              Clock: (R) CLK

                       Capture       Launch
         Clock Edge:+    0.000        0.000
        Src Latency:+   -0.109       -0.109
        Net Latency:+    0.109 (P)    0.109 (P)
            Arrival:=   -0.001       -0.001

               Hold:+   -0.007
        Uncertainty:+    0.125
      Required Time:=    0.118
       Launch Clock:=   -0.001
          Data Path:+    0.123
              Slack:=    0.004

#---------------------------------------------------------------------------------------------------------------------
# Timing Point                      Flags  Arc     Edge  Cell                           Fanout  Trans   Delay  Arrival  
#                                                                                                (ns)    (ns)     (ns)  
#---------------------------------------------------------------------------------------------------------------------
  retime_s4_181_reg/CK              -      CK      R     (arrival)                          20  0.026       -   -0.001  
  retime_s4_181_reg/Q               -      CK->Q   R     DFFRPQA_X1M_A9PP140ZTUL_C35         5  0.026   0.048    0.047  
  cts_opt_inst_FE_PHC2170_n_3595/Y  -      A->Y    R     DLY2_X4M_A9PP140ZTUL_C35            1  0.031   0.035    0.082  
  cts_opt_inst_FE_PHC2895_n_3595/Y  -      A->Y    R     BUF_X0P5M_A9PP140ZTUL_C35           1  0.013   0.015    0.097  
  g43970/Y                          -      B1N->Y  R     OAI22BB_X0P5M_A9PP140ZTUL_C35       1  0.009   0.025    0.122  
  retime_s4_181_reg/D               -      D       R     DFFRPQA_X1M_A9PP140ZTUL_C35         1  0.020   0.000    0.122  
#---------------------------------------------------------------------------------------------------------------------
Path 14: MET (0.005 ns) Hold Check with Pin AR[1].AC[2].ACC_add_31_50_retime_s3_135_reg/CK->D
               View: bc_analysis_view
              Group: reg2reg
         Startpoint: (R) AR[1].AC[2].ACC_add_31_50_retime_s3_135_reg/CK
              Clock: (R) CLK
           Endpoint: (R) AR[1].AC[2].ACC_add_31_50_retime_s3_135_reg/D
              Clock: (R) CLK

                       Capture       Launch
         Clock Edge:+    0.000        0.000
        Src Latency:+   -0.109       -0.109
        Net Latency:+    0.112 (P)    0.112 (P)
            Arrival:=    0.002        0.002

               Hold:+   -0.007
        Uncertainty:+    0.125
      Required Time:=    0.120
       Launch Clock:=    0.002
          Data Path:+    0.122
              Slack:=    0.005

#---------------------------------------------------------------------------------------------------------------------------------------
# Timing Point                                           Flags  Arc    Edge  Cell                         Fanout  Trans   Delay  Arrival  
#                                                                                                                  (ns)    (ns)     (ns)  
#---------------------------------------------------------------------------------------------------------------------------------------
  AR[1].AC[2].ACC_add_31_50_retime_s3_135_reg/CK         -      CK     R     (arrival)                        20  0.027       -    0.002  
  AR[1].AC[2].ACC_add_31_50_retime_s3_135_reg/Q          -      CK->Q  R     DFFRPQA_X1M_A9PP140ZTUL_C35       2  0.027   0.041    0.044  
  AR[1].AC[2].ACC_add_31_50_g1110/Y                      -      A1->Y  R     AO22_X0P5M_A9PP140ZTUL_C35        1  0.019   0.040    0.083  
  cts_opt_inst_FE_PHC2558_AR_1_AC_2_ACC_add_31_50_n_7/Y  -      A->Y   R     DLY2_X0P5M_A9PP140ZTUL_C35        1  0.038   0.042    0.125  
  AR[1].AC[2].ACC_add_31_50_retime_s3_135_reg/D          -      D      R     DFFRPQA_X1M_A9PP140ZTUL_C35       1  0.034   0.000    0.125  
#---------------------------------------------------------------------------------------------------------------------------------------
Path 15: MET (0.005 ns) Hold Check with Pin retime_s2_87_reg/CK->D
               View: bc_analysis_view
              Group: reg2reg
         Startpoint: (R) retime_s2_87_reg/CK
              Clock: (R) CLK
           Endpoint: (R) retime_s2_87_reg/D
              Clock: (R) CLK

                       Capture       Launch
         Clock Edge:+    0.000        0.000
        Src Latency:+   -0.109       -0.109
        Net Latency:+    0.110 (P)    0.110 (P)
            Arrival:=    0.001        0.001

               Hold:+   -0.006
        Uncertainty:+    0.125
      Required Time:=    0.120
       Launch Clock:=    0.001
          Data Path:+    0.123
              Slack:=    0.005

#--------------------------------------------------------------------------------------------------------------------
# Timing Point                     Flags  Arc     Edge  Cell                           Fanout  Trans   Delay  Arrival  
#                                                                                               (ns)    (ns)     (ns)  
#--------------------------------------------------------------------------------------------------------------------
  retime_s2_87_reg/CK              -      CK      R     (arrival)                          20  0.027       -    0.001  
  retime_s2_87_reg/Q               -      CK->Q   R     DFFRPQA_X1M_A9PP140ZTUL_C35        17  0.027   0.062    0.063  
  cts_opt_inst_FE_PHC756_n_3699/Y  -      A->Y    R     DLY2_X4M_A9PP140ZTUL_C35            1  0.056   0.039    0.102  
  g42590/Y                         -      B1N->Y  R     OAI22BB_X0P5M_A9PP140ZTUL_C35       1  0.012   0.022    0.124  
  retime_s2_87_reg/D               -      D       R     DFFRPQA_X1M_A9PP140ZTUL_C35         1  0.014   0.000    0.124  
#--------------------------------------------------------------------------------------------------------------------
Path 16: MET (0.005 ns) Hold Check with Pin retime_s2_151_reg/CK->D
               View: bc_analysis_view
              Group: reg2reg
         Startpoint: (R) retime_s2_151_reg/CK
              Clock: (R) CLK
           Endpoint: (R) retime_s2_151_reg/D
              Clock: (R) CLK

                       Capture       Launch
         Clock Edge:+    0.000        0.000
        Src Latency:+   -0.109       -0.109
        Net Latency:+    0.111 (P)    0.111 (P)
            Arrival:=    0.002        0.002

               Hold:+   -0.006
        Uncertainty:+    0.125
      Required Time:=    0.121
       Launch Clock:=    0.002
          Data Path:+    0.124
              Slack:=    0.005

#--------------------------------------------------------------------------------------------------------------------
# Timing Point                     Flags  Arc     Edge  Cell                           Fanout  Trans   Delay  Arrival  
#                                                                                               (ns)    (ns)     (ns)  
#--------------------------------------------------------------------------------------------------------------------
  retime_s2_151_reg/CK             -      CK      R     (arrival)                          20  0.028       -    0.002  
  retime_s2_151_reg/Q              -      CK->Q   R     DFFRPQA_X1M_A9PP140ZTUL_C35         5  0.028   0.045    0.046  
  cts_opt_inst_FE_PHC714_n_3620/Y  -      A->Y    R     DLY2_X0P5M_A9PP140ZTUL_C35          2  0.024   0.036    0.082  
  g44408/Y                         -      B1N->Y  R     OAI22BB_X0P5M_A9PP140ZTUL_C35       1  0.029   0.030    0.112  
  cts_opt_inst_FE_PHC2491_n_550/Y  -      A->Y    R     BUFH_X1M_A9PP140ZTUL_C35            1  0.023   0.014    0.126  
  retime_s2_151_reg/D              -      D       R     DFFRPQA_X1M_A9PP140ZTUL_C35         1  0.008   0.000    0.126  
#--------------------------------------------------------------------------------------------------------------------
Path 17: MET (0.005 ns) Hold Check with Pin MR[2].MC[7].MUL_mul_15_35_retime_s8_1_reg/CK->D
               View: bc_analysis_view
              Group: reg2reg
         Startpoint: (R) MR[2].MC[7].MUL_mul_15_35_retime_s8_1_reg/CK
              Clock: (R) CLK
           Endpoint: (R) MR[2].MC[7].MUL_mul_15_35_retime_s8_1_reg/D
              Clock: (R) CLK

                       Capture       Launch
         Clock Edge:+    0.000        0.000
        Src Latency:+   -0.109       -0.109
        Net Latency:+    0.110 (P)    0.110 (P)
            Arrival:=    0.001        0.001

               Hold:+   -0.006
        Uncertainty:+    0.125
      Required Time:=    0.120
       Launch Clock:=    0.001
          Data Path:+    0.124
              Slack:=    0.005

#----------------------------------------------------------------------------------------------------------------------------------------
# Timing Point                                            Flags  Arc    Edge  Cell                         Fanout  Trans   Delay  Arrival  
#                                                                                                                   (ns)    (ns)     (ns)  
#----------------------------------------------------------------------------------------------------------------------------------------
  MR[2].MC[7].MUL_mul_15_35_retime_s8_1_reg/CK            -      CK     R     (arrival)                        20  0.027       -    0.001  
  MR[2].MC[7].MUL_mul_15_35_retime_s8_1_reg/Q             -      CK->Q  R     DFFRPQA_X1M_A9PP140ZTUL_C35       9  0.027   0.050    0.051  
  cts_opt_inst_FE_PHC2890_MR_2_MC_7_MUL_mul_15_35_n_88/Y  -      A->Y   R     DLY2_X0P5M_A9PP140ZTUL_C35        1  0.035   0.032    0.083  
  cts_opt_inst_FE_PHC3196_MR_2_MC_7_MUL_mul_15_35_n_88/Y  -      A->Y   R     BUF_X0P5M_A9PP140ZTUL_C35         1  0.019   0.017    0.100  
  MR[2].MC[7].MUL_mul_15_35_g2538/Y                       -      A->Y   R     MXT2_X0P5B_A9PP140ZTUL_C35        1  0.013   0.024    0.125  
  MR[2].MC[7].MUL_mul_15_35_retime_s8_1_reg/D             -      D      R     DFFRPQA_X1M_A9PP140ZTUL_C35       1  0.013   0.000    0.125  
#----------------------------------------------------------------------------------------------------------------------------------------
Path 18: MET (0.005 ns) Hold Check with Pin ro_reg[1][7][5]/CK->D
               View: bc_analysis_view
              Group: reg2reg
         Startpoint: (R) ro_reg[1][7][5]/CK
              Clock: (R) CLK
           Endpoint: (R) ro_reg[1][7][5]/D
              Clock: (R) CLK

                       Capture       Launch
         Clock Edge:+    0.000        0.000
        Src Latency:+   -0.109       -0.109
        Net Latency:+    0.111 (P)    0.111 (P)
            Arrival:=    0.002        0.002

               Hold:+   -0.006
        Uncertainty:+    0.125
      Required Time:=    0.121
       Launch Clock:=    0.002
          Data Path:+    0.124
              Slack:=    0.005

#------------------------------------------------------------------------------------------------------------------------
# Timing Point                         Flags  Arc     Edge  Cell                           Fanout  Trans   Delay  Arrival  
#                                                                                                   (ns)    (ns)     (ns)  
#------------------------------------------------------------------------------------------------------------------------
  ro_reg[1][7][5]/CK                   -      CK      R     (arrival)                          20  0.027       -    0.002  
  ro_reg[1][7][5]/Q                    -      CK->Q   R     DFFRPQA_X1M_A9PP140ZTUL_C35         2  0.027   0.042    0.044  
  cts_opt_inst_FE_PHC546_m_data_1_5/Y  -      A->Y    R     DLY4_X0P5M_A9PP140ZTUL_C35          1  0.020   0.059    0.103  
  g41596/Y                             -      B1N->Y  R     OAI22BB_X0P5M_A9PP140ZTUL_C35       1  0.012   0.023    0.126  
  ro_reg[1][7][5]/D                    -      D       R     DFFRPQA_X1M_A9PP140ZTUL_C35         1  0.015   0.000    0.126  
#------------------------------------------------------------------------------------------------------------------------
Path 19: MET (0.005 ns) Hold Check with Pin ro_reg[1][7][0]/CK->D
               View: bc_analysis_view
              Group: reg2reg
         Startpoint: (R) ro_reg[1][7][0]/CK
              Clock: (R) CLK
           Endpoint: (R) ro_reg[1][7][0]/D
              Clock: (R) CLK

                       Capture       Launch
         Clock Edge:+    0.000        0.000
        Src Latency:+   -0.109       -0.109
        Net Latency:+    0.111 (P)    0.111 (P)
            Arrival:=    0.002        0.002

               Hold:+   -0.006
        Uncertainty:+    0.125
      Required Time:=    0.120
       Launch Clock:=    0.002
          Data Path:+    0.124
              Slack:=    0.005

#------------------------------------------------------------------------------------------------------------------------
# Timing Point                         Flags  Arc     Edge  Cell                           Fanout  Trans   Delay  Arrival  
#                                                                                                   (ns)    (ns)     (ns)  
#------------------------------------------------------------------------------------------------------------------------
  ro_reg[1][7][0]/CK                   -      CK      R     (arrival)                          20  0.027       -    0.002  
  ro_reg[1][7][0]/Q                    -      CK->Q   R     DFFRPQA_X1M_A9PP140ZTUL_C35         2  0.027   0.042    0.044  
  cts_opt_inst_FE_PHC535_m_data_1_0/Y  -      A->Y    R     DLY4_X0P5M_A9PP140ZTUL_C35          1  0.021   0.059    0.104  
  g41590/Y                             -      B1N->Y  R     OAI22BB_X0P5M_A9PP140ZTUL_C35       1  0.012   0.022    0.126  
  ro_reg[1][7][0]/D                    -      D       R     DFFRPQA_X1M_A9PP140ZTUL_C35         1  0.014   0.000    0.126  
#------------------------------------------------------------------------------------------------------------------------
Path 20: MET (0.005 ns) Hold Check with Pin retime_s1_168_reg/CK->D
               View: bc_analysis_view
              Group: reg2reg
         Startpoint: (R) retime_s1_168_reg/CK
              Clock: (R) CLK
           Endpoint: (R) retime_s1_168_reg/D
              Clock: (R) CLK

                       Capture       Launch
         Clock Edge:+    0.000        0.000
        Src Latency:+   -0.109       -0.109
        Net Latency:+    0.111 (P)    0.111 (P)
            Arrival:=    0.002        0.002

               Hold:+   -0.002
        Uncertainty:+    0.125
      Required Time:=    0.125
       Launch Clock:=    0.002
          Data Path:+    0.129
              Slack:=    0.005

#---------------------------------------------------------------------------------------------------------------------
# Timing Point                      Flags  Arc     Edge  Cell                           Fanout  Trans   Delay  Arrival  
#                                                                                                (ns)    (ns)     (ns)  
#---------------------------------------------------------------------------------------------------------------------
  retime_s1_168_reg/CK              -      CK      R     (arrival)                          20  0.028       -    0.002  
  retime_s1_168_reg/QN              -      CK->QN  F     DFFRPQNA_X1M_A9PP140ZTUL_C35        1  0.028   0.032    0.034  
  cts_opt_inst_FE_PHC2092_n_2450/Y  -      A->Y    F     BUFH_X1M_A9PP140ZTUL_C35            1  0.014   0.014    0.048  
  cts_opt_inst_FE_PHC388_n_2450/Y   -      A->Y    F     DLY4_X0P5M_A9PP140ZTUL_C35          2  0.007   0.063    0.111  
  g43840/Y                          -      A1->Y   R     OAI22BB_X0P5M_A9PP140ZTUL_C35       1  0.017   0.019    0.130  
  retime_s1_168_reg/D               -      D       R     DFFRPQNA_X1M_A9PP140ZTUL_C35        1  0.013   0.000    0.130  
#---------------------------------------------------------------------------------------------------------------------
Path 21: MET (0.005 ns) Hold Check with Pin retime_s1_77_reg/CK->D
               View: bc_analysis_view
              Group: reg2reg
         Startpoint: (R) retime_s1_77_reg/CK
              Clock: (R) CLK
           Endpoint: (R) retime_s1_77_reg/D
              Clock: (R) CLK

                       Capture       Launch
         Clock Edge:+    0.000        0.000
        Src Latency:+   -0.109       -0.109
        Net Latency:+    0.112 (P)    0.112 (P)
            Arrival:=    0.003        0.003

               Hold:+   -0.006
        Uncertainty:+    0.125
      Required Time:=    0.121
       Launch Clock:=    0.003
          Data Path:+    0.124
              Slack:=    0.005

#--------------------------------------------------------------------------------------------------------------------
# Timing Point                     Flags  Arc     Edge  Cell                           Fanout  Trans   Delay  Arrival  
#                                                                                               (ns)    (ns)     (ns)  
#--------------------------------------------------------------------------------------------------------------------
  retime_s1_77_reg/CK              -      CK      R     (arrival)                          20  0.027       -    0.003  
  retime_s1_77_reg/Q               -      CK->Q   R     DFFRPQA_X1M_A9PP140ZTUL_C35         2  0.027   0.037    0.040  
  cts_opt_inst_FE_PHC657_n_3621/Y  -      A->Y    R     DLY4_X4M_A9PP140ZTUL_C35            1  0.012   0.064    0.104  
  g42523/Y                         -      B1N->Y  R     OAI22BB_X0P5M_A9PP140ZTUL_C35       1  0.013   0.023    0.127  
  retime_s1_77_reg/D               -      D       R     DFFRPQA_X1M_A9PP140ZTUL_C35         1  0.015   0.000    0.127  
#--------------------------------------------------------------------------------------------------------------------
Path 22: MET (0.005 ns) Hold Check with Pin retime_s2_204_reg/CK->D
               View: bc_analysis_view
              Group: reg2reg
         Startpoint: (R) retime_s2_204_reg/CK
              Clock: (R) CLK
           Endpoint: (R) retime_s2_204_reg/D
              Clock: (R) CLK

                       Capture       Launch
         Clock Edge:+    0.000        0.000
        Src Latency:+   -0.109       -0.109
        Net Latency:+    0.109 (P)    0.109 (P)
            Arrival:=   -0.000       -0.000

               Hold:+   -0.006
        Uncertainty:+    0.125
      Required Time:=    0.119
       Launch Clock:=   -0.000
          Data Path:+    0.124
              Slack:=    0.005

#------------------------------------------------------------------------------------------------------------------
# Timing Point                      Flags  Arc    Edge  Cell                         Fanout  Trans   Delay  Arrival  
#                                                                                             (ns)    (ns)     (ns)  
#------------------------------------------------------------------------------------------------------------------
  retime_s2_204_reg/CK              -      CK     R     (arrival)                        19  0.029       -   -0.000  
  retime_s2_204_reg/Q               -      CK->Q  R     DFFRPQA_X1M_A9PP140ZTUL_C35       5  0.029   0.046    0.046  
  cts_opt_inst_FE_PHC2068_n_3566/Y  -      A->Y   R     DLY2_X0P5M_A9PP140ZTUL_C35        1  0.027   0.036    0.082  
  cts_opt_inst_FE_PHC2942_n_3566/Y  -      A->Y   R     BUF_X0P5M_A9PP140ZTUL_C35         1  0.028   0.021    0.102  
  g42644/Y                          -      B1->Y  R     AO22_X0P5M_A9PP140ZTUL_C35        1  0.016   0.022    0.124  
  retime_s2_204_reg/D               -      D      R     DFFRPQA_X1M_A9PP140ZTUL_C35       1  0.014   0.000    0.124  
#------------------------------------------------------------------------------------------------------------------
Path 23: MET (0.006 ns) Hold Check with Pin retime_s3_264_reg/CK->D
               View: bc_analysis_view
              Group: reg2reg
         Startpoint: (R) retime_s3_264_reg/CK
              Clock: (R) CLK
           Endpoint: (R) retime_s3_264_reg/D
              Clock: (R) CLK

                       Capture       Launch
         Clock Edge:+    0.000        0.000
        Src Latency:+   -0.109       -0.109
        Net Latency:+    0.112 (P)    0.112 (P)
            Arrival:=    0.002        0.002

               Hold:+   -0.006
        Uncertainty:+    0.125
      Required Time:=    0.121
       Launch Clock:=    0.002
          Data Path:+    0.124
              Slack:=    0.006

#--------------------------------------------------------------------------------------------------------------------
# Timing Point                     Flags  Arc     Edge  Cell                           Fanout  Trans   Delay  Arrival  
#                                                                                               (ns)    (ns)     (ns)  
#--------------------------------------------------------------------------------------------------------------------
  retime_s3_264_reg/CK             -      CK      R     (arrival)                          20  0.023       -    0.002  
  retime_s3_264_reg/Q              -      CK->Q   R     DFFRPQA_X1M_A9PP140ZTUL_C35         1  0.023   0.035    0.038  
  cts_opt_inst_FE_PHC444_n_3768/Y  -      A->Y    R     DLY4_X0P5M_A9PP140ZTUL_C35          2  0.010   0.065    0.102  
  g44032/Y                         -      B1N->Y  R     OAI22BB_X0P5M_A9PP140ZTUL_C35       1  0.025   0.024    0.127  
  retime_s3_264_reg/D              -      D       R     DFFRPQA_X1M_A9PP140ZTUL_C35         1  0.015   0.000    0.127  
#--------------------------------------------------------------------------------------------------------------------
Path 24: MET (0.006 ns) Hold Check with Pin retime_s3_157_reg/CK->D
               View: bc_analysis_view
              Group: reg2reg
         Startpoint: (R) retime_s3_157_reg/CK
              Clock: (R) CLK
           Endpoint: (R) retime_s3_157_reg/D
              Clock: (R) CLK

                       Capture       Launch
         Clock Edge:+    0.000        0.000
        Src Latency:+   -0.109       -0.109
        Net Latency:+    0.110 (P)    0.110 (P)
            Arrival:=    0.001        0.001

               Hold:+   -0.006
        Uncertainty:+    0.125
      Required Time:=    0.120
       Launch Clock:=    0.001
          Data Path:+    0.124
              Slack:=    0.006

#-------------------------------------------------------------------------------------------------------------------
# Timing Point                      Flags  Arc    Edge  Cell                          Fanout  Trans   Delay  Arrival  
#                                                                                              (ns)    (ns)     (ns)  
#-------------------------------------------------------------------------------------------------------------------
  retime_s3_157_reg/CK              -      CK     R     (arrival)                         20  0.028       -    0.001  
  retime_s3_157_reg/Q               -      CK->Q  R     DFFRPQA_X1M_A9PP140ZTUL_C35        2  0.028   0.043    0.044  
  g40620/Y                          -      BN->Y  R     NOR2XB_X0P5M_A9PP140ZTUL_C35       1  0.022   0.034    0.079  
  AR[0].AC[1].ACC_add_31_50_g378/S  -      B->S   R     ADDF_X1M_A9PP140ZTUL_C35           1  0.040   0.026    0.105  
  g42393/Y                          -      A0->Y  R     AO22_X0P5M_A9PP140ZTUL_C35         1  0.009   0.021    0.125  
  retime_s3_157_reg/D               -      D      R     DFFRPQA_X1M_A9PP140ZTUL_C35        1  0.011   0.000    0.125  
#-------------------------------------------------------------------------------------------------------------------
Path 25: MET (0.006 ns) Hold Check with Pin retime_s8_56_reg/CK->D
               View: bc_analysis_view
              Group: reg2reg
         Startpoint: (R) retime_s8_56_reg/CK
              Clock: (R) CLK
           Endpoint: (R) retime_s8_56_reg/D
              Clock: (R) CLK

                       Capture       Launch
         Clock Edge:+    0.000        0.000
        Src Latency:+   -0.109       -0.109
        Net Latency:+    0.113 (P)    0.113 (P)
            Arrival:=    0.003        0.003

               Hold:+   -0.006
        Uncertainty:+    0.125
      Required Time:=    0.122
       Launch Clock:=    0.003
          Data Path:+    0.124
              Slack:=    0.006

#------------------------------------------------------------------------------------------------------------------
# Timing Point                      Flags  Arc    Edge  Cell                         Fanout  Trans   Delay  Arrival  
#                                                                                             (ns)    (ns)     (ns)  
#------------------------------------------------------------------------------------------------------------------
  retime_s8_56_reg/CK               -      CK     R     (arrival)                        20  0.028       -    0.003  
  retime_s8_56_reg/Q                -      CK->Q  R     DFFRPQA_X1M_A9PP140ZTUL_C35       2  0.028   0.038    0.042  
  g40248/Y                          -      A->Y   R     AND2_X0P5B_A9PP140ZTUL_C35        1  0.013   0.033    0.074  
  AR[1].AC[6].ACC_add_31_50_g378/S  -      B->S   R     ADDF_X1M_A9PP140ZTUL_C35          1  0.033   0.027    0.102  
  g42427/Y                          -      A0->Y  R     AO22_X0P5M_A9PP140ZTUL_C35        1  0.012   0.026    0.128  
  retime_s8_56_reg/D                -      D      R     DFFRPQA_X1M_A9PP140ZTUL_C35       1  0.018   0.000    0.128  
#------------------------------------------------------------------------------------------------------------------
Path 26: MET (0.006 ns) Hold Check with Pin retime_s3_283_reg/CK->D
               View: bc_analysis_view
              Group: reg2reg
         Startpoint: (R) retime_s3_283_reg/CK
              Clock: (R) CLK
           Endpoint: (R) retime_s3_283_reg/D
              Clock: (R) CLK

                       Capture       Launch
         Clock Edge:+    0.000        0.000
        Src Latency:+   -0.109       -0.109
        Net Latency:+    0.112 (P)    0.112 (P)
            Arrival:=    0.003        0.003

               Hold:+   -0.006
        Uncertainty:+    0.125
      Required Time:=    0.121
       Launch Clock:=    0.003
          Data Path:+    0.124
              Slack:=    0.006

#--------------------------------------------------------------------------------------------------------------------
# Timing Point                     Flags  Arc     Edge  Cell                           Fanout  Trans   Delay  Arrival  
#                                                                                               (ns)    (ns)     (ns)  
#--------------------------------------------------------------------------------------------------------------------
  retime_s3_283_reg/CK             -      CK      R     (arrival)                          20  0.023       -    0.003  
  retime_s3_283_reg/Q              -      CK->Q   R     DFFRPQA_X1M_A9PP140ZTUL_C35         1  0.023   0.037    0.039  
  cts_opt_inst_FE_PHC517_n_3707/Y  -      A->Y    R     DLY4_X0P5M_A9PP140ZTUL_C35          2  0.013   0.065    0.104  
  g44044/Y                         -      B1N->Y  R     OAI22BB_X0P5M_A9PP140ZTUL_C35       1  0.024   0.023    0.127  
  retime_s3_283_reg/D              -      D       R     DFFRPQA_X1M_A9PP140ZTUL_C35         1  0.013   0.000    0.127  
#--------------------------------------------------------------------------------------------------------------------
Path 27: MET (0.006 ns) Hold Check with Pin retime_s2_198_reg/CK->D
               View: bc_analysis_view
              Group: reg2reg
         Startpoint: (R) retime_s2_198_reg/CK
              Clock: (R) CLK
           Endpoint: (R) retime_s2_198_reg/D
              Clock: (R) CLK

                       Capture       Launch
         Clock Edge:+    0.000        0.000
        Src Latency:+   -0.109       -0.109
        Net Latency:+    0.111 (P)    0.111 (P)
            Arrival:=    0.002        0.002

               Hold:+   -0.006
        Uncertainty:+    0.125
      Required Time:=    0.120
       Launch Clock:=    0.002
          Data Path:+    0.125
              Slack:=    0.006

#--------------------------------------------------------------------------------------------------------------------
# Timing Point                     Flags  Arc     Edge  Cell                           Fanout  Trans   Delay  Arrival  
#                                                                                               (ns)    (ns)     (ns)  
#--------------------------------------------------------------------------------------------------------------------
  retime_s2_198_reg/CK             -      CK      R     (arrival)                          20  0.028       -    0.002  
  retime_s2_198_reg/Q              -      CK->Q   R     DFFRPQA_X1M_A9PP140ZTUL_C35         5  0.028   0.044    0.045  
  cts_opt_inst_FE_PHC545_n_3574/Y  -      A->Y    R     DLY2_X0P5M_A9PP140ZTUL_C35          2  0.023   0.037    0.083  
  g44446/Y                         -      B1N->Y  R     OAI22BB_X0P5M_A9PP140ZTUL_C35       1  0.032   0.029    0.112  
  cts_opt_inst_FE_PHC2579_n_512/Y  -      A->Y    R     BUFH_X1M_A9PP140ZTUL_C35            1  0.021   0.015    0.126  
  retime_s2_198_reg/D              -      D       R     DFFRPQA_X1M_A9PP140ZTUL_C35         1  0.009   0.000    0.126  
#--------------------------------------------------------------------------------------------------------------------
Path 28: MET (0.006 ns) Hold Check with Pin retime_s1_139_reg/CK->D
               View: bc_analysis_view
              Group: reg2reg
         Startpoint: (R) retime_s1_139_reg/CK
              Clock: (R) CLK
           Endpoint: (R) retime_s1_139_reg/D
              Clock: (R) CLK

                       Capture       Launch
         Clock Edge:+    0.000        0.000
        Src Latency:+   -0.109       -0.109
        Net Latency:+    0.111 (P)    0.111 (P)
            Arrival:=    0.001        0.001

               Hold:+   -0.002
        Uncertainty:+    0.125
      Required Time:=    0.125
       Launch Clock:=    0.001
          Data Path:+    0.129
              Slack:=    0.006

#---------------------------------------------------------------------------------------------------------------------
# Timing Point                      Flags  Arc     Edge  Cell                           Fanout  Trans   Delay  Arrival  
#                                                                                                (ns)    (ns)     (ns)  
#---------------------------------------------------------------------------------------------------------------------
  retime_s1_139_reg/CK              -      CK      R     (arrival)                          20  0.028       -    0.001  
  retime_s1_139_reg/QN              -      CK->QN  F     DFFRPQNA_X1M_A9PP140ZTUL_C35        1  0.028   0.032    0.034  
  cts_opt_inst_FE_PHC2109_n_2459/Y  -      A->Y    F     BUFH_X1M_A9PP140ZTUL_C35            1  0.014   0.014    0.048  
  cts_opt_inst_FE_PHC370_n_2459/Y   -      A->Y    F     DLY4_X0P5M_A9PP140ZTUL_C35          2  0.007   0.063    0.111  
  g43824/Y                          -      A1->Y   R     OAI22BB_X0P5M_A9PP140ZTUL_C35       1  0.018   0.019    0.131  
  retime_s1_139_reg/D               -      D       R     DFFRPQNA_X1M_A9PP140ZTUL_C35        1  0.013   0.000    0.131  
#---------------------------------------------------------------------------------------------------------------------
Path 29: MET (0.006 ns) Hold Check with Pin retime_s5_111_reg/CK->D
               View: bc_analysis_view
              Group: reg2reg
         Startpoint: (R) retime_s5_111_reg/CK
              Clock: (R) CLK
           Endpoint: (R) retime_s5_111_reg/D
              Clock: (R) CLK

                       Capture       Launch
         Clock Edge:+    0.000        0.000
        Src Latency:+   -0.109       -0.109
        Net Latency:+    0.112 (P)    0.112 (P)
            Arrival:=    0.003        0.003

               Hold:+   -0.006
        Uncertainty:+    0.125
      Required Time:=    0.122
       Launch Clock:=    0.003
          Data Path:+    0.125
              Slack:=    0.006

#------------------------------------------------------------------------------------------------------------------
# Timing Point                      Flags  Arc    Edge  Cell                         Fanout  Trans   Delay  Arrival  
#                                                                                             (ns)    (ns)     (ns)  
#------------------------------------------------------------------------------------------------------------------
  retime_s5_111_reg/CK              -      CK     R     (arrival)                        20  0.027       -    0.003  
  retime_s5_111_reg/Q               -      CK->Q  R     DFFRPQA_X1M_A9PP140ZTUL_C35       9  0.027   0.055    0.058  
  cts_opt_inst_FE_PHC2385_n_3926/Y  -      A->Y   R     BUFH_X1M_A9PP140ZTUL_C35          2  0.043   0.019    0.077  
  cts_opt_inst_FE_PHC869_n_3926/Y   -      A->Y   R     DLY2_X4M_A9PP140ZTUL_C35          1  0.013   0.029    0.107  
  g44237/Y                          -      B1->Y  R     AO22_X0P5M_A9PP140ZTUL_C35        1  0.013   0.021    0.128  
  retime_s5_111_reg/D               -      D      R     DFFRPQA_X1M_A9PP140ZTUL_C35       1  0.013   0.000    0.128  
#------------------------------------------------------------------------------------------------------------------
Path 30: MET (0.006 ns) Hold Check with Pin retime_s2_189_reg/CK->D
               View: bc_analysis_view
              Group: reg2reg
         Startpoint: (R) retime_s1_145_reg/CK
              Clock: (R) CLK
           Endpoint: (R) retime_s2_189_reg/D
              Clock: (R) CLK

                       Capture       Launch
         Clock Edge:+    0.000        0.000
        Src Latency:+   -0.109       -0.109
        Net Latency:+    0.109 (P)    0.110 (P)
            Arrival:=   -0.000        0.000

               Hold:+   -0.006
        Uncertainty:+    0.125
      Required Time:=    0.118
       Launch Clock:=    0.000
          Data Path:+    0.124
              Slack:=    0.006

#-----------------------------------------------------------------------------------------------------------------------------
# Timing Point                                 Flags  Arc    Edge  Cell                         Fanout  Trans   Delay  Arrival  
#                                                                                                        (ns)    (ns)     (ns)  
#-----------------------------------------------------------------------------------------------------------------------------
  retime_s1_145_reg/CK                         -      CK     R     (arrival)                        20  0.020       -    0.000  
  retime_s1_145_reg/Q                          -      CK->Q  R     DFFRPQA_X1M_A9PP140ZTUL_C35       1  0.020   0.034    0.034  
  cts_opt_inst_FE_PHC451_TRI_K_buffer_3_6_6/Y  -      A->Y   R     DLY4_X0P5M_A9PP140ZTUL_C35        2  0.009   0.065    0.099  
  cts_opt_inst_FE_RC_3_0/Y                     -      B->Y   R     MXT2_X0P5B_A9PP140ZTUL_C35        1  0.026   0.026    0.124  
  retime_s2_189_reg/D                          -      D      R     DFFRPQA_X1M_A9PP140ZTUL_C35       1  0.013   0.000    0.124  
#-----------------------------------------------------------------------------------------------------------------------------
Path 31: MET (0.006 ns) Hold Check with Pin retime_s1_57_reg/CK->D
               View: bc_analysis_view
              Group: reg2reg
         Startpoint: (R) retime_s1_57_reg/CK
              Clock: (R) CLK
           Endpoint: (R) retime_s1_57_reg/D
              Clock: (R) CLK

                       Capture       Launch
         Clock Edge:+    0.000        0.000
        Src Latency:+   -0.109       -0.109
        Net Latency:+    0.111 (P)    0.111 (P)
            Arrival:=    0.001        0.001

               Hold:+   -0.002
        Uncertainty:+    0.125
      Required Time:=    0.125
       Launch Clock:=    0.001
          Data Path:+    0.129
              Slack:=    0.006

#---------------------------------------------------------------------------------------------------------------------
# Timing Point                      Flags  Arc     Edge  Cell                           Fanout  Trans   Delay  Arrival  
#                                                                                                (ns)    (ns)     (ns)  
#---------------------------------------------------------------------------------------------------------------------
  retime_s1_57_reg/CK               -      CK      R     (arrival)                          20  0.028       -    0.001  
  retime_s1_57_reg/QN               -      CK->QN  F     DFFRPQNA_X1M_A9PP140ZTUL_C35        1  0.028   0.031    0.033  
  cts_opt_inst_FE_PHC2175_n_2507/Y  -      A->Y    F     BUFH_X1M_A9PP140ZTUL_C35            1  0.013   0.014    0.047  
  cts_opt_inst_FE_PHC373_n_2507/Y   -      A->Y    F     DLY4_X0P5M_A9PP140ZTUL_C35          2  0.007   0.064    0.111  
  g43788/Y                          -      A1->Y   R     OAI22BB_X0P5M_A9PP140ZTUL_C35       1  0.019   0.020    0.131  
  retime_s1_57_reg/D                -      D       R     DFFRPQNA_X1M_A9PP140ZTUL_C35        1  0.013   0.000    0.131  
#---------------------------------------------------------------------------------------------------------------------
Path 32: MET (0.006 ns) Hold Check with Pin ro_reg[1][7][11]/CK->D
               View: bc_analysis_view
              Group: reg2reg
         Startpoint: (R) ro_reg[1][7][11]/CK
              Clock: (R) CLK
           Endpoint: (R) ro_reg[1][7][11]/D
              Clock: (R) CLK

                       Capture       Launch
         Clock Edge:+    0.000        0.000
        Src Latency:+   -0.109       -0.109
        Net Latency:+    0.113 (P)    0.113 (P)
            Arrival:=    0.004        0.004

               Hold:+   -0.006
        Uncertainty:+    0.125
      Required Time:=    0.122
       Launch Clock:=    0.004
          Data Path:+    0.125
              Slack:=    0.006

#-------------------------------------------------------------------------------------------------------------------------
# Timing Point                          Flags  Arc     Edge  Cell                           Fanout  Trans   Delay  Arrival  
#                                                                                                    (ns)    (ns)     (ns)  
#-------------------------------------------------------------------------------------------------------------------------
  ro_reg[1][7][11]/CK                   -      CK      R     (arrival)                          20  0.027       -    0.004  
  ro_reg[1][7][11]/Q                    -      CK->Q   R     DFFRPQA_X1M_A9PP140ZTUL_C35         2  0.027   0.042    0.046  
  cts_opt_inst_FE_PHC526_m_data_1_11/Y  -      A->Y    R     DLY4_X0P5M_A9PP140ZTUL_C35          1  0.020   0.060    0.106  
  g41601/Y                              -      B1N->Y  R     OAI22BB_X0P5M_A9PP140ZTUL_C35       1  0.012   0.023    0.129  
  ro_reg[1][7][11]/D                    -      D       R     DFFRPQA_X1M_A9PP140ZTUL_C35         1  0.015   0.000    0.129  
#-------------------------------------------------------------------------------------------------------------------------
Path 33: MET (0.006 ns) Hold Check with Pin retime_s8_42_reg/CK->D
               View: bc_analysis_view
              Group: reg2reg
         Startpoint: (R) retime_s8_42_reg/CK
              Clock: (R) CLK
           Endpoint: (R) retime_s8_42_reg/D
              Clock: (R) CLK

                       Capture       Launch
         Clock Edge:+    0.000        0.000
        Src Latency:+   -0.109       -0.109
        Net Latency:+    0.110 (P)    0.110 (P)
            Arrival:=    0.000        0.000

               Hold:+   -0.007
        Uncertainty:+    0.125
      Required Time:=    0.119
       Launch Clock:=    0.000
          Data Path:+    0.124
              Slack:=    0.006

#------------------------------------------------------------------------------------------------------------------
# Timing Point                      Flags  Arc    Edge  Cell                         Fanout  Trans   Delay  Arrival  
#                                                                                             (ns)    (ns)     (ns)  
#------------------------------------------------------------------------------------------------------------------
  retime_s8_42_reg/CK               -      CK     R     (arrival)                        20  0.027       -    0.000  
  retime_s8_42_reg/Q                -      CK->Q  R     DFFRPQA_X1M_A9PP140ZTUL_C35       3  0.027   0.038    0.039  
  g42578/Y                          -      B1->Y  R     AO22_X0P5M_A9PP140ZTUL_C35        1  0.014   0.035    0.074  
  cts_opt_inst_FE_PHC3159_n_1602/Y  -      A->Y   R     BUF_X1P2M_A9PP140ZTUL_C35         1  0.038   0.022    0.096  
  cts_opt_inst_FE_PHC2822_n_1602/Y  -      A->Y   R     DLY2_X0P5M_A9PP140ZTUL_C35        1  0.014   0.028    0.125  
  retime_s8_42_reg/D                -      D      R     DFFRPQA_X1M_A9PP140ZTUL_C35       1  0.021   0.000    0.125  
#------------------------------------------------------------------------------------------------------------------
Path 34: MET (0.006 ns) Hold Check with Pin retime_s4_122_reg/CK->D
               View: bc_analysis_view
              Group: reg2reg
         Startpoint: (R) retime_s4_122_reg/CK
              Clock: (R) CLK
           Endpoint: (R) retime_s4_122_reg/D
              Clock: (R) CLK

                       Capture       Launch
         Clock Edge:+    0.000        0.000
        Src Latency:+   -0.109       -0.109
        Net Latency:+    0.109 (P)    0.109 (P)
            Arrival:=   -0.001       -0.001

               Hold:+   -0.006
        Uncertainty:+    0.125
      Required Time:=    0.118
       Launch Clock:=   -0.001
          Data Path:+    0.125
              Slack:=    0.006

#--------------------------------------------------------------------------------------------------------------------
# Timing Point                     Flags  Arc     Edge  Cell                           Fanout  Trans   Delay  Arrival  
#                                                                                               (ns)    (ns)     (ns)  
#--------------------------------------------------------------------------------------------------------------------
  retime_s4_122_reg/CK             -      CK      R     (arrival)                          20  0.027       -   -0.001  
  retime_s4_122_reg/Q              -      CK->Q   R     DFFRPQA_X1M_A9PP140ZTUL_C35         1  0.027   0.036    0.035  
  cts_opt_inst_FE_PHC536_n_3889/Y  -      A->Y    R     DLY4_X0P5M_A9PP140ZTUL_C35          2  0.009   0.063    0.098  
  g43748/Y                         -      B1N->Y  R     OAI22BB_X0P5M_A9PP140ZTUL_C35       1  0.023   0.026    0.124  
  retime_s4_122_reg/D              -      D       R     DFFRPQA_X1M_A9PP140ZTUL_C35         1  0.018   0.000    0.124  
#--------------------------------------------------------------------------------------------------------------------
Path 35: MET (0.006 ns) Hold Check with Pin retime_s1_105_reg/CK->D
               View: bc_analysis_view
              Group: reg2reg
         Startpoint: (R) retime_s1_105_reg/CK
              Clock: (R) CLK
           Endpoint: (R) retime_s1_105_reg/D
              Clock: (R) CLK

                       Capture       Launch
         Clock Edge:+    0.000        0.000
        Src Latency:+   -0.109       -0.109
        Net Latency:+    0.110 (P)    0.110 (P)
            Arrival:=    0.001        0.001

               Hold:+   -0.006
        Uncertainty:+    0.125
      Required Time:=    0.120
       Launch Clock:=    0.001
          Data Path:+    0.125
              Slack:=    0.006

#-----------------------------------------------------------------------------------------------------------------------------
# Timing Point                                 Flags  Arc    Edge  Cell                         Fanout  Trans   Delay  Arrival  
#                                                                                                        (ns)    (ns)     (ns)  
#-----------------------------------------------------------------------------------------------------------------------------
  retime_s1_105_reg/CK                         -      CK     R     (arrival)                        20  0.020       -    0.001  
  retime_s1_105_reg/Q                          -      CK->Q  R     DFFRPQA_X1M_A9PP140ZTUL_C35       1  0.020   0.034    0.035  
  cts_opt_inst_FE_PHC472_TRI_K_buffer_2_5_6/Y  -      A->Y   R     DLY4_X0P5M_A9PP140ZTUL_C35        2  0.009   0.069    0.104  
  g43805/Y                                     -      B1->Y  R     AO22_X0P5M_A9PP140ZTUL_C35        1  0.033   0.022    0.126  
  retime_s1_105_reg/D                          -      D      R     DFFRPQA_X1M_A9PP140ZTUL_C35       1  0.011   0.000    0.126  
#-----------------------------------------------------------------------------------------------------------------------------
Path 36: MET (0.006 ns) Hold Check with Pin retime_s8_44_reg/CK->D
               View: bc_analysis_view
              Group: reg2reg
         Startpoint: (R) retime_s8_44_reg/CK
              Clock: (R) CLK
           Endpoint: (R) retime_s8_44_reg/D
              Clock: (R) CLK

                       Capture       Launch
         Clock Edge:+    0.000        0.000
        Src Latency:+   -0.109       -0.109
        Net Latency:+    0.110 (P)    0.110 (P)
            Arrival:=    0.000        0.000

               Hold:+   -0.007
        Uncertainty:+    0.125
      Required Time:=    0.118
       Launch Clock:=    0.000
          Data Path:+    0.124
              Slack:=    0.006

#------------------------------------------------------------------------------------------------------------------
# Timing Point                      Flags  Arc    Edge  Cell                         Fanout  Trans   Delay  Arrival  
#                                                                                             (ns)    (ns)     (ns)  
#------------------------------------------------------------------------------------------------------------------
  retime_s8_44_reg/CK               -      CK     R     (arrival)                        20  0.027       -    0.000  
  retime_s8_44_reg/Q                -      CK->Q  R     DFFRPQA_X1M_A9PP140ZTUL_C35       3  0.027   0.040    0.040  
  g42563/Y                          -      B1->Y  R     AO22_X0P5M_A9PP140ZTUL_C35        1  0.016   0.028    0.068  
  cts_opt_inst_FE_PHC3193_n_1617/Y  -      A->Y   R     BUF_X0P5M_A9PP140ZTUL_C35         1  0.024   0.023    0.090  
  cts_opt_inst_FE_PHC2882_n_1617/Y  -      A->Y   R     DLY2_X0P5M_A9PP140ZTUL_C35        1  0.021   0.034    0.124  
  retime_s8_44_reg/D                -      D      R     DFFRPQA_X1M_A9PP140ZTUL_C35       1  0.028   0.000    0.124  
#------------------------------------------------------------------------------------------------------------------
Path 37: MET (0.006 ns) Hold Check with Pin ro_reg[1][5][3]/CK->D
               View: bc_analysis_view
              Group: reg2reg
         Startpoint: (R) ro_reg[1][5][3]/CK
              Clock: (R) CLK
           Endpoint: (R) ro_reg[1][5][3]/D
              Clock: (R) CLK

                       Capture       Launch
         Clock Edge:+    0.000        0.000
        Src Latency:+   -0.109       -0.109
        Net Latency:+    0.110 (P)    0.110 (P)
            Arrival:=    0.001        0.001

               Hold:+   -0.002
        Uncertainty:+    0.125
      Required Time:=    0.124
       Launch Clock:=    0.001
          Data Path:+    0.129
              Slack:=    0.006

#--------------------------------------------------------------------------------------------------------------------
# Timing Point                      Flags  Arc     Edge  Cell                          Fanout  Trans   Delay  Arrival  
#                                                                                               (ns)    (ns)     (ns)  
#--------------------------------------------------------------------------------------------------------------------
  ro_reg[1][5][3]/CK                -      CK      R     (arrival)                         20  0.027       -    0.001  
  ro_reg[1][5][3]/QN                -      CK->QN  F     DFFRPQNA_X1M_A9PP140ZTUL_C35       2  0.027   0.041    0.041  
  cts_opt_inst_FE_PHC3185_n_2757/Y  -      A->Y    F     BUFH_X1M_A9PP140ZTUL_C35           1  0.024   0.018    0.059  
  g41052/Y                          -      B1->Y   R     OAI22_X0P5M_A9PP140ZTUL_C35        1  0.009   0.022    0.081  
  cts_opt_inst_FE_PHC1759_n_2407/Y  -      A->Y    R     BUF_X1P2M_A9PP140ZTUL_C35          1  0.029   0.019    0.100  
  cts_opt_inst_FE_PHC2629_n_2407/Y  -      A->Y    R     BUF_X1B_A9PP140ZTUL_C35            1  0.010   0.016    0.117  
  cts_opt_inst_FE_PHC3127_n_2407/Y  -      A->Y    R     BUFH_X1M_A9PP140ZTUL_C35           1  0.011   0.013    0.130  
  ro_reg[1][5][3]/D                 -      D       R     DFFRPQNA_X1M_A9PP140ZTUL_C35       1  0.009   0.000    0.130  
#--------------------------------------------------------------------------------------------------------------------
Path 38: MET (0.006 ns) Hold Check with Pin retime_s4_54_reg/CK->D
               View: bc_analysis_view
              Group: reg2reg
         Startpoint: (R) retime_s4_54_reg/CK
              Clock: (R) CLK
           Endpoint: (R) retime_s4_54_reg/D
              Clock: (R) CLK

                       Capture       Launch
         Clock Edge:+    0.000        0.000
        Src Latency:+   -0.109       -0.109
        Net Latency:+    0.114 (P)    0.114 (P)
            Arrival:=    0.004        0.004

               Hold:+   -0.006
        Uncertainty:+    0.125
      Required Time:=    0.123
       Launch Clock:=    0.004
          Data Path:+    0.125
              Slack:=    0.006

#------------------------------------------------------------------------------------------------------------------
# Timing Point                      Flags  Arc    Edge  Cell                         Fanout  Trans   Delay  Arrival  
#                                                                                             (ns)    (ns)     (ns)  
#------------------------------------------------------------------------------------------------------------------
  retime_s4_54_reg/CK               -      CK     R     (arrival)                        20  0.028       -    0.004  
  retime_s4_54_reg/Q                -      CK->Q  R     DFFRPQA_X1M_A9PP140ZTUL_C35       2  0.028   0.038    0.042  
  cts_opt_inst_FE_PHC2912_n_4311/Y  -      A->Y   R     BUFH_X1M_A9PP140ZTUL_C35          1  0.012   0.020    0.062  
  cts_opt_inst_FE_PHC2244_n_4311/Y  -      A->Y   R     DLY2_X0P5M_A9PP140ZTUL_C35        1  0.020   0.043    0.104  
  g42532/Y                          -      B1->Y  R     AO22_X0P5M_A9PP140ZTUL_C35        1  0.043   0.025    0.129  
  retime_s4_54_reg/D                -      D      R     DFFRPQA_X1M_A9PP140ZTUL_C35       1  0.014   0.000    0.129  
#------------------------------------------------------------------------------------------------------------------
Path 39: MET (0.006 ns) Hold Check with Pin retime_s4_158_reg/CK->D
               View: bc_analysis_view
              Group: reg2reg
         Startpoint: (R) retime_s3_315_reg/CK
              Clock: (R) CLK
           Endpoint: (R) retime_s4_158_reg/D
              Clock: (R) CLK

                       Capture       Launch
         Clock Edge:+    0.000        0.000
        Src Latency:+   -0.109       -0.109
        Net Latency:+    0.111 (P)    0.112 (P)
            Arrival:=    0.001        0.003

               Hold:+   -0.002
        Uncertainty:+    0.125
      Required Time:=    0.124
       Launch Clock:=    0.003
          Data Path:+    0.128
              Slack:=    0.006

#-----------------------------------------------------------------------------------------------------------------------------
# Timing Point                              Flags  Arc     Edge  Cell                           Fanout  Trans   Delay  Arrival  
#                                                                                                        (ns)    (ns)     (ns)  
#-----------------------------------------------------------------------------------------------------------------------------
  retime_s3_315_reg/CK                      -      CK      R     (arrival)                          20  0.027       -    0.003  
  retime_s3_315_reg/Q                       -      CK->Q   R     DFFRPQA_X1M_A9PP140ZTUL_C35         1  0.027   0.037    0.039  
  cts_opt_inst_FE_PHC2240_ki_delayed_7_2/Y  -      A->Y    R     BUFH_X1M_A9PP140ZTUL_C35            1  0.011   0.012    0.052  
  cts_opt_inst_FE_PHC346_ki_delayed_7_2/Y   -      A->Y    R     DLY2_X0P5M_A9PP140ZTUL_C35          2  0.007   0.051    0.102  
  g44181/Y                                  -      B1N->Y  R     OAI22BB_X0P5M_A9PP140ZTUL_C35       1  0.065   0.028    0.131  
  retime_s4_158_reg/D                       -      D       R     DFFRPQNA_X1M_A9PP140ZTUL_C35        1  0.017   0.000    0.131  
#-----------------------------------------------------------------------------------------------------------------------------
Path 40: MET (0.006 ns) Hold Check with Pin AR[1].AC[1].ACC_add_31_50_retime_s3_7_reg/CK->D
               View: bc_analysis_view
              Group: reg2reg
         Startpoint: (R) AR[1].AC[1].ACC_add_31_50_retime_s3_7_reg/CK
              Clock: (R) CLK
           Endpoint: (R) AR[1].AC[1].ACC_add_31_50_retime_s3_7_reg/D
              Clock: (R) CLK

                       Capture       Launch
         Clock Edge:+    0.000        0.000
        Src Latency:+   -0.109       -0.109
        Net Latency:+    0.112 (P)    0.112 (P)
            Arrival:=    0.002        0.002

               Hold:+   -0.006
        Uncertainty:+    0.125
      Required Time:=    0.121
       Launch Clock:=    0.002
          Data Path:+    0.125
              Slack:=    0.006

#----------------------------------------------------------------------------------------------------------------------------------------
# Timing Point                                            Flags  Arc    Edge  Cell                         Fanout  Trans   Delay  Arrival  
#                                                                                                                   (ns)    (ns)     (ns)  
#----------------------------------------------------------------------------------------------------------------------------------------
  AR[1].AC[1].ACC_add_31_50_retime_s3_7_reg/CK            -      CK     R     (arrival)                        20  0.023       -    0.002  
  AR[1].AC[1].ACC_add_31_50_retime_s3_7_reg/Q             -      CK->Q  R     DFFRPQA_X1M_A9PP140ZTUL_C35       1  0.023   0.043    0.045  
  cts_opt_inst_FE_PHC2444_AR_1_AC_1_ACC_add_31_50_n_50/Y  -      A->Y   R     DLY2_X0P5M_A9PP140ZTUL_C35        2  0.023   0.053    0.099  
  AR[1].AC[1].ACC_add_31_50_g1109/Y                       -      A1->Y  R     AO22_X0P5M_A9PP140ZTUL_C35        1  0.061   0.029    0.127  
  AR[1].AC[1].ACC_add_31_50_retime_s3_7_reg/D             -      D      R     DFFRPQA_X1M_A9PP140ZTUL_C35       1  0.010   0.000    0.127  
#----------------------------------------------------------------------------------------------------------------------------------------
Path 41: MET (0.006 ns) Hold Check with Pin retime_s7_71_reg/CK->D
               View: bc_analysis_view
              Group: reg2reg
         Startpoint: (R) retime_s7_71_reg/CK
              Clock: (R) CLK
           Endpoint: (R) retime_s7_71_reg/D
              Clock: (R) CLK

                       Capture       Launch
         Clock Edge:+    0.000        0.000
        Src Latency:+   -0.109       -0.109
        Net Latency:+    0.110 (P)    0.110 (P)
            Arrival:=    0.001        0.001

               Hold:+   -0.006
        Uncertainty:+    0.125
      Required Time:=    0.120
       Launch Clock:=    0.001
          Data Path:+    0.125
              Slack:=    0.006

#-----------------------------------------------------------------------------------------------------------------
# Timing Point                     Flags  Arc    Edge  Cell                         Fanout  Trans   Delay  Arrival  
#                                                                                            (ns)    (ns)     (ns)  
#-----------------------------------------------------------------------------------------------------------------
  retime_s7_71_reg/CK              -      CK     R     (arrival)                        20  0.027       -    0.001  
  retime_s7_71_reg/Q               -      CK->Q  R     DFFRPQA_X1M_A9PP140ZTUL_C35       9  0.027   0.051    0.052  
  cts_opt_inst_FE_PHC284_n_3924/Y  -      A->Y   R     DLY2_X0P5M_A9PP140ZTUL_C35        2  0.036   0.051    0.102  
  g44357/Y                         -      B1->Y  R     AO22_X0P5M_A9PP140ZTUL_C35        1  0.052   0.024    0.126  
  retime_s7_71_reg/D               -      D      R     DFFRPQA_X1M_A9PP140ZTUL_C35       1  0.011   0.000    0.126  
#-----------------------------------------------------------------------------------------------------------------
Path 42: MET (0.006 ns) Hold Check with Pin retime_s4_128_reg/CK->D
               View: bc_analysis_view
              Group: reg2reg
         Startpoint: (R) retime_s4_128_reg/CK
              Clock: (R) CLK
           Endpoint: (R) retime_s4_128_reg/D
              Clock: (R) CLK

                       Capture       Launch
         Clock Edge:+    0.000        0.000
        Src Latency:+   -0.109       -0.109
        Net Latency:+    0.109 (P)    0.109 (P)
            Arrival:=   -0.001       -0.001

               Hold:+   -0.007
        Uncertainty:+    0.125
      Required Time:=    0.118
       Launch Clock:=   -0.001
          Data Path:+    0.125
              Slack:=    0.006

#---------------------------------------------------------------------------------------------------------------------
# Timing Point                      Flags  Arc     Edge  Cell                           Fanout  Trans   Delay  Arrival  
#                                                                                                (ns)    (ns)     (ns)  
#---------------------------------------------------------------------------------------------------------------------
  retime_s4_128_reg/CK              -      CK      R     (arrival)                          20  0.026       -   -0.001  
  retime_s4_128_reg/Q               -      CK->Q   R     DFFRPQA_X1M_A9PP140ZTUL_C35         9  0.026   0.052    0.052  
  cts_opt_inst_FE_PHC2082_n_3841/Y  -      A->Y    R     DLY2_X0P5M_A9PP140ZTUL_C35          1  0.039   0.034    0.086  
  cts_opt_inst_FE_PHC2941_n_3841/Y  -      A->Y    R     BUFH_X1M_A9PP140ZTUL_C35            1  0.021   0.013    0.099  
  g43964/Y                          -      B1N->Y  R     OAI22BB_X0P5M_A9PP140ZTUL_C35       1  0.007   0.025    0.124  
  retime_s4_128_reg/D               -      D       R     DFFRPQA_X1M_A9PP140ZTUL_C35         1  0.021   0.000    0.124  
#---------------------------------------------------------------------------------------------------------------------
Path 43: MET (0.006 ns) Hold Check with Pin retime_s1_106_reg/CK->D
               View: bc_analysis_view
              Group: reg2reg
         Startpoint: (R) retime_s1_106_reg/CK
              Clock: (R) CLK
           Endpoint: (R) retime_s1_106_reg/D
              Clock: (R) CLK

                       Capture       Launch
         Clock Edge:+    0.000        0.000
        Src Latency:+   -0.109       -0.109
        Net Latency:+    0.111 (P)    0.111 (P)
            Arrival:=    0.001        0.001

               Hold:+   -0.002
        Uncertainty:+    0.125
      Required Time:=    0.125
       Launch Clock:=    0.001
          Data Path:+    0.130
              Slack:=    0.006

#---------------------------------------------------------------------------------------------------------------------
# Timing Point                      Flags  Arc     Edge  Cell                           Fanout  Trans   Delay  Arrival  
#                                                                                                (ns)    (ns)     (ns)  
#---------------------------------------------------------------------------------------------------------------------
  retime_s1_106_reg/CK              -      CK      R     (arrival)                          20  0.028       -    0.001  
  retime_s1_106_reg/QN              -      CK->QN  F     DFFRPQNA_X1M_A9PP140ZTUL_C35        1  0.028   0.033    0.034  
  cts_opt_inst_FE_PHC2114_n_2475/Y  -      A->Y    F     BUFH_X1M_A9PP140ZTUL_C35            1  0.014   0.014    0.049  
  cts_opt_inst_FE_PHC381_n_2475/Y   -      A->Y    F     DLY4_X0P5M_A9PP140ZTUL_C35          2  0.007   0.062    0.111  
  g43806/Y                          -      A1->Y   R     OAI22BB_X0P5M_A9PP140ZTUL_C35       1  0.016   0.020    0.131  
  retime_s1_106_reg/D               -      D       R     DFFRPQNA_X1M_A9PP140ZTUL_C35        1  0.015   0.000    0.131  
#---------------------------------------------------------------------------------------------------------------------
Path 44: MET (0.007 ns) Hold Check with Pin retime_s7_9_reg/CK->D
               View: bc_analysis_view
              Group: reg2reg
         Startpoint: (R) retime_s7_9_reg/CK
              Clock: (R) CLK
           Endpoint: (R) retime_s7_9_reg/D
              Clock: (R) CLK

                       Capture       Launch
         Clock Edge:+    0.000        0.000
        Src Latency:+   -0.109       -0.109
        Net Latency:+    0.110 (P)    0.110 (P)
            Arrival:=    0.001        0.001

               Hold:+   -0.006
        Uncertainty:+    0.125
      Required Time:=    0.119
       Launch Clock:=    0.001
          Data Path:+    0.125
              Slack:=    0.007

#------------------------------------------------------------------------------------------------------------------
# Timing Point                      Flags  Arc    Edge  Cell                         Fanout  Trans   Delay  Arrival  
#                                                                                             (ns)    (ns)     (ns)  
#------------------------------------------------------------------------------------------------------------------
  retime_s7_9_reg/CK                -      CK     R     (arrival)                        20  0.027       -    0.001  
  retime_s7_9_reg/Q                 -      CK->Q  F     DFFRPQA_X1M_A9PP140ZTUL_C35       2  0.027   0.030    0.030  
  g40121__2346/Y                    -      A->Y   F     AND2_X0P5B_A9PP140ZTUL_C35        1  0.009   0.022    0.052  
  AR[2].AC[5].ACC_add_31_50_g385/Y  -      A->Y   F     XNOR2_X0P5M_A9PP140ZTUL_C35       1  0.017   0.028    0.080  
  AR[2].AC[5].ACC_add_31_50_g370/Y  -      A->Y   R     XNOR2_X0P5M_A9PP140ZTUL_C35       1  0.023   0.022    0.102  
  g42230/Y                          -      A0->Y  R     AO22_X0P5M_A9PP140ZTUL_C35        1  0.020   0.024    0.126  
  retime_s7_9_reg/D                 -      D      R     DFFRPQA_X1M_A9PP140ZTUL_C35       1  0.012   0.000    0.126  
#------------------------------------------------------------------------------------------------------------------
Path 45: MET (0.007 ns) Hold Check with Pin ro_reg[1][7][12]/CK->D
               View: bc_analysis_view
              Group: reg2reg
         Startpoint: (R) ro_reg[1][7][12]/CK
              Clock: (R) CLK
           Endpoint: (R) ro_reg[1][7][12]/D
              Clock: (R) CLK

                       Capture       Launch
         Clock Edge:+    0.000        0.000
        Src Latency:+   -0.109       -0.109
        Net Latency:+    0.113 (P)    0.113 (P)
            Arrival:=    0.004        0.004

               Hold:+   -0.006
        Uncertainty:+    0.125
      Required Time:=    0.122
       Launch Clock:=    0.004
          Data Path:+    0.125
              Slack:=    0.007

#-------------------------------------------------------------------------------------------------------------------------
# Timing Point                          Flags  Arc     Edge  Cell                           Fanout  Trans   Delay  Arrival  
#                                                                                                    (ns)    (ns)     (ns)  
#-------------------------------------------------------------------------------------------------------------------------
  ro_reg[1][7][12]/CK                   -      CK      R     (arrival)                          20  0.027       -    0.004  
  ro_reg[1][7][12]/Q                    -      CK->Q   R     DFFRPQA_X1M_A9PP140ZTUL_C35         2  0.027   0.042    0.046  
  cts_opt_inst_FE_PHC537_m_data_1_12/Y  -      A->Y    R     DLY4_X0P5M_A9PP140ZTUL_C35          1  0.020   0.061    0.106  
  g41602/Y                              -      B1N->Y  R     OAI22BB_X0P5M_A9PP140ZTUL_C35       1  0.014   0.023    0.129  
  ro_reg[1][7][12]/D                    -      D       R     DFFRPQA_X1M_A9PP140ZTUL_C35         1  0.014   0.000    0.129  
#-------------------------------------------------------------------------------------------------------------------------
Path 46: MET (0.007 ns) Hold Check with Pin retime_s3_272_reg/CK->D
               View: bc_analysis_view
              Group: reg2reg
         Startpoint: (R) retime_s3_272_reg/CK
              Clock: (R) CLK
           Endpoint: (R) retime_s3_272_reg/D
              Clock: (R) CLK

                       Capture       Launch
         Clock Edge:+    0.000        0.000
        Src Latency:+   -0.109       -0.109
        Net Latency:+    0.109 (P)    0.109 (P)
            Arrival:=    0.000        0.000

               Hold:+   -0.007
        Uncertainty:+    0.125
      Required Time:=    0.118
       Launch Clock:=    0.000
          Data Path:+    0.125
              Slack:=    0.007

#------------------------------------------------------------------------------------------------------------------
# Timing Point                      Flags  Arc    Edge  Cell                         Fanout  Trans   Delay  Arrival  
#                                                                                             (ns)    (ns)     (ns)  
#------------------------------------------------------------------------------------------------------------------
  retime_s3_272_reg/CK              -      CK     R     (arrival)                        20  0.027       -    0.000  
  retime_s3_272_reg/Q               -      CK->Q  R     DFFRPQA_X1M_A9PP140ZTUL_C35       6  0.027   0.047    0.047  
  cts_opt_inst_FE_PHC3238_n_3751/Y  -      A->Y   R     BUFH_X1M_A9PP140ZTUL_C35          1  0.029   0.017    0.064  
  g44037/Y                          -      B1->Y  R     AO22_X0P5M_A9PP140ZTUL_C35        1  0.011   0.028    0.091  
  cts_opt_inst_FE_PHC2854_n_915/Y   -      A->Y   R     DLY2_X0P5M_A9PP140ZTUL_C35        1  0.025   0.034    0.125  
  retime_s3_272_reg/D               -      D      R     DFFRPQA_X1M_A9PP140ZTUL_C35       1  0.025   0.000    0.125  
#------------------------------------------------------------------------------------------------------------------
Path 47: MET (0.007 ns) Hold Check with Pin retime_s4_10_reg/CK->D
               View: bc_analysis_view
              Group: reg2reg
         Startpoint: (R) retime_s4_10_reg/CK
              Clock: (R) CLK
           Endpoint: (R) retime_s4_10_reg/D
              Clock: (R) CLK

                       Capture       Launch
         Clock Edge:+    0.000        0.000
        Src Latency:+   -0.109       -0.109
        Net Latency:+    0.112 (P)    0.112 (P)
            Arrival:=    0.003        0.003

               Hold:+   -0.006
        Uncertainty:+    0.125
      Required Time:=    0.121
       Launch Clock:=    0.003
          Data Path:+    0.125
              Slack:=    0.007

#------------------------------------------------------------------------------------------------------------------
# Timing Point                      Flags  Arc    Edge  Cell                         Fanout  Trans   Delay  Arrival  
#                                                                                             (ns)    (ns)     (ns)  
#------------------------------------------------------------------------------------------------------------------
  retime_s4_10_reg/CK               -      CK     R     (arrival)                        20  0.024       -    0.003  
  retime_s4_10_reg/Q                -      CK->Q  F     DFFRPQA_X1M_A9PP140ZTUL_C35       2  0.024   0.031    0.034  
  g40176/Y                          -      A->Y   F     AND2_X0P5B_A9PP140ZTUL_C35        1  0.012   0.023    0.057  
  AR[2].AC[2].ACC_add_31_50_g385/Y  -      A->Y   F     XNOR2_X0P5M_A9PP140ZTUL_C35       1  0.017   0.025    0.082  
  AR[2].AC[2].ACC_add_31_50_g370/Y  -      A->Y   R     XNOR2_X0P5M_A9PP140ZTUL_C35       1  0.018   0.022    0.103  
  g42193/Y                          -      A0->Y  R     AO22_X0P5M_A9PP140ZTUL_C35        1  0.021   0.025    0.128  
  retime_s4_10_reg/D                -      D      R     DFFRPQA_X1M_A9PP140ZTUL_C35       1  0.013   0.000    0.128  
#------------------------------------------------------------------------------------------------------------------
Path 48: MET (0.007 ns) Hold Check with Pin retime_s1_59_reg/CK->D
               View: bc_analysis_view
              Group: reg2reg
         Startpoint: (R) retime_s1_59_reg/CK
              Clock: (R) CLK
           Endpoint: (R) retime_s1_59_reg/D
              Clock: (R) CLK

                       Capture       Launch
         Clock Edge:+    0.000        0.000
        Src Latency:+   -0.109       -0.109
        Net Latency:+    0.110 (P)    0.110 (P)
            Arrival:=    0.001        0.001

               Hold:+   -0.002
        Uncertainty:+    0.125
      Required Time:=    0.124
       Launch Clock:=    0.001
          Data Path:+    0.130
              Slack:=    0.007

#---------------------------------------------------------------------------------------------------------------------
# Timing Point                      Flags  Arc     Edge  Cell                           Fanout  Trans   Delay  Arrival  
#                                                                                                (ns)    (ns)     (ns)  
#---------------------------------------------------------------------------------------------------------------------
  retime_s1_59_reg/CK               -      CK      R     (arrival)                          19  0.029       -    0.001  
  retime_s1_59_reg/QN               -      CK->QN  F     DFFRPQNA_X1M_A9PP140ZTUL_C35        1  0.029   0.031    0.032  
  cts_opt_inst_FE_PHC2190_n_2505/Y  -      A->Y    F     BUFH_X1M_A9PP140ZTUL_C35            1  0.013   0.014    0.046  
  cts_opt_inst_FE_PHC389_n_2505/Y   -      A->Y    F     DLY4_X0P5M_A9PP140ZTUL_C35          2  0.007   0.063    0.108  
  g43789/Y                          -      A1->Y   R     OAI22BB_X0P5M_A9PP140ZTUL_C35       1  0.017   0.022    0.131  
  retime_s1_59_reg/D                -      D       R     DFFRPQNA_X1M_A9PP140ZTUL_C35        1  0.017   0.000    0.131  
#---------------------------------------------------------------------------------------------------------------------
Path 49: MET (0.007 ns) Hold Check with Pin retime_s2_135_reg/CK->D
               View: bc_analysis_view
              Group: reg2reg
         Startpoint: (R) retime_s2_135_reg/CK
              Clock: (R) CLK
           Endpoint: (R) retime_s2_135_reg/D
              Clock: (R) CLK

                       Capture       Launch
         Clock Edge:+    0.000        0.000
        Src Latency:+   -0.109       -0.109
        Net Latency:+    0.111 (P)    0.111 (P)
            Arrival:=    0.002        0.002

               Hold:+   -0.006
        Uncertainty:+    0.125
      Required Time:=    0.120
       Launch Clock:=    0.002
          Data Path:+    0.126
              Slack:=    0.007

#--------------------------------------------------------------------------------------------------------------------
# Timing Point                     Flags  Arc     Edge  Cell                           Fanout  Trans   Delay  Arrival  
#                                                                                               (ns)    (ns)     (ns)  
#--------------------------------------------------------------------------------------------------------------------
  retime_s2_135_reg/CK             -      CK      R     (arrival)                          20  0.028       -    0.002  
  retime_s2_135_reg/Q              -      CK->Q   R     DFFRPQA_X1M_A9PP140ZTUL_C35         5  0.028   0.044    0.046  
  cts_opt_inst_FE_PHC576_n_3639/Y  -      A->Y    R     DLY2_X0P5M_A9PP140ZTUL_C35          2  0.024   0.039    0.085  
  g44326/Y                         -      B1N->Y  R     OAI22BB_X0P5M_A9PP140ZTUL_C35       1  0.035   0.028    0.113  
  cts_opt_inst_FE_PHC2521_n_632/Y  -      A->Y    R     BUFH_X1M_A9PP140ZTUL_C35            1  0.019   0.015    0.127  
  retime_s2_135_reg/D              -      D       R     DFFRPQA_X1M_A9PP140ZTUL_C35         1  0.009   0.000    0.127  
#--------------------------------------------------------------------------------------------------------------------
Path 50: MET (0.007 ns) Hold Check with Pin retime_s3_172_reg/CK->D
               View: bc_analysis_view
              Group: reg2reg
         Startpoint: (R) retime_s3_172_reg/CK
              Clock: (R) CLK
           Endpoint: (R) retime_s3_172_reg/D
              Clock: (R) CLK

                       Capture       Launch
         Clock Edge:+    0.000        0.000
        Src Latency:+   -0.109       -0.109
        Net Latency:+    0.114 (P)    0.114 (P)
            Arrival:=    0.005        0.005

               Hold:+   -0.006
        Uncertainty:+    0.125
      Required Time:=    0.123
       Launch Clock:=    0.005
          Data Path:+    0.126
              Slack:=    0.007

#------------------------------------------------------------------------------------------------------------------
# Timing Point                      Flags  Arc    Edge  Cell                         Fanout  Trans   Delay  Arrival  
#                                                                                             (ns)    (ns)     (ns)  
#------------------------------------------------------------------------------------------------------------------
  retime_s3_172_reg/CK              -      CK     R     (arrival)                        20  0.028       -    0.005  
  retime_s3_172_reg/Q               -      CK->Q  R     DFFRPQA_X1M_A9PP140ZTUL_C35       3  0.028   0.039    0.044  
  g42564/Y                          -      B1->Y  R     AO22_X0P5M_A9PP140ZTUL_C35        1  0.014   0.031    0.074  
  cts_opt_inst_FE_PHC2492_n_1616/Y  -      A->Y   R     DLY2_X0P5M_A9PP140ZTUL_C35        1  0.030   0.037    0.112  
  cts_opt_inst_FE_PHC3064_n_1616/Y  -      A->Y   R     BUF_X0P5M_A9PP140ZTUL_C35         1  0.030   0.019    0.130  
  retime_s3_172_reg/D               -      D      R     DFFRPQA_X1M_A9PP140ZTUL_C35       1  0.013   0.000    0.130  
#------------------------------------------------------------------------------------------------------------------
Path 51: MET (0.007 ns) Hold Check with Pin retime_s3_257_reg/CK->D
               View: bc_analysis_view
              Group: reg2reg
         Startpoint: (R) retime_s3_257_reg/CK
              Clock: (R) CLK
           Endpoint: (R) retime_s3_257_reg/D
              Clock: (R) CLK

                       Capture       Launch
         Clock Edge:+    0.000        0.000
        Src Latency:+   -0.109       -0.109
        Net Latency:+    0.110 (P)    0.110 (P)
            Arrival:=    0.000        0.000

               Hold:+   -0.006
        Uncertainty:+    0.125
      Required Time:=    0.119
       Launch Clock:=    0.000
          Data Path:+    0.126
              Slack:=    0.007

#------------------------------------------------------------------------------------------------------------------
# Timing Point                      Flags  Arc    Edge  Cell                         Fanout  Trans   Delay  Arrival  
#                                                                                             (ns)    (ns)     (ns)  
#------------------------------------------------------------------------------------------------------------------
  retime_s3_257_reg/CK              -      CK     R     (arrival)                        20  0.027       -    0.000  
  retime_s3_257_reg/Q               -      CK->Q  R     DFFRPQA_X1M_A9PP140ZTUL_C35       5  0.027   0.045    0.045  
  cts_opt_inst_FE_PHC716_n_3776/Y   -      A->Y   R     DLY2_X0P5M_A9PP140ZTUL_C35        2  0.025   0.040    0.085  
  cts_opt_inst_FE_PHC2010_n_3776/Y  -      A->Y   R     BUF_X0P5M_A9PP140ZTUL_C35         1  0.036   0.019    0.104  
  g44027/Y                          -      B1->Y  R     AO22_X0P5M_A9PP140ZTUL_C35        1  0.013   0.022    0.126  
  retime_s3_257_reg/D               -      D      R     DFFRPQA_X1M_A9PP140ZTUL_C35       1  0.015   0.000    0.126  
#------------------------------------------------------------------------------------------------------------------
Path 52: MET (0.007 ns) Hold Check with Pin retime_s1_179_reg/CK->D
               View: bc_analysis_view
              Group: reg2reg
         Startpoint: (R) retime_s1_179_reg/CK
              Clock: (R) CLK
           Endpoint: (R) retime_s1_179_reg/D
              Clock: (R) CLK

                       Capture       Launch
         Clock Edge:+    0.000        0.000
        Src Latency:+   -0.109       -0.109
        Net Latency:+    0.110 (P)    0.110 (P)
            Arrival:=    0.001        0.001

               Hold:+   -0.002
        Uncertainty:+    0.125
      Required Time:=    0.124
       Launch Clock:=    0.001
          Data Path:+    0.130
              Slack:=    0.007

#---------------------------------------------------------------------------------------------------------------------
# Timing Point                      Flags  Arc     Edge  Cell                           Fanout  Trans   Delay  Arrival  
#                                                                                                (ns)    (ns)     (ns)  
#---------------------------------------------------------------------------------------------------------------------
  retime_s1_179_reg/CK              -      CK      R     (arrival)                          19  0.029       -    0.001  
  retime_s1_179_reg/QN              -      CK->QN  F     DFFRPQNA_X1M_A9PP140ZTUL_C35        1  0.029   0.033    0.034  
  cts_opt_inst_FE_PHC396_n_2446/Y   -      A->Y    F     DLY4_X0P5M_A9PP140ZTUL_C35          1  0.015   0.063    0.097  
  cts_opt_inst_FE_PHC2234_n_2446/Y  -      A->Y    F     BUFH_X1M_A9PP140ZTUL_C35            2  0.013   0.015    0.112  
  g43847/Y                          -      A1->Y   R     OAI22BB_X0P5M_A9PP140ZTUL_C35       1  0.008   0.019    0.131  
  retime_s1_179_reg/D               -      D       R     DFFRPQNA_X1M_A9PP140ZTUL_C35        1  0.017   0.000    0.131  
#---------------------------------------------------------------------------------------------------------------------
Path 53: MET (0.007 ns) Hold Check with Pin retime_s1_78_reg/CK->D
               View: bc_analysis_view
              Group: reg2reg
         Startpoint: (R) retime_s1_78_reg/CK
              Clock: (R) CLK
           Endpoint: (R) retime_s1_78_reg/D
              Clock: (R) CLK

                       Capture       Launch
         Clock Edge:+    0.000        0.000
        Src Latency:+   -0.109       -0.109
        Net Latency:+    0.111 (P)    0.111 (P)
            Arrival:=    0.002        0.002

               Hold:+   -0.002
        Uncertainty:+    0.125
      Required Time:=    0.125
       Launch Clock:=    0.002
          Data Path:+    0.130
              Slack:=    0.007

#---------------------------------------------------------------------------------------------------------------------
# Timing Point                      Flags  Arc     Edge  Cell                           Fanout  Trans   Delay  Arrival  
#                                                                                                (ns)    (ns)     (ns)  
#---------------------------------------------------------------------------------------------------------------------
  retime_s1_78_reg/CK               -      CK      R     (arrival)                          20  0.028       -    0.002  
  retime_s1_78_reg/QN               -      CK->QN  F     DFFRPQNA_X1M_A9PP140ZTUL_C35        1  0.028   0.032    0.034  
  cts_opt_inst_FE_PHC2035_n_2489/Y  -      A->Y    F     BUFH_X1M_A9PP140ZTUL_C35            1  0.014   0.015    0.049  
  cts_opt_inst_FE_PHC404_n_2489/Y   -      A->Y    F     DLY4_X0P5M_A9PP140ZTUL_C35          2  0.008   0.063    0.112  
  g43797/Y                          -      A1->Y   R     OAI22BB_X0P5M_A9PP140ZTUL_C35       1  0.016   0.020    0.132  
  retime_s1_78_reg/D                -      D       R     DFFRPQNA_X1M_A9PP140ZTUL_C35        1  0.014   0.000    0.132  
#---------------------------------------------------------------------------------------------------------------------
Path 54: MET (0.007 ns) Hold Check with Pin retime_s5_86_reg/CK->D
               View: bc_analysis_view
              Group: reg2reg
         Startpoint: (R) retime_s5_86_reg/CK
              Clock: (R) CLK
           Endpoint: (R) retime_s5_86_reg/D
              Clock: (R) CLK

                       Capture       Launch
         Clock Edge:+    0.000        0.000
        Src Latency:+   -0.109       -0.109
        Net Latency:+    0.110 (P)    0.110 (P)
            Arrival:=    0.000        0.000

               Hold:+   -0.006
        Uncertainty:+    0.125
      Required Time:=    0.119
       Launch Clock:=    0.000
          Data Path:+    0.126
              Slack:=    0.007

#------------------------------------------------------------------------------------------------------------------
# Timing Point                      Flags  Arc    Edge  Cell                         Fanout  Trans   Delay  Arrival  
#                                                                                             (ns)    (ns)     (ns)  
#------------------------------------------------------------------------------------------------------------------
  retime_s5_86_reg/CK               -      CK     R     (arrival)                        20  0.028       -    0.000  
  retime_s5_86_reg/Q                -      CK->Q  R     DFFRPQA_X1M_A9PP140ZTUL_C35       3  0.028   0.040    0.040  
  cts_opt_inst_FE_PHC3172_n_4151/Y  -      A->Y   R     BUF_X0P5M_A9PP140ZTUL_C35         1  0.016   0.019    0.059  
  g42484/Y                          -      B1->Y  R     AO22_X0P5M_A9PP140ZTUL_C35        1  0.016   0.023    0.081  
  cts_opt_inst_FE_PHC1846_n_1696/Y  -      A->Y   R     BUF_X1B_A9PP140ZTUL_C35           1  0.015   0.019    0.100  
  cts_opt_inst_FE_PHC3124_n_1696/Y  -      A->Y   R     BUFH_X1M_A9PP140ZTUL_C35          1  0.014   0.014    0.115  
  cts_opt_inst_FE_PHC2633_n_1696/Y  -      A->Y   R     BUFH_X1M_A9PP140ZTUL_C35          1  0.010   0.012    0.127  
  retime_s5_86_reg/D                -      D      R     DFFRPQA_X1M_A9PP140ZTUL_C35       1  0.007   0.000    0.127  
#------------------------------------------------------------------------------------------------------------------
Path 55: MET (0.007 ns) Hold Check with Pin retime_s5_88_reg/CK->D
               View: bc_analysis_view
              Group: reg2reg
         Startpoint: (R) retime_s5_88_reg/CK
              Clock: (R) CLK
           Endpoint: (R) retime_s5_88_reg/D
              Clock: (R) CLK

                       Capture       Launch
         Clock Edge:+    0.000        0.000
        Src Latency:+   -0.109       -0.109
        Net Latency:+    0.114 (P)    0.114 (P)
            Arrival:=    0.004        0.004

               Hold:+   -0.006
        Uncertainty:+    0.125
      Required Time:=    0.123
       Launch Clock:=    0.004
          Data Path:+    0.126
              Slack:=    0.007

#------------------------------------------------------------------------------------------------------------------
# Timing Point                      Flags  Arc    Edge  Cell                         Fanout  Trans   Delay  Arrival  
#                                                                                             (ns)    (ns)     (ns)  
#------------------------------------------------------------------------------------------------------------------
  retime_s5_88_reg/CK               -      CK     R     (arrival)                        20  0.028       -    0.004  
  retime_s5_88_reg/Q                -      CK->Q  R     DFFRPQA_X1M_A9PP140ZTUL_C35       2  0.028   0.038    0.042  
  g40355/Y                          -      A->Y   R     AND2_X0P5B_A9PP140ZTUL_C35        1  0.013   0.028    0.070  
  AR[0].AC[5].ACC_add_31_50_g382/S  -      B->S   R     ADDF_X1M_A9PP140ZTUL_C35          1  0.024   0.024    0.094  
  g42537/Y                          -      A0->Y  R     AO22_X0P5M_A9PP140ZTUL_C35        1  0.010   0.022    0.116  
  cts_opt_inst_FE_PHC1831_n_1643/Y  -      A->Y   R     BUF_X1B_A9PP140ZTUL_C35           1  0.013   0.014    0.131  
  retime_s5_88_reg/D                -      D      R     DFFRPQA_X1M_A9PP140ZTUL_C35       1  0.007   0.000    0.131  
#------------------------------------------------------------------------------------------------------------------
Path 56: MET (0.007 ns) Hold Check with Pin ro_reg[0][6][8]/CK->D
               View: bc_analysis_view
              Group: reg2reg
         Startpoint: (R) ro_reg[0][6][8]/CK
              Clock: (R) CLK
           Endpoint: (R) ro_reg[0][6][8]/D
              Clock: (R) CLK

                       Capture       Launch
         Clock Edge:+    0.000        0.000
        Src Latency:+   -0.109       -0.109
        Net Latency:+    0.112 (P)    0.112 (P)
            Arrival:=    0.002        0.002

               Hold:+   -0.002
        Uncertainty:+    0.125
      Required Time:=    0.126
       Launch Clock:=    0.002
          Data Path:+    0.131
              Slack:=    0.007

#--------------------------------------------------------------------------------------------------------------------
# Timing Point                      Flags  Arc     Edge  Cell                          Fanout  Trans   Delay  Arrival  
#                                                                                               (ns)    (ns)     (ns)  
#--------------------------------------------------------------------------------------------------------------------
  ro_reg[0][6][8]/CK                -      CK      R     (arrival)                         20  0.027       -    0.002  
  ro_reg[0][6][8]/QN                -      CK->QN  F     DFFRPQNA_X1M_A9PP140ZTUL_C35       2  0.027   0.044    0.046  
  cts_opt_inst_FE_PHC2740_n_2670/Y  -      A->Y    F     BUF_X0P5M_A9PP140ZTUL_C35          1  0.029   0.025    0.071  
  g41202/Y                          -      B1->Y   R     OAI22_X0P5M_A9PP140ZTUL_C35        1  0.014   0.020    0.091  
  cts_opt_inst_FE_PHC1710_n_2257/Y  -      A->Y    R     DLY2_X0P5M_A9PP140ZTUL_C35         1  0.022   0.028    0.118  
  cts_opt_inst_FE_PHC2277_n_2257/Y  -      A->Y    R     BUF_X1B_A9PP140ZTUL_C35            1  0.016   0.015    0.133  
  ro_reg[0][6][8]/D                 -      D       R     DFFRPQNA_X1M_A9PP140ZTUL_C35       1  0.007   0.000    0.133  
#--------------------------------------------------------------------------------------------------------------------
Path 57: MET (0.007 ns) Hold Check with Pin ro_reg[1][7][14]/CK->D
               View: bc_analysis_view
              Group: reg2reg
         Startpoint: (R) ro_reg[1][7][14]/CK
              Clock: (R) CLK
           Endpoint: (R) ro_reg[1][7][14]/D
              Clock: (R) CLK

                       Capture       Launch
         Clock Edge:+    0.000        0.000
        Src Latency:+   -0.109       -0.109
        Net Latency:+    0.113 (P)    0.113 (P)
            Arrival:=    0.004        0.004

               Hold:+   -0.006
        Uncertainty:+    0.125
      Required Time:=    0.122
       Launch Clock:=    0.004
          Data Path:+    0.126
              Slack:=    0.007

#-------------------------------------------------------------------------------------------------------------------------
# Timing Point                          Flags  Arc     Edge  Cell                           Fanout  Trans   Delay  Arrival  
#                                                                                                    (ns)    (ns)     (ns)  
#-------------------------------------------------------------------------------------------------------------------------
  ro_reg[1][7][14]/CK                   -      CK      R     (arrival)                          20  0.027       -    0.004  
  ro_reg[1][7][14]/Q                    -      CK->Q   R     DFFRPQA_X1M_A9PP140ZTUL_C35         2  0.027   0.043    0.047  
  cts_opt_inst_FE_PHC541_m_data_1_14/Y  -      A->Y    R     DLY4_X0P5M_A9PP140ZTUL_C35          1  0.023   0.060    0.107  
  g41604/Y                              -      B1N->Y  R     OAI22BB_X0P5M_A9PP140ZTUL_C35       1  0.012   0.022    0.130  
  ro_reg[1][7][14]/D                    -      D       R     DFFRPQA_X1M_A9PP140ZTUL_C35         1  0.014   0.000    0.130  
#-------------------------------------------------------------------------------------------------------------------------
Path 58: MET (0.007 ns) Hold Check with Pin retime_s9_17_reg/CK->D
               View: bc_analysis_view
              Group: reg2reg
         Startpoint: (R) retime_s9_17_reg/CK
              Clock: (R) CLK
           Endpoint: (R) retime_s9_17_reg/D
              Clock: (R) CLK

                       Capture       Launch
         Clock Edge:+    0.000        0.000
        Src Latency:+   -0.109       -0.109
        Net Latency:+    0.111 (P)    0.111 (P)
            Arrival:=    0.002        0.002

               Hold:+   -0.007
        Uncertainty:+    0.125
      Required Time:=    0.120
       Launch Clock:=    0.002
          Data Path:+    0.126
              Slack:=    0.007

#------------------------------------------------------------------------------------------------------------------
# Timing Point                      Flags  Arc    Edge  Cell                         Fanout  Trans   Delay  Arrival  
#                                                                                             (ns)    (ns)     (ns)  
#------------------------------------------------------------------------------------------------------------------
  retime_s9_17_reg/CK               -      CK     R     (arrival)                        20  0.020       -    0.002  
  retime_s9_17_reg/Q                -      CK->Q  R     DFFRPQA_X1M_A9PP140ZTUL_C35       3  0.020   0.041    0.043  
  cts_opt_inst_FE_PHC3152_n_4099/Y  -      A->Y   R     DLY2_X0P5M_A9PP140ZTUL_C35        1  0.021   0.031    0.073  
  g42566/Y                          -      B1->Y  R     AO22_X0P5M_A9PP140ZTUL_C35        1  0.021   0.027    0.101  
  cts_opt_inst_FE_PHC3067_n_1614/Y  -      A->Y   R     DLY2_X0P5M_A9PP140ZTUL_C35        1  0.021   0.027    0.127  
  retime_s9_17_reg/D                -      D      R     DFFRPQA_X1M_A9PP140ZTUL_C35       1  0.015   0.000    0.127  
#------------------------------------------------------------------------------------------------------------------
Path 59: MET (0.007 ns) Hold Check with Pin retime_s8_5_reg/CK->D
               View: bc_analysis_view
              Group: reg2reg
         Startpoint: (R) retime_s8_5_reg/CK
              Clock: (R) CLK
           Endpoint: (R) retime_s8_5_reg/D
              Clock: (R) CLK

                       Capture       Launch
         Clock Edge:+    0.000        0.000
        Src Latency:+   -0.109       -0.109
        Net Latency:+    0.111 (P)    0.111 (P)
            Arrival:=    0.001        0.001

               Hold:+   -0.007
        Uncertainty:+    0.125
      Required Time:=    0.120
       Launch Clock:=    0.001
          Data Path:+    0.126
              Slack:=    0.007

#------------------------------------------------------------------------------------------------------------------
# Timing Point                      Flags  Arc    Edge  Cell                         Fanout  Trans   Delay  Arrival  
#                                                                                             (ns)    (ns)     (ns)  
#------------------------------------------------------------------------------------------------------------------
  retime_s8_5_reg/CK                -      CK     R     (arrival)                        20  0.027       -    0.001  
  retime_s8_5_reg/Q                 -      CK->Q  R     DFFRPQA_X1M_A9PP140ZTUL_C35       2  0.027   0.042    0.043  
  g40336/Y                          -      A->Y   R     AND2_X0P5B_A9PP140ZTUL_C35        1  0.020   0.032    0.075  
  AR[2].AC[6].ACC_add_31_50_g381/S  -      B->S   R     ADDF_X1M_A9PP140ZTUL_C35          1  0.029   0.026    0.102  
  g42505/Y                          -      A0->Y  R     AO22_X0P5M_A9PP140ZTUL_C35        1  0.012   0.026    0.127  
  retime_s8_5_reg/D                 -      D      R     DFFRPQA_X1M_A9PP140ZTUL_C35       1  0.018   0.000    0.127  
#------------------------------------------------------------------------------------------------------------------
Path 60: MET (0.007 ns) Hold Check with Pin ro_reg[1][7][7]/CK->D
               View: bc_analysis_view
              Group: reg2reg
         Startpoint: (R) ro_reg[1][7][7]/CK
              Clock: (R) CLK
           Endpoint: (R) ro_reg[1][7][7]/D
              Clock: (R) CLK

                       Capture       Launch
         Clock Edge:+    0.000        0.000
        Src Latency:+   -0.109       -0.109
        Net Latency:+    0.111 (P)    0.111 (P)
            Arrival:=    0.002        0.002

               Hold:+   -0.006
        Uncertainty:+    0.125
      Required Time:=    0.121
       Launch Clock:=    0.002
          Data Path:+    0.126
              Slack:=    0.007

#------------------------------------------------------------------------------------------------------------------------
# Timing Point                         Flags  Arc     Edge  Cell                           Fanout  Trans   Delay  Arrival  
#                                                                                                   (ns)    (ns)     (ns)  
#------------------------------------------------------------------------------------------------------------------------
  ro_reg[1][7][7]/CK                   -      CK      R     (arrival)                          20  0.027       -    0.002  
  ro_reg[1][7][7]/Q                    -      CK->Q   R     DFFRPQA_X1M_A9PP140ZTUL_C35         2  0.027   0.043    0.045  
  cts_opt_inst_FE_PHC550_m_data_1_7/Y  -      A->Y    R     DLY4_X0P5M_A9PP140ZTUL_C35          1  0.021   0.061    0.105  
  g41597/Y                             -      B1N->Y  R     OAI22BB_X0P5M_A9PP140ZTUL_C35       1  0.013   0.023    0.128  
  ro_reg[1][7][7]/D                    -      D       R     DFFRPQA_X1M_A9PP140ZTUL_C35         1  0.015   0.000    0.128  
#------------------------------------------------------------------------------------------------------------------------
Path 61: MET (0.007 ns) Hold Check with Pin retime_s4_109_reg/CK->D
               View: bc_analysis_view
              Group: reg2reg
         Startpoint: (R) retime_s4_109_reg/CK
              Clock: (R) CLK
           Endpoint: (R) retime_s4_109_reg/D
              Clock: (R) CLK

                       Capture       Launch
         Clock Edge:+    0.000        0.000
        Src Latency:+   -0.109       -0.109
        Net Latency:+    0.112 (P)    0.112 (P)
            Arrival:=    0.003        0.003

               Hold:+   -0.006
        Uncertainty:+    0.125
      Required Time:=    0.121
       Launch Clock:=    0.003
          Data Path:+    0.126
              Slack:=    0.007

#-----------------------------------------------------------------------------------------------------------------
# Timing Point                     Flags  Arc    Edge  Cell                         Fanout  Trans   Delay  Arrival  
#                                                                                            (ns)    (ns)     (ns)  
#-----------------------------------------------------------------------------------------------------------------
  retime_s4_109_reg/CK             -      CK     R     (arrival)                        20  0.027       -    0.003  
  retime_s4_109_reg/Q              -      CK->Q  R     DFFRPQA_X1M_A9PP140ZTUL_C35      10  0.027   0.067    0.070  
  cts_opt_inst_FE_PHC345_n_4036/Y  -      A->Y   R     DLY2_X1M_A9PP140ZTUL_C35          1  0.066   0.037    0.107  
  g43769/Y                         -      B1->Y  R     AO22_X0P5M_A9PP140ZTUL_C35        1  0.016   0.022    0.129  
  retime_s4_109_reg/D              -      D      R     DFFRPQA_X1M_A9PP140ZTUL_C35       1  0.014   0.000    0.129  
#-----------------------------------------------------------------------------------------------------------------
Path 62: MET (0.008 ns) Hold Check with Pin AR[1].AC[1].ACC_add_31_50_retime_s3_10_reg/CK->D
               View: bc_analysis_view
              Group: reg2reg
         Startpoint: (R) AR[1].AC[1].ACC_add_31_50_retime_s3_10_reg/CK
              Clock: (R) CLK
           Endpoint: (R) AR[1].AC[1].ACC_add_31_50_retime_s3_10_reg/D
              Clock: (R) CLK

                       Capture       Launch
         Clock Edge:+    0.000        0.000
        Src Latency:+   -0.109       -0.109
        Net Latency:+    0.110 (P)    0.110 (P)
            Arrival:=    0.000        0.000

               Hold:+   -0.006
        Uncertainty:+    0.125
      Required Time:=    0.119
       Launch Clock:=    0.000
          Data Path:+    0.126
              Slack:=    0.008

#----------------------------------------------------------------------------------------------------------------------------------------
# Timing Point                                            Flags  Arc    Edge  Cell                         Fanout  Trans   Delay  Arrival  
#                                                                                                                   (ns)    (ns)     (ns)  
#----------------------------------------------------------------------------------------------------------------------------------------
  AR[1].AC[1].ACC_add_31_50_retime_s3_10_reg/CK           -      CK     R     (arrival)                        20  0.028       -    0.000  
  AR[1].AC[1].ACC_add_31_50_retime_s3_10_reg/Q            -      CK->Q  R     DFFRPQA_X1M_A9PP140ZTUL_C35       2  0.028   0.047    0.048  
  cts_opt_inst_FE_PHC2326_AR_1_AC_1_ACC_add_31_50_n_47/Y  -      A->Y   R     DLY2_X0P5M_A9PP140ZTUL_C35        1  0.029   0.037    0.085  
  AR[1].AC[1].ACC_add_31_50_g1114/Y                       -      A1->Y  R     AO22_X0P5M_A9PP140ZTUL_C35        1  0.030   0.027    0.112  
  cts_opt_inst_FE_PHC2829_AR_1_AC_1_ACC_add_31_50_n_3/Y   -      A->Y   R     BUF_X1B_A9PP140ZTUL_C35           1  0.013   0.015    0.127  
  AR[1].AC[1].ACC_add_31_50_retime_s3_10_reg/D            -      D      R     DFFRPQA_X1M_A9PP140ZTUL_C35       1  0.008   0.000    0.127  
#----------------------------------------------------------------------------------------------------------------------------------------
Path 63: MET (0.008 ns) Hold Check with Pin retime_s3_143_reg/CK->D
               View: bc_analysis_view
              Group: reg2reg
         Startpoint: (R) retime_s3_143_reg/CK
              Clock: (R) CLK
           Endpoint: (R) retime_s3_143_reg/D
              Clock: (R) CLK

                       Capture       Launch
         Clock Edge:+    0.000        0.000
        Src Latency:+   -0.109       -0.109
        Net Latency:+    0.111 (P)    0.111 (P)
            Arrival:=    0.001        0.001

               Hold:+   -0.006
        Uncertainty:+    0.125
      Required Time:=    0.120
       Launch Clock:=    0.001
          Data Path:+    0.126
              Slack:=    0.008

#------------------------------------------------------------------------------------------------------------------
# Timing Point                      Flags  Arc    Edge  Cell                         Fanout  Trans   Delay  Arrival  
#                                                                                             (ns)    (ns)     (ns)  
#------------------------------------------------------------------------------------------------------------------
  retime_s3_143_reg/CK              -      CK     R     (arrival)                        20  0.028       -    0.001  
  retime_s3_143_reg/Q               -      CK->Q  R     DFFRPQA_X1M_A9PP140ZTUL_C35       1  0.028   0.038    0.039  
  cts_opt_inst_FE_PHC1980_n_3919/Y  -      A->Y   R     DLY2_X0P5M_A9PP140ZTUL_C35        1  0.012   0.024    0.063  
  cts_opt_inst_FE_PHC870_n_3919/Y   -      A->Y   R     DLY2_X0P5M_A9PP140ZTUL_C35        2  0.014   0.031    0.093  
  cts_opt_inst_FE_PHC2877_n_3919/Y  -      A->Y   R     BUFH_X1M_A9PP140ZTUL_C35          1  0.024   0.015    0.108  
  g43770/Y                          -      B1->Y  R     AO22_X0P5M_A9PP140ZTUL_C35        1  0.009   0.019    0.128  
  retime_s3_143_reg/D               -      D      R     DFFRPQA_X1M_A9PP140ZTUL_C35       1  0.012   0.000    0.128  
#------------------------------------------------------------------------------------------------------------------
Path 64: MET (0.008 ns) Hold Check with Pin retime_s8_62_reg/CK->D
               View: bc_analysis_view
              Group: reg2reg
         Startpoint: (R) retime_s8_62_reg/CK
              Clock: (R) CLK
           Endpoint: (R) retime_s8_62_reg/D
              Clock: (R) CLK

                       Capture       Launch
         Clock Edge:+    0.000        0.000
        Src Latency:+   -0.109       -0.109
        Net Latency:+    0.111 (P)    0.111 (P)
            Arrival:=    0.001        0.001

               Hold:+   -0.007
        Uncertainty:+    0.125
      Required Time:=    0.120
       Launch Clock:=    0.001
          Data Path:+    0.126
              Slack:=    0.008

#------------------------------------------------------------------------------------------------------------------
# Timing Point                      Flags  Arc    Edge  Cell                         Fanout  Trans   Delay  Arrival  
#                                                                                             (ns)    (ns)     (ns)  
#------------------------------------------------------------------------------------------------------------------
  retime_s8_62_reg/CK               -      CK     R     (arrival)                        20  0.020       -    0.001  
  retime_s8_62_reg/Q                -      CK->Q  R     DFFRPQA_X1M_A9PP140ZTUL_C35       3  0.020   0.038    0.039  
  g42624/Y                          -      B1->Y  R     AO22_X0P5M_A9PP140ZTUL_C35        1  0.015   0.025    0.064  
  cts_opt_inst_FE_PHC1074_n_1556/Y  -      A->Y   R     DLY4_X0P5M_A9PP140ZTUL_C35        1  0.020   0.063    0.127  
  retime_s8_62_reg/D                -      D      R     DFFRPQA_X1M_A9PP140ZTUL_C35       1  0.018   0.000    0.127  
#------------------------------------------------------------------------------------------------------------------
Path 65: MET (0.008 ns) Hold Check with Pin retime_s3_330_reg/CK->D
               View: bc_analysis_view
              Group: reg2reg
         Startpoint: (R) retime_s3_330_reg/CK
              Clock: (R) CLK
           Endpoint: (R) retime_s3_330_reg/D
              Clock: (R) CLK

                       Capture       Launch
         Clock Edge:+    0.000        0.000
        Src Latency:+   -0.109       -0.109
        Net Latency:+    0.110 (P)    0.110 (P)
            Arrival:=    0.001        0.001

               Hold:+   -0.007
        Uncertainty:+    0.125
      Required Time:=    0.119
       Launch Clock:=    0.001
          Data Path:+    0.126
              Slack:=    0.008

#--------------------------------------------------------------------------------------------------------------------
# Timing Point                     Flags  Arc     Edge  Cell                           Fanout  Trans   Delay  Arrival  
#                                                                                               (ns)    (ns)     (ns)  
#--------------------------------------------------------------------------------------------------------------------
  retime_s3_330_reg/CK             -      CK      R     (arrival)                          20  0.028       -    0.001  
  retime_s3_330_reg/Q              -      CK->Q   R     DFFRPQA_X1M_A9PP140ZTUL_C35         5  0.028   0.050    0.050  
  cts_opt_inst_FE_PHC285_n_3629/Y  -      A->Y    R     DLY2_X0P5M_A9PP140ZTUL_C35          2  0.033   0.045    0.095  
  g44094/Y                         -      B1N->Y  R     OAI22BB_X0P5M_A9PP140ZTUL_C35       1  0.042   0.031    0.127  
  retime_s3_330_reg/D              -      D       R     DFFRPQA_X1M_A9PP140ZTUL_C35         1  0.024   0.000    0.127  
#--------------------------------------------------------------------------------------------------------------------
Path 66: MET (0.008 ns) Hold Check with Pin retime_s3_103_reg/CK->D
               View: bc_analysis_view
              Group: reg2reg
         Startpoint: (R) retime_s3_103_reg/CK
              Clock: (R) CLK
           Endpoint: (R) retime_s3_103_reg/D
              Clock: (R) CLK

                       Capture       Launch
         Clock Edge:+    0.000        0.000
        Src Latency:+   -0.109       -0.109
        Net Latency:+    0.110 (P)    0.110 (P)
            Arrival:=    0.000        0.000

               Hold:+   -0.006
        Uncertainty:+    0.125
      Required Time:=    0.119
       Launch Clock:=    0.000
          Data Path:+    0.127
              Slack:=    0.008

#-----------------------------------------------------------------------------------------------------------------
# Timing Point                     Flags  Arc    Edge  Cell                         Fanout  Trans   Delay  Arrival  
#                                                                                            (ns)    (ns)     (ns)  
#-----------------------------------------------------------------------------------------------------------------
  retime_s3_103_reg/CK             -      CK     R     (arrival)                        20  0.027       -    0.000  
  retime_s3_103_reg/Q              -      CK->Q  R     DFFRPQA_X1M_A9PP140ZTUL_C35       5  0.027   0.049    0.050  
  g43993/Y                         -      B1->Y  R     AO22_X0P5M_A9PP140ZTUL_C35        1  0.033   0.040    0.090  
  cts_opt_inst_FE_PHC1352_n_959/Y  -      A->Y   R     DLY2_X4M_A9PP140ZTUL_C35          1  0.042   0.037    0.127  
  retime_s3_103_reg/D              -      D      R     DFFRPQA_X1M_A9PP140ZTUL_C35       1  0.012   0.000    0.127  
#-----------------------------------------------------------------------------------------------------------------
Path 67: MET (0.008 ns) Hold Check with Pin retime_s1_112_reg/CK->D
               View: bc_analysis_view
              Group: reg2reg
         Startpoint: (R) retime_s1_112_reg/CK
              Clock: (R) CLK
           Endpoint: (R) retime_s1_112_reg/D
              Clock: (R) CLK

                       Capture       Launch
         Clock Edge:+    0.000        0.000
        Src Latency:+   -0.109       -0.109
        Net Latency:+    0.115 (P)    0.115 (P)
            Arrival:=    0.005        0.005

               Hold:+   -0.002
        Uncertainty:+    0.125
      Required Time:=    0.128
       Launch Clock:=    0.005
          Data Path:+    0.131
              Slack:=    0.008

#--------------------------------------------------------------------------------------------------------------------
# Timing Point                     Flags  Arc     Edge  Cell                           Fanout  Trans   Delay  Arrival  
#                                                                                               (ns)    (ns)     (ns)  
#--------------------------------------------------------------------------------------------------------------------
  retime_s1_112_reg/CK             -      CK      R     (arrival)                          20  0.027       -    0.005  
  retime_s1_112_reg/QN             -      CK->QN  F     DFFRPQNA_X1M_A9PP140ZTUL_C35        1  0.027   0.034    0.039  
  cts_opt_inst_FE_PHC417_n_2471/Y  -      A->Y    F     DLY4_X0P5M_A9PP140ZTUL_C35          2  0.016   0.072    0.111  
  g43808/Y                         -      A1->Y   R     OAI22BB_X0P5M_A9PP140ZTUL_C35       1  0.025   0.025    0.136  
  retime_s1_112_reg/D              -      D       R     DFFRPQNA_X1M_A9PP140ZTUL_C35        1  0.017   0.000    0.136  
#--------------------------------------------------------------------------------------------------------------------
Path 68: MET (0.008 ns) Hold Check with Pin retime_s4_124_reg/CK->D
               View: bc_analysis_view
              Group: reg2reg
         Startpoint: (R) retime_s4_124_reg/CK
              Clock: (R) CLK
           Endpoint: (R) retime_s4_124_reg/D
              Clock: (R) CLK

                       Capture       Launch
         Clock Edge:+    0.000        0.000
        Src Latency:+   -0.109       -0.109
        Net Latency:+    0.109 (P)    0.109 (P)
            Arrival:=   -0.001       -0.001

               Hold:+   -0.006
        Uncertainty:+    0.125
      Required Time:=    0.118
       Launch Clock:=   -0.001
          Data Path:+    0.126
              Slack:=    0.008

#--------------------------------------------------------------------------------------------------------------------
# Timing Point                     Flags  Arc     Edge  Cell                           Fanout  Trans   Delay  Arrival  
#                                                                                               (ns)    (ns)     (ns)  
#--------------------------------------------------------------------------------------------------------------------
  retime_s4_124_reg/CK             -      CK      R     (arrival)                          20  0.027       -   -0.001  
  retime_s4_124_reg/Q              -      CK->Q   R     DFFRPQA_X1M_A9PP140ZTUL_C35         1  0.027   0.035    0.034  
  cts_opt_inst_FE_PHC375_n_3881/Y  -      A->Y    R     DLY4_X0P5M_A9PP140ZTUL_C35          2  0.009   0.065    0.100  
  g43747/Y                         -      B1N->Y  R     OAI22BB_X0P5M_A9PP140ZTUL_C35       1  0.027   0.026    0.126  
  retime_s4_124_reg/D              -      D       R     DFFRPQA_X1M_A9PP140ZTUL_C35         1  0.017   0.000    0.126  
#--------------------------------------------------------------------------------------------------------------------
Path 69: MET (0.008 ns) Hold Check with Pin retime_s4_159_reg/CK->D
               View: bc_analysis_view
              Group: reg2reg
         Startpoint: (R) retime_s4_159_reg/CK
              Clock: (R) CLK
           Endpoint: (R) retime_s4_159_reg/D
              Clock: (R) CLK

                       Capture       Launch
         Clock Edge:+    0.000        0.000
        Src Latency:+   -0.109       -0.109
        Net Latency:+    0.115 (P)    0.115 (P)
            Arrival:=    0.006        0.006

               Hold:+   -0.006
        Uncertainty:+    0.125
      Required Time:=    0.125
       Launch Clock:=    0.006
          Data Path:+    0.127
              Slack:=    0.008

#---------------------------------------------------------------------------------------------------------------------
# Timing Point                      Flags  Arc     Edge  Cell                           Fanout  Trans   Delay  Arrival  
#                                                                                                (ns)    (ns)     (ns)  
#---------------------------------------------------------------------------------------------------------------------
  retime_s4_159_reg/CK              -      CK      R     (arrival)                          20  0.027       -    0.006  
  retime_s4_159_reg/Q               -      CK->Q   R     DFFRPQA_X1M_A9PP140ZTUL_C35         9  0.027   0.053    0.059  
  cts_opt_inst_FE_PHC2026_n_3651/Y  -      A->Y    R     DLY2_X4M_A9PP140ZTUL_C35            1  0.040   0.037    0.095  
  g43924/Y                          -      B1N->Y  R     OAI22BB_X0P5M_A9PP140ZTUL_C35       1  0.012   0.023    0.118  
  cts_opt_inst_FE_PHC1896_n_1028/Y  -      A->Y    R     BUF_X1B_A9PP140ZTUL_C35             1  0.015   0.015    0.132  
  retime_s4_159_reg/D               -      D       R     DFFRPQA_X1M_A9PP140ZTUL_C35         1  0.007   0.000    0.132  
#---------------------------------------------------------------------------------------------------------------------
Path 70: MET (0.008 ns) Hold Check with Pin retime_s8_35_reg/CK->D
               View: bc_analysis_view
              Group: reg2reg
         Startpoint: (R) retime_s8_35_reg/CK
              Clock: (R) CLK
           Endpoint: (R) retime_s8_35_reg/D
              Clock: (R) CLK

                       Capture       Launch
         Clock Edge:+    0.000        0.000
        Src Latency:+   -0.109       -0.109
        Net Latency:+    0.111 (P)    0.111 (P)
            Arrival:=    0.001        0.001

               Hold:+   -0.007
        Uncertainty:+    0.125
      Required Time:=    0.119
       Launch Clock:=    0.001
          Data Path:+    0.126
              Slack:=    0.008

#------------------------------------------------------------------------------------------------------------------
# Timing Point                      Flags  Arc    Edge  Cell                         Fanout  Trans   Delay  Arrival  
#                                                                                             (ns)    (ns)     (ns)  
#------------------------------------------------------------------------------------------------------------------
  retime_s8_35_reg/CK               -      CK     R     (arrival)                        20  0.020       -    0.001  
  retime_s8_35_reg/Q                -      CK->Q  R     DFFRPQA_X1M_A9PP140ZTUL_C35       3  0.020   0.037    0.038  
  g42440/Y                          -      B1->Y  R     AO22_X0P5M_A9PP140ZTUL_C35        1  0.014   0.025    0.064  
  cts_opt_inst_FE_PHC1102_n_1740/Y  -      A->Y   R     DLY4_X0P5M_A9PP140ZTUL_C35        1  0.020   0.064    0.127  
  retime_s8_35_reg/D                -      D      R     DFFRPQA_X1M_A9PP140ZTUL_C35       1  0.019   0.000    0.127  
#------------------------------------------------------------------------------------------------------------------
Path 71: MET (0.008 ns) Hold Check with Pin ro_reg[0][2][4]/CK->D
               View: bc_analysis_view
              Group: reg2reg
         Startpoint: (R) ro_reg[0][2][4]/CK
              Clock: (R) CLK
           Endpoint: (R) ro_reg[0][2][4]/D
              Clock: (R) CLK

                       Capture       Launch
         Clock Edge:+    0.000        0.000
        Src Latency:+   -0.109       -0.109
        Net Latency:+    0.108 (P)    0.108 (P)
            Arrival:=   -0.001       -0.001

               Hold:+   -0.002
        Uncertainty:+    0.125
      Required Time:=    0.122
       Launch Clock:=   -0.001
          Data Path:+    0.131
              Slack:=    0.008

#--------------------------------------------------------------------------------------------------------------------
# Timing Point                      Flags  Arc     Edge  Cell                          Fanout  Trans   Delay  Arrival  
#                                                                                               (ns)    (ns)     (ns)  
#--------------------------------------------------------------------------------------------------------------------
  ro_reg[0][2][4]/CK                -      CK      R     (arrival)                         20  0.027       -   -0.001  
  ro_reg[0][2][4]/QN                -      CK->QN  F     DFFRPQNA_X1M_A9PP140ZTUL_C35       2  0.027   0.034    0.033  
  g41698/Y                          -      B1->Y   R     OAI22_X0P5M_A9PP140ZTUL_C35        1  0.016   0.041    0.074  
  cts_opt_inst_FE_PHC2529_n_2024/Y  -      A->Y    R     DLY2_X0P5M_A9PP140ZTUL_C35         1  0.058   0.042    0.116  
  cts_opt_inst_FE_PHC2869_n_2024/Y  -      A->Y    R     BUFH_X1M_A9PP140ZTUL_C35           1  0.030   0.014    0.130  
  ro_reg[0][2][4]/D                 -      D       R     DFFRPQNA_X1M_A9PP140ZTUL_C35       1  0.007   0.000    0.130  
#--------------------------------------------------------------------------------------------------------------------
Path 72: MET (0.008 ns) Hold Check with Pin retime_s2_73_reg/CK->D
               View: bc_analysis_view
              Group: reg2reg
         Startpoint: (R) retime_s2_73_reg/CK
              Clock: (R) CLK
           Endpoint: (R) retime_s2_73_reg/D
              Clock: (R) CLK

                       Capture       Launch
         Clock Edge:+    0.000        0.000
        Src Latency:+   -0.109       -0.109
        Net Latency:+    0.111 (P)    0.111 (P)
            Arrival:=    0.001        0.001

               Hold:+   -0.007
        Uncertainty:+    0.125
      Required Time:=    0.120
       Launch Clock:=    0.001
          Data Path:+    0.126
              Slack:=    0.008

#------------------------------------------------------------------------------------------------------------------
# Timing Point                      Flags  Arc    Edge  Cell                         Fanout  Trans   Delay  Arrival  
#                                                                                             (ns)    (ns)     (ns)  
#------------------------------------------------------------------------------------------------------------------
  retime_s2_73_reg/CK               -      CK     R     (arrival)                        20  0.028       -    0.001  
  retime_s2_73_reg/Q                -      CK->Q  R     DFFRPQA_X1M_A9PP140ZTUL_C35       6  0.028   0.049    0.050  
  cts_opt_inst_FE_PHC3270_n_3715/Y  -      A->Y   R     BUFH_X1M_A9PP140ZTUL_C35          1  0.032   0.016    0.066  
  g44329/Y                          -      B1->Y  R     AO22_X0P5M_A9PP140ZTUL_C35        1  0.009   0.029    0.095  
  cts_opt_inst_FE_PHC2907_n_629/Y   -      A->Y   R     DLY2_X0P5M_A9PP140ZTUL_C35        1  0.028   0.032    0.128  
  retime_s2_73_reg/D                -      D      R     DFFRPQA_X1M_A9PP140ZTUL_C35       1  0.022   0.000    0.128  
#------------------------------------------------------------------------------------------------------------------
Path 73: MET (0.008 ns) Hold Check with Pin ro_reg[2][5][0]/CK->D
               View: bc_analysis_view
              Group: reg2reg
         Startpoint: (R) ro_reg[2][5][0]/CK
              Clock: (R) CLK
           Endpoint: (R) ro_reg[2][5][0]/D
              Clock: (R) CLK

                       Capture       Launch
         Clock Edge:+    0.000        0.000
        Src Latency:+   -0.109       -0.109
        Net Latency:+    0.110 (P)    0.110 (P)
            Arrival:=    0.001        0.001

               Hold:+   -0.002
        Uncertainty:+    0.125
      Required Time:=    0.124
       Launch Clock:=    0.001
          Data Path:+    0.131
              Slack:=    0.008

#--------------------------------------------------------------------------------------------------------------------
# Timing Point                      Flags  Arc     Edge  Cell                          Fanout  Trans   Delay  Arrival  
#                                                                                               (ns)    (ns)     (ns)  
#--------------------------------------------------------------------------------------------------------------------
  ro_reg[2][5][0]/CK                -      CK      R     (arrival)                         20  0.027       -    0.001  
  ro_reg[2][5][0]/QN                -      CK->QN  F     DFFRPQNA_X1M_A9PP140ZTUL_C35       2  0.027   0.034    0.035  
  g41558/Y                          -      B1->Y   R     OAI22_X0P5M_A9PP140ZTUL_C35        1  0.016   0.026    0.060  
  cts_opt_inst_FE_PHC2148_n_2164/Y  -      A->Y    R     DLY2_X4M_A9PP140ZTUL_C35           1  0.031   0.035    0.095  
  cts_opt_inst_FE_PHC3351_n_2164/Y  -      A->Y    R     BUFH_X1M_A9PP140ZTUL_C35           1  0.013   0.013    0.108  
  cts_opt_inst_FE_PHC3088_n_2164/Y  -      A->Y    R     DLY2_X0P5M_A9PP140ZTUL_C35         1  0.008   0.024    0.132  
  ro_reg[2][5][0]/D                 -      D       R     DFFRPQNA_X1M_A9PP140ZTUL_C35       1  0.016   0.000    0.132  
#--------------------------------------------------------------------------------------------------------------------
Path 74: MET (0.008 ns) Hold Check with Pin MR[3].MC[4].MUL_mul_15_35_retime_s5_19_reg/CK->D
               View: bc_analysis_view
              Group: reg2reg
         Startpoint: (R) MR[3].MC[4].MUL_mul_15_35_retime_s5_19_reg/CK
              Clock: (R) CLK
           Endpoint: (R) MR[3].MC[4].MUL_mul_15_35_retime_s5_19_reg/D
              Clock: (R) CLK

                       Capture       Launch
         Clock Edge:+    0.000        0.000
        Src Latency:+   -0.109       -0.109
        Net Latency:+    0.111 (P)    0.111 (P)
            Arrival:=    0.002        0.002

               Hold:+   -0.007
        Uncertainty:+    0.125
      Required Time:=    0.120
       Launch Clock:=    0.002
          Data Path:+    0.126
              Slack:=    0.008

#---------------------------------------------------------------------------------------------------------------------------------------
# Timing Point                                           Flags  Arc    Edge  Cell                         Fanout  Trans   Delay  Arrival  
#                                                                                                                  (ns)    (ns)     (ns)  
#---------------------------------------------------------------------------------------------------------------------------------------
  MR[3].MC[4].MUL_mul_15_35_retime_s5_19_reg/CK          -      CK     R     (arrival)                        20  0.017       -    0.002  
  MR[3].MC[4].MUL_mul_15_35_retime_s5_19_reg/Q           -      CK->Q  R     DFFRPQA_X1M_A9PP140ZTUL_C35       5  0.017   0.039    0.041  
  MR[3].MC[4].MUL_mul_15_35_g2301/Y                      -      A->Y   R     MXT2_X0P5B_A9PP140ZTUL_C35        1  0.019   0.027    0.068  
  cts_opt_inst_FE_PHC1164_MR_3_MC_4_MUL_mul_15_35_n_6/Y  -      A->Y   R     DLY4_X0P5M_A9PP140ZTUL_C35        1  0.015   0.060    0.128  
  MR[3].MC[4].MUL_mul_15_35_retime_s5_19_reg/D           -      D      R     DFFRPQA_X1M_A9PP140ZTUL_C35       1  0.015   0.000    0.128  
#---------------------------------------------------------------------------------------------------------------------------------------
Path 75: MET (0.008 ns) Hold Check with Pin AR[3].AC[7].ACC_add_31_50_retime_s8_19_reg/CK->D
               View: bc_analysis_view
              Group: reg2reg
         Startpoint: (R) AR[3].AC[7].ACC_add_31_50_retime_s8_19_reg/CK
              Clock: (R) CLK
           Endpoint: (R) AR[3].AC[7].ACC_add_31_50_retime_s8_19_reg/D
              Clock: (R) CLK

                       Capture       Launch
         Clock Edge:+    0.000        0.000
        Src Latency:+   -0.109       -0.109
        Net Latency:+    0.111 (P)    0.111 (P)
            Arrival:=    0.002        0.002

               Hold:+   -0.006
        Uncertainty:+    0.125
      Required Time:=    0.120
       Launch Clock:=    0.002
          Data Path:+    0.127
              Slack:=    0.008

#----------------------------------------------------------------------------------------------------------------------------------------
# Timing Point                                            Flags  Arc    Edge  Cell                         Fanout  Trans   Delay  Arrival  
#                                                                                                                   (ns)    (ns)     (ns)  
#----------------------------------------------------------------------------------------------------------------------------------------
  AR[3].AC[7].ACC_add_31_50_retime_s8_19_reg/CK           -      CK     R     (arrival)                        20  0.020       -    0.002  
  AR[3].AC[7].ACC_add_31_50_retime_s8_19_reg/Q            -      CK->Q  R     DFFRPQA_X1M_A9PP140ZTUL_C35       1  0.020   0.033    0.035  
  cts_opt_inst_FE_PHC905_AR_3_AC_7_ACC_add_31_50_n_42/Y   -      A->Y   R     DLY2_X0P5M_A9PP140ZTUL_C35        2  0.008   0.036    0.071  
  cts_opt_inst_FE_PHC2046_AR_3_AC_7_ACC_add_31_50_n_42/Y  -      A->Y   R     DLY2_X4M_A9PP140ZTUL_C35          1  0.038   0.035    0.107  
  AR[3].AC[7].ACC_add_31_50_g1118/Y                       -      A1->Y  R     AO22_X0P5M_A9PP140ZTUL_C35        1  0.012   0.022    0.128  
  AR[3].AC[7].ACC_add_31_50_retime_s8_19_reg/D            -      D      R     DFFRPQA_X1M_A9PP140ZTUL_C35       1  0.011   0.000    0.128  
#----------------------------------------------------------------------------------------------------------------------------------------
Path 76: MET (0.008 ns) Hold Check with Pin MR[3].MC[4].MUL_mul_15_35_retime_s5_77_reg/CK->D
               View: bc_analysis_view
              Group: reg2reg
         Startpoint: (R) MR[3].MC[4].MUL_mul_15_35_retime_s5_77_reg/CK
              Clock: (R) CLK
           Endpoint: (R) MR[3].MC[4].MUL_mul_15_35_retime_s5_77_reg/D
              Clock: (R) CLK

                       Capture       Launch
         Clock Edge:+    0.000        0.000
        Src Latency:+   -0.109       -0.109
        Net Latency:+    0.111 (P)    0.111 (P)
            Arrival:=    0.002        0.002

               Hold:+   -0.007
        Uncertainty:+    0.125
      Required Time:=    0.120
       Launch Clock:=    0.002
          Data Path:+    0.126
              Slack:=    0.008

#---------------------------------------------------------------------------------------------------------------------------------------
# Timing Point                                           Flags  Arc    Edge  Cell                         Fanout  Trans   Delay  Arrival  
#                                                                                                                  (ns)    (ns)     (ns)  
#---------------------------------------------------------------------------------------------------------------------------------------
  MR[3].MC[4].MUL_mul_15_35_retime_s5_77_reg/CK          -      CK     R     (arrival)                        20  0.017       -    0.002  
  MR[3].MC[4].MUL_mul_15_35_retime_s5_77_reg/Q           -      CK->Q  R     DFFRPQA_X1M_A9PP140ZTUL_C35       5  0.017   0.039    0.041  
  MR[3].MC[4].MUL_mul_15_35_g2304/Y                      -      A->Y   R     MXT2_X0P5B_A9PP140ZTUL_C35        1  0.019   0.027    0.068  
  cts_opt_inst_FE_PHC1155_MR_3_MC_4_MUL_mul_15_35_n_3/Y  -      A->Y   R     DLY4_X0P5M_A9PP140ZTUL_C35        1  0.015   0.061    0.128  
  MR[3].MC[4].MUL_mul_15_35_retime_s5_77_reg/D           -      D      R     DFFRPQA_X1M_A9PP140ZTUL_C35       1  0.016   0.000    0.128  
#---------------------------------------------------------------------------------------------------------------------------------------
Path 77: MET (0.008 ns) Hold Check with Pin retime_s1_9_reg/CK->D
               View: bc_analysis_view
              Group: reg2reg
         Startpoint: (R) VALID_data_reg[2][0]/CK
              Clock: (R) CLK
           Endpoint: (R) retime_s1_9_reg/D
              Clock: (R) CLK

                       Capture       Launch
         Clock Edge:+    0.000        0.000
        Src Latency:+   -0.109       -0.109
        Net Latency:+    0.115 (P)    0.115 (P)
            Arrival:=    0.005        0.005

               Hold:+   -0.006
        Uncertainty:+    0.125
      Required Time:=    0.124
       Launch Clock:=    0.005
          Data Path:+    0.127
              Slack:=    0.008

#------------------------------------------------------------------------------------------------------------------
# Timing Point                    Flags  Arc     Edge  Cell                          Fanout  Trans   Delay  Arrival  
#                                                                                             (ns)    (ns)     (ns)  
#------------------------------------------------------------------------------------------------------------------
  VALID_data_reg[2][0]/CK         -      CK      R     (arrival)                         20  0.027       -    0.005  
  VALID_data_reg[2][0]/QN         -      CK->QN  F     DFFRPQNA_X1M_A9PP140ZTUL_C35       4  0.027   0.036    0.042  
  g44732/Y                        -      B->Y    R     NAND2B_X0P5M_A9PP140ZTUL_C35       1  0.019   0.021    0.063  
  cts_opt_inst_FE_PHC594_n_231/Y  -      A->Y    R     DLY4_X4M_A9PP140ZTUL_C35           1  0.024   0.069    0.132  
  retime_s1_9_reg/D               -      D       R     DFFRPQA_X1M_A9PP140ZTUL_C35        1  0.014   0.000    0.132  
#------------------------------------------------------------------------------------------------------------------
Path 78: MET (0.008 ns) Hold Check with Pin retime_s1_7_reg/CK->D
               View: bc_analysis_view
              Group: reg2reg
         Startpoint: (R) retime_s1_7_reg/CK
              Clock: (R) CLK
           Endpoint: (R) retime_s1_7_reg/D
              Clock: (R) CLK

                       Capture       Launch
         Clock Edge:+    0.000        0.000
        Src Latency:+   -0.109       -0.109
        Net Latency:+    0.112 (P)    0.112 (P)
            Arrival:=    0.003        0.003

               Hold:+   -0.006
        Uncertainty:+    0.125
      Required Time:=    0.121
       Launch Clock:=    0.003
          Data Path:+    0.127
              Slack:=    0.008

#-------------------------------------------------------------------------------------------------------------------
# Timing Point                      Flags  Arc    Edge  Cell                          Fanout  Trans   Delay  Arrival  
#                                                                                              (ns)    (ns)     (ns)  
#-------------------------------------------------------------------------------------------------------------------
  retime_s1_7_reg/CK                -      CK     R     (arrival)                         20  0.027       -    0.003  
  retime_s1_7_reg/Q                 -      CK->Q  R     DFFRPQA_X1M_A9PP140ZTUL_C35        2  0.027   0.037    0.040  
  cts_opt_inst_FE_PHC2248_n_4551/Y  -      A->Y   R     BUFH_X1M_A9PP140ZTUL_C35           1  0.012   0.013    0.053  
  cts_opt_inst_FE_PHC717_n_4551/Y   -      A->Y   R     DLY4_X0P5M_A9PP140ZTUL_C35         1  0.009   0.058    0.111  
  g43866/Y                          -      AN->Y  R     NAND2B_X0P5M_A9PP140ZTUL_C35       1  0.015   0.018    0.129  
  retime_s1_7_reg/D                 -      D      R     DFFRPQA_X1M_A9PP140ZTUL_C35        1  0.014   0.000    0.129  
#-------------------------------------------------------------------------------------------------------------------
Path 79: MET (0.008 ns) Hold Check with Pin retime_s3_251_reg/CK->D
               View: bc_analysis_view
              Group: reg2reg
         Startpoint: (R) retime_s3_251_reg/CK
              Clock: (R) CLK
           Endpoint: (R) retime_s3_251_reg/D
              Clock: (R) CLK

                       Capture       Launch
         Clock Edge:+    0.000        0.000
        Src Latency:+   -0.109       -0.109
        Net Latency:+    0.107 (P)    0.107 (P)
            Arrival:=   -0.003       -0.003

               Hold:+   -0.006
        Uncertainty:+    0.125
      Required Time:=    0.116
       Launch Clock:=   -0.003
          Data Path:+    0.127
              Slack:=    0.008

#-----------------------------------------------------------------------------------------------------------------
# Timing Point                     Flags  Arc    Edge  Cell                         Fanout  Trans   Delay  Arrival  
#                                                                                            (ns)    (ns)     (ns)  
#-----------------------------------------------------------------------------------------------------------------
  retime_s3_251_reg/CK             -      CK     R     (arrival)                        20  0.012       -   -0.003  
  retime_s3_251_reg/Q              -      CK->Q  R     DFFRPQA_X1M_A9PP140ZTUL_C35      17  0.012   0.063    0.060  
  cts_opt_inst_FE_PHC722_n_3784/Y  -      A->Y   R     DLY2_X4M_A9PP140ZTUL_C35          1  0.064   0.043    0.103  
  place_opt_inst_FE_RC_1_0/Y       -      B->Y   R     MXT2_X0P5B_A9PP140ZTUL_C35        1  0.014   0.021    0.124  
  retime_s3_251_reg/D              -      D      R     DFFRPQA_X1M_A9PP140ZTUL_C35       1  0.009   0.000    0.124  
#-----------------------------------------------------------------------------------------------------------------
Path 80: MET (0.008 ns) Hold Check with Pin AR[1].AC[1].ACC_add_31_50_retime_s3_198_reg/CK->D
               View: bc_analysis_view
              Group: reg2reg
         Startpoint: (R) AR[1].AC[1].ACC_add_31_50_retime_s3_198_reg/CK
              Clock: (R) CLK
           Endpoint: (R) AR[1].AC[1].ACC_add_31_50_retime_s3_198_reg/D
              Clock: (R) CLK

                       Capture       Launch
         Clock Edge:+    0.000        0.000
        Src Latency:+   -0.109       -0.109
        Net Latency:+    0.112 (P)    0.112 (P)
            Arrival:=    0.003        0.003

               Hold:+   -0.006
        Uncertainty:+    0.125
      Required Time:=    0.121
       Launch Clock:=    0.003
          Data Path:+    0.127
              Slack:=    0.008

#----------------------------------------------------------------------------------------------------------------------------------------
# Timing Point                                            Flags  Arc    Edge  Cell                         Fanout  Trans   Delay  Arrival  
#                                                                                                                   (ns)    (ns)     (ns)  
#----------------------------------------------------------------------------------------------------------------------------------------
  AR[1].AC[1].ACC_add_31_50_retime_s3_198_reg/CK          -      CK     R     (arrival)                        20  0.023       -    0.003  
  AR[1].AC[1].ACC_add_31_50_retime_s3_198_reg/Q           -      CK->Q  R     DFFRPQA_X1M_A9PP140ZTUL_C35       2  0.023   0.046    0.049  
  cts_opt_inst_FE_PHC2318_AR_1_AC_1_ACC_add_31_50_n_37/Y  -      A->Y   R     DLY2_X0P5M_A9PP140ZTUL_C35        1  0.030   0.050    0.099  
  AR[1].AC[1].ACC_add_31_50_g1103/Y                       -      A1->Y  R     AO22_X0P5M_A9PP140ZTUL_C35        1  0.053   0.030    0.129  
  AR[1].AC[1].ACC_add_31_50_retime_s3_198_reg/D           -      D      R     DFFRPQA_X1M_A9PP140ZTUL_C35       1  0.014   0.000    0.129  
#----------------------------------------------------------------------------------------------------------------------------------------
Path 81: MET (0.008 ns) Hold Check with Pin retime_s2_78_reg/CK->D
               View: bc_analysis_view
              Group: reg2reg
         Startpoint: (R) retime_s2_138_reg/CK
              Clock: (R) CLK
           Endpoint: (R) retime_s2_78_reg/D
              Clock: (R) CLK

                       Capture       Launch
         Clock Edge:+    0.000        0.000
        Src Latency:+   -0.109       -0.109
        Net Latency:+    0.114 (P)    0.111 (P)
            Arrival:=    0.005        0.001

               Hold:+   -0.002
        Uncertainty:+    0.125
      Required Time:=    0.128
       Launch Clock:=    0.001
          Data Path:+    0.135
              Slack:=    0.008

#--------------------------------------------------------------------------------------------------------------------
# Timing Point                     Flags  Arc     Edge  Cell                           Fanout  Trans   Delay  Arrival  
#                                                                                               (ns)    (ns)     (ns)  
#--------------------------------------------------------------------------------------------------------------------
  retime_s2_138_reg/CK             -      CK      R     (arrival)                          20  0.028       -    0.001  
  retime_s2_138_reg/Q              -      CK->Q   R     DFFRPQA_X1M_A9PP140ZTUL_C35         5  0.028   0.047    0.049  
  cts_opt_inst_FE_PHC386_n_3636/Y  -      A->Y    R     DLY2_X0P5M_A9PP140ZTUL_C35          2  0.029   0.040    0.089  
  g39985__5107/Y                   -      A->Y    R     AND2_X0P5B_A9PP140ZTUL_C35          1  0.035   0.023    0.112  
  g44335/Y                         -      B1N->Y  R     OAI22BB_X0P5M_A9PP140ZTUL_C35       1  0.012   0.024    0.136  
  retime_s2_78_reg/D               -      D       R     DFFRPQNA_X1M_A9PP140ZTUL_C35        1  0.018   0.000    0.136  
#--------------------------------------------------------------------------------------------------------------------
Path 82: MET (0.008 ns) Hold Check with Pin AR[2].AC[1].ACC_add_31_50_retime_s3_115_reg/CK->D
               View: bc_analysis_view
              Group: reg2reg
         Startpoint: (R) AR[2].AC[1].ACC_add_31_50_retime_s3_115_reg/CK
              Clock: (R) CLK
           Endpoint: (R) AR[2].AC[1].ACC_add_31_50_retime_s3_115_reg/D
              Clock: (R) CLK

                       Capture       Launch
         Clock Edge:+    0.000        0.000
        Src Latency:+   -0.109       -0.109
        Net Latency:+    0.111 (P)    0.111 (P)
            Arrival:=    0.001        0.001

               Hold:+   -0.006
        Uncertainty:+    0.125
      Required Time:=    0.120
       Launch Clock:=    0.001
          Data Path:+    0.127
              Slack:=    0.008

#---------------------------------------------------------------------------------------------------------------------------------------
# Timing Point                                           Flags  Arc    Edge  Cell                         Fanout  Trans   Delay  Arrival  
#                                                                                                                  (ns)    (ns)     (ns)  
#---------------------------------------------------------------------------------------------------------------------------------------
  AR[2].AC[1].ACC_add_31_50_retime_s3_115_reg/CK         -      CK     R     (arrival)                        20  0.027       -    0.001  
  AR[2].AC[1].ACC_add_31_50_retime_s3_115_reg/Q          -      CK->Q  R     DFFRPQA_X1M_A9PP140ZTUL_C35       2  0.027   0.038    0.039  
  cts_opt_inst_FE_PHC510_AR_2_AC_1_ACC_add_31_50_n_45/Y  -      A->Y   R     DLY4_X0P5M_A9PP140ZTUL_C35        1  0.013   0.065    0.104  
  AR[2].AC[1].ACC_add_31_50_g1102/Y                      -      A1->Y  R     AO22_X0P5M_A9PP140ZTUL_C35        1  0.024   0.024    0.128  
  AR[2].AC[1].ACC_add_31_50_retime_s3_115_reg/D          -      D      R     DFFRPQA_X1M_A9PP140ZTUL_C35       1  0.011   0.000    0.128  
#---------------------------------------------------------------------------------------------------------------------------------------
Path 83: MET (0.008 ns) Hold Check with Pin retime_s7_36_reg/CK->D
               View: bc_analysis_view
              Group: reg2reg
         Startpoint: (R) retime_s7_36_reg/CK
              Clock: (R) CLK
           Endpoint: (R) retime_s7_36_reg/D
              Clock: (R) CLK

                       Capture       Launch
         Clock Edge:+    0.000        0.000
        Src Latency:+   -0.109       -0.109
        Net Latency:+    0.111 (P)    0.111 (P)
            Arrival:=    0.001        0.001

               Hold:+   -0.006
        Uncertainty:+    0.125
      Required Time:=    0.120
       Launch Clock:=    0.001
          Data Path:+    0.127
              Slack:=    0.008

#------------------------------------------------------------------------------------------------------------------
# Timing Point                      Flags  Arc    Edge  Cell                         Fanout  Trans   Delay  Arrival  
#                                                                                             (ns)    (ns)     (ns)  
#------------------------------------------------------------------------------------------------------------------
  retime_s7_36_reg/CK               -      CK     R     (arrival)                        20  0.026       -    0.001  
  retime_s7_36_reg/Q                -      CK->Q  R     DFFRPQA_X1M_A9PP140ZTUL_C35       2  0.026   0.039    0.040  
  g40332/Y                          -      A->Y   R     AND2_X0P5B_A9PP140ZTUL_C35        1  0.015   0.029    0.069  
  AR[3].AC[5].ACC_add_31_50_g381/S  -      B->S   R     ADDF_X1M_A9PP140ZTUL_C35          1  0.025   0.025    0.093  
  g42504/Y                          -      A0->Y  R     AO22_X0P5M_A9PP140ZTUL_C35        1  0.010   0.023    0.116  
  cts_opt_inst_FE_PHC1901_n_1676/Y  -      A->Y   R     BUFH_X1M_A9PP140ZTUL_C35          1  0.014   0.012    0.128  
  retime_s7_36_reg/D                -      D      R     DFFRPQA_X1M_A9PP140ZTUL_C35       1  0.007   0.000    0.128  
#------------------------------------------------------------------------------------------------------------------
Path 84: MET (0.008 ns) Hold Check with Pin retime_s2_1_reg/CK->D
               View: bc_analysis_view
              Group: reg2reg
         Startpoint: (R) retime_s2_1_reg/CK
              Clock: (R) CLK
           Endpoint: (R) retime_s2_1_reg/D
              Clock: (R) CLK

                       Capture       Launch
         Clock Edge:+    0.000        0.000
        Src Latency:+   -0.109       -0.109
        Net Latency:+    0.114 (P)    0.114 (P)
            Arrival:=    0.004        0.004

               Hold:+   -0.006
        Uncertainty:+    0.125
      Required Time:=    0.123
       Launch Clock:=    0.004
          Data Path:+    0.127
              Slack:=    0.008

#---------------------------------------------------------------------------------------------------------------------
# Timing Point                      Flags  Arc     Edge  Cell                           Fanout  Trans   Delay  Arrival  
#                                                                                                (ns)    (ns)     (ns)  
#---------------------------------------------------------------------------------------------------------------------
  retime_s2_1_reg/CK                -      CK      R     (arrival)                          20  0.028       -    0.004  
  retime_s2_1_reg/Q                 -      CK->Q   R     DFFRPQA_X1M_A9PP140ZTUL_C35        13  0.028   0.063    0.067  
  cts_opt_inst_FE_PHC1981_n_4547/Y  -      A->Y    R     DLY2_X4M_A9PP140ZTUL_C35            1  0.058   0.041    0.108  
  g42632/Y                          -      B1N->Y  R     OAI22BB_X0P5M_A9PP140ZTUL_C35       1  0.013   0.023    0.131  
  retime_s2_1_reg/D                 -      D       R     DFFRPQA_X1M_A9PP140ZTUL_C35         1  0.016   0.000    0.131  
#---------------------------------------------------------------------------------------------------------------------
Path 85: MET (0.008 ns) Hold Check with Pin AR[2].AC[1].ACC_add_31_50_retime_s3_10_reg/CK->D
               View: bc_analysis_view
              Group: reg2reg
         Startpoint: (R) AR[2].AC[1].ACC_add_31_50_retime_s3_10_reg/CK
              Clock: (R) CLK
           Endpoint: (R) AR[2].AC[1].ACC_add_31_50_retime_s3_10_reg/D
              Clock: (R) CLK

                       Capture       Launch
         Clock Edge:+    0.000        0.000
        Src Latency:+   -0.109       -0.109
        Net Latency:+    0.112 (P)    0.112 (P)
            Arrival:=    0.002        0.002

               Hold:+   -0.006
        Uncertainty:+    0.125
      Required Time:=    0.121
       Launch Clock:=    0.002
          Data Path:+    0.127
              Slack:=    0.008

#----------------------------------------------------------------------------------------------------------------------------------------
# Timing Point                                            Flags  Arc    Edge  Cell                         Fanout  Trans   Delay  Arrival  
#                                                                                                                   (ns)    (ns)     (ns)  
#----------------------------------------------------------------------------------------------------------------------------------------
  AR[2].AC[1].ACC_add_31_50_retime_s3_10_reg/CK           -      CK     R     (arrival)                        20  0.027       -    0.002  
  AR[2].AC[1].ACC_add_31_50_retime_s3_10_reg/Q            -      CK->Q  R     DFFRPQA_X1M_A9PP140ZTUL_C35       2  0.027   0.052    0.054  
  cts_opt_inst_FE_PHC2254_AR_2_AC_1_ACC_add_31_50_n_47/Y  -      A->Y   R     DLY2_X0P5M_A9PP140ZTUL_C35        1  0.038   0.047    0.101  
  AR[2].AC[1].ACC_add_31_50_g1114/Y                       -      A1->Y  R     AO22_X0P5M_A9PP140ZTUL_C35        1  0.043   0.029    0.129  
  AR[2].AC[1].ACC_add_31_50_retime_s3_10_reg/D            -      D      R     DFFRPQA_X1M_A9PP140ZTUL_C35       1  0.013   0.000    0.129  
#----------------------------------------------------------------------------------------------------------------------------------------
Path 86: MET (0.008 ns) Hold Check with Pin ro_reg[1][7][8]/CK->D
               View: bc_analysis_view
              Group: reg2reg
         Startpoint: (R) ro_reg[1][7][8]/CK
              Clock: (R) CLK
           Endpoint: (R) ro_reg[1][7][8]/D
              Clock: (R) CLK

                       Capture       Launch
         Clock Edge:+    0.000        0.000
        Src Latency:+   -0.109       -0.109
        Net Latency:+    0.113 (P)    0.113 (P)
            Arrival:=    0.004        0.004

               Hold:+   -0.006
        Uncertainty:+    0.125
      Required Time:=    0.122
       Launch Clock:=    0.004
          Data Path:+    0.127
              Slack:=    0.008

#------------------------------------------------------------------------------------------------------------------------
# Timing Point                         Flags  Arc     Edge  Cell                           Fanout  Trans   Delay  Arrival  
#                                                                                                   (ns)    (ns)     (ns)  
#------------------------------------------------------------------------------------------------------------------------
  ro_reg[1][7][8]/CK                   -      CK      R     (arrival)                          20  0.027       -    0.004  
  ro_reg[1][7][8]/Q                    -      CK->Q   R     DFFRPQA_X1M_A9PP140ZTUL_C35         2  0.027   0.043    0.047  
  cts_opt_inst_FE_PHC563_m_data_1_8/Y  -      A->Y    R     DLY4_X0P5M_A9PP140ZTUL_C35          1  0.021   0.061    0.108  
  g41598/Y                             -      B1N->Y  R     OAI22BB_X0P5M_A9PP140ZTUL_C35       1  0.014   0.023    0.131  
  ro_reg[1][7][8]/D                    -      D       R     DFFRPQA_X1M_A9PP140ZTUL_C35         1  0.015   0.000    0.131  
#------------------------------------------------------------------------------------------------------------------------
Path 87: MET (0.008 ns) Hold Check with Pin retime_s8_47_reg/CK->D
               View: bc_analysis_view
              Group: reg2reg
         Startpoint: (R) retime_s8_47_reg/CK
              Clock: (R) CLK
           Endpoint: (R) retime_s8_47_reg/D
              Clock: (R) CLK

                       Capture       Launch
         Clock Edge:+    0.000        0.000
        Src Latency:+   -0.109       -0.109
        Net Latency:+    0.113 (P)    0.113 (P)
            Arrival:=    0.004        0.004

               Hold:+   -0.007
        Uncertainty:+    0.125
      Required Time:=    0.122
       Launch Clock:=    0.004
          Data Path:+    0.127
              Slack:=    0.008

#-----------------------------------------------------------------------------------------------------------------
# Timing Point                     Flags  Arc    Edge  Cell                         Fanout  Trans   Delay  Arrival  
#                                                                                            (ns)    (ns)     (ns)  
#-----------------------------------------------------------------------------------------------------------------
  retime_s8_47_reg/CK              -      CK     R     (arrival)                        20  0.028       -    0.004  
  retime_s8_47_reg/Q               -      CK->Q  R     DFFRPQA_X1M_A9PP140ZTUL_C35       2  0.028   0.038    0.042  
  cts_opt_inst_FE_PHC371_n_3992/Y  -      A->Y   R     DLY4_X0P5M_A9PP140ZTUL_C35        2  0.013   0.062    0.104  
  g42499/Y                         -      B1->Y  R     AO22_X0P5M_A9PP140ZTUL_C35        1  0.020   0.026    0.130  
  retime_s8_47_reg/D               -      D      R     DFFRPQA_X1M_A9PP140ZTUL_C35       1  0.020   0.000    0.130  
#-----------------------------------------------------------------------------------------------------------------
Path 88: MET (0.008 ns) Hold Check with Pin retime_s2_19_reg/CK->D
               View: bc_analysis_view
              Group: reg2reg
         Startpoint: (R) retime_s2_19_reg/CK
              Clock: (R) CLK
           Endpoint: (R) retime_s2_19_reg/D
              Clock: (R) CLK

                       Capture       Launch
         Clock Edge:+    0.000        0.000
        Src Latency:+   -0.109       -0.109
        Net Latency:+    0.110 (P)    0.110 (P)
            Arrival:=    0.000        0.000

               Hold:+   -0.006
        Uncertainty:+    0.125
      Required Time:=    0.119
       Launch Clock:=    0.000
          Data Path:+    0.127
              Slack:=    0.008

#------------------------------------------------------------------------------------------------------------------
# Timing Point                      Flags  Arc    Edge  Cell                         Fanout  Trans   Delay  Arrival  
#                                                                                             (ns)    (ns)     (ns)  
#------------------------------------------------------------------------------------------------------------------
  retime_s2_19_reg/CK               -      CK     R     (arrival)                        20  0.029       -    0.000  
  retime_s2_19_reg/Q                -      CK->Q  R     DFFRPQA_X1M_A9PP140ZTUL_C35       6  0.029   0.047    0.047  
  cts_opt_inst_FE_PHC2729_n_3773/Y  -      A->Y   R     DLY2_X0P5M_A9PP140ZTUL_C35        1  0.028   0.035    0.082  
  g44268/Y                          -      B1->Y  R     AO22_X0P5M_A9PP140ZTUL_C35        1  0.026   0.023    0.104  
  cts_opt_inst_FE_PHC2567_n_690/Y   -      A->Y   R     DLY2_X0P5M_A9PP140ZTUL_C35        1  0.013   0.023    0.127  
  retime_s2_19_reg/D                -      D      R     DFFRPQA_X1M_A9PP140ZTUL_C35       1  0.013   0.000    0.127  
#------------------------------------------------------------------------------------------------------------------
Path 89: MET (0.008 ns) Hold Check with Pin ro_reg[1][7][13]/CK->D
               View: bc_analysis_view
              Group: reg2reg
         Startpoint: (R) ro_reg[1][7][13]/CK
              Clock: (R) CLK
           Endpoint: (R) ro_reg[1][7][13]/D
              Clock: (R) CLK

                       Capture       Launch
         Clock Edge:+    0.000        0.000
        Src Latency:+   -0.109       -0.109
        Net Latency:+    0.113 (P)    0.113 (P)
            Arrival:=    0.004        0.004

               Hold:+   -0.006
        Uncertainty:+    0.125
      Required Time:=    0.122
       Launch Clock:=    0.004
          Data Path:+    0.127
              Slack:=    0.008

#-------------------------------------------------------------------------------------------------------------------------
# Timing Point                          Flags  Arc     Edge  Cell                           Fanout  Trans   Delay  Arrival  
#                                                                                                    (ns)    (ns)     (ns)  
#-------------------------------------------------------------------------------------------------------------------------
  ro_reg[1][7][13]/CK                   -      CK      R     (arrival)                          20  0.027       -    0.004  
  ro_reg[1][7][13]/Q                    -      CK->Q   R     DFFRPQA_X1M_A9PP140ZTUL_C35         2  0.027   0.044    0.048  
  cts_opt_inst_FE_PHC548_m_data_1_13/Y  -      A->Y    R     DLY4_X0P5M_A9PP140ZTUL_C35          1  0.023   0.061    0.109  
  g41603/Y                              -      B1N->Y  R     OAI22BB_X0P5M_A9PP140ZTUL_C35       1  0.013   0.022    0.131  
  ro_reg[1][7][13]/D                    -      D       R     DFFRPQA_X1M_A9PP140ZTUL_C35         1  0.014   0.000    0.131  
#-------------------------------------------------------------------------------------------------------------------------
Path 90: MET (0.008 ns) Hold Check with Pin AR[1].AC[1].ACC_add_31_50_retime_s3_117_reg/CK->D
               View: bc_analysis_view
              Group: reg2reg
         Startpoint: (R) AR[1].AC[1].ACC_add_31_50_retime_s3_117_reg/CK
              Clock: (R) CLK
           Endpoint: (R) AR[1].AC[1].ACC_add_31_50_retime_s3_117_reg/D
              Clock: (R) CLK

                       Capture       Launch
         Clock Edge:+    0.000        0.000
        Src Latency:+   -0.109       -0.109
        Net Latency:+    0.114 (P)    0.114 (P)
            Arrival:=    0.004        0.004

               Hold:+   -0.006
        Uncertainty:+    0.125
      Required Time:=    0.123
       Launch Clock:=    0.004
          Data Path:+    0.127
              Slack:=    0.008

#----------------------------------------------------------------------------------------------------------------------------------------
# Timing Point                                            Flags  Arc    Edge  Cell                         Fanout  Trans   Delay  Arrival  
#                                                                                                                   (ns)    (ns)     (ns)  
#----------------------------------------------------------------------------------------------------------------------------------------
  AR[1].AC[1].ACC_add_31_50_retime_s3_117_reg/CK          -      CK     R     (arrival)                        20  0.028       -    0.004  
  AR[1].AC[1].ACC_add_31_50_retime_s3_117_reg/Q           -      CK->Q  R     DFFRPQA_X1M_A9PP140ZTUL_C35       2  0.028   0.051    0.055  
  cts_opt_inst_FE_PHC2310_AR_1_AC_1_ACC_add_31_50_n_43/Y  -      A->Y   R     DLY2_X0P5M_A9PP140ZTUL_C35        1  0.036   0.047    0.103  
  AR[1].AC[1].ACC_add_31_50_g1105/Y                       -      A1->Y  R     AO22_X0P5M_A9PP140ZTUL_C35        1  0.045   0.029    0.131  
  AR[1].AC[1].ACC_add_31_50_retime_s3_117_reg/D           -      D      R     DFFRPQA_X1M_A9PP140ZTUL_C35       1  0.013   0.000    0.131  
#----------------------------------------------------------------------------------------------------------------------------------------
Path 91: MET (0.008 ns) Hold Check with Pin ro_reg[1][7][6]/CK->D
               View: bc_analysis_view
              Group: reg2reg
         Startpoint: (R) ro_reg[1][7][6]/CK
              Clock: (R) CLK
           Endpoint: (R) ro_reg[1][7][6]/D
              Clock: (R) CLK

                       Capture       Launch
         Clock Edge:+    0.000        0.000
        Src Latency:+   -0.109       -0.109
        Net Latency:+    0.111 (P)    0.111 (P)
            Arrival:=    0.002        0.002

               Hold:+   -0.006
        Uncertainty:+    0.125
      Required Time:=    0.121
       Launch Clock:=    0.002
          Data Path:+    0.127
              Slack:=    0.008

#------------------------------------------------------------------------------------------------------------------------
# Timing Point                         Flags  Arc     Edge  Cell                           Fanout  Trans   Delay  Arrival  
#                                                                                                   (ns)    (ns)     (ns)  
#------------------------------------------------------------------------------------------------------------------------
  ro_reg[1][7][6]/CK                   -      CK      R     (arrival)                          20  0.027       -    0.002  
  ro_reg[1][7][6]/Q                    -      CK->Q   R     DFFRPQA_X1M_A9PP140ZTUL_C35         2  0.027   0.042    0.044  
  cts_opt_inst_FE_PHC547_m_data_1_6/Y  -      A->Y    R     DLY4_X0P5M_A9PP140ZTUL_C35          1  0.021   0.062    0.106  
  g41595/Y                             -      B1N->Y  R     OAI22BB_X0P5M_A9PP140ZTUL_C35       1  0.016   0.023    0.129  
  ro_reg[1][7][6]/D                    -      D       R     DFFRPQA_X1M_A9PP140ZTUL_C35         1  0.014   0.000    0.129  
#------------------------------------------------------------------------------------------------------------------------
Path 92: MET (0.008 ns) Hold Check with Pin retime_s1_170_reg/CK->D
               View: bc_analysis_view
              Group: reg2reg
         Startpoint: (R) retime_s1_170_reg/CK
              Clock: (R) CLK
           Endpoint: (R) retime_s1_170_reg/D
              Clock: (R) CLK

                       Capture       Launch
         Clock Edge:+    0.000        0.000
        Src Latency:+   -0.109       -0.109
        Net Latency:+    0.110 (P)    0.110 (P)
            Arrival:=    0.001        0.001

               Hold:+   -0.006
        Uncertainty:+    0.125
      Required Time:=    0.119
       Launch Clock:=    0.001
          Data Path:+    0.127
              Slack:=    0.008

#-----------------------------------------------------------------------------------------------------------------------------
# Timing Point                                 Flags  Arc    Edge  Cell                         Fanout  Trans   Delay  Arrival  
#                                                                                                        (ns)    (ns)     (ns)  
#-----------------------------------------------------------------------------------------------------------------------------
  retime_s1_170_reg/CK                         -      CK     R     (arrival)                        20  0.020       -    0.001  
  retime_s1_170_reg/Q                          -      CK->Q  R     DFFRPQA_X1M_A9PP140ZTUL_C35       1  0.020   0.034    0.035  
  cts_opt_inst_FE_PHC460_TRI_K_buffer_2_6_6/Y  -      A->Y   R     DLY4_X0P5M_A9PP140ZTUL_C35        2  0.010   0.069    0.104  
  g43841/Y                                     -      B1->Y  R     AO22_X0P5M_A9PP140ZTUL_C35        1  0.034   0.023    0.128  
  retime_s1_170_reg/D                          -      D      R     DFFRPQA_X1M_A9PP140ZTUL_C35       1  0.013   0.000    0.128  
#-----------------------------------------------------------------------------------------------------------------------------
Path 93: MET (0.008 ns) Hold Check with Pin retime_s2_167_reg/CK->D
               View: bc_analysis_view
              Group: reg2reg
         Startpoint: (R) retime_s2_167_reg/CK
              Clock: (R) CLK
           Endpoint: (R) retime_s2_167_reg/D
              Clock: (R) CLK

                       Capture       Launch
         Clock Edge:+    0.000        0.000
        Src Latency:+   -0.109       -0.109
        Net Latency:+    0.110 (P)    0.110 (P)
            Arrival:=    0.000        0.000

               Hold:+   -0.002
        Uncertainty:+    0.125
      Required Time:=    0.123
       Launch Clock:=    0.000
          Data Path:+    0.131
              Slack:=    0.008

#-------------------------------------------------------------------------------------------------------------------
# Timing Point                     Flags  Arc     Edge  Cell                          Fanout  Trans   Delay  Arrival  
#                                                                                              (ns)    (ns)     (ns)  
#-------------------------------------------------------------------------------------------------------------------
  retime_s2_167_reg/CK             -      CK      R     (arrival)                         20  0.027       -    0.000  
  retime_s2_167_reg/QN             -      CK->QN  F     DFFRPQNA_X1M_A9PP140ZTUL_C35       1  0.027   0.032    0.032  
  cts_opt_inst_FE_PHC319_n_2476/Y  -      A->Y    F     DLY4_X1M_A9PP140ZTUL_C35           3  0.013   0.076    0.108  
  g44420/Y                         -      B1->Y   R     OAI22_X0P5M_A9PP140ZTUL_C35        1  0.029   0.023    0.132  
  retime_s2_167_reg/D              -      D       R     DFFRPQNA_X1M_A9PP140ZTUL_C35       1  0.022   0.000    0.132  
#-------------------------------------------------------------------------------------------------------------------
Path 94: MET (0.008 ns) Hold Check with Pin retime_s1_63_reg/CK->D
               View: bc_analysis_view
              Group: reg2reg
         Startpoint: (R) retime_s1_63_reg/CK
              Clock: (R) CLK
           Endpoint: (R) retime_s1_63_reg/D
              Clock: (R) CLK

                       Capture       Launch
         Clock Edge:+    0.000        0.000
        Src Latency:+   -0.109       -0.109
        Net Latency:+    0.111 (P)    0.111 (P)
            Arrival:=    0.001        0.001

               Hold:+   -0.002
        Uncertainty:+    0.125
      Required Time:=    0.125
       Launch Clock:=    0.001
          Data Path:+    0.132
              Slack:=    0.008

#---------------------------------------------------------------------------------------------------------------------
# Timing Point                      Flags  Arc     Edge  Cell                           Fanout  Trans   Delay  Arrival  
#                                                                                                (ns)    (ns)     (ns)  
#---------------------------------------------------------------------------------------------------------------------
  retime_s1_63_reg/CK               -      CK      R     (arrival)                          20  0.028       -    0.001  
  retime_s1_63_reg/QN               -      CK->QN  F     DFFRPQNA_X1M_A9PP140ZTUL_C35        1  0.028   0.033    0.035  
  cts_opt_inst_FE_PHC2195_n_2502/Y  -      A->Y    F     BUFH_X1M_A9PP140ZTUL_C35            1  0.015   0.015    0.049  
  cts_opt_inst_FE_PHC383_n_2502/Y   -      A->Y    F     DLY4_X0P5M_A9PP140ZTUL_C35          2  0.007   0.064    0.113  
  g43793/Y                          -      A1->Y   R     OAI22BB_X0P5M_A9PP140ZTUL_C35       1  0.018   0.020    0.133  
  retime_s1_63_reg/D                -      D       R     DFFRPQNA_X1M_A9PP140ZTUL_C35        1  0.014   0.000    0.133  
#---------------------------------------------------------------------------------------------------------------------
Path 95: MET (0.009 ns) Hold Check with Pin MR[3].MC[4].MUL_mul_15_35_retime_s3_85_reg/CK->D
               View: bc_analysis_view
              Group: reg2reg
         Startpoint: (R) MR[3].MC[4].MUL_mul_15_35_retime_s3_85_reg/CK
              Clock: (R) CLK
           Endpoint: (R) MR[3].MC[4].MUL_mul_15_35_retime_s3_85_reg/D
              Clock: (R) CLK

                       Capture       Launch
         Clock Edge:+    0.000        0.000
        Src Latency:+   -0.109       -0.109
        Net Latency:+    0.111 (P)    0.111 (P)
            Arrival:=    0.002        0.002

               Hold:+   -0.007
        Uncertainty:+    0.125
      Required Time:=    0.120
       Launch Clock:=    0.002
          Data Path:+    0.127
              Slack:=    0.009

#---------------------------------------------------------------------------------------------------------------------------------------
# Timing Point                                           Flags  Arc    Edge  Cell                         Fanout  Trans   Delay  Arrival  
#                                                                                                                  (ns)    (ns)     (ns)  
#---------------------------------------------------------------------------------------------------------------------------------------
  MR[3].MC[4].MUL_mul_15_35_retime_s3_85_reg/CK          -      CK     R     (arrival)                        20  0.017       -    0.002  
  MR[3].MC[4].MUL_mul_15_35_retime_s3_85_reg/Q           -      CK->Q  R     DFFRPQA_X1M_A9PP140ZTUL_C35       5  0.017   0.038    0.040  
  MR[3].MC[4].MUL_mul_15_35_g2306/Y                      -      A->Y   R     MXT2_X0P5B_A9PP140ZTUL_C35        1  0.018   0.027    0.067  
  cts_opt_inst_FE_PHC1159_MR_3_MC_4_MUL_mul_15_35_n_1/Y  -      A->Y   R     DLY4_X0P5M_A9PP140ZTUL_C35        1  0.015   0.061    0.129  
  MR[3].MC[4].MUL_mul_15_35_retime_s3_85_reg/D           -      D      R     DFFRPQA_X1M_A9PP140ZTUL_C35       1  0.017   0.000    0.129  
#---------------------------------------------------------------------------------------------------------------------------------------
Path 96: MET (0.009 ns) Hold Check with Pin ro_reg[1][7][10]/CK->D
               View: bc_analysis_view
              Group: reg2reg
         Startpoint: (R) ro_reg[1][7][10]/CK
              Clock: (R) CLK
           Endpoint: (R) ro_reg[1][7][10]/D
              Clock: (R) CLK

                       Capture       Launch
         Clock Edge:+    0.000        0.000
        Src Latency:+   -0.109       -0.109
        Net Latency:+    0.113 (P)    0.113 (P)
            Arrival:=    0.004        0.004

               Hold:+   -0.006
        Uncertainty:+    0.125
      Required Time:=    0.123
       Launch Clock:=    0.004
          Data Path:+    0.127
              Slack:=    0.009

#-------------------------------------------------------------------------------------------------------------------------
# Timing Point                          Flags  Arc     Edge  Cell                           Fanout  Trans   Delay  Arrival  
#                                                                                                    (ns)    (ns)     (ns)  
#-------------------------------------------------------------------------------------------------------------------------
  ro_reg[1][7][10]/CK                   -      CK      R     (arrival)                          20  0.027       -    0.004  
  ro_reg[1][7][10]/Q                    -      CK->Q   R     DFFRPQA_X1M_A9PP140ZTUL_C35         2  0.027   0.043    0.047  
  cts_opt_inst_FE_PHC534_m_data_1_10/Y  -      A->Y    R     DLY4_X0P5M_A9PP140ZTUL_C35          1  0.021   0.062    0.108  
  g41600/Y                              -      B1N->Y  R     OAI22BB_X0P5M_A9PP140ZTUL_C35       1  0.015   0.023    0.131  
  ro_reg[1][7][10]/D                    -      D       R     DFFRPQA_X1M_A9PP140ZTUL_C35         1  0.014   0.000    0.131  
#-------------------------------------------------------------------------------------------------------------------------
Path 97: MET (0.009 ns) Hold Check with Pin retime_s3_100_reg/CK->D
               View: bc_analysis_view
              Group: reg2reg
         Startpoint: (R) retime_s3_100_reg/CK
              Clock: (R) CLK
           Endpoint: (R) retime_s3_100_reg/D
              Clock: (R) CLK

                       Capture       Launch
         Clock Edge:+    0.000        0.000
        Src Latency:+   -0.109       -0.109
        Net Latency:+    0.114 (P)    0.114 (P)
            Arrival:=    0.004        0.004

               Hold:+   -0.006
        Uncertainty:+    0.125
      Required Time:=    0.123
       Launch Clock:=    0.004
          Data Path:+    0.127
              Slack:=    0.009

#------------------------------------------------------------------------------------------------------------------
# Timing Point                      Flags  Arc    Edge  Cell                         Fanout  Trans   Delay  Arrival  
#                                                                                             (ns)    (ns)     (ns)  
#------------------------------------------------------------------------------------------------------------------
  retime_s3_100_reg/CK              -      CK     R     (arrival)                        20  0.028       -    0.004  
  retime_s3_100_reg/Q               -      CK->Q  R     DFFRPQA_X1M_A9PP140ZTUL_C35       2  0.028   0.038    0.042  
  cts_opt_inst_FE_PHC2813_n_4045/Y  -      A->Y   R     BUF_X0P7B_A9PP140ZTUL_C35         1  0.012   0.026    0.068  
  cts_opt_inst_FE_PHC2238_n_4045/Y  -      A->Y   R     DLY2_X0P5M_A9PP140ZTUL_C35        1  0.029   0.041    0.108  
  g42581/Y                          -      B1->Y  R     AO22_X0P5M_A9PP140ZTUL_C35        1  0.036   0.023    0.132  
  retime_s3_100_reg/D               -      D      R     DFFRPQA_X1M_A9PP140ZTUL_C35       1  0.013   0.000    0.132  
#------------------------------------------------------------------------------------------------------------------
Path 98: MET (0.009 ns) Hold Check with Pin retime_s3_125_reg/CK->D
               View: bc_analysis_view
              Group: reg2reg
         Startpoint: (R) retime_s3_125_reg/CK
              Clock: (R) CLK
           Endpoint: (R) retime_s3_125_reg/D
              Clock: (R) CLK

                       Capture       Launch
         Clock Edge:+    0.000        0.000
        Src Latency:+   -0.109       -0.109
        Net Latency:+    0.110 (P)    0.110 (P)
            Arrival:=    0.001        0.001

               Hold:+   -0.006
        Uncertainty:+    0.125
      Required Time:=    0.120
       Launch Clock:=    0.001
          Data Path:+    0.127
              Slack:=    0.009

#-------------------------------------------------------------------------------------------------------------------
# Timing Point                      Flags  Arc    Edge  Cell                          Fanout  Trans   Delay  Arrival  
#                                                                                              (ns)    (ns)     (ns)  
#-------------------------------------------------------------------------------------------------------------------
  retime_s3_125_reg/CK              -      CK     R     (arrival)                         20  0.028       -    0.001  
  retime_s3_125_reg/Q               -      CK->Q  R     DFFRPQA_X1M_A9PP140ZTUL_C35        2  0.028   0.043    0.044  
  g40617/Y                          -      BN->Y  R     NOR2XB_X0P5M_A9PP140ZTUL_C35       1  0.021   0.033    0.077  
  AR[0].AC[1].ACC_add_31_50_g379/S  -      B->S   R     ADDF_X1M_A9PP140ZTUL_C35           1  0.038   0.028    0.105  
  g42429/Y                          -      A0->Y  R     AO22_X0P5M_A9PP140ZTUL_C35         1  0.013   0.023    0.128  
  retime_s3_125_reg/D               -      D      R     DFFRPQA_X1M_A9PP140ZTUL_C35        1  0.013   0.000    0.128  
#-------------------------------------------------------------------------------------------------------------------
Path 99: MET (0.009 ns) Hold Check with Pin retime_s3_169_reg/CK->D
               View: bc_analysis_view
              Group: reg2reg
         Startpoint: (R) retime_s3_169_reg/CK
              Clock: (R) CLK
           Endpoint: (R) retime_s3_169_reg/D
              Clock: (R) CLK

                       Capture       Launch
         Clock Edge:+    0.000        0.000
        Src Latency:+   -0.109       -0.109
        Net Latency:+    0.110 (P)    0.110 (P)
            Arrival:=    0.001        0.001

               Hold:+   -0.007
        Uncertainty:+    0.125
      Required Time:=    0.119
       Launch Clock:=    0.001
          Data Path:+    0.127
              Slack:=    0.009

#-------------------------------------------------------------------------------------------------------------------
# Timing Point                      Flags  Arc    Edge  Cell                          Fanout  Trans   Delay  Arrival  
#                                                                                              (ns)    (ns)     (ns)  
#-------------------------------------------------------------------------------------------------------------------
  retime_s3_169_reg/CK              -      CK     R     (arrival)                         20  0.028       -    0.001  
  retime_s3_169_reg/Q               -      CK->Q  R     DFFRPQA_X1M_A9PP140ZTUL_C35        2  0.028   0.041    0.042  
  g40621/Y                          -      BN->Y  R     NOR2XB_X0P5M_A9PP140ZTUL_C35       1  0.017   0.032    0.074  
  AR[0].AC[1].ACC_add_31_50_g383/S  -      B->S   R     ADDF_X1M_A9PP140ZTUL_C35           1  0.037   0.027    0.101  
  g42503/Y                          -      A0->Y  R     AO22_X0P5M_A9PP140ZTUL_C35         1  0.010   0.027    0.128  
  retime_s3_169_reg/D               -      D      R     DFFRPQA_X1M_A9PP140ZTUL_C35        1  0.020   0.000    0.128  
#-------------------------------------------------------------------------------------------------------------------
Path 100: MET (0.009 ns) Hold Check with Pin ro_reg[1][7][1]/CK->D
               View: bc_analysis_view
              Group: reg2reg
         Startpoint: (R) ro_reg[1][7][1]/CK
              Clock: (R) CLK
           Endpoint: (R) ro_reg[1][7][1]/D
              Clock: (R) CLK

                       Capture       Launch
         Clock Edge:+    0.000        0.000
        Src Latency:+   -0.109       -0.109
        Net Latency:+    0.111 (P)    0.111 (P)
            Arrival:=    0.002        0.002

               Hold:+   -0.006
        Uncertainty:+    0.125
      Required Time:=    0.121
       Launch Clock:=    0.002
          Data Path:+    0.127
              Slack:=    0.009

#------------------------------------------------------------------------------------------------------------------------
# Timing Point                         Flags  Arc     Edge  Cell                           Fanout  Trans   Delay  Arrival  
#                                                                                                   (ns)    (ns)     (ns)  
#------------------------------------------------------------------------------------------------------------------------
  ro_reg[1][7][1]/CK                   -      CK      R     (arrival)                          20  0.027       -    0.002  
  ro_reg[1][7][1]/Q                    -      CK->Q   R     DFFRPQA_X1M_A9PP140ZTUL_C35         2  0.027   0.043    0.045  
  cts_opt_inst_FE_PHC544_m_data_1_1/Y  -      A->Y    R     DLY4_X0P5M_A9PP140ZTUL_C35          1  0.022   0.062    0.106  
  g41593/Y                             -      B1N->Y  R     OAI22BB_X0P5M_A9PP140ZTUL_C35       1  0.015   0.023    0.129  
  ro_reg[1][7][1]/D                    -      D       R     DFFRPQA_X1M_A9PP140ZTUL_C35         1  0.014   0.000    0.129  
#------------------------------------------------------------------------------------------------------------------------

